Date,Open,High,Low,Close,Adj Close,Volume
1995-12-31,7.319124221801758,7.358397006988525,7.270925045013428,7.345901012420654,4.617048263549805,104121369
1996-01-01,7.328050136566162,7.363752841949463,7.235221862792969,7.28877592086792,4.5811448097229,168743308
1996-01-02,7.40838098526001,7.74577522277832,7.328050136566162,7.3441162109375,4.6159281730651855,209323879
1996-01-03,7.2744951248168945,7.297701835632324,7.178096771240234,7.276279926300049,4.573291301727295,216900264
1996-01-04,7.24771785736084,7.24771785736084,7.163815975189209,7.226295948028564,4.541873931884766,166708467
1996-01-07,7.212015151977539,7.21737003326416,6.865694999694824,6.937100887298584,4.360110282897949,186974245
1996-01-08,6.731809139251709,6.854983806610107,6.506879806518555,6.73716402053833,4.234445571899414,388766555
1996-01-09,6.605062961578369,6.763940811157227,6.533657073974609,6.564003944396973,4.125611782073975,276606655
1996-01-10,6.49795389175415,6.8014302253723145,6.489027976989746,6.769297122955322,4.254641056060791,409645726
1996-01-11,6.819281101226807,6.871050834655762,6.653262138366699,6.6978912353515625,4.209760665893555,374687924
1996-01-14,6.678254127502441,6.712172031402588,6.590782165527344,6.628270149230957,4.1660027503967285,199981539
1996-01-15,6.605062961578369,6.676468849182129,6.583641052246094,6.640766143798828,4.173856258392334,217247573
1996-01-16,6.605062961578369,6.613988876342773,6.321224212646484,6.37656307220459,4.0077996253967285,299629901
1996-01-17,6.214115142822266,6.315867900848389,6.133782863616943,6.199832916259766,3.896721839904785,377502810
1996-01-18,6.1141462326049805,6.190907955169678,6.0498809814453125,6.090939044952393,3.828280448913574,324535340
1996-01-21,6.110576152801514,6.274809837341309,6.105219841003418,6.1944780349731445,3.893355369567871,338613971
1996-01-22,6.21589994430542,6.242677211761475,5.605378150939941,5.932061195373535,3.728421688079834,354919302
1996-01-23,5.880290985107422,5.915994167327881,5.641080856323242,5.72855281829834,3.600512981414795,351185727
1996-01-24,5.716056823730469,5.741048812866211,5.453639984130859,5.487557888031006,3.449042320251465,360855771
1996-01-28,5.462564945220947,5.971333980560303,5.428647994995117,5.9195637702941895,3.720566272735596,652902286
1996-01-29,6.105219841003418,6.747875213623047,6.015963077545166,6.451539993286133,4.054924964904785,1061936020
1996-01-30,6.390844821929932,6.631840229034424,6.149848937988281,6.310513019561768,3.966287612915039,731560842
1996-01-31,6.248032093048096,6.605062961578369,6.230181217193604,6.564003944396973,4.125611782073975,640422958
1996-02-01,6.738948822021484,7.354826927185059,6.738948822021484,7.276279926300049,4.573291301727295,818725675
1996-02-04,7.676154136657715,8.040325164794922,7.4458699226379395,7.881446838378906,4.95365047454834,1222482548
1996-02-05,8.070672988891602,8.211700439453125,7.05492115020752,7.220940113067627,4.538508892059326,1242315590
1996-02-06,6.821065902709961,7.426232814788818,6.749660015106201,7.354826927185059,4.6226582527160645,895441820
1996-02-07,7.429802894592285,8.127798080444336,7.354826927185059,7.997481822967529,5.026581287384033,821653997
1996-02-08,8.283105850219727,8.640135765075684,8.001051902770996,8.461621284484863,5.318302154541016,994440377
1996-02-11,8.247403144836426,8.390214920043945,7.818965911865234,7.931430816650391,4.9850664138793945,971599188
1996-02-12,7.854669094085693,8.716897964477539,7.786833763122559,8.408066749572754,5.284641742706299,1019034918
1996-02-13,8.622284889221191,8.74545955657959,8.349157333374023,8.413421630859375,5.288008689880371,622459505
1996-02-14,8.211700439453125,8.479473114013672,8.140294075012207,8.279536247253418,5.203857421875,699136437
1996-02-15,8.140294075012207,8.220625877380371,8.070672988891602,8.133152961730957,5.111853122711182,495646793
1996-02-18,8.283105850219727,8.397356033325195,8.167071342468262,8.215270042419434,5.163466453552246,518231701
1996-02-19,8.211700439453125,8.245617866516113,7.676154136657715,7.781477928161621,4.890816688537598,639131752
1996-02-21,7.961779117584228,8.247403144836426,7.892158031463623,8.192063331604004,5.148879528045654,613558303
1996-02-22,8.175996780395508,8.19384765625,7.968918800354004,8.104591369628906,5.093901634216309,546094871
1996-02-25,8.19384765625,8.36343765258789,8.070672988891602,8.122442245483398,5.105120658874512,544960514
1996-02-26,8.168855667114258,8.211700439453125,7.892158031463623,8.029614448547363,5.04677677154541,542491536
1996-02-27,8.18492317199707,8.275964736938477,8.05103588104248,8.068887710571289,5.071460723876953,427826248
1996-02-28,7.997481822967529,8.026043891906738,7.515491008758545,7.563690185546875,4.753934383392334,697898447
1996-02-29,7.622600078582764,7.718997955322266,7.4458699226379395,7.606533050537109,4.7808613777160645,723172202
1996-03-03,7.640450954437256,7.676154136657715,7.440514087677002,7.527987003326416,4.7314934730529785,673407539
1996-03-05,7.658302783966064,7.84752893447876,7.5904669761657715,7.795759201049805,4.899794578552246,543855566
1996-03-06,7.904654026031494,8.042110443115234,7.827891826629639,7.865379810333252,4.943551540374756,854410306
1996-03-07,7.765411853790283,7.854669094085693,7.667229175567627,7.82432222366333,4.917746067047119,646827174
1996-03-10,7.711856842041016,7.872520923614502,7.681509971618652,7.849314212799072,4.933454513549805,631091821
1996-03-11,7.836818218231201,8.497323989868164,7.801115036010742,8.252758026123047,5.187027931213379,803011329
1996-03-12,8.033185005187988,8.14922046661377,7.935000896453857,8.111730575561523,5.098387241363525,577715422
1996-03-13,8.104591369628906,8.190278053283691,8.05103588104248,8.109946250915527,5.0972676277160645,597611484
1996-03-14,8.067103385925293,8.092095375061035,7.783263206481934,7.843958854675293,4.930088043212891,622444100
1996-03-17,7.763627052307129,7.783263206481934,7.45836591720581,7.4869279861450195,4.705687046051025,667319823
1996-03-18,7.461935997009277,7.597608089447021,6.872836112976074,7.026359081268311,4.416209697723389,1037292464
1996-03-20,7.319124221801758,7.608317852020264,7.319124221801758,7.52977180480957,4.732614994049072,670459612
1996-03-21,7.388744831085205,7.388744831085205,7.0870537757873535,7.22451114654541,4.54075288772583,674824785
1996-03-24,7.317338943481445,7.358397006988525,7.078127861022949,7.181666851043701,4.513823986053467,457166882
1996-03-25,7.140608787536621,7.283421039581299,6.908538818359375,7.135252952575684,4.484652042388916,532380354
1996-03-26,7.390530109405518,7.495853900909424,7.356612205505371,7.388744831085205,4.64397668838501,377229724
1996-03-27,7.40838098526001,7.5226311683654785,7.383388996124268,7.485143184661865,4.704565525054932,359409115
1996-03-28,7.476216793060303,7.524415969848633,7.361967086791992,7.385173797607422,4.641732692718506,325958187
1996-03-31,7.417306900024414,7.479787826538086,7.354826927185059,7.454794883728027,4.685491561889648,247509698
1996-04-01,7.470861911773682,7.569045066833496,7.399456024169922,7.474431991577148,4.697833061218262,367425238
1996-04-02,7.642236232757568,7.726139068603516,7.519061088562012,7.536911964416504,4.73710298538208,297032084
1996-04-03,7.461935997009277,7.472647190093994,7.369108200073242,7.447655200958252,4.681003570556641,241840713
1996-04-07,7.542267799377441,7.611888885498047,7.494069099426269,7.572615146636963,4.759543418884277,228109392
1996-04-08,7.667229175567627,7.754701137542725,7.542267799377441,7.581541061401367,4.765153884887695,320184170
1996-04-09,7.676154136657715,7.710072040557861,7.547623157501221,7.5779709815979,4.762908935546875,285103129
1996-04-10,7.506565093994141,7.551194190979004,7.456581115722656,7.499423980712891,4.713541507720947,216484333
1996-04-11,7.499423980712891,7.765411853790283,7.465506076812744,7.70471715927124,4.842572212219238,341108156
1996-04-14,7.854669094085693,8.059962272644043,7.8386030197143555,7.90286922454834,4.967114448547363,476612002
1996-04-15,7.9260759353637695,8.024258613586426,7.854669094085693,7.920720100402832,4.978334426879883,388937409
1996-04-16,8.140294075012207,8.345585823059082,8.063531875610352,8.258113861083984,5.190392971038818,410008440
1996-04-17,8.515175819396973,8.756171226501465,8.449125289916992,8.711543083190918,5.4753828048706055,686239778
1996-04-18,8.782949447631836,8.943612098693848,8.695475578308105,8.766881942749023,5.510164260864258,657928468
1996-04-21,8.854354858398438,8.87220573425293,8.443770408630371,8.488398551940918,5.335132122039795,577856867
1996-04-22,8.409852027893066,8.524102210998535,8.300957679748535,8.4312744140625,5.299227714538574,570256675
1996-04-23,8.822221755981445,9.214956283569336,8.790088653564453,9.11498737335205,5.7289557456970215,534899747
1996-04-24,9.175682067871094,9.37204933166504,8.497323989868164,8.650847434997559,5.4372334480285645,620220200
1996-04-25,8.640135765075684,8.834717750549316,8.425917625427246,8.727608680725098,5.485480785369873,632532875
1996-04-28,8.640135765075684,8.684764862060547,8.488398551940918,8.656203269958496,5.440600872039795,421084526
1996-04-29,8.640135765075684,8.925761222839355,8.58658218383789,8.734749794006348,5.489968776702881,429361131
1996-04-30,9.532712936401367,9.63625144958496,9.434529304504396,9.498794555664062,5.970186710357666,495470338
1996-05-01,9.425602912902832,9.554134368896484,9.282791137695312,9.505934715270996,5.974673748016357,506967956
1996-05-02,9.42381763458252,9.479158401489258,9.247088432312012,9.289932250976562,5.838912487030029,493527926
1996-05-05,9.068572998046877,9.11855697631836,8.722253799438477,8.768667221069336,5.511286735534668,591063023
1996-05-06,8.756171226501465,8.941826820373535,8.722253799438477,8.875777244567871,5.578607082366943,548608662
1996-05-07,8.711543083190918,9.050722122192385,8.604433059692383,8.923975944519043,5.608901023864746,785659868
1996-05-08,8.756171226501465,8.940041542053223,8.657987594604492,8.70618724822998,5.472016334533691,609397594
1996-05-09,8.497323989868164,8.66334342956543,8.445554733276367,8.615143775939941,5.414793491363525,606288615
1996-05-12,8.72939395904541,8.850784301757812,8.679409980773926,8.797229766845703,5.529239177703857,398370778
1996-05-13,8.782949447631836,9.100706100463867,8.738320350646973,9.04179573059082,5.682952880859375,651015892
1996-05-14,8.8989839553833,9.139979362487791,8.71332836151123,9.061431884765623,5.6952948570251465,917242481
1996-05-15,9.166755676269531,9.30064296722412,9.052507400512695,9.113202095031738,5.727834224700928,688543503
1996-05-16,8.925761222839355,9.032870292663574,8.882917404174805,8.932901382446289,5.614511966705322,565289312
1996-05-19,8.818652153015137,8.83293342590332,8.625855445861816,8.652632713317871,5.438355445861816,326115037
1996-05-20,8.600863456726074,8.711543083190918,8.550878524780273,8.622284889221191,5.419282913208008,456241191
1996-05-21,8.711543083190918,8.754385948181152,8.641921997070312,8.668699264526367,5.4484543800354,319336904
1996-05-22,8.611574172973633,8.647276878356934,8.554449081420898,8.59729290008545,5.403574466705322,294687746
1996-05-23,8.679409980773926,8.704401969909668,8.63299560546875,8.677624702453613,5.7003703117370605,236779521
1996-05-26,8.604433059692383,8.604433059692383,8.408066749572754,8.422348022460938,5.532677173614502,385864842
1996-05-27,8.247403144836426,8.247403144836426,8.052821159362793,8.14922046661377,5.353259563446045,545547298
1996-05-28,8.32059383392334,8.72939395904541,8.32059383392334,8.613359451293945,5.658154010772705,514643772
1996-05-29,8.675840377807617,8.70083236694336,8.400925636291504,8.456266403198242,5.554959774017334,528103408
1996-05-30,8.577655792236328,8.58658218383789,8.429489135742188,8.509819984436035,5.590139389038086,445949352
1996-06-02,8.675840377807617,8.800800323486328,8.622284889221191,8.770453453063965,5.761351585388184,488962489
1996-06-03,8.923975944519043,8.977529525756836,8.488398551940918,8.645491600036621,5.679263591766357,719201952
1996-06-04,8.747245788574219,8.747245788574219,8.51339054107666,8.5901517868042,5.642910003662109,333800656
1996-06-05,8.709756851196289,8.890057563781738,8.675840377807617,8.731179237365723,5.735551357269287,331038987
1996-06-06,8.608003616333008,8.765096664428711,8.595507621765137,8.724039077758789,5.730860710144043,223961286
1996-06-09,8.69369125366211,8.72939395904541,8.604433059692383,8.645491600036621,5.679263591766357,181533533
1996-06-10,8.604433059692383,8.657987594604492,8.529457092285156,8.577655792236328,5.634701728820801,245694726
1996-06-11,8.711543083190918,8.799015045166016,8.643707275390625,8.707971572875977,5.720306396484375,200355457
1996-06-12,8.69369125366211,8.741889953613281,8.645491600036621,8.674054145812988,5.698024749755859,116946606
1996-06-13,8.711543083190918,8.782949447631836,8.682979583740234,8.765096664428711,5.75783109664917,122670207
1996-06-16,8.791873931884766,8.791873931884766,8.624070167541504,8.645491600036621,5.679263591766357,107843741
1996-06-17,8.604433059692383,8.604433059692383,8.322379112243652,8.42413330078125,5.533851146697998,191150360
1996-06-18,8.425917625427246,8.461621284484863,8.106375694274902,8.1724271774292,5.368503570556641,239238694
1996-06-19,8.104591369628906,8.220625877380371,8.01533317565918,8.18492317199707,5.376713275909424,284643785
1996-06-20,8.136724472045898,8.190278053283691,7.911794185638428,7.958208084106445,5.227782249450684,353062318
1996-06-23,7.893942832946777,7.961779117584228,7.76898193359375,7.890373229980469,5.183221817016602,307595608
1996-06-24,7.9260759353637695,7.961779117584228,7.569045066833496,7.724352836608887,5.074162483215332,349199902
1996-06-25,7.772552013397217,7.772552013397217,7.538698196411133,7.576186180114746,4.976830959320068,296123198
1996-06-26,7.506565093994141,7.783263206481934,7.413736820220947,7.711856842041016,5.065953254699707,538798574
1996-06-27,7.783263206481934,7.917150020599365,7.552978992462158,7.6261701583862305,5.009665966033936,759474427
1996-06-30,7.53512716293335,7.772552013397217,7.372677803039551,7.453010082244873,4.89591646194458,553501802
1996-07-01,7.45836591720581,7.52977180480957,7.24771785736084,7.29591703414917,4.792719841003418,568077589
1996-07-02,7.194162845611572,7.210229873657227,6.7300238609313965,6.806785106658936,4.471406936645508,645479950
1996-07-03,6.685394763946533,6.990655899047852,6.576499938964844,6.781793117523193,4.454990386962891,806775714
1996-07-04,6.846057891845703,6.908538818359375,6.588996887207031,6.680038928985596,4.388147354125977,595286753
1996-07-07,6.817495822906494,7.390530109405518,6.660402774810791,6.731809139251709,4.42215633392334,347866683
1996-07-08,6.678254127502441,7.390530109405518,6.140923023223877,6.401556015014648,4.205211162567139,541834730
1996-07-09,6.176626205444336,6.424763202667236,6.14449405670166,6.292661190032959,4.1336774826049805,479966058
1996-07-10,6.372992992401123,6.515804767608643,6.267669200897217,6.308728218078613,4.144232273101807,458245222
1996-07-11,6.265883922576904,6.281949996948242,6.01774787902832,6.0730881690979,3.989439010620117,688976239
1996-07-14,6.033813953399658,6.712172031402588,5.930274963378906,6.410480976104736,4.211073875427246,1448889005
1996-07-15,7.140608787536621,7.752915859222412,7.140608787536621,7.742205142974853,5.0858893394470215,858611628
1996-07-16,7.461935997009277,8.175996780395508,7.340546131134033,7.879662036895752,5.176185607910156,1115459465
1996-07-17,7.995697021484375,8.27418041229248,7.995697021484375,8.259899139404297,5.425966262817383,848594275
1996-07-18,8.334875106811523,8.674054145812988,8.334875106811523,8.668699264526367,5.694507122039795,393554662
1996-07-21,8.390214920043945,8.843644142150879,8.011762619018555,8.540167808532715,5.610074043273926,405630663
1996-07-22,8.854354858398438,8.968605041503906,8.438413619995117,8.613359451293945,5.658154010772705,488003187
1996-07-23,8.392000198364258,8.392000198364258,7.752915859222412,7.774337768554687,5.106997489929199,447774126
1996-07-24,7.70471715927124,7.818965911865234,7.386960029602051,7.424448013305664,4.877153396606445,593621628
1996-07-25,7.390530109405518,7.547623157501221,7.226295948028564,7.428018093109131,4.879498958587647,534079089
1996-07-28,7.527987003326416,7.792189121246338,7.483357906341553,7.576186180114746,4.976830959320068,442365624
1996-07-29,7.465506076812744,7.497639179229736,7.197732925415039,7.376248836517334,4.845490455627441,411938248
1996-07-30,7.426232814788818,7.738635063171387,7.062061786651611,7.633310794830322,5.01435661315918,419615464
1996-07-31,7.781477928161621,7.854669094085693,7.447655200958252,7.494069099426269,4.922887802124023,573738171
1996-08-01,7.469077110290527,7.549407958984375,7.33697509765625,7.392314910888672,4.856044769287109,363985756
1996-08-04,7.376248836517334,7.42266321182251,7.249503135681152,7.278065204620361,4.7809929847717285,229500029
1996-08-05,7.24771785736084,7.479787826538086,7.181666851043701,7.353042125701904,4.830246925354004,330688876
1996-08-06,7.381604194641113,7.551194190979004,7.33697509765625,7.517275810241699,4.938132762908936,305888471
1996-08-07,7.565474987030029,7.611888885498047,7.33697509765625,7.3708930015563965,4.841973304748535,287014731
1996-08-08,7.383388996124268,7.476216793060303,7.319124221801758,7.429802894592285,4.880670547485352,237997904
1996-08-11,7.461935997009277,7.517275810241699,7.394100189208984,7.428018093109131,4.879498958587647,193398067
1996-08-12,7.40838098526001,7.531557083129883,7.383388996124268,7.470861911773682,4.907642364501953,196437024
1996-08-13,7.3423309326171875,7.479787826538086,7.3423309326171875,7.369108200073242,4.840802192687988,172025941
1996-08-15,7.372677803039551,7.42266321182251,7.303057193756103,7.369108200073242,4.840802192687988,151178980
1996-08-18,7.33697509765625,7.354826927185059,7.001367092132568,7.042425155639648,4.626200675964356,224927590
1996-08-19,6.9710187911987305,7.26556921005249,6.931746006011963,7.119186878204346,4.676626205444336,352114219
1996-08-20,7.311983108520508,7.476216793060303,7.26556921005249,7.476216793060303,4.911159992218018,308818193
1996-08-21,7.711856842041016,7.763627052307129,7.485143184661865,7.52977180480957,4.946341037750244,469709230
1996-08-22,7.533341884613037,7.702931880950928,7.497639179229736,7.620814800262451,5.006147861480713,350177410
1996-08-25,7.551194190979004,7.61902904510498,7.440514087677002,7.470861911773682,4.907642364501953,279394933
1996-08-26,7.461935997009277,7.506565093994141,7.354826927185059,7.410167217254639,4.867773056030273,301803385
1996-08-27,7.426232814788818,7.631525039672852,7.426232814788818,7.617243766784668,5.003802299499512,171898501
1996-08-28,7.638666152954102,7.65651798248291,7.52977180480957,7.545837879180908,4.956894397735596,174203626
1996-08-29,7.536911964416504,7.576186180114746,7.501208782196045,7.552978992462158,4.961585998535156,122273882
1996-09-01,7.572615146636963,7.620814800262451,7.536911964416504,7.594037055969238,4.988556861877441,118106171
1996-09-02,7.620814800262451,7.672584056854248,7.358397006988525,7.403026103973389,4.863081455230713,276108098
1996-09-03,7.363752841949463,7.429802894592285,7.322693824768066,7.411952018737793,4.868945121765137,135678901
1996-09-04,7.442298889160156,7.542267799377441,7.442298889160156,7.5226311683654785,4.941650867462158,143526971
1996-09-05,7.552978992462158,7.563690185546875,7.429802894592285,7.460151195526123,4.900607585906982,111851802
1996-09-08,7.45836591720581,7.461935997009277,7.372677803039551,7.403026103973389,4.863081455230713,108053807
1996-09-09,7.395884990692139,7.395884990692139,7.292346954345703,7.33697509765625,4.819692134857178,144573101
1996-09-10,7.322693824768066,7.42266321182251,7.215585231781006,7.258429050445557,4.768094539642334,124726054
1996-09-11,7.212015151977539,7.254858016967773,7.0870537757873535,7.204874038696289,4.732913494110107,271684106
1996-09-12,7.245933055877685,7.260213851928711,7.124542236328125,7.142394065856934,4.691871643066406,181943862
1996-09-15,7.106690883636475,7.106690883636475,6.833561897277832,6.8871169090271,4.524177074432373,209209043
1996-09-16,6.892471790313721,7.069201946258545,6.883546829223633,6.990655899047852,4.592193603515625,177238381
1996-09-17,6.962092876434326,7.40838098526001,6.953167915344238,7.331620216369629,4.816174030303955,203848156
1996-09-18,7.353042125701904,7.410167217254639,7.033498764038086,7.067417144775391,4.642617225646973,245822166
1996-09-19,7.05492115020752,7.174526214599609,6.997796058654785,7.028143882751465,4.616819858551025,159067662
1996-09-22,6.999581813812256,7.033498764038086,6.860340118408203,6.937100887298584,4.557013034820557,163084127
1996-09-23,6.962092876434326,7.065631866455078,6.944242000579834,6.990655899047852,4.592193603515625,132116180
1996-09-24,7.065631866455078,7.17631196975708,7.015647888183594,7.040639877319336,4.625028133392334,148154028
1996-09-25,7.004937171936035,7.029929161071777,6.872836112976074,6.929961204528809,4.552322864532471,131553203
1996-09-26,6.924604892730713,6.924604892730713,6.681824207305908,6.717527866363525,4.412774085998535,258151647
1996-09-29,6.676468849182129,6.851414203643799,6.619344234466553,6.821065902709961,4.4807891845703125,248744886
1996-09-30,6.854983806610107,6.885332107543945,6.731809139251709,6.803215026855469,4.469061851501465,186225010
1996-10-02,6.872836112976074,6.958522796630859,6.722883224487305,6.772867202758789,4.44912576675415,152664847
1996-10-03,6.810355186462402,6.86391019821167,6.649692058563232,6.80856990814209,4.472580432891846,180091079
1996-10-06,6.824636936187744,6.824636936187744,6.444398880004883,6.676468849182129,4.385802745819092,272128046
1996-10-07,6.644336223602295,6.783577919006348,6.481886863708496,6.705030918121338,4.40456485748291,196707309
1996-10-08,6.783577919006348,6.854983806610107,6.685394763946533,6.792503833770752,4.46202564239502,175357589
1996-10-09,6.772867202758789,6.997796058654785,6.740734100341797,6.974588871002197,4.581638336181641,194458201
1996-10-10,7.0067219734191895,7.0870537757873535,6.89425802230835,6.965663909912109,4.575777053833008,218296503
1996-10-13,6.899612903594971,6.926390171051025,6.731809139251709,6.760371208190918,4.44091796875,161673883
1996-10-14,6.717527866363525,6.837132930755615,6.631840229034424,6.740734100341797,4.428018093109131,162204650
1996-10-15,6.85676908493042,6.888902187347412,6.706817150115967,6.7300238609313965,4.420982837677002,139300441
1996-10-16,6.69610595703125,6.962092876434326,6.635409832000732,6.9031829833984375,4.534732341766357,280674936
1996-10-17,6.944242000579834,7.069201946258545,6.847844123840332,6.954953193664551,4.5687408447265625,449426646
1996-10-21,7.0067219734191895,7.33697509765625,7.0067219734191895,7.203089237213135,4.731741428375244,404608341
1996-10-22,7.576186180114746,7.665442943572998,7.461935997009277,7.622600078582764,5.007319927215576,321409556
1996-10-23,7.674368858337402,7.886802196502685,7.447655200958252,7.5226311683654785,4.941650867462158,664698198
1996-10-24,7.495853900909424,7.685080051422119,7.481573104858398,7.638666152954102,5.017874717712402,307185279
1996-10-27,7.676154136657715,7.711856842041016,7.515491008758545,7.552978992462158,4.961585998535156,198911602
1996-10-28,7.517275810241699,7.711856842041016,7.356612205505371,7.435159206390381,4.884188652038574,255387177
1996-10-30,7.303057193756103,7.303057193756103,7.126327037811279,7.212015151977539,4.737606048583984,174959864
1996-10-31,7.263783931732178,7.711856842041016,6.9781599044799805,7.024573802947998,4.614473342895508,176580174
1996-11-03,6.962092876434326,6.962092876434326,6.669328212738037,6.73716402053833,4.425673961639404,219855194
1996-11-04,6.717527866363525,6.806785106658936,6.56935977935791,6.61041784286499,4.342413425445557,171643620
1996-11-05,6.467606067657471,6.613988876342773,6.289091110229492,6.531871795654297,4.2908148765563965,375113658
1996-11-06,6.619344234466553,6.653262138366699,6.533657073974609,6.622913837432861,4.350622177124023,197698821
1996-11-07,6.65861701965332,6.715742111206055,6.444398880004883,6.681824207305908,4.3893208503723145,156443236
1996-11-10,6.524731159210205,6.638980865478516,6.4551100730896,6.549723148345947,4.302542686462402,160514318
1996-11-12,6.49795389175415,6.703246116638184,6.49795389175415,6.66575813293457,4.378766059875488,91577621
1996-11-13,6.640766143798828,6.676468849182129,6.5461530685424805,6.578286170959473,4.321305751800537,79014267
1996-11-14,6.556863784790039,6.708601951599121,6.535441875457764,6.662188053131104,4.376420974731445,89604400
1996-11-17,6.694321155548096,6.862124919891357,6.694321155548096,6.844273090362549,4.496034622192383,160543727
1996-11-18,6.860340118408203,6.888902187347412,6.692534923553467,6.7585859298706055,4.43974494934082,147561641
1996-11-19,6.765727043151856,6.765727043151856,6.501523971557617,6.528300762176514,4.288470268249512,116320609
1996-11-20,6.517590045928955,6.590782165527344,6.349785804748535,6.41405200958252,4.213420391082764,209685193
1996-11-21,6.344430923461914,6.451539993286133,6.306941986083984,6.349785804748535,4.171203136444092,232072639
1996-11-24,6.32836389541626,6.7942891120910645,6.203403949737549,6.653262138366699,4.3705573081970215,357273443
1996-11-25,6.769297122955322,6.949596881866455,6.535441875457764,6.762156009674072,4.4420905113220215,398213928
1996-11-26,6.533657073974609,6.533657073974609,6.32836389541626,6.483673095703125,4.259154796600342,222453012
1996-11-27,6.49795389175415,6.567574977874756,6.408696174621582,6.4497551918029785,4.236873149871826,130021121
1996-11-28,6.494382858276367,6.544367790222168,6.437259197235107,6.472961902618408,4.25211763381958,100735104
1996-12-01,6.435472965240479,6.531871795654297,6.396200180053711,6.456894874572754,4.24156379699707,73168828
1996-12-02,6.426548004150391,6.6550469398498535,6.415836811065674,6.508665084838867,4.275570869445801,200186004
1996-12-03,6.46225118637085,6.46225118637085,6.323009014129639,6.417622089385986,4.215764999389648,134967477
1996-12-04,6.358712196350098,6.601492881774902,6.310513019561768,6.528300762176514,4.288470268249512,189137926
1996-12-05,6.560433864593506,6.603278160095215,6.49795389175415,6.539011955261231,4.295506954193115,111482086
1996-12-08,6.49795389175415,6.588996887207031,6.492598056793213,6.528300762176514,4.288470268249512,81383813
1996-12-09,6.49795389175415,6.512235164642334,6.374777793884277,6.415836811065674,4.214591979980469,109884183
1996-12-10,6.4426140785217285,6.865694999694824,6.4426140785217285,6.86391019821167,4.508933544158936,204542775
1996-12-11,6.926390171051025,6.974588871002197,6.687180042266846,6.713956832885742,4.410428524017334,242914851
1996-12-12,6.680038928985596,6.747875213623047,6.615774154663086,6.715742111206055,4.411602020263672,126536824
1996-12-15,6.7585859298706055,6.997796058654785,6.7585859298706055,6.954953193664551,4.5687408447265625,198617510
1996-12-16,6.944242000579834,7.001367092132568,6.790719032287598,6.862124919891357,4.507760047912598,168830135
1996-12-17,6.962092876434326,7.095980167388916,6.913894176483154,6.963879108428955,4.574604034423828,197738033
1996-12-18,6.944242000579834,7.051351070404053,6.881762027740479,6.967449188232422,4.576949596405029,133691676
1996-12-19,7.05492115020752,7.33697509765625,7.05492115020752,7.283421039581299,4.784512042999268,359023994
1996-12-22,7.317338943481445,7.317338943481445,7.126327037811279,7.174526214599609,4.712979793548584,208125102
1996-12-23,7.154890060424805,7.212015151977539,7.0870537757873535,7.160244941711426,4.703596591949463,152832900
1996-12-25,7.283421039581299,7.524415969848633,7.283421039581299,7.488712787628174,4.919368267059326,144718746
1996-12-30,7.524415969848633,7.533341884613037,7.322693824768066,7.3780341148376465,4.846662998199463,104373449
1996-12-31,7.479787826538086,7.872520923614502,7.479787826538086,7.833248138427734,5.145695686340332,282841417
1997-01-01,7.852883815765381,7.854669094085693,7.6261701583862305,7.647592067718506,5.02373743057251,208595650
1997-01-02,7.588682174682617,7.756485939025879,7.588682174682617,7.736848831176758,5.082370281219482,196512647
1997-01-05,7.783263206481934,7.818965911865234,7.658302783966064,7.686864852905273,5.049535751342773,131549002
1997-01-06,7.679725170135498,7.799330234527588,7.633310794830322,7.740419864654541,5.084716320037842,192860298
1997-01-07,7.924290180206299,8.031399726867676,7.801115036010742,7.867166042327881,5.167976379394531,270772419
1997-01-08,7.810040950775146,7.922504901885986,7.760056018829346,7.849314212799072,5.15625,201638261
1997-01-09,7.979629993438721,8.011762619018555,7.899298191070557,7.947496891021728,5.220746040344238,203125529
1997-01-12,7.854669094085693,7.961779117584228,7.801115036010742,7.935000896453857,5.212536811828613,167282648
1997-01-13,7.997481822967529,8.408066749572754,7.911794185638428,8.250972747802734,5.420101165771484,215142711
1997-01-14,8.390214920043945,8.829362869262695,8.338445663452148,8.829362869262695,5.800048828125,367418236
1997-01-15,9.448809623718262,9.448809623718262,8.479473114013672,8.60978889465332,5.655808448791504,426196135
1997-01-16,8.318808555603027,8.818652153015137,8.318808555603027,8.699047088623047,5.714443683624268,364585144
1997-01-19,8.711543083190918,8.72939395904541,8.329520225524902,8.388429641723633,5.510397911071777,215271551
1997-01-20,8.336661338806152,8.461621284484863,8.143863677978516,8.224196434020996,5.402511596679688,227253722
1997-01-21,8.461621284484863,8.800800323486328,8.461621284484863,8.786519050598145,5.771904468536377,292349010
1997-01-23,8.997166633605957,9.32384967803955,8.997166633605957,9.250658988952637,6.076801776885986,520318358
1997-01-26,9.46130657196045,9.818337440490724,9.40775203704834,9.579127311706545,6.292570114135742,516657606
1997-01-27,9.77370834350586,9.85939598083496,9.555919647216797,9.827262878417969,6.455573558807373,335030243
1997-01-28,10.282477378845217,10.282477378845217,9.579127311706545,9.791560173034668,6.432119846343994,503528474
1997-01-29,9.604119300842283,9.94329833984375,9.586267471313477,9.78084945678711,6.425083637237549,592714143
1997-01-30,9.588051795959473,9.746931076049805,9.425602912902832,9.561274528503418,6.280844688415527,512306436
1997-02-02,9.26494026184082,9.452381134033203,8.925761222839355,9.03465461730957,5.934905052185059,386045499
1997-02-03,9.01858901977539,9.564845085144045,8.98288631439209,9.418462753295898,6.187029838562012,487395396
1997-02-04,9.69337558746338,9.779064178466797,9.329204559326172,9.39168643951416,6.1694416999816895,367611497
1997-02-05,9.39168643951416,9.650532722473145,9.266724586486816,9.543423652648926,6.269117832183838,445404581
1997-02-06,9.586267471313477,9.834403038024902,9.497010231018066,9.770137786865234,6.418046951293945,454092915
1997-02-09,9.77370834350586,9.800484657287598,9.564845085144045,9.734435081481934,6.394593238830566,322994855
1997-02-10,9.67374038696289,9.887957572937012,9.639822006225586,9.814766883850098,6.447364330291748,253800477
1997-02-11,9.818337440490724,9.934371948242188,9.69694709777832,9.777277946472168,6.422738552093506,251775440
1997-02-12,9.72015380859375,9.81655216217041,9.66124439239502,9.741575241088867,6.399285793304443,202465921
1997-02-13,9.711228370666504,9.818337440490724,9.70230197906494,9.782633781433104,6.426254749298096,144386842
1997-02-16,9.907594680786133,9.996851921081545,9.764781951904297,9.823692321777344,6.453227996826172,233793781
1997-02-17,9.836189270019531,9.836189270019531,9.505934715270996,9.577341079711914,6.291401386260986,250776926
1997-02-18,9.643391609191896,9.768353462219238,9.513075828552246,9.741575241088867,6.399285793304443,290382791
1997-02-19,9.711228370666504,9.764781951904297,9.591623306274414,9.645176887512209,6.335960865020752,209330882
1997-02-20,9.568415641784668,9.616615295410156,9.475587844848633,9.507720947265623,6.245665073394775,200382065
1997-02-23,9.43631362915039,9.44345474243164,9.106060981750488,9.150690078735352,6.011130332946777,239367535
1997-02-24,9.104275703430176,9.598763465881348,9.03465461730957,9.336345672607422,6.133087158203125,513271340
1997-02-25,9.279220581054688,9.479158401489258,9.225666046142578,9.420248031616213,6.188205242156982,257479435
1997-02-26,9.464877128601074,9.66659927368164,9.457736015319824,9.629111289978027,6.325405597686768,279361322
1997-02-27,10.398510932922363,10.675209999084473,10.21107006072998,10.48776912689209,6.889463424682617,165116166
1997-03-02,10.964405059814451,11.192904472351074,10.8358736038208,10.89656925201416,7.158005237579346,335152081
1997-03-03,10.94298267364502,11.066158294677734,10.798385620117188,10.992966651916504,7.221328258514404,292860171
1997-03-04,11.353568077087402,11.423189163208008,10.646648406982422,10.851940155029297,7.128690719604492,627047348
1997-03-05,10.67877960205078,10.818021774291992,10.585951805114746,10.735904693603516,7.052462577819824,417566619
1997-03-09,10.51097583770752,10.51097583770752,10.161086082458496,10.21821117401123,6.712386131286621,383942037
1997-03-10,10.139663696289062,10.246773719787598,9.568415641784668,9.67374038696289,6.3547234535217285,567678463
1997-03-11,10.028985023498535,10.13430881500244,9.80405616760254,9.95222282409668,6.537659645080566,436392744
1997-03-12,10.048622131347656,10.06290340423584,9.761212348937988,9.821907043457031,6.452054500579834,278082720
1997-03-13,9.711228370666504,10.17536735534668,9.668383598327637,10.020058631896973,6.582223892211914,679037311
1997-03-16,10.066473007202148,10.21107006072998,9.94686794281006,10.159300804138184,6.673690319061279,474945478
1997-03-17,10.157515525817873,10.457422256469728,10.125383377075195,10.293188095092772,6.761642456054688,463348428
1997-03-18,10.49491024017334,10.5413236618042,10.032554626464844,10.080754280090332,6.622092723846436,355162979
1997-03-19,10.014703750610352,10.280691146850586,9.898669242858888,10.148590087890623,6.666652679443359,430199995
1997-03-20,10.282477378845217,10.386014938354492,10.219996452331545,10.302112579345703,6.767505168914795,297467621
1997-03-24,10.380660057067873,10.425289154052734,10.21285629272461,10.302112579345703,6.767505168914795,318629681
1997-03-25,10.416362762451172,10.564531326293944,10.37351894378662,10.414578437805176,6.841386318206787,417441980
1997-03-26,10.371733665466309,10.450281143188477,10.300328254699709,10.41100788116455,6.839038848876953,223496340
1997-03-30,9.68266487121582,9.68266487121582,9.370264053344728,9.382760047912598,6.163577079772949,3646747
1997-03-31,8.652632713317871,9.495223999023438,8.568730354309082,9.322065353393556,6.123705863952637,479214021
1997-04-01,9.63625144958496,9.70587158203125,9.363122940063477,9.479158401489258,6.226902008056641,369832596
1997-04-02,9.495223999023438,9.630895614624023,9.39704132080078,9.564845085144045,6.283190727233887,291468133
1997-04-03,9.422033309936523,9.559490203857422,9.355982780456545,9.523786544799805,6.256218910217285,195533739
1997-04-06,9.488083839416504,9.495223999023438,9.364908218383787,9.42738914489746,6.192894458770752,177526872
1997-04-08,9.70765781402588,9.823692321777344,9.645176887512209,9.791560173034668,6.432119846343994,352918072
1997-04-09,9.657672882080078,9.70230197906494,9.14890480041504,9.500579833984377,6.240973472595215,344044880
1997-04-10,9.175682067871094,9.67374038696289,9.159616470336914,9.561274528503418,6.280844688415527,283048683
1997-04-14,9.559490203857422,9.618399620056152,9.411321640014648,9.480942726135254,6.228073596954346,189804536
1997-04-16,9.604119300842283,10.027199745178224,9.561274528503418,9.986141204833984,6.559941291809082,360463647
1997-04-20,10.050407409667969,10.685920715332031,10.036126136779783,10.682351112365724,7.017284870147705,407274780
1997-04-21,10.925130844116213,11.353568077087402,10.605588912963867,10.812666893005373,7.1028900146484375,726681706
1997-04-22,11.067943572998049,11.103647232055664,10.90727996826172,10.946553230285645,7.190840244293213,382890306
1997-04-23,10.991182327270508,11.0233154296875,10.821593284606934,10.875146865844728,7.143932342529297,280897606
1997-04-24,10.816237449645996,10.928702354431152,10.79302978515625,10.905494689941406,7.163867473602295,242518527
1997-04-27,10.88942813873291,10.982255935668944,10.8358736038208,10.89656925201416,7.158005237579346,173475397
1997-04-28,10.855509757995604,10.914420127868652,10.821593284606934,10.894783973693848,7.156833171844482,156500655
1997-04-29,11.157200813293455,11.23753261566162,11.032240867614746,11.057232856750488,7.263545036315918,339969597
1997-05-01,10.960833549499512,10.994751930236816,10.880502700805664,10.90192413330078,7.161524295806885,163351611
1997-05-04,10.75375747680664,10.8001708984375,10.65021800994873,10.68056583404541,7.016112327575684,257829546
1997-05-05,10.710912704467772,10.85372543334961,10.676995277404783,10.81088161468506,7.101717948913574,198544687
1997-05-06,10.85372543334961,10.85372543334961,10.718053817749023,10.739476203918455,7.054810047149658,138215100
1997-05-07,10.743045806884766,10.796600341796877,10.689491271972656,10.77696418762207,7.079435348510742,99379477
1997-05-08,10.8001708984375,10.814452171325684,10.728764533996582,10.75375747680664,7.0641913414001465,85274238
1997-05-11,10.74661636352539,10.773392677307127,10.428858757019045,10.457422256469728,6.869528770446777,273476670
1997-05-12,10.443140029907228,10.514546394348145,10.41100788116455,10.448495864868164,6.863663673400879,166270129
1997-05-13,10.453850746154783,10.600234031677246,10.287832260131836,10.569886207580566,6.943404674530029,357819615
1997-05-14,10.505620956420898,10.585951805114746,10.469918251037598,10.502050399780272,6.898843288421631,195812427
1997-05-15,10.478842735290527,10.550249099731444,10.46456241607666,10.52347183227539,7.1883721351623535,116368224
1997-05-18,10.639507293701172,10.7501859664917,10.555604934692385,10.609159469604492,7.246901988983154,161148717
1997-05-19,10.612730026245115,10.668068885803224,10.575242042541504,10.60737419128418,7.245683670043945,64619137
1997-05-20,10.603803634643556,10.603803634643556,10.409221649169922,10.443140029907228,7.133500099182129,153425287
1997-05-21,10.46456241607666,10.478842735290527,10.26462459564209,10.34852695465088,7.068868160247803,246214290
1997-05-22,10.318180084228516,10.512761116027832,10.232492446899414,10.362808227539062,7.078624725341797,333323105
1997-05-25,10.327104568481444,10.39672565460205,10.26462459564209,10.287832260131836,7.027410984039307,142541061
1997-05-26,10.328890800476074,10.439570426940918,10.075399398803713,10.162871360778809,6.942052364349365,338209243
1997-05-27,10.21107006072998,10.27712059020996,10.06290340423584,10.087895393371582,6.89084005355835,145064655
1997-05-28,10.064687728881836,10.575242042541504,10.028985023498535,10.505620956420898,7.176178932189941,507298460
1997-05-29,10.569886207580566,10.796600341796877,10.505620956420898,10.748400688171388,7.34201717376709,479755992
1997-06-01,10.8358736038208,10.923345565795898,10.730549812316896,10.873361587524414,7.427373886108398,327784362
1997-06-02,10.88942813873291,11.100075721740724,10.74661636352539,10.830517768859863,7.398108959197998,361266100
1997-06-03,10.925130844116213,10.973331451416016,10.801956176757812,10.844799995422363,7.407865047454834,174758201
1997-06-04,10.939413070678713,11.255385398864746,10.900138854980469,11.094720840454102,7.578580379486084,594454891
1997-06-05,11.139349937438965,11.183978080749512,10.978686332702637,11.001893043518066,7.515172958374023,271443230
1997-06-08,10.925130844116213,11.133994102478027,10.871577262878418,11.02867031097412,7.533463001251221,324115207
1997-06-09,11.139349937438965,11.246459007263184,11.060803413391112,11.1964750289917,7.648086547851562,306291798
1997-06-10,11.335716247558594,11.442826271057127,11.283946990966797,11.32857608795166,7.738322257995605,283600456
1997-06-11,11.332145690917969,11.601703643798828,11.317865371704102,11.56778621673584,7.901721954345703,410819296
1997-06-12,11.63919162750244,11.728449821472168,11.442826271057127,11.528512954711914,7.874894142150879,309634650
1997-06-15,11.457106590270996,11.496379852294922,11.183978080749512,11.258955001831056,7.690766334533691,269447602
1997-06-16,11.389270782470703,11.532082557678224,11.358922958374023,11.419618606567385,7.800510406494141,271997805
1997-06-17,11.63919162750244,11.762368202209473,11.508875846862791,11.558859825134276,7.895625591278076,239045434
1997-06-18,11.46067714691162,12.28184700012207,11.408907890319824,12.206871032714844,8.338268280029297,579468774
1997-06-19,12.355037689208984,13.049463272094728,12.33540153503418,12.842385292053224,8.772374153137207,712670296
1997-06-22,12.978056907653809,13.27082061767578,12.969131469726562,13.033395767211914,8.902849197387695,374255188
1997-06-23,13.031611442565918,13.281532287597656,12.96734619140625,13.169068336486816,8.995525360107422,306394030
1997-06-24,13.531454086303713,13.706398963928224,13.06731414794922,13.15835666656494,8.988208770751953,703592639
1997-06-25,13.147645950317385,13.924186706542969,12.57104206085205,13.556446075439451,9.260135650634766,1176069141
1997-06-26,13.452906608581545,13.513602256774902,13.156572341918944,13.197629928588867,9.01503562927246,399355288
1997-06-29,13.031611442565918,13.20655632019043,12.908435821533203,13.151215553283691,8.983331680297852,403447375
1997-06-30,13.281532287597656,13.345797538757324,12.9245023727417,13.05660343170166,8.91870403289795,442137352
1997-07-01,13.22619342803955,13.456477165222168,13.13871955871582,13.215481758117676,9.027228355407717,352633783
1997-07-02,13.147645950317385,13.263681411743164,12.999478340148926,13.040536880493164,8.907727241516113,225940109
1997-07-03,13.076239585876465,13.111943244934082,12.735276222229004,12.815608024597168,8.754083633422852,309913338
1997-07-06,12.781689643859863,13.040536880493164,12.758482933044434,12.865592002868652,8.788228988647461,275138993
1997-07-07,12.837029457092283,12.915575981140137,12.638877868652344,12.710284233093262,8.68213939666748,308917624
1997-07-08,12.9959077835083,13.095876693725586,12.960205078125,13.047677040100098,8.912604331970215,215082492
1997-07-09,13.13871955871582,13.281532287597656,13.01375961303711,13.104802131652832,8.95162582397461,345238055
1997-07-10,12.938782691955566,12.960205078125,12.75669765472412,12.808466911315918,8.749204635620117,242305660
1997-07-13,12.71385383605957,12.781689643859863,12.28184700012207,12.356823921203612,8.440696716308594,317003769
1997-07-14,12.45143699645996,12.546050071716309,12.33540153503418,12.41216278076172,8.478499412536621,270226247
1997-07-15,12.603175163269045,12.70671272277832,12.463932991027832,12.524627685546877,8.55532169342041,295184902
1997-07-16,12.531767845153809,12.585323333740234,12.40859317779541,12.496065139770508,8.535812377929688,195743805
1997-07-20,12.317549705505373,12.349682807922363,12.219367027282717,12.322905540466309,8.417526245117188,112578631
1997-07-21,12.388956069946287,12.403237342834473,12.237217903137209,12.292557716369627,8.396799087524414,163882378
1997-07-22,12.42465877532959,12.906649589538574,12.41573429107666,12.858450889587402,8.783348083496094,406262261
1997-07-23,12.960205078125,13.028040885925291,12.603175163269045,12.674580574035645,8.657751083374023,328082656
1997-07-24,12.603175163269045,12.653159141540527,12.355037689208984,12.526412963867188,8.556540489196777,302769689
1997-07-27,12.56747055053711,12.638877868652344,12.460362434387209,12.554974555969238,8.5760498046875,154803320
1997-07-28,12.531767845153809,12.674580574035645,12.497851371765137,12.653159141540527,8.64311695098877,241113885
1997-07-29,12.740631103515623,12.808466911315918,12.58710765838623,12.617456436157228,8.618732452392578,136464549
1997-07-30,12.64780330657959,12.885229110717772,12.592464447021484,12.85309600830078,8.779692649841309,245046322
1997-07-31,12.887014389038086,13.020899772644045,12.835244178771973,12.986982345581056,8.871146202087402,302729077
1997-08-03,13.031611442565918,13.083380699157717,12.91736125946045,12.95485019683838,8.849198341369629,208057881
1997-08-04,12.9959077835083,13.317234992980955,12.933427810668944,13.24582862854004,9.047959327697754,265491357
1997-08-05,13.352937698364258,13.388642311096191,13.21369743347168,13.32616138458252,9.10283374786377,42514580
1997-08-06,12.92985725402832,13.49575138092041,12.92985725402832,13.304738998413086,9.088199615478516,486993470
1997-08-07,13.21369743347168,13.360078811645508,13.210125923156738,13.304738998413086,9.088199615478516,191725941
1997-08-10,13.281532287597656,13.543950080871582,13.2190523147583,13.502890586853027,9.223552703857422,281715463
1997-08-11,13.543950080871582,13.763524055480955,13.388642311096191,13.515386581420898,9.232088088989258,352814440
1997-08-12,13.34936809539795,13.44576644897461,13.281532287597656,13.370789527893066,9.13331699371338,170164755
1997-08-13,13.335086822509766,13.418989181518556,13.283317565917969,13.310094833374023,9.09185791015625,148990091
1997-08-17,13.279747009277344,13.279747009277344,13.001263618469238,13.040536880493164,8.907727241516113,129472148
1997-08-18,13.065528869628906,13.129794120788574,12.85309600830078,12.928071975708008,8.830906867980957,173535616
1997-08-19,12.942353248596191,13.083380699157717,12.865592002868652,13.060173988342283,8.921141624450684,158563504
1997-08-20,13.101231575012209,13.13871955871582,12.792401313781738,12.822748184204102,8.758963584899902,133286949
1997-08-21,12.799541473388672,12.85309600830078,12.406807899475098,12.433585166931152,8.493131637573242,271782137
1997-08-24,12.342541694641112,12.342541694641112,11.996223449707031,12.137249946594238,8.290711402893066,288371758
1997-08-25,12.174737930297852,12.367533683776855,12.115827560424805,12.194375038146973,8.329732894897461,277091208
1997-08-26,12.5639009475708,12.849526405334473,12.371105194091797,12.40145206451416,8.471179008483887,178109455
1997-08-27,12.330045700073242,12.388956069946287,12.069414138793944,12.108687400817873,8.271200180053711,216221050
1997-08-28,12.071199417114258,12.099761962890623,11.70702838897705,11.792715072631836,8.055363655090332,294670941
1997-08-31,11.808781623840332,12.135464668273926,11.782004356384276,12.069414138793944,8.24437427520752,276420397
1997-09-01,12.13903522491455,12.235432624816896,11.871261596679688,12.092620849609377,8.260226249694824,305511752
1997-09-02,12.29969882965088,12.369319915771484,12.085479736328123,12.147960662841797,8.298027038574219,269645064
1997-09-03,12.10690212249756,12.33540153503418,12.031926155090332,12.292557716369627,8.396799087524414,267762872
1997-09-04,12.33540153503418,12.40145206451416,12.214011192321776,12.331830978393556,8.423626899719238,236878952
1997-09-07,12.210440635681152,12.33540153503418,12.13903522491455,12.308624267578123,8.4077730178833,132862615
1997-09-08,12.346113204956056,12.403237342834473,12.25328540802002,12.321120262145996,8.416309356689453,155177238
1997-09-09,12.215797424316406,12.28184700012207,12.140819549560549,12.217581748962402,8.345584869384766,139542717
1997-09-10,12.263996124267578,12.544264793395996,12.23900318145752,12.406807899475098,8.474838256835938,299061322
1997-09-11,12.331830978393556,12.381815910339355,12.274706840515137,12.331830978393556,8.423626899719238,140132303
1997-09-14,12.3050537109375,12.380030632019045,12.26578140258789,12.3050537109375,8.405332565307617,84919926
1997-09-15,12.322905540466309,12.646018028259276,12.322905540466309,12.546050071716309,8.569952011108398,236806129
1997-09-16,12.572827339172363,12.638877868652344,12.549619674682615,12.572827339172363,8.588245391845703,19456323
1997-09-17,12.42465877532959,12.460362434387209,12.29969882965088,12.390741348266602,8.463865280151367,160477906
1997-09-18,12.422874450683594,12.549619674682615,12.371105194091797,12.390741348266602,8.463865280151367,146973456
1997-09-21,12.363964080810549,12.363964080810549,11.99979305267334,12.039066314697266,8.223642349243164,170684319
1997-09-22,11.99979305267334,12.121183395385742,11.960519790649414,12.03014087677002,8.217548370361328,136332907
1997-09-23,12.24614429473877,12.349682807922363,12.122968673706056,12.1461763381958,8.296809196472168,109529872
1997-09-24,12.103331565856934,12.442510604858398,12.067628860473633,12.399666786193848,8.469964027404785,282614546
1997-09-25,12.460362434387209,12.667440414428713,12.460362434387209,12.55854606628418,8.578489303588867,254887219
1997-09-28,12.710284233093262,12.928071975708008,12.676365852355955,12.792401313781738,8.73823070526123,241050865
1997-09-29,12.776333808898926,12.958419799804688,12.737060546875,12.904865264892578,8.81505298614502,198828976
1997-09-30,12.888798713684082,12.978056907653809,12.67101001739502,12.885229110717772,8.801640510559082,241237123
1997-10-08,13.004834175109863,13.77780532836914,12.969131469726562,13.686761856079102,9.349151611328123,571827969
1997-10-09,13.806366920471191,15.055974006652832,13.806366920471191,15.048832893371582,10.279553413391112,842876276
1997-10-12,15.34873867034912,15.73790168762207,15.188075065612791,15.359450340270996,10.491731643676758,821158240
1997-10-13,15.280902862548828,15.464774131774902,13.959890365600586,14.263365745544434,9.74301815032959,829693927
1997-10-14,14.341913223266602,14.55613136291504,14.111627578735352,14.359764099121094,9.808868408203123,407386815
1997-10-15,14.457947731018066,14.756068229675291,14.26693630218506,14.43652629852295,9.86130142211914,453279259
1997-10-16,14.49543571472168,14.768564224243164,14.416889190673828,14.504362106323242,9.907639503479004,419364785
1997-10-19,14.461518287658691,14.682876586914062,14.281217575073242,14.648959159851074,10.006409645080566,262550431
1997-10-20,14.673951148986816,14.98813819885254,14.45973300933838,14.58647918701172,9.96373176574707,492254926
1997-10-21,14.781060218811035,14.952434539794922,14.665024757385254,14.722149848937988,10.056404113769531,327551889
1997-10-22,14.745356559753418,14.834614753723145,14.32227611541748,14.47579860687256,9.8881254196167,392390896
1997-10-23,14.45973300933838,14.45973300933838,13.934898376464844,14.136619567871094,9.65644073486328,450881704
1997-10-26,27.198579788208008,28.0804443359375,26.895103454589844,27.020063400268555,18.45686149597168,174379381
1997-10-27,26.92723655700684,26.92723655700684,24.320913314819336,24.360187530517575,16.639955520629883,207521512
1997-10-28,24.91001319885254,26.784423828125,24.91001319885254,26.71658706665039,18.24956703186035,238464951
1997-10-29,26.566635131835938,26.566635131835938,25.534818649291992,25.884706497192383,17.681320190429688,85330255
1997-11-02,25.923980712890625,26.548784255981445,25.20992088317871,25.906129837036133,17.69595718383789,138400658
1997-11-03,25.8490047454834,26.348846435546875,25.04568672180176,25.28846740722656,17.274044036865234,144830081
1997-11-04,13.13871955871582,13.370789527893066,12.97091579437256,13.042322158813477,8.908946990966797,95911986
1997-11-05,12.9959077835083,12.9959077835083,12.656728744506836,12.888798713684082,8.804078102111816,100382893
1997-11-06,12.71385383605957,12.845954895019531,12.646018028259276,12.749556541442873,8.708967208862305,51043964
1997-11-09,12.681720733642578,12.681720733642578,12.43894100189209,12.463932991027832,8.513861656188965,61176854
1997-11-10,12.43179988861084,12.663869857788086,12.392526626586914,12.5281982421875,8.557759284973145,61484950
1997-11-11,12.492494583129885,12.596034049987791,12.03549575805664,12.085479736328123,8.255348205566406,152259420
1997-11-12,12.010503768920898,12.031926155090332,11.549935340881348,11.71059799194336,7.999274253845215,154029577
1997-11-16,11.806997299194336,12.014074325561523,11.667755126953123,11.939098358154297,8.155359268188477,118330241
1997-11-17,11.889114379882812,11.924817085266112,11.607060432434082,11.667755126953123,7.970007419586182,95344107
1997-11-18,11.624911308288574,11.624911308288574,11.1821928024292,11.232177734375,7.672475337982178,161332175
1997-11-19,11.142919540405272,11.335716247558594,10.803741455078123,11.092935562133787,7.57736349105835,132565722
1997-11-20,11.00367832183838,11.275020599365234,10.925130844116213,11.096506118774414,7.579799652099609,100555147
1997-11-23,10.996537208557127,11.192904472351074,10.543108940124512,10.589523315429688,7.233490467071533,134209139
1997-11-24,10.532398223876951,11.453536033630373,10.50383472442627,11.246459007263184,7.682230472564697,221540624
1997-11-25,11.353568077087402,11.924817085266112,11.353568077087402,11.689176559448242,7.984642028808594,193414172
1997-11-26,11.63919162750244,11.960519790649414,11.360709190368652,11.921245574951172,8.143162727355957,180871125
1997-11-27,11.860550880432127,11.860550880432127,11.18933391571045,11.32857608795166,7.738322257995605,186496695
1997-11-30,11.217896461486816,11.564215660095217,11.085795402526855,11.474958419799805,7.83831262588501,104103164
1997-12-01,11.446395874023438,11.56778621673584,11.214325904846191,11.28573226928711,7.709054946899414,108302385
1997-12-02,11.346426963806152,11.51423168182373,11.22503662109375,11.32857608795166,7.738322257995605,105664655
1997-12-03,11.264309883117676,12.24614429473877,10.960833549499512,11.485669136047363,7.845630645751953,367892986
1997-12-04,11.432114601135254,12.171168327331545,11.432114601135254,11.660614013671877,7.9651312828063965,260028938
1997-12-07,11.71773910522461,12.064059257507324,11.71059799194336,11.96409034729004,8.172428131103516,137464463
1997-12-08,11.996223449707031,12.10690212249756,10.860865592956545,11.13577938079834,7.606627464294434,246915210
1997-12-09,11.00367832183838,11.203615188598633,10.821593284606934,11.010819435119627,7.521267890930176,112307646
1997-12-10,11.000107765197754,11.242889404296877,10.685920715332031,11.146490097045898,7.613941669464111,153768395
1997-12-11,11.203615188598633,11.203615188598633,10.696632385253906,10.743045806884766,7.338357925415039,189119721
1997-12-14,10.721624374389648,11.096506118774414,10.543108940124512,11.042950630187988,7.543218612670898,177750242
1997-12-15,11.067943572998049,11.257169723510742,10.875146865844728,11.157200813293455,7.621260166168213,140796812
1997-12-16,11.282161712646484,11.41783332824707,11.078655242919922,11.22146701812744,7.665158748626709,74140734
1997-12-17,11.260740280151367,11.632052421569824,11.146490097045898,11.22503662109375,7.667598247528076,135859558
1997-12-18,11.164341926574709,11.517802238464355,11.103647232055664,11.47852897644043,7.840752601623535,127392493
1997-12-21,11.564215660095217,11.735590934753418,11.503520965576172,11.62134075164795,7.938304424285889,90738757
1997-12-22,11.667755126953123,11.806997299194336,11.632052421569824,11.749872207641602,8.026101112365723,84393360
1997-12-23,11.657044410705566,11.657044410705566,11.407122611999512,11.61063003540039,7.930988311767578,72745895
1997-12-25,11.63919162750244,11.942667961120604,11.60348892211914,11.889114379882812,8.1212158203125,96386735
1997-12-28,11.889114379882812,12.156886100769045,11.889114379882812,12.099761962890623,8.265103340148926,81759832
1997-12-29,12.174737930297852,12.174737930297852,11.728449821472168,11.821277618408203,8.07487678527832,71475695
1997-12-30,11.782004356384276,12.099761962890623,11.782004356384276,11.974801063537598,8.179746627807617,61601187
1997-12-31,11.914106369018556,12.228293418884276,11.84984016418457,12.085479736328123,8.255348205566406,85954852
1998-01-01,12.13903522491455,12.221152305603027,12.049777030944824,12.089051246643066,8.257790565490723,45964566
1998-01-04,12.14974594116211,12.460362434387209,12.14974594116211,12.313980102539062,8.411433219909668,91759679
1998-01-05,12.231863021850586,12.317549705505373,12.05334758758545,12.214011192321776,8.343144416809082,68660809
1998-01-06,12.338972091674805,12.371105194091797,12.081910133361816,12.33540153503418,8.426065444946289,100660880
1998-01-07,12.296128273010254,12.331830978393556,11.942667961120604,12.017644882202148,8.209010124206543,112816006
1998-01-08,11.935527801513672,11.935527801513672,11.642763137817385,11.71059799194336,7.999274253845215,104302726
1998-01-11,11.646332740783691,11.646332740783691,11.07508373260498,11.167911529541016,7.628575325012207,117221792
1998-01-12,11.157200813293455,11.489239692687988,11.157200813293455,11.275020599365234,7.701739311218262,85152399
1998-01-13,11.60348892211914,11.60348892211914,10.960833549499512,11.057232856750488,7.55297327041626,100106306
1998-01-14,10.982255935668944,11.217896461486816,10.925130844116213,11.167911529541016,7.628575325012207,69335821
1998-01-15,11.232177734375,11.282161712646484,11.107216835021973,11.22503662109375,7.667598247528076,48451749
1998-01-18,11.175052642822266,11.560646057128906,11.071514129638672,11.499950408935549,7.855385303497314,85051568
1998-01-19,11.553504943847656,11.721308708190918,11.214325904846191,11.310724258422852,7.72613000869751,75693822
1998-01-20,11.353568077087402,11.42497444152832,11.289301872253418,11.33928680419922,7.745638847351074,42754756
1998-01-21,11.310724258422852,11.310724258422852,11.089365005493164,11.13577938079834,7.606627464294434,48247284
1998-01-22,11.103647232055664,11.175052642822266,10.982255935668944,11.025099754333496,7.531023502349853,49873896
1998-01-26,11.060803413391112,11.060803413391112,10.725193977355955,10.818021774291992,7.38957405090332,70613724
1998-01-27,10.718053817749023,10.85372543334961,10.471702575683594,10.582382202148438,7.228610515594482,87204745
1998-01-28,10.532398223876951,10.739476203918455,10.50026512145996,10.689491271972656,7.30177640914917,46620672
1998-01-29,10.732335090637209,11.035811424255373,10.69306182861328,11.010819435119627,7.521267890930176,83270907
1998-02-01,11.067943572998049,11.22503662109375,11.00367832183838,11.192904472351074,7.645648002624512,67724614
1998-02-02,11.228607177734377,11.428544044494627,11.114357948303224,11.36427879333496,7.762709617614746,86415597
1998-02-03,11.389270782470703,11.414262771606444,10.95012378692627,11.017958641052246,7.5261454582214355,76480870
1998-02-04,10.996537208557127,11.239317893981934,10.996537208557127,11.150060653686523,7.616381645202637,58627351
1998-02-05,11.167911529541016,11.246459007263184,11.089365005493164,11.167911529541016,7.628575325012207,44069769
1998-02-08,11.200044631958008,11.367849349975586,11.142919540405272,11.28573226928711,7.709054946899414,54085722
1998-02-09,11.250028610229492,11.300012588500977,11.167911529541016,11.235748291015623,7.674912929534912,42983728
1998-02-10,11.167911529541016,11.210756301879885,10.778749465942385,10.88942813873291,7.438348293304443,58101486
1998-02-11,10.85372543334961,10.90727996826172,10.593092918395996,10.65735912322998,7.279829025268555,91721867
1998-02-12,10.707343101501465,10.8358736038208,10.646648406982422,10.771608352661133,7.357870578765869,44642550
1998-02-16,10.843013763427734,10.992966651916504,10.732335090637209,10.803741455078123,7.379818916320801,69964619
1998-02-17,10.78946018218994,10.8358736038208,10.668068885803224,10.718053817749023,7.321285724639893,33233859
1998-02-18,10.760896682739258,11.096506118774414,10.714483261108398,10.910849571228027,7.452980995178223,87117918
1998-02-19,10.953694343566896,11.025099754333496,10.714483261108398,10.735904693603516,7.333479881286621,68251180
1998-02-22,10.78946018218994,10.94298267364502,10.7501859664917,10.90371036529541,7.448105812072754,49233895
1998-02-23,10.95012378692627,10.978686332702637,10.832303047180176,10.90371036529541,7.448105812072754,66949470
1998-02-24,11.032240867614746,11.282161712646484,10.946553230285645,11.22146701812744,7.665158748626709,83678435
1998-02-25,11.235748291015623,11.325005531311035,11.125067710876465,11.232177734375,7.672475337982178,65605047
1998-02-26,11.257169723510742,11.51423168182373,11.246459007263184,11.439254760742188,7.813923835754394,95131240
1998-03-01,11.482098579406738,12.014074325561523,11.482098579406738,11.931957244873049,8.150479316711426,123609903
1998-03-02,11.889114379882812,11.996223449707031,11.325005531311035,11.457106590270996,7.826118469238281,99408886
1998-03-03,11.57492733001709,11.996223449707031,11.56778621673584,11.86769199371338,8.10658073425293,86848333
1998-03-04,11.817708015441896,12.274706840515137,11.71059799194336,11.906965255737305,8.133408546447754,118509498
1998-03-05,11.860550880432127,11.953378677368164,11.71059799194336,11.835558891296388,8.084630966186523,82727536
1998-03-08,11.90339469909668,13.006619453430176,11.90339469909668,12.910221099853516,8.818711280822754,264698007
1998-03-09,12.9245023727417,13.095876693725586,12.496065139770508,12.599603652954102,8.606535911560059,178525386
1998-03-10,12.72099494934082,12.838814735412598,12.114043235778809,12.28184700012207,8.389481544494629,198546087
1998-03-11,12.28184700012207,12.313980102539062,12.064059257507324,12.160456657409668,8.306562423706055,152676751
1998-03-15,12.20330047607422,12.899510383605955,12.20330047607422,12.592464447021484,8.601659774780273,168154422
1998-03-16,12.549619674682615,12.603175163269045,12.331830978393556,12.481783866882324,8.526056289672852,117781969
1998-03-17,12.745986938476562,12.881657600402832,12.681720733642578,12.763837814331056,8.718716621398926,91482392
1998-03-18,12.806681632995604,12.86380672454834,12.521058082580566,12.58175277709961,8.594343185424805,89757749
1998-03-19,12.521058082580566,12.728135108947754,12.406807899475098,12.663869857788086,8.650436401367188,106067282
1998-03-22,12.745986938476562,12.9245023727417,12.745986938476562,12.867377281188965,8.789447784423828,24629551
1998-03-23,13.13871955871582,13.202985763549805,12.674580574035645,12.760268211364746,8.716282844543457,123780056
1998-03-24,12.960205078125,13.181564331054688,12.781689643859863,13.128008842468262,8.96748161315918,125146887
1998-03-25,13.128008842468262,13.156572341918944,12.763837814331056,12.813822746276855,8.752864837646484,96842579
1998-03-26,12.788829803466797,12.906649589538574,12.728135108947754,12.881657600402832,8.799200057983398,85253931
1998-03-29,12.94949436187744,13.045891761779783,12.606744766235352,12.66029930114746,8.647995948791504,80663987
1998-03-30,12.592464447021484,12.70671272277832,12.42465877532959,12.496065139770508,8.535812377929688,112466596
1998-03-31,12.674580574035645,13.10301685333252,12.638877868652344,13.05660343170166,8.91870403289795,120689984
1998-04-01,13.10301685333252,13.281532287597656,12.94949436187744,12.985197067260742,8.869927406311035,82061627
1998-04-02,12.960205078125,13.24582862854004,12.960205078125,13.20655632019043,9.021133422851562,99024465
1998-04-05,13.263681411743164,13.331517219543455,13.13871955871582,13.19941520690918,9.016255378723145,78792998
1998-04-06,13.174423217773438,13.388642311096191,13.074455261230469,13.23511791229248,9.040644645690918,120966571
1998-04-08,13.48861026763916,14.470443725585938,13.48861026763916,14.241944313049316,9.728384971618652,152860209
1998-04-09,14.20981216430664,14.274077415466309,13.870633125305176,13.92061710357666,9.508892059326172,99406085
1998-04-12,13.71710968017578,13.724249839782717,13.456477165222168,13.510031700134276,9.22843074798584,123310209
1998-04-14,13.959890365600586,14.274077415466309,13.852781295776367,14.191960334777832,9.694242477416992,90094555
1998-04-15,14.188389778137209,14.20981216430664,13.863492012023926,13.92061710357666,9.508892059326172,61606789
1998-04-16,13.917046546936035,14.241944313049316,13.82421875,14.20267105102539,9.70155906677246,94924675
1998-04-19,14.259796142578123,14.438310623168944,14.031295776367188,14.124123573303224,9.647905349731444,101989899
1998-04-20,14.17410945892334,14.334772109985352,14.102702140808104,14.227663040161133,9.718628883361816,77515096
1998-04-21,14.424030303955078,14.763209342956545,14.066999435424805,14.141976356506348,9.660099983215332,162416817
1998-04-22,14.059859275817873,14.124123573303224,13.545735359191896,13.63142204284668,9.311351776123049,130202478
1998-04-23,13.656414031982422,13.767093658447266,13.3565092086792,13.68140697479248,9.345491409301758,142516553
1998-04-26,13.699257850646973,13.81707763671875,13.388642311096191,13.43505573272705,9.177216529846191,172497889
1998-04-27,13.424345016479492,13.456477165222168,13.14586067199707,13.210125923156738,9.023571968078612,149273680
1998-04-28,13.917046546936035,14.138404846191406,13.54216480255127,13.599289894104004,9.289401054382324,118086565
1998-04-29,13.53502368927002,13.77066421508789,13.467187881469728,13.706398963928224,9.362564086914062,100386394
1998-05-03,13.745672225952148,13.959890365600586,13.71710968017578,13.906335830688477,9.499140739440918,76239994
1998-05-04,13.888484001159668,13.949178695678713,13.831358909606934,13.909906387329102,9.501577377319336,38495315
1998-05-05,13.917046546936035,13.924186706542969,13.588579177856444,13.63142204284668,9.610795021057127,68254681
1998-05-07,13.577868461608888,13.652844429016112,13.502890586853027,13.567156791687012,9.565485000610352,52942962
1998-05-10,13.53502368927002,13.656414031982422,13.506462097167969,13.62071132659912,9.603242874145508,25085395
1998-05-11,13.59571933746338,13.59571933746338,13.020899772644045,13.23511791229248,9.33138370513916,98744377
1998-05-12,13.210125923156738,13.210125923156738,12.303269386291504,12.481783866882324,8.800243377685547,127637571
1998-05-13,12.317549705505373,12.85309600830078,12.1461763381958,12.760268211364746,8.996590614318848,173089576
1998-05-14,12.885229110717772,13.060173988342283,12.596034049987791,12.653159141540527,8.921072959899902,116201571
1998-05-17,12.742416381835938,12.956635475158691,12.742416381835938,12.792401313781738,9.019246101379396,57525204
1998-05-18,12.788829803466797,12.960205078125,12.745986938476562,12.91736125946045,9.107346534729004,62047227
1998-05-19,12.938782691955566,13.124439239501951,12.860236167907717,13.081595420837402,9.22314167022705,84168590
1998-05-20,13.13871955871582,13.24225902557373,12.831673622131348,12.9245023727417,9.112380027770996,119844818
1998-05-21,12.960205078125,13.031611442565918,12.85309600830078,12.985197067260742,9.15517520904541,62333618
1998-05-24,12.81739330291748,13.163711547851562,12.788829803466797,13.035181045532228,9.19041633605957,80383198
1998-05-25,12.9959077835083,13.038751602172852,12.910221099853516,12.985197067260742,9.15517520904541,48970612
1998-05-26,12.9245023727417,12.9245023727417,12.328261375427246,12.39609718322754,8.739832878112793,126653761
1998-05-27,12.32469081878662,12.43179988861084,11.831989288330078,11.874832153320312,8.372316360473633,165941026
1998-05-28,11.842700004577637,12.210440635681152,11.317865371704102,11.914106369018556,8.400004386901855,217219564
1998-05-31,12.067628860473633,12.710284233093262,11.682036399841309,11.799856185913086,8.319454193115234,244277480
1998-06-01,11.853410720825195,11.853410720825195,10.982255935668944,11.107216835021973,7.831109046936035,307202785
1998-06-02,11.42497444152832,11.917675971984863,11.32143497467041,11.839129447937012,8.347143173217773,146787197
1998-06-03,11.924817085266112,11.960519790649414,11.61063003540039,11.667755126953123,8.226317405700684,83354233
1998-06-04,11.578496932983398,11.632052421569824,11.167911529541016,11.282161712646484,7.954454898834228,112378368
1998-06-07,11.389270782470703,11.46067714691162,10.74661636352539,11.110787391662598,7.833628177642822,112073072
1998-06-08,11.175052642822266,11.300012588500977,10.946553230285645,11.053662300109863,7.793350696563721,101251866
1998-06-09,11.103647232055664,11.139349937438965,10.639507293701172,10.685920715332031,7.534077644348144,95872073
1998-06-10,10.575242042541504,10.892998695373535,10.425289154052734,10.832303047180176,7.637285232543945,98932036
1998-06-11,10.885857582092283,11.050091743469238,10.689491271972656,10.8358736038208,7.639801979064941,73049090
1998-06-14,10.803741455078123,10.803741455078123,10.353882789611816,10.4038667678833,7.335214138031006,60800835
1998-06-15,10.353882789611816,10.400297164916992,9.87546157836914,10.353882789611816,7.2999749183654785,106880238
1998-06-16,10.585951805114746,11.18933391571045,10.585951805114746,10.967974662780762,7.73293924331665,81553967
1998-06-17,11.103647232055664,11.317865371704102,10.568100929260254,10.632366180419922,7.496318817138672,81733923
1998-06-18,10.507406234741213,10.507406234741213,10.06825828552246,10.143235206604004,7.151457786560059,70692848
1998-06-21,10.003993034362791,10.157515525817873,9.318493843078612,9.9361572265625,7.005457878112793,71736877
1998-06-22,9.889742851257324,10.089679718017578,9.639822006225586,9.94329833984375,7.010493755340576,89682825
1998-06-23,10.139663696289062,10.3324613571167,10.036126136779783,10.289616584777832,7.254664421081543,56495880
1998-06-24,10.318180084228516,10.65378761291504,10.318180084228516,10.51811695098877,7.415767192840576,69064836
1998-06-25,10.496694564819336,10.568100929260254,10.153945922851562,10.257484436035156,7.23200798034668,63260709
1998-06-28,10.246773719787598,10.47527313232422,10.139663696289062,10.443140029907228,7.3629045486450195,39429409
1998-06-29,10.489554405212402,10.489554405212402,10.21107006072998,10.250344276428224,7.226974487304687,79295756
1998-06-30,10.06825828552246,10.275336265563965,9.97900104522705,10.157515525817873,7.161529064178467,56259906
1998-07-01,10.132523536682127,10.386014938354492,10.014703750610352,10.168227195739746,7.1690778732299805,67963389
1998-07-02,10.171796798706056,10.207500457763672,9.89331340789795,9.968290328979492,7.02811336517334,48541377
1998-07-05,10.064687728881836,10.278905868530272,10.007562637329102,10.250344276428224,7.226974487304687,42251997
1998-07-06,10.27176570892334,10.4038667678833,10.196788787841797,10.243203163146973,7.221940994262695,67696605
1998-07-07,10.425289154052734,10.54667854309082,10.36102294921875,10.418148040771484,7.345285892486572,48881684
1998-07-08,10.460991859436035,10.603803634643556,10.3681640625,10.421717643737791,7.347801685333252,63350338
1998-07-09,10.489554405212402,10.739476203918455,10.482414245605469,10.696632385253906,7.541630268096924,87972187
1998-07-12,10.718053817749023,11.025099754333496,10.443140029907228,10.54667854309082,7.435905933380127,83065042
1998-07-13,10.496694564819336,10.62165641784668,10.407437324523926,10.54667854309082,7.435905933380127,50045450
1998-07-14,10.782319068908691,10.882287979125977,10.507406234741213,10.560959815979004,7.445973873138428,60575364
1998-07-15,10.625226020812988,10.814452171325684,10.550249099731444,10.775178909301758,7.597006797790527,48055424
1998-07-16,10.782319068908691,10.850154876708984,10.575242042541504,10.664499282836914,7.5189738273620605,57168792
1998-07-19,10.81088161468506,10.81088161468506,10.371733665466309,10.418148040771484,7.345285892486572,44508107
1998-07-20,10.439570426940918,10.521686553955078,10.032554626464844,10.071828842163086,7.101113319396973,79669674
1998-07-21,10.17536735534668,10.27176570892334,10.003993034362791,10.057546615600586,7.091043472290039,67297480
1998-07-22,10.089679718017578,10.100391387939451,9.650532722473145,9.68980598449707,6.83176851272583,76766560
1998-07-23,9.671955108642578,9.818337440490724,9.51486110687256,9.564845085144045,6.743667602539063,70514993
1998-07-26,9.639822006225586,9.711228370666504,9.289932250976562,9.336345672607422,6.582563400268555,55063930
1998-07-27,9.347057342529297,9.639822006225586,9.322065353393556,9.59340763092041,6.763805389404297,73167427
1998-07-28,9.639822006225586,9.986141204833984,9.518430709838867,9.889742851257324,6.972735404968262,78314047
1998-07-29,9.918306350708008,10.032554626464844,9.675524711608888,9.750500679016112,6.8745622634887695,47829253
1998-07-30,9.779064178466797,9.889742851257324,9.675524711608888,9.70765781402588,6.844356060028076,32756309
1998-08-02,9.643391609191896,9.643391609191896,9.41489315032959,9.457736015319824,6.668148040771484,31122695
1998-08-03,9.439885139465332,9.604119300842283,9.439885139465332,9.51486110687256,6.708425521850586,44467495
1998-08-04,9.425602912902832,9.529142379760742,9.289932250976562,9.45059585571289,6.663114547729492,60496940
1998-08-05,9.532712936401367,9.55056381225586,9.268509864807127,9.30421257019043,6.55990743637085,69610308
1998-08-06,9.354196548461914,9.37204933166504,9.25779914855957,9.297073364257812,6.554874420166016,63951127
1998-08-09,9.26494026184082,9.26494026184082,9.02929973602295,9.043581008911133,6.3761491775512695,57364854
1998-08-10,9.036439895629885,9.036439895629885,8.82579231262207,8.87220573425293,6.2553229331970215,86423299
1998-08-11,8.711543083190918,8.840073585510254,8.575871467590332,8.711543083190918,6.142048358917236,69926107
1998-08-12,8.711543083190918,8.890057563781738,8.629426002502441,8.782949447631836,6.192392826080322,57538508
1998-08-13,8.782949447631836,8.82579231262207,8.572300910949707,8.600863456726074,6.064013481140137,75680518
1998-08-16,8.704401969909668,8.782949447631836,8.525886535644531,8.561590194702148,6.036324501037598,57642841
1998-08-17,8.550878524780273,8.554449081420898,8.14743423461914,8.1724271774292,5.761944770812988,105618441
1998-08-18,8.204559326171875,8.354512214660645,7.536911964416504,7.818965911865234,5.512739181518555,210072415
1998-08-19,7.911794185638428,8.44734001159668,7.818965911865234,8.443770408630371,5.953256130218506,156903281
1998-08-20,8.44734001159668,8.761527061462402,8.215270042419434,8.283105850219727,5.839979648590088,207838712
1998-08-23,8.265254974365234,8.45448112487793,7.868950843811035,8.168855667114258,5.759428024291992,85819709
1998-08-24,8.211700439453125,8.390214920043945,8.16171646118164,8.240262031555176,5.809772491455078,111176090
1998-08-26,8.347372055053711,8.415206909179688,8.072458267211914,8.118871688842773,5.724186897277832,102959004
1998-08-27,8.072458267211914,8.072458267211914,7.661872863769531,7.69757604598999,5.42715311050415,123102243
1998-08-30,7.711856842041016,7.811826229095459,7.554763793945312,7.647592067718506,5.39191198348999,66178528
1998-08-31,7.633310794830322,7.633310794830322,7.283421039581299,7.354826927185059,5.185499668121338,101085214
1998-09-01,7.569045066833496,7.5904669761657715,7.426232814788818,7.494069099426269,5.283670902252197,63243904
1998-09-02,7.461935997009277,7.811826229095459,7.440514087677002,7.586896896362305,5.349119186401367,121776726
1998-09-03,7.636880874633789,8.19384765625,7.636880874633789,8.190278053283691,5.774531841278076,205755556
1998-09-06,8.347372055053711,8.486613273620605,8.229551315307617,8.368792533874512,5.900392532348633,155376101
1998-09-07,8.404496192932129,8.404496192932129,8.168855667114258,8.333089828491211,5.87522029876709,99037769
1998-09-08,8.49018383026123,8.690120697021484,8.354512214660645,8.425917625427246,5.940669536590576,165801682
1998-09-09,8.39378547668457,8.668699264526367,8.30452823638916,8.547308921813965,6.026254177093506,190962701
1998-09-10,8.497323989868164,8.497323989868164,8.308097839355469,8.400925636291504,5.923048496246338,118251817
1998-09-13,8.44734001159668,8.818652153015137,8.44734001159668,8.772237777709961,6.184841632843018,175759516
1998-09-14,8.743675231933594,8.747245788574219,8.575871467590332,8.615143775939941,6.074081897735596,124121764
1998-09-15,8.747245788574219,8.761527061462402,8.518746376037598,8.554449081420898,6.031290531158447,85479402
1998-09-16,8.547308921813965,8.740104675292969,8.504465103149414,8.58658218383789,6.053945541381836,128005886
1998-09-17,8.568730354309082,8.618715286254883,8.461621284484863,8.565159797668457,6.038841247558594,77779779
1998-09-20,8.63299560546875,8.907909393310547,8.63299560546875,8.750816345214844,6.169737815856934,138668842
1998-09-21,8.772237777709961,8.815080642700195,8.572300910949707,8.643707275390625,6.094220161437988,126544527
1998-09-22,8.747245788574219,8.868636131286621,8.707971572875977,8.779377937316895,6.189874172210693,84826797
1998-09-23,8.847213745117188,9.015018463134766,8.847213745117188,8.97574520111084,6.328322410583496,109968210
1998-09-24,8.947182655334473,9.15425968170166,8.947182655334473,9.040011405944824,6.373632907867432,124609117
1998-09-27,9.093564987182615,9.129267692565918,8.925761222839355,8.947182655334473,6.308184623718262,79287353
1998-09-28,8.957894325256348,9.057862281799316,8.536598205566406,8.622284889221191,6.079118251800537,120818124
1998-09-29,8.604433059692383,8.654417991638184,8.479473114013672,8.515175819396973,6.003599166870117,111993247
1998-10-04,8.465191841125488,8.465191841125488,7.836818218231201,7.836818218231201,5.525325775146484,82924998
1998-10-05,7.711856842041016,7.911794185638428,7.572615146636963,7.808256149291992,5.505188465118408,107058094
1998-10-06,7.9260759353637695,8.211700439453125,7.9260759353637695,8.179567337036133,5.766980648040772,100016677
1998-10-07,8.247403144836426,8.300957679748535,7.711856842041016,7.754701137542725,5.467430114746094,165968334
1998-10-08,7.783263206481934,8.133152961730957,7.729709148406982,7.893942832946777,5.565600872039795,169606679
1998-10-11,7.961779117584228,8.076027870178223,7.5833258628845215,7.654732227325439,5.396946430206299,104322333
1998-10-12,7.594037055969238,7.594037055969238,7.340546131134033,7.386960029602051,5.208155155181885,135456932
1998-10-13,7.540482997894287,7.890373229980469,7.476216793060303,7.829677104949951,5.520292282104492,123857781
1998-10-14,7.718997955322266,7.776123046875,7.554763793945312,7.597608089447021,5.3566718101501465,83863294
1998-10-15,7.647592067718506,7.779693126678467,7.544053077697754,7.651162147521973,5.394429683685303,79749499
1998-10-18,7.69043493270874,7.69043493270874,7.515491008758545,7.533341884613037,5.311360359191895,29780372
1998-10-19,7.540482997894287,7.540482997894287,7.112045764923096,7.2334370613098145,5.099914073944092,109856174
1998-10-21,7.326263904571533,7.658302783966064,7.326263904571533,7.569045066833496,5.3365325927734375,105235420
1998-10-22,7.608317852020264,7.69757604598999,7.483357906341553,7.61902904510498,5.371773719787598,147341072
1998-10-25,7.70471715927124,8.229551315307617,7.70471715927124,8.229551315307617,5.802220344543457,97624725
1998-10-26,8.354512214660645,8.411637306213379,8.118871688842773,8.233121871948242,5.804738521575928,114369095
1998-10-27,8.433058738708496,8.433058738708496,8.086738586425781,8.136724472045898,5.736773490905762,92564932
1998-10-28,8.054607391357422,8.111730575561523,7.943926811218262,8.072458267211914,5.691463470458984,84179793
1998-10-29,8.033185005187988,8.1581449508667,7.854669094085693,7.904654026031494,5.573152542114258,102306398
1998-11-01,7.861810207366943,7.968918800354004,7.718997955322266,7.890373229980469,5.563084602355957,102622198
1998-11-02,7.890373229980469,7.890373229980469,7.733279228210449,7.758271217346191,5.469945907592773,99157507
1998-11-04,7.854669094085693,7.965349197387695,7.808256149291992,7.943926811218262,5.600842475891113,98155492
1998-11-05,7.958208084106445,8.561590194702148,7.958208084106445,8.458050727844238,5.963324069976807,245471356
1998-11-08,8.568730354309082,8.947182655334473,8.568730354309082,8.750816345214844,6.169737815856934,200914933
1998-11-09,8.740104675292969,8.815080642700195,8.618715286254883,8.732963562011719,6.157150745391846,125555115
1998-11-10,8.854354858398438,8.87220573425293,8.515175819396973,8.583011627197266,6.051427364349365,113206729
1998-11-11,8.497323989868164,9.104275703430176,8.336661338806152,8.918620109558105,6.288046836853027,277402106
1998-11-12,8.943612098693848,9.0221586227417,8.682979583740234,8.768667221069336,6.182322502136231,260143774
1998-11-15,8.650847434997559,8.650847434997559,8.390214920043945,8.44019889831543,5.950737953186035,133786206
1998-11-16,8.422348022460938,8.650847434997559,8.390214920043945,8.59372329711914,6.0589799880981445,149670005
1998-11-17,8.604433059692383,8.72939395904541,8.604433059692383,8.682979583740234,6.121908664703369,91709263
1998-11-18,8.650847434997559,8.88648796081543,8.511606216430664,8.533026695251465,6.016185283660889,265329606
1998-11-19,8.500894546508789,8.675840377807617,8.45448112487793,8.547308921813965,6.026254177093506,150923399
1998-11-22,8.497323989868164,8.511606216430664,8.347372055053711,8.379504203796387,5.907944202423096,94873559
1998-11-23,8.425917625427246,8.486613273620605,8.34380054473877,8.34380054473877,5.882772922515869,99721885
1998-11-25,8.283105850219727,8.44019889831543,8.079599380493164,8.101020812988281,5.711601734161377,125298834
1998-11-26,8.093879699707031,8.15457534790039,7.9260759353637695,7.993910789489746,5.636083126068115,123057429
1998-11-29,7.868950843811035,8.01533317565918,7.822536945343018,8.01533317565918,5.651187419891357,79217331
1998-11-30,7.976059913635254,8.061746597290039,7.940357208251953,8.008193016052246,5.646153926849365,96679427
1998-12-01,8.083168983459473,8.236692428588867,8.008193016052246,8.072458267211914,5.691463470458984,141104909
1998-12-02,8.083168983459473,8.086738586425781,7.9832000732421875,7.997481822967529,5.6386003494262695,70440769
1998-12-03,7.993910789489746,8.122442245483398,7.968918800354004,8.104591369628906,5.714118957519531,73264758
1998-12-06,8.101020812988281,8.29738712310791,8.076027870178223,8.272395133972168,5.832428455352783,94619379
1998-12-07,8.247403144836426,8.311668395996094,8.179567337036133,8.290246963500977,5.845015048980713,75845770
1998-12-08,8.411637306213379,8.583011627197266,8.354512214660645,8.44019889831543,5.950737953186035,162705307
1998-12-09,8.504465103149414,8.59729290008545,8.461621284484863,8.529457092285156,6.013669490814209,111169087
1998-12-10,8.575871467590332,8.5901517868042,8.49018383026123,8.558018684387207,6.0338053703308105,79072386
1998-12-13,8.547308921813965,8.604433059692383,8.408066749572754,8.436629295349121,5.948222637176514,67080412
1998-12-14,8.390214920043945,8.458050727844238,8.229551315307617,8.229551315307617,5.802220344543457,138273918
1998-12-15,8.240262031555176,8.325949668884277,8.186708450317383,8.322379112243652,5.867669105529785,60307180
1998-12-16,8.033185005187988,8.222411155700684,7.972489833831787,7.997481822967529,5.6386003494262695,85716077
1998-12-17,7.993910789489746,8.104591369628906,7.976059913635254,8.043895721435547,5.67132568359375,64542113
1998-12-20,8.1581449508667,8.340230941772461,8.140294075012207,8.325949668884277,5.870185375213623,83915810
1998-12-21,8.340230941772461,8.468762397766113,8.175996780395508,8.44019889831543,5.950737953186035,127633369
1998-12-22,8.568730354309082,8.568730354309082,8.325949668884277,8.325949668884277,5.870185375213623,91144885
1998-12-23,8.290246963500977,8.361653327941895,8.258113861083984,8.308097839355469,5.857600688934326,62204777
1998-12-27,8.425917625427246,8.668699264526367,8.390214920043945,8.604433059692383,6.066530227661133,120220136
1998-12-28,8.600863456726074,8.63299560546875,8.465191841125488,8.518746376037598,6.006117820739746,80851646
1998-12-29,8.661558151245117,8.893628120422363,8.647276878356934,8.772237777709961,6.184841632843018,121616376
1998-12-30,8.768667221069336,8.768667221069336,8.540167808532715,8.540167808532715,6.021220684051514,73801127
1998-12-31,8.568730354309082,8.743675231933594,8.540167808532715,8.725824356079102,6.152116775512695,92105588
1999-01-03,8.782949447631836,8.943612098693848,8.73653507232666,8.818652153015137,6.217565059661865,126563432
1999-01-04,8.836503028869629,8.854354858398438,8.732963562011719,8.782949447631836,6.192392826080322,86519930
1999-01-05,8.943612098693848,8.972174644470215,8.83293342590332,8.854354858398438,6.24273681640625,99531425
1999-01-06,8.88648796081543,9.40775203704834,8.875777244567871,9.282791137695312,6.54480504989624,237430025
1999-01-07,9.497010231018066,10.025415420532228,9.382760047912598,10.025415420532228,7.068390369415283,249879243
1999-01-10,10.425289154052734,10.828733444213867,10.36102294921875,10.36102294921875,7.305009841918945,233185289
1999-01-11,10.193219184875488,10.343172073364258,9.9361572265625,10.111102104187012,7.128805637359619,138880309
1999-01-12,10.246773719787598,10.339600563049316,9.800484657287598,9.896883964538574,6.97776985168457,175433913
1999-01-13,9.596978187561035,9.925445556640623,9.55056381225586,9.721939086914062,6.854426383972168,119214620
1999-01-14,9.854040145874023,9.868321418762209,9.532712936401367,9.643391609191896,6.799044609069824,108959192
1999-01-17,9.775492668151855,9.775492668151855,9.211384773254396,9.675524711608888,6.821698188781738,201381280
1999-01-18,9.532712936401367,9.532712936401367,9.247088432312012,9.286361694335938,6.54732084274292,139560923
1999-01-20,9.318493843078612,9.51486110687256,9.050722122192385,9.51486110687256,6.708425521850586,120108101
1999-01-21,9.568415641784668,9.907594680786133,9.5398530960083,9.64696216583252,6.801565170288086,124151173
1999-01-24,9.497010231018066,9.625540733337402,9.289932250976562,9.511290550231934,6.705906867980957,114612071
1999-01-26,9.69337558746338,9.889742851257324,9.604119300842283,9.729079246520996,6.859460353851318,96001614
1999-01-27,9.675524711608888,9.782633781433104,9.46130657196045,9.464877128601074,6.673183917999268,66867545
1999-01-28,9.604119300842283,9.604119300842283,9.389900207519531,9.472017288208008,6.678218841552734,50308033
1999-01-31,9.389900207519531,9.479158401489258,9.175682067871094,9.175682067871094,6.469286918640137,46323079
1999-02-01,9.139979362487791,9.197104454040527,8.897197723388672,8.954322814941406,6.313218593597412,78162799
1999-02-02,9.104275703430176,9.229236602783203,9.01858901977539,9.229236602783203,6.507047176361084,66360585
1999-02-03,9.243517875671388,9.282791137695312,8.925761222839355,8.968605041503906,6.323288440704346,65990168
1999-02-04,8.968605041503906,9.01858901977539,8.732963562011719,8.747245788574219,6.167219638824463,57560915
1999-02-07,8.711543083190918,8.782949447631836,8.450909614562988,8.461621284484863,5.965841770172119,48882384
1999-02-08,8.433058738708496,8.5901517868042,8.325949668884277,8.5901517868042,6.056461811065674,75249182
1999-02-09,8.604433059692383,8.804370880126953,8.504465103149414,8.782949447631836,6.192392826080322,73022482
1999-02-10,8.818652153015137,8.890057563781738,8.70083236694336,8.718683242797852,6.147082805633545,62590598
1999-02-11,8.747245788574219,8.847213745117188,8.704401969909668,8.718683242797852,6.147082805633545,45684478
1999-02-14,8.718683242797852,8.747245788574219,8.500894546508789,8.508034706115723,5.998565673828125,41364118
1999-02-15,8.458050727844238,8.608003616333008,8.433058738708496,8.554449081420898,6.031290531158447,66955772
1999-02-16,8.625855445861816,8.882917404174805,8.561590194702148,8.70083236694336,6.134498596191406,94623580
1999-02-17,8.782949447631836,9.39704132080078,8.718683242797852,9.39704132080078,6.625357627868652,155099514
1999-02-18,9.596978187561035,10.150375366210938,9.575555801391602,10.096820831298828,7.118733882904053,228103090
1999-02-21,10.203929901123049,10.203929901123049,9.354196548461914,9.354196548461914,6.595148086547852,180761890
1999-02-22,9.322065353393556,9.850469589233398,9.282791137695312,9.83975887298584,6.937494277954102,161297864
1999-02-23,9.925445556640623,10.18250846862793,9.768353462219238,10.061118125915527,7.093564033508301,236486828
1999-02-24,10.003993034362791,10.26462459564209,9.871891975402832,9.97542953491211,7.033149242401123,196071509
1999-02-25,10.028985023498535,10.132523536682127,9.871891975402832,9.98971176147461,7.043216228485107,120762807
1999-02-28,10.353882789611816,10.460991859436035,10.118243217468262,10.353882789611816,7.2999749183654785,176989803
1999-03-02,10.70377254486084,11.085795402526855,10.532398223876951,10.74661636352539,7.576872825622559,232731546
1999-03-03,11.032240867614746,11.067943572998049,10.67877960205078,10.825162887573242,7.632248878479004,131536398
1999-03-04,10.967974662780762,11.242889404296877,10.818021774291992,10.90371036529541,7.687629699707031,175151024
1999-03-07,11.067943572998049,11.203615188598633,10.714483261108398,10.910849571228027,7.692661285400391,132261126
1999-03-08,10.900138854980469,10.960833549499512,10.639507293701172,10.710912704467772,7.551697254180908,133489312
1999-03-09,10.8358736038208,10.8358736038208,10.157515525817873,10.282477378845217,7.249631881713867,111106068
1999-03-10,10.289616584777832,10.353882789611816,9.968290328979492,9.968290328979492,7.02811336517334,69427550
1999-03-11,9.9718599319458,10.046835899353027,9.729079246520996,9.825477600097656,6.927424430847168,95054916
1999-03-14,9.896883964538574,10.189648628234863,9.782633781433104,9.94329833984375,7.010493755340576,81838256
1999-03-15,9.882601737976074,9.97900104522705,9.532712936401367,9.532712936401367,6.721013069152832,88734027
1999-03-16,9.675524711608888,9.914734840393066,9.39704132080078,9.425602912902832,6.645493507385254,80436415
1999-03-17,9.425602912902832,9.51486110687256,9.332776069641112,9.511290550231934,6.705906867980957,59986479
1999-03-18,9.532712936401367,9.925445556640623,9.41489315032959,9.46130657196045,6.670667171478272,108058709
1999-03-21,9.361337661743164,9.425602912902832,9.04715061187744,9.16854190826416,6.46425199508667,52939461
1999-03-22,9.16854190826416,9.211384773254396,9.032870292663574,9.136408805847168,6.441598415374756,81858563
1999-03-23,9.250658988952637,9.69694709777832,8.790088653564453,9.11498737335205,6.426494598388672,114405506
1999-03-24,9.068572998046877,9.16140079498291,8.861495018005371,8.893628120422363,6.270426273345947,47087719
1999-03-25,8.822221755981445,8.940041542053223,8.622284889221191,8.707971572875977,6.139531135559082,58422187
1999-03-29,8.558018684387207,8.822221755981445,8.383074760437012,8.822221755981445,6.220080852508545,103332921
1999-03-30,9.211384773254396,9.457736015319824,9.147120475769045,9.31135368347168,6.564943790435791,65478279
1999-03-31,9.347057342529297,9.575555801391602,9.247088432312012,9.375618934631348,6.610252857208252,66402262
1999-04-04,8.997166633605957,9.1078462600708,8.625855445861816,8.629426002502441,6.0841498374938965,64547616
1999-04-05,8.497323989868164,9.20424461364746,8.408066749572754,9.000737190246582,6.345943927764893,82499964
1999-04-06,8.943612098693848,9.11855697631836,8.822221755981445,8.957894325256348,6.315736770629883,56447173
1999-04-07,8.97574520111084,9.129267692565918,8.822221755981445,8.875777244567871,6.257839679718018,59092634
1999-04-08,8.861495018005371,8.904338836669922,8.533026695251465,8.611574172973633,6.071564197540283,46079668
1999-04-11,8.568730354309082,8.704401969909668,8.429489135742188,8.611574172973633,6.071564197540283,34040093
1999-04-12,8.518746376037598,8.743675231933594,8.518746376037598,8.604433059692383,6.066530227661133,53060123
1999-04-14,8.286676406860352,8.472332000732422,8.286676406860352,8.375933647155762,5.905428886413574,38340552
1999-04-15,8.425917625427246,9.04715061187744,8.425917625427246,9.04715061187744,6.378666877746582,37784143
1999-04-18,8.779377937316895,9.411321640014648,8.679409980773926,9.22209644317627,6.502012252807617,107966896
1999-04-19,9.297073364257812,9.497010231018066,9.157831192016602,9.475587844848633,6.680734634399414,85774769
1999-04-20,9.472017288208008,9.543423652648926,9.236376762390137,9.307783126831056,6.562425136566162,55643110
1999-04-21,9.297073364257812,9.475587844848633,8.854354858398438,8.997166633605957,6.3434271812438965,110777552
1999-04-22,9.086424827575684,9.139979362487791,8.818652153015137,9.032870292663574,6.368599891662598,81511561
1999-04-25,8.711543083190918,8.782949447631836,8.508034706115723,8.508034706115723,5.998565673828125,92581990
1999-04-27,8.540167808532715,8.87220573425293,8.540167808532715,8.854354858398438,6.24273681640625,55481527
1999-04-28,8.87220573425293,9.564845085144045,8.87220573425293,9.564845085144045,6.743667602539063,151664428
1999-04-29,9.668383598327637,9.850469589233398,9.522002220153809,9.686236381530762,6.829251289367676,117325887
1999-05-02,9.743361473083496,9.843329429626465,9.586267471313477,9.600547790527344,6.768837928771973,69425240
1999-05-03,9.63625144958496,10.371733665466309,9.621970176696776,10.371733665466309,7.312560081481934,104142236
1999-05-04,10.21107006072998,10.843013763427734,10.21107006072998,10.51097583770752,7.4107346534729,160732044
1999-05-05,10.55381965637207,10.771608352661133,10.353882789611816,10.739476203918455,7.571837425231934,129847312
1999-05-06,10.967974662780762,11.210756301879885,10.785889625549316,10.860865592956545,8.003471374511719,133303166
1999-05-09,11.060803413391112,11.128639221191406,10.857295989990234,11.014389038085938,8.116601943969727,89925115
1999-05-10,11.067943572998049,11.89625358581543,11.014389038085938,11.89625358581543,8.766461372375488,200446331
1999-05-11,12.067628860473633,12.099761962890623,10.95012378692627,11.353568077087402,8.366548538208008,239199608
1999-05-12,11.71059799194336,12.164027214050291,11.585638046264648,12.103331565856934,8.919057846069336,200207976
1999-05-13,12.156886100769045,13.074455261230469,11.978370666503906,13.074455261230469,9.634687423706056,304092056
1999-05-16,12.860236167907717,13.13871955871582,12.089051246643066,12.778119087219238,9.41631317138672,274513038
1999-05-17,12.9959077835083,13.627852439880373,12.785260200500488,13.170852661132812,9.705723762512209,248775430
1999-05-18,12.9959077835083,13.456477165222168,12.85309600830078,13.10301685333252,9.655734062194824,223301315
1999-05-19,13.074455261230469,13.274392127990724,12.53890895843506,12.53890895843506,9.240038871765137,189930100
1999-05-20,12.781689643859863,12.824533462524414,11.782004356384276,11.931957244873049,8.792767524719238,168277829
1999-05-23,11.728449821472168,12.210440635681152,11.546363830566406,11.928386688232422,8.790138244628906,148619296
1999-05-24,11.996223449707031,12.442510604858398,11.860550880432127,12.13903522491455,8.945364952087402,186176190
1999-05-25,12.210440635681152,12.371105194091797,11.46424674987793,11.70702838897705,8.627016067504883,208450172
1999-05-26,11.585638046264648,11.924817085266112,11.010819435119627,11.010819435119627,8.113974571228027,138774268
1999-05-27,11.175052642822266,11.200044631958008,10.432429313659668,11.067943572998049,8.156068801879883,187063271
1999-05-30,11.474958419799805,11.953378677368164,11.43568515777588,11.953378677368164,8.808553695678711,141729030
1999-05-31,12.003362655639648,12.5281982421875,11.817708015441896,11.85698127746582,8.737519264221191,189259247
1999-06-01,12.031926155090332,12.453222274780272,11.789145469665527,12.435370445251465,9.163738250732422,185597626
1999-06-02,12.63530731201172,12.913790702819824,12.517486572265623,12.710284233093262,9.366325378417969,196463436
1999-06-03,13.06731414794922,13.24225902557373,12.895939826965332,13.13871955871582,9.682042121887209,173599910
1999-06-06,13.06731414794922,13.124439239501951,12.72099494934082,12.910221099853516,9.513660430908203,127590586
1999-06-07,12.85309600830078,13.924186706542969,12.656728744506836,13.924186706542969,10.26086139678955,157396699
1999-06-08,13.567156791687012,13.709968566894531,13.292243003845217,13.420774459838867,9.889892578125,174542687
1999-06-09,13.48146915435791,13.745672225952148,13.395782470703123,13.502890586853027,9.95040512084961,221248927
1999-06-10,13.510031700134276,13.52788257598877,12.97091579437256,13.042322158813477,9.61100959777832,148956326
1999-06-13,12.845954895019531,14.006303787231444,12.160456657409668,12.653159141540527,9.32422924041748,127806576
1999-06-14,12.57104206085205,12.9245023727417,12.224721908569336,12.367533683776855,9.113749504089355,161321448
1999-06-15,12.631736755371094,13.174423217773438,12.363964080810549,13.010189056396484,9.587325096130373,168935448
1999-06-16,13.153000831604004,13.424345016479492,13.031611442565918,13.174423217773438,9.70835304260254,173672817
1999-06-17,13.20655632019043,13.281532287597656,13.031611442565918,13.078024864196776,9.637316703796388,121421742
1999-06-20,13.174423217773438,13.602860450744627,13.142291069030762,13.438626289367676,9.903048515319824,152864186
1999-06-21,13.54216480255127,13.677836418151855,13.177993774414062,13.313665390014648,9.81096363067627,141189650
1999-06-22,13.431485176086426,13.452906608581545,12.881657600402832,12.978056907653809,9.563651084899902,157938837
1999-06-23,12.860236167907717,13.128008842468262,12.25328540802002,12.899510383605955,9.505765914916992,164589040
1999-06-24,12.98876667022705,13.167283058166504,12.638877868652344,12.688861846923828,9.350539207458496,135100505
1999-06-27,12.767409324645996,12.942353248596191,12.663869857788086,12.703143119812012,9.361064910888672,107781645
1999-06-28,12.710284233093262,12.763837814331056,12.43894100189209,12.499635696411133,9.211098670959473,138767069
1999-06-29,12.603175163269045,12.742416381835938,12.32469081878662,12.67101001739502,9.337384223937988,145817168
1999-06-30,12.653159141540527,12.674580574035645,12.38538646697998,12.453222274780272,9.176897048950195,109978237
1999-07-01,12.5281982421875,13.020899772644045,12.524627685546877,12.881657600402832,9.492610931396484,203595419
1999-07-04,12.974486351013184,13.449337005615234,12.974486351013184,13.34936809539795,9.837272644042969,126089467
1999-07-05,13.256540298461914,13.492179870605469,13.24225902557373,13.367219924926758,9.850428581237791,106616002
1999-07-06,13.424345016479492,13.48146915435791,13.160141944885254,13.227977752685549,9.747817039489746,109173053
1999-07-07,13.210125923156738,13.345797538757324,12.874518394470217,12.938782691955566,9.534707069396973,170700480
1999-07-08,12.860236167907717,13.024470329284668,12.53890895843506,12.860236167907717,9.476824760437012,181030733
1999-07-11,13.05660343170166,13.424345016479492,13.05660343170166,13.370789527893066,9.853057861328123,137290038
1999-07-12,13.424345016479492,14.26693630218506,13.3922119140625,13.656414031982422,10.06353759765625,275183051
1999-07-13,13.77780532836914,13.959890365600586,13.570727348327637,13.859922409057615,10.21350383758545,179650402
1999-07-14,13.959890365600586,14.16696834564209,13.010189056396484,13.256540298461914,9.768866539001465,184973954
1999-07-15,13.363649368286133,13.588579177856444,13.13871955871582,13.231548309326172,9.750450134277344,135255086
1999-07-18,13.342227935791016,13.48861026763916,13.149431228637695,13.23511791229248,9.753081321716309,104692777
1999-07-19,13.070883750915527,13.167283058166504,12.638877868652344,12.724564552307127,9.376848220825195,129188601
1999-07-20,12.710284233093262,13.135149955749512,12.531767845153809,12.956635475158691,9.547863960266112,115196503
1999-07-21,12.985197067260742,13.153000831604004,12.824533462524414,12.892369270324709,9.500503540039062,82375703
1999-07-22,12.870946884155272,12.95306396484375,12.638877868652344,12.68529224395752,9.347909927368164,89314215
1999-07-25,12.67101001739502,12.674580574035645,12.263996124267578,12.342541694641112,9.095332145690918,64150914
1999-07-26,12.267565727233888,12.460362434387209,12.14974594116211,12.196160316467283,8.98746395111084,100172687
1999-07-27,12.313980102539062,12.68529224395752,12.28898811340332,12.499635696411133,9.211098670959473,115161394
1999-07-28,12.631736755371094,12.942353248596191,12.392526626586914,12.838814735412598,9.461040496826172,141625103
1999-07-29,12.70671272277832,12.91736125946045,12.531767845153809,12.788829803466797,9.42420482635498,107800803
1999-08-01,12.717424392700195,12.717424392700195,12.496065139770508,12.588892936706545,9.27687168121338,78074026
1999-08-02,12.496065139770508,12.588892936706545,12.28541660308838,12.392526626586914,9.13216781616211,107603327
1999-08-03,12.588892936706545,12.874518394470217,12.356823921203612,12.806681632995604,9.437362670898438,94065897
1999-08-04,12.85309600830078,13.227977752685549,12.738845825195312,12.795970916748049,9.429468154907228,119487145
1999-08-05,12.778119087219238,12.781689643859863,12.58175277709961,12.624595642089844,9.303181648254396,59233574
1999-08-08,12.624595642089844,12.745986938476562,12.510347366333008,12.606744766235352,9.290026664733888,65957538
1999-08-09,12.56747055053711,12.56747055053711,12.28898811340332,12.381815910339355,9.124274253845217,78264233
1999-08-10,12.210440635681152,12.42108917236328,12.103331565856934,12.267565727233888,9.040080070495604,60507737
1999-08-11,12.181879043579102,12.381815910339355,12.021215438842772,12.085479736328123,8.905900955200195,50864470
1999-08-12,12.20330047607422,12.23900318145752,11.924817085266112,11.953378677368164,8.808553695678711,48798050
1999-08-15,11.98908233642578,12.349682807922363,11.981942176818848,12.181879043579102,8.976938247680664,75207505
1999-08-16,12.235432624816896,12.317549705505373,12.10690212249756,12.19258975982666,8.984833717346191,63876679
1999-08-17,12.460362434387209,12.66029930114746,12.371105194091797,12.53890895843506,9.240038871765137,103898923
1999-08-18,12.603175163269045,12.81025218963623,12.392526626586914,12.449650764465332,9.174260139465332,79410634
1999-08-19,12.42465877532959,12.585323333740234,12.306838989257812,12.471073150634766,9.190045356750488,42206455
1999-08-22,12.710284233093262,13.470759391784668,12.710284233093262,13.363649368286133,9.847796440124512,198189647
1999-08-23,13.335086822509766,13.352937698364258,13.113727569580078,13.227977752685549,9.747817039489746,123695204
1999-08-24,13.52431297302246,13.52431297302246,12.28898811340332,12.792401313781738,9.426837921142578,79790924
1999-08-25,13.06731414794922,13.06731414794922,12.785260200500488,12.9245023727417,9.524182319641112,47683453
1999-08-26,12.9959077835083,13.310094833374023,12.9959077835083,13.217267036437988,9.7399263381958,62784924
1999-08-29,13.274392127990724,13.67426586151123,13.267251014709473,13.463618278503418,9.921465873718262,127964069
1999-08-30,13.406493186950684,13.91347599029541,13.288673400878906,13.81707763671875,10.18193244934082,134150194
1999-08-31,13.95631980895996,14.024155616760254,13.388642311096191,13.545735359191896,9.981974601745604,107843531
1999-09-01,13.370789527893066,13.370789527893066,13.06731414794922,13.120868682861328,9.668888092041016,61382886
1999-09-02,13.09230613708496,13.281532287597656,13.031611442565918,13.085165977478027,9.642580032348633,71706361
1999-09-05,13.210125923156738,13.335086822509766,13.11015796661377,13.24940013885498,9.76360321044922,59369739
1999-09-06,13.281532287597656,13.317234992980955,13.078024864196776,13.11015796661377,9.660993576049805,63516500
1999-09-07,13.29581356048584,13.763524055480955,13.267251014709473,13.581438064575195,10.008286476135254,151640369
1999-09-08,13.63142204284668,14.30978012084961,13.567156791687012,14.234804153442385,10.48975944519043,259053405
1999-09-09,14.23123264312744,14.29906940460205,14.009875297546388,14.120553970336914,10.405567169189451,146987376
1999-09-13,14.20981216430664,14.274077415466309,13.799226760864258,13.852781295776367,10.208242416381836,120661751
1999-09-14,14.045578002929688,14.045578002929688,13.53502368927002,13.581438064575195,10.008286476135254,92616006
1999-09-15,13.606430053710938,13.63856315612793,13.252969741821287,13.320805549621582,9.81622314453125,56556561
1999-09-16,13.26011085510254,13.617140769958496,13.210125923156738,13.54216480255127,9.97934627532959,82183661
1999-09-19,13.563586235046388,13.724249839782717,13.299384117126465,13.331517219543455,9.82411766052246,68195400
1999-09-20,13.28510284423828,13.28510284423828,13.031611442565918,13.113727569580078,9.66362762451172,78449610
1999-09-21,13.281532287597656,13.552876472473145,13.174423217773438,13.345797538757324,9.834640502929688,54897095
1999-09-22,13.417203903198242,14.05271816253662,13.24582862854004,13.820648193359377,10.184562683105469,170993774
1999-09-23,14.088420867919922,14.92744255065918,14.042007446289062,14.923871994018556,10.997539520263672,239673195
1999-09-26,15.202356338500977,16.059228897094727,14.92744255065918,15.384442329406738,11.336936950683594,199690808
1999-09-27,15.148801803588867,16.53050994873047,15.048832893371582,16.07708168029785,11.847349166870115,240419896
1999-09-28,16.351993560791016,17.16602325439453,16.209182739257812,17.066055297851562,12.576132774353027,271076847
1999-09-29,17.112468719482422,17.85152244567871,16.98036766052246,17.119609832763672,12.61559772491455,224485681
1999-09-30,17.116039276123047,17.258852005004883,16.49480628967285,17.019641876220703,12.541932106018066,210565566
1999-10-03,17.066055297851562,17.073196411132812,16.398408889770508,16.4876651763916,12.149913787841797,106171236
1999-10-04,16.391267776489258,17.137460708618164,16.19133186340332,16.966087341308594,12.502464294433594,153512212
1999-10-05,16.98036766052246,17.737272262573242,16.42340087890625,16.99464988708496,12.523514747619627,301253502
1999-10-06,17.04106330871582,18.10144424438477,17.04106330871582,17.71942138671875,13.05760383605957,275415244
1999-10-07,17.83009910583496,17.922927856445312,17.17316436767578,17.276702880859375,12.73136043548584,181652318
1999-10-10,17.27313232421875,17.448078155517578,16.92681312561035,17.126750946044922,12.620858192443848,154564783
1999-10-11,17.066055297851562,17.315977096557617,16.85540771484375,16.96965789794922,12.505097389221191,168513663
1999-10-12,15.85215187072754,17.75869369506836,15.85215187072754,17.28741455078125,12.739255905151367,201468961
1999-10-13,17.351680755615234,17.83009910583496,17.283843994140625,17.35881996154785,12.791875839233398,94761916
1999-10-14,17.290983200073242,17.423086166381836,16.60191535949707,16.72687530517578,12.326189041137695,82773765
1999-10-17,16.851837158203125,17.008930206298828,16.569782257080078,16.666181564331055,12.281461715698242,123515821
1999-10-19,17.423086166381836,18.001474380493164,17.076765060424805,17.89793586730957,13.189153671264648,235407187
1999-10-20,18.62984848022461,19.20823860168457,18.08002281188965,18.92975425720215,13.949509620666504,299256824
1999-10-21,18.62270736694336,18.976167678833008,18.219263076782227,18.733386993408203,13.804808616638184,151540433
1999-10-24,18.833356857299805,18.833356857299805,18.319232940673828,18.412059783935547,13.568017959594728,101586207
1999-10-25,18.39420890808105,18.50845718383789,18.179990768432617,18.23711585998535,13.439098358154297,111997266
1999-10-26,18.458473205566406,18.487035751342773,17.751554489135742,17.947919845581055,13.22598648071289,93603485
1999-10-27,17.994333267211914,17.994333267211914,17.251710891723633,17.383811950683594,12.81029224395752,76168166
1999-10-28,17.351680755615234,17.415945053100586,16.66261100769043,16.812564849853516,12.389331817626951,109439529
1999-10-31,16.78757095336914,16.851837158203125,15.470129013061523,15.555815696716309,11.46322250366211,114373142
1999-11-01,15.352309226989746,16.80185317993164,15.17379379272461,16.73044776916504,12.328819274902344,129022957
1999-11-02,17.16602325439453,17.16602325439453,15.873574256896973,16.09850311279297,11.863137245178224,175844467
1999-11-03,15.9842529296875,16.45553207397461,15.787885665893556,16.144916534423828,11.8973388671875,122838876
1999-11-04,16.137775421142578,16.837556838989258,16.137775421142578,16.60191535949707,12.234105110168455,131084769
1999-11-08,16.566213607788086,16.66261100769043,16.194900512695312,16.35556411743164,12.052565574645996,86587669
1999-11-09,16.4876651763916,16.90182113647461,16.373416900634766,16.816133499145508,12.391963958740234,102012011
1999-11-10,16.851837158203125,17.276702880859375,16.637619018554688,16.862548828125,12.426166534423828,149253920
1999-11-11,16.76972007751465,16.773290634155273,16.430540084838867,16.49480628967285,12.155173301696776,79148388
1999-11-14,16.673322677612305,16.687602996826172,16.35556411743164,16.46267318725586,12.131492614746094,61299406
1999-11-15,16.351993560791016,16.387697219848633,16.187759399414062,16.252025604248047,11.976265907287598,80545607
1999-11-16,16.380556106567383,16.773290634155273,16.219892501831055,16.22346305847168,11.955219268798828,123075999
1999-11-17,16.280588150024414,16.30200958251953,15.784316062927246,15.969971656799316,11.768417358398438,76528247
1999-11-18,15.99496364593506,16.305580139160156,15.952119827270508,15.987822532653809,11.781574249267578,55197504
1999-11-21,15.934268951416016,16.09850311279297,15.923558235168455,15.99496364593506,11.786834716796877,73807401
1999-11-23,16.194900512695312,16.551931381225586,16.08422088623047,16.444822311401367,12.118340492248535,88599794
1999-11-24,16.416259765625,16.598344802856445,16.3305721282959,16.401979446411133,12.086770057678224,55765985
1999-11-25,16.491235733032227,16.59477424621582,16.03780746459961,16.112783432006836,11.87366008758545,70838662
1999-11-28,16.137775421142578,16.205612182617188,15.795026779174805,15.845010757446287,11.676334381103516,52377520
1999-11-29,15.884284019470217,15.95569133758545,15.577238082885742,15.70219898223877,11.571096420288086,63924098
1999-11-30,15.909276962280272,16.127065658569336,15.69505786895752,15.93069839477539,11.739479064941406,59220354
1999-12-01,15.923558235168455,16.09136199951172,15.616512298583984,15.734332084655762,11.59477424621582,59243181
1999-12-02,15.780746459960938,15.980683326721191,15.437995910644531,15.495121002197266,11.418497085571287,98030600
1999-12-05,15.566527366638184,15.73076057434082,15.44513702392578,15.54153537750244,11.452699661254885,54260959
1999-12-06,15.59508991241455,16.09850311279297,15.537964820861816,15.97354221343994,11.77104949951172,115597337
1999-12-07,16.351993560791016,17.251710891723633,16.187759399414062,16.60191535949707,12.234105110168455,280267701
1999-12-08,16.70902442932129,16.99464988708496,16.53050994873047,16.898250579833984,12.452475547790527,100346313
1999-12-09,16.90182113647461,17.415945053100586,16.780431747436523,16.858978271484375,12.423538208007812,124489198
1999-12-12,16.844696044921875,16.880399703979492,16.16276741027832,16.280588150024414,11.997315406799316,60152095
1999-12-13,16.144916534423828,16.334142684936523,15.873574256896973,15.962830543518066,11.76315689086914,98386088
1999-12-14,16.066370010375977,16.066370010375977,15.712909698486328,15.909276962280272,11.723692893981934,61810931
1999-12-15,15.99496364593506,16.141345977783203,15.855722427368164,15.9842529296875,11.778943061828612,30255514
1999-12-16,16.027097702026367,16.273448944091797,15.866433143615724,15.927127838134766,11.736849784851074,57563436
1999-12-19,15.927127838134766,16.04494857788086,15.709339141845703,15.73790168762207,11.597404479980469,32392782
1999-12-20,15.73076057434082,15.884284019470217,15.609371185302734,15.677206993103027,11.552680015563965,54545416
1999-12-21,16.119924545288086,16.9339542388916,16.066370010375977,16.923242568969727,12.47089385986328,139424142
1999-12-22,16.54121971130371,17.18744659423828,16.430540084838867,16.591205596923828,12.22621250152588,48251696
1999-12-23,16.42340087890625,16.559072494506836,16.08422088623047,16.155628204345703,11.905230522155762,42032730
1999-12-26,16.112783432006836,16.205612182617188,15.780746459960938,15.898566246032717,11.71579933166504,38946173
1999-12-27,16.059228897094727,16.166337966918945,15.85215187072754,15.969971656799316,11.768417358398438,56899221
1999-12-28,16.155628204345703,17.137460708618164,16.066370010375977,16.916101455688477,12.465630531311035,62403290
1999-12-29,16.991079330444336,17.315977096557617,16.576923370361328,16.641189575195312,12.263046264648438,50106719
2000-01-02,16.958946228027344,17.97291374206543,16.958946228027344,17.97291374206543,13.244404792785645,62409578
2000-01-03,18.45133209228516,19.411745071411133,17.94434928894043,19.411745071411133,14.304694175720217,132872110
2000-01-04,18.326372146606445,20.55781364440918,18.326372146606445,20.17222023010254,14.865093231201172,375789847
2000-01-05,20.63636016845703,21.471811294555664,20.63636016845703,21.01838111877441,15.488640785217283,219621124
2000-01-06,21.064796447753903,22.699996948242188,20.92198371887207,22.46078491210937,16.55156135559082,278281260
2000-01-09,22.66429328918457,22.75712013244629,21.80027961730957,22.028778076171875,16.233203887939453,187897934
2000-01-10,21.989505767822266,22.203723907470703,20.268617630004883,20.60065650939941,15.180809020996094,175675797
2000-01-11,20.63636016845703,21.77885627746582,20.1472282409668,21.543216705322266,15.87539291381836,169586471
2000-01-12,21.85026359558105,22.59288787841797,21.71459197998047,22.26798820495605,16.409482955932617,239139851
2000-01-13,22.10018539428711,22.96776962280273,22.10018539428711,22.58574676513672,16.643648147583008,188507616
2000-01-16,22.72498893737793,23.057025909423828,21.92523956298828,22.046630859375,16.246362686157227,150255809
2000-01-17,22.06448173522949,22.77497291564941,21.818130493164062,22.435792922973636,16.53313636779785,141210936
2000-01-18,23.053455352783203,23.199838638305664,22.57860565185547,22.821386337280277,16.81728744506836,160790093
2000-01-19,22.84994888305664,23.199838638305664,22.175161361694336,22.33939552307129,16.462108612060547,216069957
2000-01-20,22.32868385314941,23.44976043701172,22.27869987487793,23.303377151489254,17.172475814819336,239994540
2000-01-23,23.2426815032959,23.69611167907715,22.99276161193848,23.28909683227539,17.161945343017578,184344232
2000-01-24,23.210548400878903,23.22840118408203,22.72498893737793,22.846378326416016,16.835704803466797,136584272
2000-01-26,23.492603302001957,24.049570083618164,23.04274559020996,23.91747093200684,17.6250057220459,210269961
2000-01-27,23.98530578613281,24.413742065429688,23.678258895874023,24.160249710083008,17.80390739440918,164331247
2000-01-30,23.88176727294922,23.992446899414062,23.317657470703125,23.431907653808597,17.267189025878906,142723553
2000-01-31,23.62113380432129,24.095985412597656,23.42119789123535,23.85320472717285,17.57764434814453,149956451
2000-02-01,24.48514747619629,24.77077293395996,24.174531936645508,24.288780212402344,17.898624420166016,139355731
2000-02-02,24.420883178710938,24.52799224853516,24.0210075378418,24.39588928222656,17.97755241394043,94831223
2000-02-03,24.563695907592773,24.80290412902832,24.39946174621582,24.574405670166016,18.10910415649414,99528064
2000-02-06,24.356616973876957,24.952857971191406,24.13882827758789,24.535131454467773,18.08016014099121,114747088
2000-02-07,24.67080307006836,24.77077293395996,24.353046417236328,24.449445724487305,18.017019271850582,90057597
2000-02-08,24.92072486877441,25.324169158935547,24.620819091796875,25.020694732666016,18.43798065185547,160165902
2000-02-09,24.906444549560547,25.97753524780273,24.627960205078125,25.4027156829834,18.719497680664062,151143675
2000-02-10,25.991817474365234,26.70587730407715,25.709762573242188,25.94183158874512,19.11677360534668,114214724
2000-02-13,25.63478660583496,25.770458221435547,24.992130279541016,25.1420841217041,18.527433395385746,71806185
2000-02-14,25.13494300842285,25.30631828308105,24.42445373535156,24.58868789672852,18.119626998901367,113776526
2000-02-15,24.992130279541016,25.263473510742188,24.49942970275879,24.86002922058105,18.3195858001709,110304203
2000-02-16,24.827896118164062,25.477693557739254,24.813615798950195,25.31702995300293,18.656354904174805,107425289
2000-02-17,25.484832763671875,25.55981063842773,24.84931945800781,24.952857971191406,18.38799095153809,70451511
2000-02-20,24.87788200378418,25.13494300842285,24.39588928222656,24.681514739990234,18.188032150268555,41234633
2000-02-21,24.706506729125977,24.777912139892575,23.742525100708008,23.87462615966797,17.59343147277832,100723088
2000-02-22,24.613679885864254,24.613679885864254,23.371213912963867,23.549728393554688,17.354013442993164,67665446
2000-02-23,23.77108764648437,24.328054428100582,23.51402473449707,24.04600143432617,17.71971893310547,79319185
2000-02-24,24.37803840637207,24.48514747619629,23.28552627563477,23.464040756225582,17.290868759155273,54786600
2000-02-27,23.19626808166504,24.08170318603516,22.135887145996094,23.78536796569824,17.52766227722168,70386208
2000-02-28,24.12811851501465,24.481578826904297,21.882396697998047,22.196582794189453,16.356868743896484,139625441
2000-02-29,22.492918014526367,23.553298950195312,21.350421905517575,22.621448516845703,16.669952392578125,150769883
2000-03-01,22.767831802368164,22.99276161193848,20.81487464904785,20.832727432250977,15.35183048248291,175562684
2000-03-02,20.42928123474121,20.42928123474121,19.168964385986328,19.168964385986328,14.125786781311035,64935300
2000-03-05,19.168964385986328,20.268617630004883,17.637304306030273,18.133575439453125,13.362798690795898,146075956
2000-03-06,18.351364135742188,18.494176864624023,17.137460708618164,17.301694869995117,12.749777793884276,133888438
2000-03-07,17.630163192749023,17.887224197387695,16.42340087890625,16.634048461914062,12.257782936096191,101621246
2000-03-08,16.844696044921875,17.308835983276367,16.005674362182617,16.51622772216797,12.170960426330566,77665531
2000-03-09,16.70902442932129,16.766149520874023,15.32374668121338,15.484410285949709,11.410604476928713,92389443
2000-03-12,15.70219898223877,16.387697219848633,14.302639961242676,14.509716987609863,10.692343711853027,150763063
2000-03-13,14.673951148986816,15.673636436462402,14.077710151672363,15.652215003967283,11.534258842468262,141532996
2000-03-14,15.99496364593506,16.905391693115234,15.423714637756348,16.905391693115234,12.457738876342772,79982280
2000-03-15,17.101757049560547,17.694429397583008,16.430540084838867,16.76972007751465,12.357759475708008,147946692
2000-03-20,17.051773071289062,17.337398529052734,16.252025604248047,16.98750877380371,12.518253326416016,95762643
2000-03-21,17.494491577148438,17.744413375854492,17.223148345947266,17.38024139404297,12.807660102844238,69064318
2000-03-22,17.51234245300293,17.551616668701172,17.03392219543457,17.205297470092773,12.678744316101074,60024739
2000-03-23,17.08033561706543,17.348108291625977,16.96965789794922,17.18030548095703,12.66032600402832,36941526
2000-03-26,17.351680755615234,18.554872512817383,17.351680755615234,18.554872512817383,13.673257827758787,58001578
2000-03-27,18.786941528320312,20.040119171142575,18.786941528320312,20.040119171142575,14.767752647399902,98405624
2000-03-28,20.33645439147949,20.700624465942383,19.20823860168457,19.372472763061523,14.275751113891602,143934962
2000-03-29,19.20823860168457,20.92198371887207,18.44419288635254,20.92198371887207,15.417600631713867,240432206
2000-03-30,21.20760726928711,22.59645652770996,20.00084686279297,22.59645652770996,16.65153694152832,275945423
2000-04-02,23.39620590209961,23.82821273803711,22.71427726745605,23.464040756225582,17.290868759155273,299036394
2000-04-03,23.27838516235352,23.27838516235352,21.589630126953125,21.589630126953125,15.90959644317627,189486468
2000-04-04,21.66460609436035,22.27869987487793,19.86874389648437,21.582490921020508,15.904333114624023,352720260
2000-04-05,21.636045455932617,23.310518264770508,21.603912353515625,23.28909683227539,17.565053939819336,227418526
2000-04-06,23.549728393554688,25.152795791625977,23.549728393554688,25.152795791625977,18.97069358825684,163657523
2000-04-09,26.41311264038086,27.134313583374023,25.670488357543945,26.031089782714844,19.63311767578125,309647520
2000-04-10,25.563379287719727,25.63478660583496,24.742210388183597,25.259904861450195,19.05147361755371,136676715
2000-04-11,25.491973876953125,25.70619201660156,23.878196716308597,24.13168716430664,18.2005558013916,241770257
2000-04-12,23.642555236816406,23.642555236816406,22.203723907470703,22.203723907470703,16.746450424194336,3153974
2000-04-16,20.42928123474121,21.478952407836918,20.42928123474121,21.30757713317871,16.070558547973633,223113571
2000-04-17,21.21474838256836,22.05734062194824,20.993389129638672,21.425397872924805,16.159421920776367,122899571
2000-04-18,21.971654891967773,23.139142990112305,21.643186569213867,22.48220634460449,16.95648765563965,228183965
2000-04-19,22.35010528564453,24.281641006469727,22.082332611083984,24.117406845092773,18.189781188964844,271517327
2000-04-23,24.706506729125977,25.74903678894043,23.06416702270508,24.06028175354004,18.14670181274414,246733265
2000-04-24,23.014183044433597,24.242366790771484,22.253707885742188,23.710391998291016,17.88280487060547,221403241
2000-04-25,24.2780704498291,25.60979461669922,24.2780704498291,25.55981063842773,19.277667999267575,238053151
2000-04-26,25.763317108154297,26.13462829589844,24.156679153442383,24.681514739990234,18.6152400970459,413796521
2000-04-27,24.813615798950195,25.127803802490234,24.29949188232422,24.638671875,18.58292961120605,188028343
2000-05-01,24.84931945800781,25.324169158935547,23.224830627441406,23.503313064575195,17.72662353515625,230017702
2000-05-02,23.34979057312012,23.83892250061035,22.07876205444336,23.42119789123535,17.664688110351562,192704191
2000-05-03,23.63541603088379,24.488718032836918,23.63541603088379,24.07813262939453,18.160160064697266,158631859
2000-05-04,24.170961380004883,24.388750076293945,23.42833709716797,23.94603157043457,18.060529708862305,156073814
2000-05-07,23.63541603088379,24.063852310180664,23.014183044433597,23.13557243347168,17.44926643371582,82504670
2000-05-08,22.95705795288086,23.69611167907715,22.73569869995117,23.446189880371094,17.68353843688965,85940035
2000-05-09,23.564008712768555,23.913898468017575,23.085588455200195,23.224830627441406,17.516584396362305,93165917
2000-05-10,23.139142990112305,23.139142990112305,22.42151260375977,22.61787986755371,17.058815002441406,90033846
2000-05-11,22.821386337280277,23.02846336364746,22.37152862548828,22.55718421936035,17.01303482055664,57913070
2000-05-14,22.282270431518555,23.185556411743164,21.88596534729004,22.814245223999023,17.2069149017334,81188494
2000-05-15,22.84994888305664,22.985620498657227,22.492918014526367,22.66429328918457,17.093820571899414,43882418
2000-05-16,22.914213180541992,23.44976043701172,22.582176208496094,22.767831802368164,17.17190933227539,109270328
2000-05-17,22.707136154174805,22.83209609985352,21.928810119628903,22.143028259277344,16.70067024230957,75382294
2000-05-18,21.993074417114254,22.78211212158203,21.93952178955078,22.535762786865234,16.996877670288086,111574963
2000-05-21,22.35010528564453,22.628589630126957,22.06448173522949,22.31083297729492,16.827234268188477,43662227
2000-05-22,22.300121307373047,22.56432342529297,22.028778076171875,22.475067138671875,16.951099395751953,58389850
2000-05-23,22.396520614624023,22.699996948242188,22.135887145996094,22.33225440979004,16.84339141845703,56605367
2000-05-24,22.300121307373047,22.692855834960938,22.214433670043945,22.335824966430664,16.846080780029297,36653287
2000-05-25,22.4786376953125,22.707136154174805,22.207294464111328,22.59645652770996,17.042654037475586,49082689
2000-05-28,22.742839813232425,24.81004524230957,22.707136154174805,24.23879623413086,18.28133773803711,165326988
2000-05-29,24.33162498474121,24.6957950592041,24.070993423461918,24.549413681030277,18.51561546325684,79692753
2000-05-30,25.06353759765625,25.477693557739254,24.428022384643555,24.556554794311523,18.52099609375,118366163
2000-05-31,24.428022384643555,24.699365615844727,24.003156661987305,24.220945358276367,18.26787376403809,75363108
2000-06-01,24.49228858947754,24.706506729125977,23.856773376464844,24.095985412597656,18.173627853393555,81875438
2000-06-04,24.11383628845215,25.12423324584961,24.0210075378418,24.220945358276367,18.26787376403809,151857297
2000-06-05,24.135257720947266,24.481578826904297,23.99958610534668,24.1923828125,18.2463321685791,54887782
2000-06-06,24.27092933654785,24.592256546020508,24.010297775268555,24.13168716430664,18.2005558013916,52545769
2000-06-07,24.27092933654785,24.63510131835937,24.15311050415039,24.33876609802246,18.35673713684082,64426688
2000-06-08,24.413742065429688,25.18492889404297,24.210235595703125,24.363758087158203,18.375585556030277,172161391
2000-06-11,24.449445724487305,24.68508529663086,24.174531936645508,24.235227584838867,18.278644561767575,57726882
2000-06-12,24.206663131713867,24.73863983154297,24.06742286682129,24.170961380004883,18.23017692565918,95747252
2000-06-13,24.742210388183597,24.742210388183597,23.99958610534668,24.088844299316406,18.16823959350586,62793550
2000-06-14,24.349475860595703,24.349475860595703,23.38549423217773,23.66754722595215,17.850492477416992,85105386
2000-06-15,23.531877517700195,23.981735229492188,23.492603302001957,23.724672317504883,17.89357566833496,63843153
2000-06-18,23.8317813873291,23.992446899414062,23.57829093933105,23.66040802001953,17.84510040283203,43452959
2000-06-19,23.81393051147461,23.849634170532227,23.46047019958496,23.585430145263672,17.78855323791504,58093559
2000-06-20,23.849634170532227,23.849634170532227,23.439048767089844,23.503313064575195,17.72662353515625,29007035
2000-06-21,23.58900260925293,24.97784996032715,23.08201789855957,24.63510131835937,18.580236434936523,268082760
2000-06-22,24.713647842407227,25.324169158935547,23.921039581298828,24.117406845092773,18.189781188964844,224036672
2000-06-25,23.921039581298828,23.96388435363769,23.439048767089844,23.646127700805664,17.834339141845703,48525944
2000-06-26,23.66040802001953,24.27092933654785,23.571149826049805,23.885337829589844,18.01475524902344,106940541
2000-06-27,23.921039581298828,24.06028175354004,23.742525100708008,23.8317813873291,17.9743595123291,24433854
2000-06-28,23.94603157043457,24.68508529663086,23.913898468017575,24.43873405456543,18.43213653564453,106685828
2000-06-29,24.563695907592773,24.613679885864254,23.992446899414062,24.33519554138184,18.354042053222656,88865990
2000-07-02,24.135257720947266,25.131372451782227,24.135257720947266,24.86002922058105,18.7498836517334,137988774
2000-07-03,24.892162322998047,24.96356964111328,24.56726455688477,24.663663864135746,18.601781845092773,75354482
2000-07-04,24.92072486877441,25.731184005737305,24.749351501464844,25.28846740722656,19.07302474975586,189904178
2000-07-05,25.06353759765625,26.056081771850582,24.992130279541016,25.87399673461914,19.51463508605957,200669996
2000-07-06,26.02037811279297,26.127487182617188,25.70619201660156,25.791879653930664,19.45270538330078,111604092
2000-07-09,25.92041015625,26.49165916442871,25.60979461669922,26.31314468383789,19.84585189819336,131908677
2000-07-10,26.41311264038086,26.97007942199707,26.17390251159668,26.84511947631836,20.247072219848636,170025705
2000-07-11,26.7130184173584,26.83083724975586,26.277441024780277,26.4238224029541,19.9293212890625,70757129
2000-07-12,26.477378845214844,26.69159507751465,25.92041015625,26.116777420043945,19.69774627685547,83264045
2000-07-13,26.15247917175293,26.4523868560791,25.677629470825195,25.791879653930664,19.45270538330078,89678274
2000-07-16,25.913270950317383,26.056081771850582,25.527677536010746,25.94183158874512,19.565797805786133,86145914
2000-07-17,25.81330108642578,25.92041015625,25.44198989868164,25.5740909576416,19.288440704345703,52104364
2000-07-18,25.599082946777344,25.884706497192383,25.17064666748047,25.284896850585938,19.070322036743164,58511199
2000-07-19,25.19920921325684,25.763317108154297,24.777912139892575,25.534818649291992,19.258819580078125,124658147
2000-07-20,25.491973876953125,25.491973876953125,24.43873405456543,24.556554794311523,18.52099609375,143754403
2000-07-23,24.353046417236328,24.353046417236328,23.146284103393555,23.314088821411133,17.583908081054688,84256775
2000-07-24,23.03203392028809,24.024578094482425,22.864229202270508,23.842493057250977,17.982440948486328,92498453
2000-07-25,24.206663131713867,24.206663131713867,23.13557243347168,23.24982261657715,17.53543472290039,54349425
2000-07-26,23.27838516235352,25.04925537109375,22.999900817871094,24.56726455688477,18.529071807861328,120640983
2000-07-27,24.84931945800781,24.992130279541016,24.220945358276367,24.310203552246094,18.33519172668457,83819180
2000-07-30,24.135257720947266,24.34233665466309,23.956743240356445,24.049570083618164,18.138622283935547,28100305
2000-07-31,23.992446899414062,24.413742065429688,23.96388435363769,24.170961380004883,18.23017692565918,52276716
2000-08-01,24.09241485595703,24.256649017333984,23.992446899414062,24.206663131713867,18.257102966308597,20395290
2000-08-02,24.2637882232666,24.54584312438965,24.01386833190918,24.110265731811523,18.184398651123047,46686143
2000-08-03,24.170961380004883,24.18881225585937,23.503313064575195,23.571149826049805,17.77778434753418,45818822
2000-08-06,23.492603302001957,23.70682144165039,23.146284103393555,23.58186149597168,17.78586769104004,34608868
2000-08-07,23.68182945251465,23.803220748901367,23.528305053710938,23.624704360961918,17.81818389892578,31546244
2000-08-08,23.778228759765625,24.135257720947266,23.646127700805664,23.82821273803711,17.97166633605957,33540780
2000-08-09,23.70682144165039,23.974594116210938,23.431907653808597,23.531877517700195,17.7481689453125,23807997
2000-08-10,23.528305053710938,23.70682144165039,23.3997745513916,23.510454177856445,17.73200798034668,27325498
2000-08-13,23.492603302001957,23.69611167907715,23.014183044433597,23.51759529113769,17.737396240234375,37143638
2000-08-15,23.69968032836914,24.33519554138184,23.58186149597168,24.09241485595703,18.17093849182129,67496889
2000-08-16,24.206663131713867,24.663663864135746,23.956743240356445,24.117406845092773,18.189781188964844,86149527
2000-08-17,24.06742286682129,24.267358779907227,23.96745491027832,24.06028175354004,18.14670181274414,25684195
2000-08-20,24.00672721862793,24.19952392578125,23.92818069458008,24.028148651123047,18.122467041015625,20282583
2000-08-21,24.170961380004883,24.43873405456543,24.042430877685547,24.156679153442383,18.219402313232425,39891989
2000-08-22,24.39946174621582,24.706506729125977,24.174531936645508,24.24593734741211,18.28672409057617,75956629
2000-08-23,24.206663131713867,24.33162498474121,23.849634170532227,23.96388435363769,18.073993682861328,46216771
2000-08-24,24.028148651123047,24.163820266723636,23.65326690673828,23.82107162475586,17.966283798217773,23180851
2000-08-27,23.81393051147461,23.921039581298828,23.678258895874023,23.72110366821289,17.89088249206543,16676686
2000-08-28,23.656837463378903,23.885337829589844,23.51402473449707,23.59257125854492,17.7939453125,30320186
2000-08-29,23.903188705444336,24.1923828125,23.678258895874023,24.05671119689941,18.14400863647461,42939124
2000-08-30,24.170961380004883,24.33519554138184,23.924610137939453,24.031719207763672,18.125154495239254,38384652
2000-09-03,24.19952392578125,25.47412109375,24.15311050415039,25.27061462402344,19.059553146362305,110294526
2000-09-04,25.491973876953125,25.677629470825195,25.152795791625977,25.4027156829834,19.1591911315918,50895798
2000-09-05,25.420568466186523,26.127487182617188,25.13494300842285,25.963254928588867,19.58195686340332,136969141
2000-09-06,25.78830909729004,26.48451805114746,25.71333312988281,25.838293075561523,19.48770904541016,105721037
2000-09-07,25.8490047454834,26.777284622192383,25.781169891357425,26.48451805114746,19.975101470947266,83416875
2000-09-10,26.763002395629883,27.634157180786133,26.7130184173584,27.359243392944336,20.63483428955078,98805506
2000-09-11,27.491344451904297,27.83409309387207,27.220001220703125,27.380664825439453,20.650989532470703,60658354
2000-09-12,27.559179306030277,27.559179306030277,26.563064575195312,26.812986373901367,20.22283363342285,82885772
2000-09-13,26.85226058959961,27.18072891235352,26.61305046081543,26.827268600463867,20.233612060546875,58814450
2000-09-14,26.848690032958984,26.93080711364746,25.931121826171875,26.13105773925781,19.708511352539062,53200335
2000-09-17,25.92041015625,25.92041015625,24.50300025939941,24.720787048339844,18.64486694335937,73399060
2000-09-18,24.57797622680664,25.131372451782227,23.849634170532227,24.1066951751709,18.181703567504883,68148598
2000-09-19,24.367328643798828,25.04568672180176,24.1066951751709,24.813615798950195,18.71487617492676,53619277
2000-09-20,24.84217834472656,24.992130279541016,24.44587516784668,24.84217834472656,18.73641586303711,48372162
2000-09-21,24.777912139892575,24.777912139892575,23.98887634277344,24.160249710083008,18.222091674804688,58990275
2000-09-24,24.42445373535156,24.706506729125977,24.135257720947266,24.417312622070312,18.41598129272461,48547973
2000-09-25,24.563695907592773,24.563695907592773,24.13882827758789,24.37089729309082,18.38096809387207,40011530
2000-09-26,24.353046417236328,25.32773971557617,23.878196716308597,25.127803802490234,18.951845169067383,92628316
2000-09-27,25.34916114807129,25.34916114807129,24.52799224853516,24.67794418334961,18.612550735473636,68963290
2000-09-28,24.835037231445312,24.9849910736084,24.353046417236328,24.456586837768555,18.445600509643555,37998621
2000-10-02,24.281641006469727,24.67080307006836,24.15311050415039,24.50300025939941,18.480607986450195,41961280
2000-10-03,24.706506729125977,24.8850212097168,24.556554794311523,24.75292015075684,18.669099807739254,25417691
2000-10-04,24.645811080932617,24.799335479736328,24.18524169921875,24.288780212402344,18.319034576416016,24047388
2000-10-05,24.13882827758789,24.40660095214844,24.031719207763672,24.30663299560547,18.33250617980957,29197467
2000-10-08,24.349475860595703,24.742210388183597,24.210235595703125,24.310203552246094,18.33519172668457,34534659
2000-10-09,24.353046417236328,24.38517951965332,23.80678939819336,23.935321807861328,18.052453994750977,30007286
2000-10-10,23.778228759765625,23.878196716308597,23.392635345458984,23.585430145263672,17.78855323791504,27186770
2000-10-11,23.38549423217773,23.885337829589844,23.03203392028809,23.37478256225586,17.629684448242188,69082160
2000-10-12,23.224830627441406,23.224830627441406,21.78599739074707,22.72855758666992,17.14228630065918,53499189
2000-10-15,22.92135429382324,23.878196716308597,21.796709060668945,22.157310485839844,16.711444854736328,68052387
2000-10-16,21.78956794738769,22.25727844238281,21.225460052490234,21.56106948852539,16.261747360229492,82261245
2000-10-17,21.38612365722656,21.600341796875,21.0112419128418,21.30400657653809,16.0678653717041,37969127
2000-10-18,21.19332695007324,22.021638870239254,20.493547439575195,21.64675521850586,16.326374053955078,70267297
2000-10-19,22.082332611083984,22.38580894470215,21.146913528442383,21.286155700683597,16.05440330505371,88156261
2000-10-22,21.279014587402344,21.279014587402344,20.2329158782959,20.41143035888672,15.39466953277588,49541306
2000-10-23,20.42214012145996,21.04337310791016,20.315031051635746,20.900562286376957,15.763582229614258,69908756
2000-10-24,20.993389129638672,22.071622848510746,20.943405151367188,21.78242874145508,16.428699493408203,76804722
2000-10-25,21.989505767822266,22.135887145996094,21.711021423339844,21.818130493164062,16.455625534057617,18928903
2000-10-26,21.91809844970703,22.028778076171875,21.4289665222168,21.632474899291992,16.31560707092285,48728952
2000-10-29,21.74315452575684,22.09304428100586,21.4289665222168,21.49323272705078,16.210586547851562,40934463
2000-10-30,21.425397872924805,21.689599990844727,21.014812469482425,21.575349807739254,16.272518157958984,42509931
2000-10-31,22.16802024841309,22.335824966430664,21.746723175048828,22.0323486328125,16.61719512939453,72480301
2000-11-01,22.05734062194824,22.707136154174805,22.05734062194824,22.54290199279785,17.00226402282715,74858151
2000-11-02,22.73569869995117,22.90350341796875,22.4786376953125,22.539331436157227,16.999568939208984,58610896
2000-11-05,22.632160186767575,22.84280776977539,22.27869987487793,22.32868385314941,16.840696334838867,55849367
2000-11-06,22.14659881591797,22.51077079772949,22.14659881591797,22.36438751220703,16.867626190185547,36376364
2000-11-07,22.614307403564453,23.02132225036621,22.492918014526367,22.7392692565918,17.150373458862305,78714125
2000-11-08,22.671432495117188,23.04274559020996,22.56432342529297,22.78925323486328,17.188066482543945,53307147
2000-11-09,22.7392692565918,22.83209609985352,22.15373992919922,22.21800422668457,16.757221221923828,49235533
2000-11-12,22.13945770263672,22.13945770263672,21.503944396972656,21.59320068359375,16.28598403930664,32680643
2000-11-13,21.568208694458008,22.27155876159668,21.568208694458008,22.21086311340332,16.7518310546875,51493926
2000-11-14,22.560754776000977,22.66429328918457,22.143028259277344,22.35724639892578,16.862241744995117,42863682
2000-11-15,22.492918014526367,22.52148056030273,22.089473724365234,22.253707885742188,16.784151077270508,45646036
2000-11-16,22.207294464111328,22.23942756652832,21.957372665405277,22.196582794189453,16.741065979003906,47502852
2000-11-19,22.175161361694336,22.3215446472168,22.06805229187012,22.150169372558597,16.706058502197266,23524883
2000-11-20,22.33225440979004,22.33225440979004,21.964513778686523,22.071622848510746,16.646814346313477,52537002
2000-11-21,22.135887145996094,22.242996215820312,21.964513778686523,22.003786087036133,16.595653533935547,16058756
2000-11-22,21.921669006347656,22.314403533935547,21.796709060668945,22.21800422668457,16.757221221923828,35718227
2000-11-23,22.314403533935547,22.628589630126957,22.27869987487793,22.375097274780277,16.875701904296875,47203872
2000-11-26,22.42151260375977,22.84280776977539,22.38580894470215,22.75712013244629,17.163833618164062,43128757
2000-11-27,22.846378326416016,23.58186149597168,22.65358161926269,23.528305053710938,17.745471954345703,94755530
2000-11-28,23.42119789123535,23.73538398742676,23.13557243347168,23.364072799682617,17.621606826782227,72628314
2000-11-29,23.34979057312012,23.58186149597168,23.2426815032959,23.431907653808597,17.67276954650879,43866453
2000-11-30,23.34979057312012,23.58186149597168,23.171276092529297,23.42833709716797,17.670076370239258,50742057
2000-12-03,23.485462188720703,23.949602127075195,23.485462188720703,23.749664306640625,17.912424087524414,68788347
2000-12-04,23.885337829589844,24.2637882232666,23.871055603027344,24.18524169921875,18.240943908691406,52905486
2000-12-05,24.613679885864254,24.613679885864254,24.035289764404297,24.08170318603516,18.16285514831543,43719127
2000-12-06,24.0210075378418,24.303062438964844,23.974594116210938,24.103124618530277,18.179014205932617,30523740
2000-12-07,24.135257720947266,24.413742065429688,24.074562072753903,24.235227584838867,18.278644561767575,59695425
2000-12-10,24.34233665466309,24.774343490600582,24.2780704498291,24.70293617248535,18.631397247314453,84918820
2000-12-11,24.777912139892575,24.79219436645508,24.52799224853516,24.58511734008789,18.542537689208984,33331820
2000-12-12,24.706506729125977,24.959999084472656,24.592256546020508,24.806474685668945,18.709491729736328,57066266
2000-12-13,24.84217834472656,25.192068099975582,24.63510131835937,24.727928161621094,18.650251388549805,88461585
2000-12-14,24.63510131835937,24.63510131835937,24.01386833190918,24.13168716430664,18.2005558013916,56209434
2000-12-17,23.921039581298828,24.48514747619629,23.56757926940918,24.37089729309082,18.38096809387207,53342732
2000-12-18,24.51013946533203,24.606538772583008,24.14239883422852,24.235227584838867,18.278644561767575,49308314
2000-12-19,24.63510131835937,24.63510131835937,24.09241485595703,24.410171508789062,18.410594940185547,29325971
2000-12-20,24.28521156311035,24.63153076171875,24.031719207763672,24.44230461120605,18.43482780456543,59473245
2000-12-21,24.59939765930176,24.777912139892575,24.08170318603516,24.14953994750977,18.214019775390625,49839151
2000-12-25,24.06742286682129,24.413742065429688,23.317657470703125,23.42119789123535,17.664688110351562,53423649
2000-12-26,23.27838516235352,23.921039581298828,23.13557243347168,23.781797409057617,17.936660766601562,56125604
2000-12-27,23.97816467285156,24.2923526763916,23.763946533203125,24.1923828125,18.2463321685791,56613447
2000-12-28,24.167390823364254,24.328054428100582,24.06742286682129,24.203094482421875,18.25441169738769,37622350
2000-12-31,24.2780704498291,24.53870391845703,24.206663131713867,24.40303039550781,18.405208587646484,42128577
2001-01-01,24.303062438964844,25.63478660583496,24.295921325683597,25.299177169799805,19.081098556518555,92764775
2001-01-02,25.34916114807129,25.82758331298828,25.20635032653809,25.709762573242188,19.39076805114746,123856212
2001-01-03,25.64192771911621,26.198894500732425,25.43484878540039,25.54909896850586,19.26959228515625,83784183
2001-01-04,25.456270217895508,26.19175338745117,25.456270217895508,26.01323890686035,19.61965560913086,104474953
2001-01-07,25.884706497192383,26.238168716430664,25.509824752807617,25.72047233581543,19.398839950561523,95828393
2001-01-08,25.663349151611328,25.8347225189209,25.49911499023437,25.55981063842773,19.277667999267575,63211442
2001-01-09,25.60265350341797,25.80973052978516,24.93143653869629,25.11352157592773,18.941072463989254,66251757
2001-01-10,25.17064666748047,25.51339530944824,25.06353759765625,25.406286239624023,19.161880493164062,57008778
2001-01-11,25.4884033203125,25.591941833496094,25.277755737304688,25.31702995300293,19.094562530517575,33646611
2001-01-14,25.281326293945312,25.456270217895508,25.13494300842285,25.38843536376953,19.148418426513672,27697623
2001-01-15,25.38843536376953,26.44881629943848,25.38843536376953,26.30600357055664,19.840463638305664,145605043
2001-01-16,26.49880027770996,26.523792266845703,25.79545021057129,25.852575302124023,19.49847984313965,58317336
2001-01-17,25.92041015625,26.17033195495605,25.802589416503903,26.04537010192871,19.64388656616211,38235547
2001-01-18,26.070362091064453,26.69159507751465,26.070362091064453,26.355987548828125,19.878162384033203,91923124
2001-01-21,26.348846435546875,26.84154891967773,26.284582138061523,26.74158096313477,20.16898536682129,106260122
2001-01-22,26.759431838989254,27.437789916992188,26.759431838989254,27.25213432312012,20.554052352905277,115872538
2001-01-23,27.448501586914062,27.45564079284668,27.027204513549805,27.15930557250977,20.48404312133789,76479540
2001-01-24,27.24142265319824,27.38423538208008,26.895103454589844,27.255704879760746,20.55674171447754,62876484
2001-01-28,27.134313583374023,27.134313583374023,25.777597427368164,26.96651077270508,20.3386287689209,71061907
2001-01-29,27.03077507019043,27.91978073120117,27.03077507019043,27.823383331298828,20.984899520874023,147232440
2001-01-30,28.91946601867676,28.91946601867676,27.205720901489254,27.46278190612793,20.712926864624023,82628245
2001-01-31,27.38423538208008,27.74840545654297,26.61305046081543,27.573461532592773,20.79640007019043,178438559
2001-02-01,27.45564079284668,28.269670486450195,27.41636848449707,28.169702529907227,21.246097564697266,141852072
2001-02-04,28.069734573364254,28.5981388092041,27.866226196289062,28.50174140930176,21.496524810791016,149430501
2001-02-05,28.562435150146484,28.740951538085938,28.294662475585938,28.408912658691406,21.4265193939209,84708376
2001-02-06,28.251819610595703,28.416053771972656,27.991186141967773,28.0947265625,21.189552307128903,50935108
2001-02-07,27.93406105041504,28.38035011291504,27.884077072143555,28.27324104309082,21.324190139770508,66988585
2001-02-08,28.34821891784668,28.70524787902832,28.15185165405273,28.483888626098636,21.48305892944336,97611280
2001-02-11,28.294662475585938,29.01943588256836,28.223257064819336,28.601709365844727,21.571924209594727,92278010
2001-02-12,28.70524787902832,29.412168502807617,28.383920669555664,29.280067443847656,22.08355140686035,119497901
2001-02-13,29.62281608581543,29.804901123046875,29.24436378479004,29.672800064086918,22.37976455688477,125432815
2001-02-14,29.633527755737305,30.376150131225582,29.49071502685547,30.183353424072266,22.76482582092285,205960791
2001-02-15,30.269041061401367,30.658205032348636,29.990558624267575,30.165502548217773,22.75136375427246,177636541
2001-02-18,30.204776763916016,30.49397087097168,29.88344955444336,30.37257957458496,22.907548904418945,89147661
2001-02-19,30.276182174682617,30.458267211914062,30.06196403503418,30.19049453735352,22.77022171020508,100213930
2001-02-20,30.208345413208008,30.336877822875977,29.42645072937012,29.56926155090332,22.30167007446289,110495812
2001-02-21,29.49071502685547,29.919151306152344,29.176528930664062,29.60853576660156,22.33129501342773,109056397
2001-02-22,29.63709831237793,30.03340148925781,29.247934341430664,29.369325637817383,22.15087890625,108219311
2001-02-25,29.2907772064209,29.48357391357422,28.794506072998047,29.008724212646484,21.87890625,87129836
2001-02-26,29.09798240661621,29.22294235229492,28.369638442993164,28.71238899230957,21.65539932250977,78573731
2001-02-27,28.70524787902832,29.990558624267575,28.608850479125977,29.56926155090332,22.30167007446289,154742009
2001-02-28,29.704933166503903,31.847116470336918,29.704933166503903,31.290149688720703,23.59959602355957,223194307
2001-03-01,31.418678283691406,32.20414733886719,29.644237518310547,29.926292419433597,22.57094955444336,187886955
2001-03-04,30.02626037597656,30.34758758544922,28.740951538085938,29.180099487304688,22.00815773010254,132200024
2001-03-06,29.419309616088867,30.3261661529541,28.46246719360352,29.419309616088867,22.188575744628903,105663297
2001-03-07,29.52284812927246,30.00126838684082,29.208660125732425,29.51927757263184,22.263975143432617,62047073
2001-03-08,29.355043411254883,29.355043411254883,28.46603775024414,29.24079322814941,22.053932189941406,54988278
2001-03-11,29.212230682373047,29.419309616088867,28.70524787902832,29.133684158325195,21.9731502532959,51412616
2001-03-12,28.63741111755371,29.88344955444336,26.80584526062012,27.712703704833984,20.90142250061035,73733177
2001-03-13,27.77696990966797,28.91232681274414,27.50205421447754,28.51959228515625,21.509992599487305,47229178
2001-03-14,28.062593460083008,28.66597557067871,27.712703704833984,28.36606979370117,21.394201278686523,34790561
2001-03-15,28.13399887084961,28.50888061523437,27.070049285888672,27.419937133789062,20.68061065673828,44860430
2001-03-18,27.205720901489254,27.70556259155273,26.820127487182617,27.312828063964844,20.599830627441406,31633267
2001-03-19,27.419937133789062,27.473493576049805,26.455955505371094,26.65946388244629,20.107051849365234,25515540
2001-03-20,26.8843936920166,28.794506072998047,26.081073760986328,28.65526390075684,21.61231803894043,46522683
2001-03-21,28.9444580078125,29.19080924987793,27.91978073120117,28.09115600585937,21.18685913085937,40167819
2001-03-22,28.13399887084961,28.608850479125977,26.727298736572266,27.10218048095703,20.440954208374023,49623609
2001-03-25,27.134313583374023,27.60559463500977,26.8558292388916,27.43421936035156,20.691381454467773,24811230
2001-03-26,27.34853172302246,28.162561416625977,27.255704879760746,27.89835929870605,21.041444778442383,41114839
2001-03-27,28.20540428161621,28.91946601867676,28.10543632507324,28.70524787902832,21.65001678466797,37356183
2001-03-28,28.65169334411621,28.98016166687012,28.13399887084961,28.30894470214844,21.351118087768555,53399898
2001-03-29,28.14113998413086,28.32679557800293,27.60916519165039,27.816242218017575,20.979511260986328,34400048
2001-04-01,27.59845352172852,28.119718551635746,26.74515151977539,27.9233512878418,21.06029891967773,39069902
2001-04-02,27.84837532043457,28.20540428161621,27.56275177001953,27.909069061279297,21.049524307250977,21535935
2001-04-03,27.1450252532959,27.684141159057617,27.009353637695312,27.35567283630371,20.63214111328125,20329316
2001-04-05,27.34853172302246,28.059022903442383,27.205720901489254,27.33068084716797,20.61329460144043,16347064
2001-04-08,27.148595809936523,27.398517608642575,25.11709213256836,25.509824752807617,19.23996925354004,68517838
2001-04-09,25.36344337463379,25.36344337463379,23.299806594848636,23.464040756225582,17.697006225585938,51180311
2001-04-10,23.564008712768555,24.103124618530277,21.896677017211918,23.15342330932617,17.462732315063477,79577889
2001-04-11,22.707136154174805,22.707136154174805,20.85771942138672,21.232601165771484,16.01401138305664,91028313
2001-04-15,20.893421173095703,22.35010528564453,20.707765579223636,22.003786087036133,16.595653533935547,63144487
2001-04-16,21.921669006347656,22.978479385375977,21.85026359558105,22.507198333740234,16.9753360748291,55346202
2001-04-17,22.42151260375977,23.556869506835938,21.636045455932617,23.364072799682617,17.621606826782227,92069344
2001-04-18,23.56043815612793,27.03434562683105,23.56043815612793,26.402402877807617,19.91316795349121,148974490
2001-04-19,26.41311264038086,26.770143508911133,25.213489532470703,25.62407493591309,19.326143264770508,80686282
2001-04-22,25.34916114807129,25.948972702026367,25.04568672180176,25.284896850585938,19.070322036743164,45602314
2001-04-23,25.07781982421875,25.20635032653809,24.59939765930176,24.952857971191406,18.81989479064941,37334378
2001-04-24,24.992130279541016,25.92041015625,24.84931945800781,25.60979461669922,19.31536674499512,69473779
2001-04-25,25.738325119018555,26.127487182617188,25.120662689208984,25.338451385498047,19.511667251586918,71457307
2001-04-26,25.06353759765625,25.06353759765625,23.749664306640625,24.66009330749512,18.98929977416992,72373573
2001-04-29,24.899303436279297,25.234912872314453,23.849634170532227,24.456586837768555,18.83259391784668,46574990
2001-05-01,24.420883178710938,24.742210388183597,24.00672721862793,24.44230461120605,18.82159805297852,31688179
2001-05-02,24.349475860595703,24.906444549560547,24.25307846069336,24.56012344360352,18.91231918334961,32772960
2001-05-03,24.50300025939941,24.706506729125977,24.349475860595703,24.542272567749023,18.89857292175293,17594955
2001-05-06,24.49228858947754,24.806474685668945,24.24593734741211,24.34233665466309,18.74461936950684,15749006
2001-05-07,24.31377220153809,24.86359977722168,24.281641006469727,24.713647842407227,19.030542373657227,30808142
2001-05-08,24.777912139892575,25.54909896850586,24.74578094482422,25.11709213256836,19.341209411621094,62306141
2001-05-09,25.127803802490234,25.470552444458008,25.034975051879883,25.359872817993164,19.528169631958008,30532185
2001-05-10,25.45270156860352,25.799020767211918,25.28846740722656,25.37415313720703,19.539155960083008,31238931
2001-05-13,25.34916114807129,25.852575302124023,25.324169158935547,25.69191169738769,19.78384780883789,24879040
2001-05-14,25.491973876953125,26.59162712097168,24.86002922058105,26.477378845214844,20.388687133789062,65107625
2001-05-15,26.60590934753418,26.763002395629883,26.07393455505371,26.202465057373047,20.1769962310791,46455448
2001-05-16,26.341705322265625,27.49491500854492,26.341705322265625,27.3164005279541,21.03477096557617,81220452
2001-05-17,27.46992301940918,27.48063468933105,26.634471893310547,26.766572952270508,20.61138343811035,42258187
2001-05-20,26.563064575195312,27.24142265319824,26.534503936767575,26.895103454589844,20.710355758666992,40671474
2001-05-21,26.980791091918945,27.24142265319824,26.827268600463867,26.952228546142575,20.75434112548828,29510899
2001-05-22,26.92366600036621,27.366384506225582,26.909385681152344,27.20928955078125,20.952295303344727,26407985
2001-05-23,27.205720901489254,28.162561416625977,27.205720901489254,28.05545234680176,21.60386848449707,94556989
2001-05-24,28.130428314208984,28.398202896118164,27.9233512878418,28.10186767578125,21.639617919921875,59731991
2001-05-27,28.13399887084961,28.69810676574707,28.13399887084961,28.476749420166016,21.92828750610352,36493007
2001-05-28,28.491029739379883,29.05870819091797,28.34821891784668,28.80521774291992,22.181224822998047,42811487
2001-05-29,28.99087142944336,29.04085731506348,27.844804763793945,27.95905494689941,21.529638290405277,54700207
2001-05-30,27.819812774658203,28.119718551635746,27.34853172302246,28.012609481811523,21.570880889892575,42893875
2001-05-31,28.0804443359375,28.15185165405273,26.99864196777344,27.15216636657715,20.908308029174805,43078103
2001-06-03,27.27712631225586,27.34496116638184,26.50951194763184,26.759431838989254,20.60587882995605,31130355
2001-06-04,26.616619110107425,26.97722053527832,26.455955505371094,26.63090133666992,20.50691032409668,28362650
2001-06-05,26.770143508911133,26.848690032958984,25.98110580444336,26.102495193481445,20.100017547607425,39624813
2001-06-06,26.206035614013672,26.238168716430664,25.502685546875,26.0060977935791,20.025787353515625,52703851
2001-06-07,26.06322288513184,26.666603088378903,26.016809463500977,26.44881629943848,20.36669158935547,50362650
2001-06-10,26.42025375366211,26.595197677612305,26.141769409179688,26.470237731933597,20.38319206237793,37387314
2001-06-11,26.41311264038086,26.513080596923828,26.241737365722656,26.4238224029541,20.34744644165039,19314752
2001-06-12,26.49165916442871,26.912954330444336,26.4238224029541,26.80584526062012,20.64162254333496,32180868
2001-06-13,26.695167541503903,27.012924194335938,25.85614585876465,25.984676361083984,20.00929069519043,65138602
2001-06-14,25.85614585876465,25.85614585876465,25.213489532470703,25.534818649291992,19.66287612915039,47495514
2001-06-17,25.35630226135254,25.491973876953125,24.21380424499512,24.320913314819336,18.728120803833008,55464526
2001-06-18,24.2780704498291,24.84931945800781,24.25307846069336,24.767202377319336,19.07178497314453,36523999
2001-06-19,23.921039581298828,25.06353759765625,23.921039581298828,24.6243896484375,18.96180725097656,26094230
2001-06-20,24.61724853515625,25.024263381958008,24.2780704498291,24.356616973876957,18.755619049072266,47233211
2001-06-21,24.420883178710938,24.549413681030277,24.00672721862793,24.449445724487305,18.82709312438965,31187017
2001-06-24,24.328054428100582,24.49942970275879,23.96031379699707,24.38160896301269,18.77486038208008,24725145
2001-06-25,24.31377220153809,24.91001319885254,24.206663131713867,24.76363182067871,19.069034576416016,28403417
2001-06-26,24.706506729125977,25.699052810668945,24.47800636291504,25.570520401000977,19.69036674499512,44329523
2001-06-27,25.563379287719727,26.16676139831543,25.456270217895508,25.87042617797852,19.92130851745605,38544176
2001-06-28,25.884706497192383,26.666603088378903,25.71333312988281,26.31314468383789,20.262226104736328,26944326
2001-07-01,26.477378845214844,28.20540428161621,25.15636444091797,25.60979461669922,19.720611572265625,14112521
2001-07-02,24.96356964111328,25.13494300842285,23.13557243347168,23.52116584777832,18.112281799316406,65799036
2001-07-03,23.06416702270508,23.671119689941406,22.99276161193848,23.292665481567383,17.936328887939453,39504767
2001-07-04,23.70682144165039,24.0210075378418,23.424768447875977,23.6889705657959,18.241498947143555,28086259
2001-07-05,23.13557243347168,23.51402473449707,22.92135429382324,23.2569637298584,17.90883445739746,17151702
2001-07-08,23.13557243347168,23.564008712768555,22.57146453857422,23.364072799682617,17.991313934326172,35909821
2001-07-09,23.671119689941406,23.913898468017575,23.34979057312012,23.82821273803711,18.34871864318848,24974270
2001-07-10,23.70682144165039,24.33162498474121,23.499744415283203,24.035289764404297,18.508176803588867,16015356
2001-07-11,24.170961380004883,24.470867156982425,24.07813262939453,24.2923526763916,18.70612907409668,17476842
2001-07-12,24.40303039550781,25.04568672180176,23.72824478149414,24.563695907592773,18.91507148742676,28580447
2001-07-15,24.19952392578125,24.420883178710938,23.564008712768555,23.70682144165039,18.255245208740234,21472159
2001-07-16,23.492603302001957,24.0210075378418,23.214120864868164,23.778228759765625,18.310232162475582,16188394
2001-07-17,23.85320472717285,23.95317268371582,23.206979751586918,23.331939697265625,17.966571807861328,20781490
2001-07-18,23.206979751586918,23.310518264770508,22.92135429382324,23.14271354675293,17.820858001708984,16907479
2001-07-19,23.27838516235352,23.28552627563477,22.17159080505371,22.41437149047852,17.2600040435791,25611498
2001-07-22,22.135887145996094,22.56432342529297,21.42182731628418,22.35010528564453,17.210519790649414,1948391
2001-07-23,21.50751495361328,22.600027084350582,21.50751495361328,22.446504592895508,17.284746170043945,13896909
2001-07-24,22.45721435546875,22.52505111694336,22.04306030273437,22.185871124267575,17.08405113220215,17154376
2001-07-25,21.993074417114254,22.307262420654297,21.62176322937012,21.768146514892575,16.76238441467285,30470005
2001-07-26,21.6717472076416,21.989505767822266,21.42182731628418,21.85383415222168,16.828365325927734,17946522
2001-07-29,21.81098937988281,22.42151260375977,21.65746688842773,22.33939552307129,17.202272415161133,21004692
2001-07-30,22.475067138671875,22.90350341796875,21.68245887756348,22.767831802368164,17.532182693481445,55492156
2001-07-31,22.917783737182617,23.01061248779297,22.296550750732425,22.528621673583984,17.34798812866211,26261387
2001-08-01,22.42151260375977,22.914213180541992,22.10375595092773,22.692855834960938,17.47445297241211,22788924
2001-08-02,22.671432495117188,22.92849540710449,22.157310485839844,22.65001106262207,17.441457748413086,48046979
2001-08-05,22.635730743408203,23.18198776245117,22.51077079772949,23.078447341918945,17.7713680267334,25558407
2001-08-06,22.924924850463867,23.564008712768555,22.924924850463867,23.503313064575195,18.098533630371094,32886578
2001-08-07,23.199838638305664,23.63541603088379,23.03203392028809,23.45332908630371,18.06004524230957,24997699
2001-08-08,23.27838516235352,24.26021957397461,23.206979751586918,23.97816467285156,18.46419334411621,32633546
2001-08-09,24.135257720947266,24.38160896301269,23.856773376464844,24.2637882232666,18.68412971496582,35529952
2001-08-12,24.242366790771484,24.34233665466309,23.178417205810547,23.317657470703125,17.955570220947266,27804630
2001-08-13,23.54258728027344,23.54258728027344,22.8249568939209,22.924924850463867,17.653146743774414,41322595
2001-08-15,23.06416702270508,23.66754722595215,22.92135429382324,23.3426513671875,17.974821090698242,40314418
2001-08-16,23.34979057312012,23.478321075439453,22.582176208496094,22.67500305175781,17.460704803466797,37882790
2001-08-19,22.492918014526367,22.985620498657227,22.46078491210937,22.69642448425293,17.477191925048828,27714988
2001-08-20,22.707136154174805,23.04274559020996,22.707136154174805,22.77140235900879,17.53493309020996,25945335
2001-08-22,22.84280776977539,24.135257720947266,22.57146453857422,22.635730743408203,17.43045425415039,24387653
2001-08-23,22.707136154174805,22.72498893737793,22.435792922973636,22.50362968444824,17.328739166259766,20928018
2001-08-26,22.707136154174805,22.84280776977539,22.35724639892578,22.514339447021484,17.33698272705078,18360044
2001-08-27,22.41437149047852,22.685714721679688,22.2929801940918,22.33939552307129,17.202272415161133,14452184
2001-08-28,22.27869987487793,22.867799758911133,22.27155876159668,22.73569869995117,17.507444381713867,48566417
2001-08-29,22.65358161926269,22.94991683959961,22.492918014526367,22.785682678222656,17.545930862426758,27727662
2001-08-30,22.73569869995117,22.778541564941406,22.10375595092773,22.21800422668457,17.108793258666992,39395546
2001-09-02,22.207294464111328,22.492918014526367,22.207294464111328,22.32868385314941,17.194021224975586,16171687
2001-09-03,22.34296417236328,22.59288787841797,22.03948974609375,22.446504592895508,17.284746170043945,22366089
2001-09-04,22.35010528564453,22.56432342529297,22.121606826782227,22.21800422668457,17.108793258666992,11804371
2001-09-05,22.707136154174805,22.707136154174805,22.10018539428711,22.25013732910156,17.1335391998291,16967446
2001-09-06,22.400089263916016,22.400089263916016,21.85383415222168,21.971654891967773,16.919090270996094,20467497
2001-09-09,21.921669006347656,22.09304428100586,21.65389633178711,21.718162536621094,16.723894119262695,12647198
2001-09-10,21.81455993652344,21.921669006347656,21.636045455932617,21.78242874145508,16.773378372192383,14673580
2001-09-11,21.064796447753903,21.5289363861084,19.711650848388672,21.271873474121094,16.380231857299805,34785814
2001-09-12,21.42182731628418,21.636045455932617,20.568523406982425,20.729188919067383,15.962340354919434,20201511
2001-09-13,20.82915687561035,20.82915687561035,18.658411026000977,18.658411026000977,14.367753982543944,31589350
2001-09-16,18.01218605041504,18.95831680297852,17.208866119384766,18.75480842590332,14.441987991333008,100059643
2001-09-17,18.565582275390625,19.8865966796875,17.85152244567871,18.07645034790039,13.91962432861328,87037267
2001-09-18,18.565582275390625,18.672691345214844,17.362390518188477,17.630163192749023,13.575961112976074,54005126
2001-09-19,17.27313232421875,17.530195236206055,16.551931381225586,17.130321502685547,13.19106388092041,61146786
2001-09-20,16.684032440185547,16.70902442932129,15.42014503479004,15.470129013061523,11.91264820098877,73484375
2001-09-23,15.530823707580566,16.198471069335938,15.32374668121338,15.791457176208496,12.160082817077637,101903813
2001-09-24,16.073511123657227,16.351993560791016,14.53827953338623,14.752497673034668,11.360036849975586,99719112
2001-09-25,14.98813819885254,16.23060417175293,14.98813819885254,16.219892501831055,12.489995002746582,91794116
2001-09-26,15.34873867034912,17.48021125793457,15.34873867034912,17.258852005004883,13.290034294128418,134391056
2001-09-27,17.423086166381836,18.986879348754883,17.030351638793945,18.89405059814453,14.54920768737793,145786541
2001-09-30,18.851207733154297,19.38675308227539,18.087162017822266,18.533449172973636,14.271535873413086,204260754
2001-10-02,18.63698959350586,18.701255798339844,17.28741455078125,17.608741760253906,13.559470176696776,99945731
2001-10-03,17.7836856842041,18.26567840576172,17.390953063964844,17.81224822998047,13.71617603302002,149091469
2001-10-04,17.780115127563477,18.351364135742188,17.39452362060547,17.89793586730957,13.78215789794922,71438233
2001-10-07,17.2802734375,18.27638816833496,17.17316436767578,18.01932716369629,13.87563705444336,103922801
2001-10-08,18.208553314208984,18.40848922729492,17.794397354125977,18.0728816986084,13.916874885559082,103584608
2001-10-09,17.994333267211914,18.8369255065918,17.994333267211914,18.433481216430664,14.194547653198242,90542542
2001-10-10,18.565582275390625,19.18681526184082,18.565582275390625,18.951175689697266,14.593194961547852,79497826
2001-10-11,19.07613754272461,19.479581832885746,18.92975425720215,19.06899642944336,14.68392276763916,87830406
2001-10-14,18.96545791625977,19.75806427001953,18.779800415039062,19.53670692443848,15.044082641601562,66342603
2001-10-15,19.629533767700195,19.77234649658203,19.397464752197266,19.53670692443848,15.044082641601562,45376787
2001-10-16,19.636674880981445,20.47212600708008,19.49386215209961,20.318603515625,15.646173477172852,59714247
2001-10-17,19.97228240966797,20.029407501220703,19.57240867614746,19.704509735107425,15.173296928405762,42306432
2001-10-18,19.672378540039062,19.8865966796875,19.529565811157227,19.743783950805664,15.203536987304688,38912730
2001-10-21,19.76163482666016,20.236486434936523,19.27964401245117,19.479581832885746,15.000091552734377,42206273
2001-10-22,19.75806427001953,19.82590103149414,19.51171493530273,19.629533767700195,15.115562438964844,26546026
2001-10-23,19.850893020629883,19.850893020629883,18.89405059814453,18.990449905395508,14.623437881469728,47907075
2001-10-24,19.20823860168457,19.243940353393555,18.69054412841797,18.844066619873047,14.510720252990724,27738810
2001-10-28,18.994020462036133,19.30820655822754,18.35850524902344,18.597715377807617,14.32101821899414,30511794
2001-10-29,18.279958724975582,18.401348114013672,17.933639526367188,18.03360748291016,13.886632919311523,34700611
2001-10-30,18.137147903442383,18.45490455627441,17.7265625,18.16570854187012,13.988354682922363,107369902
2001-10-31,18.351364135742188,18.772661209106445,18.22640419006348,18.61556625366211,14.33476448059082,54707587
2001-11-01,18.60128593444824,19.20823860168457,18.56915283203125,18.77623176574707,14.458487510681152,44285269
2001-11-04,18.808364868164062,18.808364868164062,18.369216918945312,18.672691345214844,14.378753662109377,34339311
2001-11-05,18.9226131439209,19.06542587280273,18.47632598876953,18.74409866333008,14.43373966217041,33712838
2001-11-06,18.95831680297852,19.02972221374512,18.301380157470703,18.501317977905277,14.246792793273926,22285087
2001-11-07,18.494176864624023,18.740528106689453,17.983623504638672,18.61556625366211,14.33476448059082,41576201
2001-11-08,18.81550407409668,19.02615165710449,18.58700561523437,18.85477828979492,14.518966674804688,34613167
2001-11-11,18.91547393798828,19.236799240112305,18.80122375488281,19.00830078125,14.637188911437988,27757758
2001-11-12,18.994020462036133,19.243940353393555,18.80122375488281,19.168964385986328,14.760904312133787,32125312
2001-11-13,19.41531562805176,19.61882209777832,19.36176109313965,19.50814437866211,15.022089958190918,12335502
2001-11-14,19.49386215209961,19.97228240966797,19.422456741333008,19.854463577270508,15.288766860961914,31320535
2001-11-18,20.286470413208008,21.843122482299805,20.286470413208008,21.796709060668945,16.78437614440918,71040018
2001-11-19,22.135887145996094,22.207294464111328,20.56495475769043,20.78274154663086,16.003583908081055,44342547
2001-11-20,20.85057830810547,21.582490921020508,20.52925109863281,21.021953582763672,16.187786102294922,40602096
2001-11-21,21.064796447753903,21.30757713317871,20.714906692504883,20.84343719482422,16.050317764282227,31503531
2001-11-22,20.85057830810547,21.171905517578125,20.332883834838867,20.84343719482422,16.050317764282227,36048423
2001-11-25,21.11478042602539,21.543216705322266,21.0112419128418,21.321857452392575,16.41872215270996,36689979
2001-11-26,21.564638137817383,21.771717071533203,20.764890670776367,20.93626594543457,16.12179946899414,27767645
2001-11-27,20.93626594543457,21.0112419128418,20.37215614318848,20.747039794921875,15.97609043121338,32388329
2001-11-28,20.707765579223636,20.83629608154297,20.42214012145996,20.70419692993164,15.943095207214355,24401629
2001-12-02,20.786312103271484,20.971967697143555,20.42214012145996,20.739898681640625,15.970590591430664,26789941
2001-12-03,20.85057830810547,21.49323272705078,20.779172897338867,21.31471824645996,16.413223266601562,34449596
2001-12-04,21.78956794738769,22.5500431060791,21.70745086669922,22.37152862548828,17.22701072692871,45707249
2001-12-05,22.84994888305664,23.171276092529297,21.857404708862305,22.13231658935547,17.042808532714844,48654406
2001-12-06,22.135887145996094,22.5500431060791,22.135887145996094,22.27869987487793,17.155532836914062,30398723
2001-12-09,22.207294464111328,22.846378326416016,22.207294464111328,22.496488571166992,17.323238372802734,20566620
2001-12-10,22.492918014526367,22.69642448425293,22.06805229187012,22.16802024841309,17.070301055908203,23066337
2001-12-11,22.35010528564453,22.84280776977539,22.071622848510746,22.207294464111328,17.100547790527344,25557637
2001-12-12,22.33225440979004,22.778541564941406,21.11120986938477,22.207294464111328,17.100547790527344,57676438
2001-12-13,22.207294464111328,22.27869987487793,21.796709060668945,22.157310485839844,17.06205940246582,18745655
2001-12-17,22.135887145996094,22.46078491210937,21.60748291015625,22.075193405151367,16.998825073242188,21648727
2001-12-18,22.41437149047852,22.41437149047852,21.921669006347656,22.04306030273437,16.974079132080078,35696394
2001-12-19,22.028778076171875,22.27869987487793,21.60748291015625,22.157310485839844,17.06205940246582,24662041
2001-12-20,21.77885627746582,22.242996215820312,21.77885627746582,22.16087913513184,17.064802169799805,14107101
2001-12-23,21.85026359558105,22.307262420654297,21.77885627746582,22.185871124267575,17.08405113220215,13869867
2001-12-25,22.12874794006348,22.35010528564453,21.66460609436035,21.90738868713379,16.869606018066406,9321039
2001-12-26,21.77885627746582,21.882396697998047,21.293296813964844,21.582490921020508,16.619415283203125,35795461
2001-12-27,21.42182731628418,21.771717071533203,20.6506404876709,21.55749893188477,16.600175857543945,29663225
2001-12-30,21.70745086669922,22.053770065307617,21.321857452392575,21.864545822143555,16.836610794067383,16250994
2001-12-31,21.771717071533203,22.05734062194824,21.60748291015625,21.77885627746582,16.770631790161133,9645367
2002-01-01,21.711021423339844,21.85026359558105,21.49323272705078,21.67888832092285,16.693653106689453,9579602
2002-01-02,21.77885627746582,21.91809844970703,21.0826473236084,21.1683349609375,16.30050277709961,22102484
2002-01-03,21.49323272705078,23.260534286499023,21.279014587402344,22.924924850463867,17.653146743774414,62707885
2002-01-06,22.778541564941406,23.6032829284668,22.65715217590332,22.84994888305664,17.595420837402344,42526568
2002-01-07,22.924924850463867,23.206979751586918,22.535762786865234,22.69642448425293,17.477191925048828,23035569
2002-01-08,22.84994888305664,23.956743240356445,22.57146453857422,23.446189880371094,18.05454444885254,87376887
2002-01-09,23.571149826049805,23.89604759216309,22.96419715881348,23.18198776245117,17.851097106933594,34331917
2002-01-10,23.34979057312012,23.921039581298828,22.71070671081543,23.33551025390625,17.969318389892578,42278396
2002-01-13,23.63541603088379,24.563695907592773,23.01061248779297,23.2569637298584,17.90883445739746,65636529
2002-01-14,23.199838638305664,23.485462188720703,22.874940872192383,23.046314239501957,17.74662971496582,23187797
2002-01-15,23.214120864868164,23.314088821411133,22.57146453857422,22.867799758911133,17.609163284301758,18179387
2002-01-16,22.635730743408203,23.060596466064453,22.532190322875977,22.75712013244629,17.523935317993164,27352232
2002-01-17,23.556869506835938,23.556869506835938,22.028778076171875,22.25013732910156,17.1335391998291,32497955
2002-01-20,22.35010528564453,22.54290199279785,22.207294464111328,22.307262420654297,17.177526473999023,14862513
2002-01-21,22.27869987487793,22.76426124572754,22.06805229187012,22.3215446472168,17.188522338867188,27447966
2002-01-22,22.27869987487793,22.628589630126957,22.189441680908203,22.467926025390625,17.30124282836914,16462461
2002-01-23,22.528621673583984,22.635730743408203,22.242996215820312,22.389379501342773,17.24075698852539,11791529
2002-01-24,22.489347457885746,22.492918014526367,22.27869987487793,22.4786376953125,17.309492111206055,8558065
2002-01-27,22.56432342529297,23.13557243347168,22.32511329650879,22.45364570617676,17.290245056152344,32907556
2002-01-28,22.56432342529297,22.7392692565918,22.41437149047852,22.60716819763184,17.40846824645996,21020125
2002-01-29,22.48577880859375,22.707136154174805,22.07876205444336,22.42508125305176,17.26824951171875,19921605
2002-01-30,22.92135429382324,22.92135429382324,21.250452041625977,21.4289665222168,16.501197814941406,94887745
2002-01-31,21.46824073791504,21.80742073059082,21.286155700683597,21.46824073791504,16.531444549560547,62540337
2002-02-03,21.88596534729004,21.88596534729004,21.182615280151367,21.62176322937012,16.649662017822266,26850286
2002-02-04,21.279014587402344,21.564638137817383,20.85771942138672,20.98624992370605,16.16029167175293,45867165
2002-02-05,21.064796447753903,21.24331283569336,20.73275756835937,20.82915687561035,16.039325714111328,61498409
2002-02-06,20.85057830810547,22.699996948242188,20.847007751464844,21.989505767822266,16.932838439941406,113657573
2002-02-07,21.993074417114254,22.45721435546875,21.864545822143555,22.221574783325195,17.11153793334961,59848718
2002-02-10,22.42151260375977,22.635730743408203,21.928810119628903,22.035919189453125,16.968578338623047,34021971
2002-02-11,22.135887145996094,22.45721435546875,21.971654891967773,22.07876205444336,17.001569747924805,40477289
2002-02-12,22.135887145996094,22.35010528564453,22.082332611083984,22.135887145996094,17.045557022094727,47407776
2002-02-13,22.307262420654297,22.59288787841797,22.143028259277344,22.246566772460938,17.130788803100586,28104451
2002-02-14,22.35010528564453,22.83566665649414,22.21800422668457,22.535762786865234,17.353477478027344,69678425
2002-02-17,22.707136154174805,22.978479385375977,22.58574676513672,22.760690689086918,17.52668571472168,49775515
2002-02-18,22.864229202270508,23.06416702270508,22.742839813232425,22.91064453125,17.642154693603516,40018084
2002-02-19,22.671432495117188,22.7392692565918,22.360816955566406,22.639301300048828,17.43321418762207,25876728
2002-02-20,22.73569869995117,22.92135429382324,22.314403533935547,22.4500732421875,17.287494659423828,19779727
2002-02-21,22.35010528564453,22.51791000366211,22.3215446472168,22.48577880859375,17.314987182617188,11669172
2002-02-24,22.507198333740234,22.61787986755371,22.35010528564453,22.47149658203125,17.303991317749023,12099948
2002-02-25,22.66429328918457,23.13557243347168,22.535762786865234,22.946346282958984,17.669645309448242,40451157
2002-02-26,23.13557243347168,23.58186149597168,22.72498893737793,23.260534286499023,17.911584854125977,101030821
2002-02-27,23.33551025390625,23.51759529113769,21.78242874145508,21.982364654541016,16.927339553833008,83680802
2002-02-28,21.993074417114254,23.185556411743164,21.796709060668945,23.014183044433597,17.72188377380371,63239227
2002-03-03,23.849634170532227,24.2780704498291,22.27869987487793,22.396520614624023,17.246257781982422,158828803
2002-03-04,22.778541564941406,22.807104110717773,22.285839080810547,22.403661727905277,17.251752853393555,61248668
2002-03-05,21.993074417114254,22.95705795288086,21.878826141357425,21.96808242797852,16.916343688964844,46666285
2002-03-06,22.135887145996094,22.307262420654297,21.896677017211918,22.228715896606445,17.117042541503906,30686653
2002-03-07,22.27155876159668,22.45721435546875,21.825271606445312,21.91809844970703,16.87785530090332,25543031
2002-03-10,22.096614837646484,22.096614837646484,21.211179733276367,21.311147689819336,16.41047477722168,55717669
2002-03-11,21.343280792236328,21.382553100585938,20.81487464904785,20.86842918395996,16.069561004638672,36594497
2002-03-12,20.92198371887207,21.321857452392575,20.85057830810547,20.96839714050293,16.146543502807617,38789212
2002-03-13,21.211179733276367,21.30757713317871,21.014812469482425,21.24331283569336,16.358240127563477,22150267
2002-03-14,21.29686546325684,22.096614837646484,21.29686546325684,21.99664688110352,16.938337326049805,58963177
2002-03-17,22.185871124267575,22.335824966430664,21.78599739074707,21.90024757385254,16.864107131958008,28846110
2002-03-18,21.921669006347656,21.971654891967773,21.29686546325684,21.39326477050781,16.473711013793945,22878230
2002-03-19,21.49323272705078,21.768146514892575,21.31471824645996,21.689599990844727,16.701900482177734,33074349
2002-03-20,21.564638137817383,21.75386428833008,21.50037384033203,21.675317764282227,16.690898895263672,16132181
2002-03-21,21.41468620300293,21.75029563903809,21.21474838256836,21.69317054748535,16.704647064208984,26800906
2002-03-25,21.59320068359375,21.600341796875,21.33613967895508,21.42182731628418,16.49570083618164,17638257
2002-03-26,21.628904342651367,21.66460609436035,21.05408477783203,21.4289665222168,16.501197814941406,32848472
2002-03-27,21.49323272705078,21.65389633178711,21.24688148498535,21.443248748779297,16.51219940185547,42148435
2002-03-31,21.53964614868164,22.014497756958008,21.37184333801269,21.575349807739254,16.613922119140625,35258574
2002-04-01,21.457529067993164,21.725303649902344,21.457529067993164,21.675317764282227,16.690898895263672,21033737
2002-04-02,21.66817855834961,21.66817855834961,21.24688148498535,21.34684944152832,16.43796730041504,14761709
2002-04-03,21.457529067993164,22.84280776977539,21.457529067993164,21.80384826660156,16.789880752563477,138320973
2002-04-04,21.868114471435547,22.207294464111328,21.77885627746582,21.828840255737305,16.80912208557129,46535736
2002-04-07,21.93952178955078,22.00735664367676,21.568208694458008,21.636045455932617,16.66066551208496,24111052
2002-04-08,21.6717472076416,21.718162536621094,21.364702224731445,21.432537078857425,16.50395393371582,19790832
2002-04-09,21.42182731628418,21.578920364379883,21.021953582763672,21.154054641723636,16.28951072692871,37386600
2002-04-10,21.28972625732422,21.45396041870117,21.086217880249023,21.17547607421875,16.306001663208008,11311359
2002-04-11,21.196897506713867,21.40754508972168,21.10407066345215,21.29686546325684,16.399478912353516,14316453
2002-04-14,21.279014587402344,21.411115646362305,20.94697570800781,21.025522232055664,16.190532684326172,9075948
2002-04-15,20.993389129638672,21.08978843688965,20.518539428710938,20.639930725097656,15.893609046936035,21118198
2002-04-16,20.839866638183597,20.87914085388184,20.61136817932129,20.711336135864254,15.948596954345703,13138234
2002-04-17,20.85057830810547,21.118350982666016,20.779172897338867,20.87557029724121,16.075063705444336,27042174
2002-04-18,20.88985061645508,21.350421905517575,20.154369354248047,20.32931327819824,15.654423713684082,26920238
2002-04-21,20.35073471069336,20.668493270874023,20.01155662536621,20.511398315429688,15.794634819030762,24606472
2002-04-22,20.579235076904297,21.03623390197754,20.43285179138184,20.79345321655273,16.01182746887207,51300609
2002-04-23,20.92198371887207,22.83566665649414,20.63636016845703,20.68277359008789,15.92660427093506,16814924
2002-04-24,20.74346923828125,20.772031784057617,20.36501693725586,20.493547439575195,15.78088665008545,23665824
2002-04-25,20.52925109863281,20.772031784057617,20.393579483032227,20.60065650939941,15.863364219665527,15820877
2002-04-28,20.63636016845703,20.63636016845703,19.468870162963867,19.65809631347656,15.137556076049805,66095201
2002-04-29,19.636674880981445,19.97228240966797,19.53313636779785,19.875885009765625,15.305258750915527,23646232
2002-05-01,20.275758743286133,20.42214012145996,20.100814819335938,20.3043212890625,15.635177612304688,18346250
2002-05-02,20.35073471069336,20.70419692993164,20.32931327819824,20.554243087768555,15.827628135681152,24265829
2002-05-05,20.568523406982425,20.779172897338867,20.539962768554688,20.68634414672852,15.929350852966309,19012565
2002-05-06,20.63636016845703,21.014812469482425,20.50425910949707,20.932695388793945,16.119049072265625,16862118
2002-05-07,20.993389129638672,21.093358993530277,20.607797622680664,20.70419692993164,15.943095207214355,24711295
2002-05-08,20.886280059814453,21.04694557189941,20.654211044311523,20.811304092407227,16.025575637817383,16979041
2002-05-09,20.8220157623291,20.871999740600582,20.35787582397461,20.568523406982425,15.83862018585205,18418596
2002-05-12,20.707765579223636,20.707765579223636,20.37215614318848,20.42214012145996,15.725903511047363,11945493
2002-05-13,20.55067253112793,20.62921905517578,20.20792388916016,20.25790786743164,15.599434852600098,12623769
2002-05-14,20.32931327819824,20.493547439575195,20.007986068725582,20.200782775878903,15.55544662475586,15197303
2002-05-15,20.27932929992676,20.300750732421875,19.647384643554688,19.843751907348636,15.280519485473633,18686347
2002-05-16,19.922298431396484,20.525680541992188,19.67951774597168,20.050830841064453,15.43997859954834,40395769
2002-05-19,20.68634414672852,20.69348526000977,19.458158493041992,19.722362518310547,15.187047004699709,34081238
2002-05-20,19.46529960632324,19.51885414123535,17.751554489135742,18.726247787475582,14.41999340057373,79381407
2002-05-21,18.66912269592285,18.74409866333008,18.208553314208984,18.47632598876953,14.227546691894531,29677090
2002-05-22,18.422771453857425,18.55130195617676,17.901506423950195,18.14071655273437,13.96911334991455,28533504
2002-05-23,18.58700561523437,19.56526756286621,18.58700561523437,19.32248878479004,14.879122734069824,44689282
2002-05-26,19.615253448486328,19.615253448486328,18.92975425720215,19.233230590820312,14.810391426086426,25100939
2002-05-27,19.12255096435547,19.12255096435547,18.429912567138672,18.565582275390625,14.296276092529297,33161820
2002-05-28,19.636674880981445,19.636674880981445,18.369216918945312,18.944034576416016,14.58769989013672,24699489
2002-05-29,18.590574264526367,19.25465202331543,18.590574264526367,18.66912269592285,14.376006126403809,30406943
2002-05-30,18.772661209106445,18.994020462036133,18.25853729248047,18.81550407409668,14.488727569580078,30189483
2002-06-02,19.104698181152344,19.418886184692383,18.72267723083496,19.304636001586918,14.86537265777588,37182360
2002-06-03,19.31534767150879,19.629533767700195,19.143972396850582,19.49386215209961,15.011088371276855,29704678
2002-06-04,19.49386215209961,19.815189361572266,19.422456741333008,19.593830108642575,15.088067054748535,26497907
2002-06-05,19.636674880981445,19.77948760986328,19.30820655822754,19.654525756835938,15.134808540344238,25395900
2002-06-06,19.56526756286621,19.704509735107425,19.3689022064209,19.61882209777832,15.107315063476562,22927609
2002-06-09,19.7866268157959,20.35073471069336,19.7866268157959,20.272188186645508,15.610438346862791,26647796
2002-06-10,20.56495475769043,20.8077335357666,20.468555450439453,20.6506404876709,15.901857376098633,31196526
2002-06-11,20.59708595275879,20.59708595275879,20.307891845703125,20.44356346130371,15.742399215698242,15428095
2002-06-12,20.493547439575195,20.632789611816406,20.27932929992676,20.318603515625,15.646173477172852,11627649
2002-06-13,20.272188186645508,20.27932929992676,19.95086097717285,20.12580680847168,15.497713088989258,18098386
2002-06-16,20.415000915527344,20.415000915527344,20.17222023010254,20.343595504760746,15.665419578552246,11055527
2002-06-17,20.42214012145996,20.63636016845703,20.157939910888672,20.2329158782959,15.580188751220703,11623742
2002-06-18,20.20792388916016,20.622079849243164,19.91872978210449,20.468555450439453,15.761640548706056,34474440
2002-06-19,20.486406326293945,20.586376190185547,20.236486434936523,20.461414337158203,15.756144523620604,17168227
2002-06-20,20.493547439575195,20.493547439575195,20.13294792175293,20.272188186645508,15.610438346862791,11569671
2002-06-23,20.35073471069336,20.35073471069336,20.075822830200195,20.265047073364254,15.604930877685549,10577837
2002-06-24,19.77948760986328,20.107955932617188,19.136831283569336,19.479581832885746,15.000091552734377,142002298
2002-06-25,19.27964401245117,19.379613876342773,18.9226131439209,19.06899642944336,14.68392276763916,43979035
2002-06-26,19.243940353393555,19.515283584594727,18.997589111328125,19.40460586547852,14.94235610961914,40186683
2002-06-27,19.422456741333008,19.422456741333008,19.104698181152344,19.236799240112305,14.813140869140623,25290083
2002-06-30,19.2832145690918,19.56526756286621,19.176105499267575,19.401033401489254,14.939608573913574,12190220
2002-07-01,19.358190536499023,19.418886184692383,19.019012451171875,19.07256507873535,14.686668395996094,13464775
2002-07-02,19.06542587280273,19.49386215209961,19.00115966796875,19.14754295349121,14.744415283203123,33192882
2002-07-03,19.20823860168457,19.34748077392578,19.02972221374512,19.06542587280273,14.68117904663086,14491018
2002-07-04,19.136831283569336,19.19395637512207,18.726247787475582,18.80122375488281,14.477730751037598,29980061
2002-07-07,18.565582275390625,19.550987243652344,18.565582275390625,19.411745071411133,14.947855949401855,64437136
2002-07-08,19.426027297973636,19.89373588562012,19.286785125732425,19.77234649658203,15.225533485412598,51260501
2002-07-09,19.56526756286621,19.91872978210449,19.56526756286621,19.804479598999023,15.25027847290039,38031783
2002-07-10,19.708080291748047,19.75092315673828,18.90119171142578,18.96902847290039,14.606945037841797,35976076
2002-07-11,19.172534942626957,19.233230590820312,18.87619972229004,18.944034576416016,14.58769989013672,21813909
2002-07-14,19.06542587280273,19.06542587280273,18.565582275390625,18.983308792114254,14.617942810058594,14793471
2002-07-15,18.994020462036133,19.08684730529785,18.28709983825684,18.41563034057617,14.180806159973145,31603760
2002-07-16,18.369216918945312,18.458473205566406,17.980052947998047,18.130006790161133,13.960861206054688,52119237
2002-07-17,18.208553314208984,18.594146728515625,18.147857666015625,18.51916885375977,14.260534286499023,24984143
2002-07-18,18.279958724975582,18.733386993408203,18.279958724975582,18.55130195617676,14.285280227661133,31751913
2002-07-21,18.351364135742188,18.41563034057617,18.137147903442383,18.33708381652832,14.120318412780762,19612164
2002-07-22,18.179990768432617,18.55130195617676,18.04431915283203,18.33351325988769,14.117572784423828,32536594
2002-07-23,18.315662384033203,18.34422492980957,17.85866355895996,17.962202072143555,13.831646919250488,30787149
2002-07-24,18.208553314208984,18.540590286254883,17.855093002319336,17.980052947998047,13.845392227172852,84576776
2002-07-25,17.987194061279297,17.987194061279297,17.415945053100586,17.523054122924805,13.493483543395996,40847663
2002-07-28,17.462358474731445,17.890796661376953,17.051773071289062,17.690858840942383,13.622699737548828,60666477
2002-07-29,17.95149040222168,18.05145835876465,17.515914916992188,17.623022079467773,13.570464134216309,43537882
2002-07-30,17.490921020507812,17.690858840942383,17.212438583374023,17.448078155517578,13.43575382232666,47786651
2002-07-31,17.601600646972656,17.780115127563477,17.33382797241211,17.498062133789062,13.474239349365234,27319742
2002-08-01,17.28741455078125,17.458789825439453,17.069625854492188,17.34096908569336,13.353272438049316,27827682
2002-08-04,17.494491577148438,17.537334442138672,17.2659912109375,17.41951560974121,13.413755416870115,30377086
2002-08-05,17.351680755615234,17.41951560974121,17.18030548095703,17.248140335083008,13.281787872314451,23542179
2002-08-06,17.423086166381836,17.6265926361084,17.116039276123047,17.22671890258789,13.265292167663574,34574487
2002-08-07,17.262422561645508,17.330257415771484,16.519798278808594,16.648330688476562,12.819910049438477,51285484
2002-08-08,16.71616554260254,16.826845169067383,16.394838333129883,16.75543975830078,12.902388572692873,47182515
2002-08-11,16.976797103881836,17.37310028076172,16.73044776916504,17.205297470092773,13.248801231384276,62182944
2002-08-12,17.315977096557617,17.423086166381836,17.230289459228516,17.319547653198242,13.33677864074707,21763829
2002-08-13,17.28741455078125,17.38738250732422,17.005359649658203,17.03392219543457,13.11683177947998,33857699
2002-08-15,17.208866119384766,17.415945053100586,17.15888214111328,17.337398529052734,13.3505220413208,27666323
2002-08-18,17.430225372314453,17.615882873535156,17.430225372314453,17.51234245300293,13.485235214233398,28777811
2002-08-19,17.601600646972656,17.887224197387695,17.523054122924805,17.77297592163086,13.685935974121094,45786682
2002-08-20,17.7836856842041,17.926498413085938,17.48021125793457,17.508773803710938,13.482489585876465,27886990
2002-08-21,17.637304306030273,17.808679580688477,17.565898895263672,17.683717727661133,13.61720085144043,25102704
2002-08-22,17.84438133239746,17.883655548095703,17.608741760253906,17.83367156982422,13.732672691345217,19770288
2002-08-25,17.855093002319336,18.05145835876465,17.794397354125977,17.919357299804688,13.798653602600098,23081504
2002-08-26,18.565582275390625,18.565582275390625,17.565898895263672,17.608741760253906,13.559470176696776,18730054
2002-08-27,17.530195236206055,17.637304306030273,17.437366485595703,17.544475555419922,13.50998306274414,13400495
2002-08-28,17.494491577148438,17.85152244567871,17.46592903137207,17.822959899902344,13.724422454833984,28821799
2002-08-29,17.901506423950195,18.308521270751957,17.780115127563477,18.24425506591797,14.048840522766112,47353033
2002-09-01,18.565582275390625,19.136831283569336,18.565582275390625,18.940465927124023,14.584952354431152,57789944
2002-09-02,19.022581100463867,19.058284759521484,18.64413070678711,18.87262916564941,14.532715797424316,30057968
2002-09-03,18.70839500427246,19.34748077392578,18.63698959350586,19.229660034179688,14.807642936706545,69110182
2002-09-04,19.27964401245117,19.34033966064453,18.9226131439209,18.990449905395508,14.623437881469728,29739969
2002-09-05,18.994020462036133,19.165393829345703,18.797653198242188,18.96902847290039,14.606945037841797,35214586
2002-09-08,18.91547393798828,18.994020462036133,18.404918670654297,18.633419036865234,14.348509788513184,34598449
2002-09-10,18.63698959350586,18.71553611755371,18.315662384033203,18.379926681518555,14.15330982208252,28936173
2002-09-11,18.40848922729492,18.826215744018555,18.387067794799805,18.60128593444824,14.323769569396973,39028575
2002-09-12,18.6476993560791,18.919042587280277,18.401348114013672,18.494176864624023,14.241292953491213,51848098
2002-09-15,18.565582275390625,18.651269912719727,18.351364135742188,18.42634010314941,14.189050674438477,29624055
2002-09-16,18.440622329711918,18.77623176574707,18.440622329711918,18.679832458496094,14.384248733520508,18710406
2002-09-17,18.565582275390625,18.694114685058597,18.422771453857425,18.46918487548828,14.222046852111816,17194639
2002-09-18,18.526309967041016,18.526309967041016,18.24425506591797,18.429912567138672,14.191804885864258,21151150
2002-09-19,18.208553314208984,18.379926681518555,18.069311141967773,18.24425506591797,14.048840522766112,24616387
2002-09-22,18.351364135742188,18.70482444763184,18.208553314208984,18.565582275390625,14.296276092529297,25511899
2002-09-23,18.494176864624023,18.658411026000977,18.158567428588867,18.24425506591797,14.048840522766112,33851622
2002-09-24,18.144287109375,18.27638816833496,17.994333267211914,18.233545303344727,14.040594100952148,16970345
2002-09-25,18.351364135742188,18.35850524902344,18.19070053100586,18.25853729248047,14.059839248657228,8181500
2002-09-26,18.262107849121094,18.52988052368164,18.122865676879883,18.4192008972168,14.183553695678713,26125096
2002-09-29,18.369216918945312,18.565582275390625,18.35850524902344,18.42634010314941,14.189050674438477,31576774
2002-09-30,18.28709983825684,18.387067794799805,17.7836856842041,17.85152244567871,13.746417999267578,29068668
2002-10-02,17.780115127563477,17.815818786621094,17.17316436767578,17.28741455078125,13.31203269958496,68501677
2002-10-03,17.216007232666016,17.269563674926758,16.784000396728516,16.862548828125,12.98486614227295,55472424
2002-10-06,16.780431747436523,17.255281448364258,16.751867294311523,17.14817237854004,13.204811096191406,28380996
2002-10-07,17.183874130249023,17.408803939819336,17.123180389404297,17.305265426635742,13.325775146484377,18650971
2002-10-08,17.33382797241211,17.38024139404297,16.97322654724121,17.023212432861328,13.108587265014648,20233315
2002-10-09,16.923242568969727,17.09461784362793,16.798282623291016,16.916101455688477,13.026105880737305,20938059
2002-10-10,17.922927856445312,17.922927856445312,17.001789093017578,17.108898162841797,13.174568176269531,18031444
2002-10-13,17.208866119384766,17.38024139404297,17.137460708618164,17.2945556640625,13.31753158569336,14663623
2002-10-15,17.38738250732422,17.655155181884766,17.337398529052734,17.437366485595703,13.427501678466797,27546599
2002-10-16,17.38738250732422,17.48021125793457,17.255281448364258,17.398094177246094,13.397261619567873,16907675
2002-10-17,17.47307014465332,17.662296295166016,17.248140335083008,17.344539642333984,13.356019973754885,19903470
2002-10-20,17.423086166381836,17.437366485595703,17.223148345947266,17.290983200073242,13.314781188964844,11103912
2002-10-21,17.35881996154785,17.37310028076172,17.069625854492188,17.13389015197754,13.19381332397461,15611777
2002-10-22,16.98036766052246,16.98036766052246,16.808992385864258,16.8482666015625,13.435072898864746,19106437
2002-10-23,16.780431747436523,16.923242568969727,16.359134674072266,16.416259765625,13.090579986572266,40213040
2002-10-24,16.387697219848633,16.4876651763916,15.820018768310549,15.927127838134766,12.700541496276855,66184858
2002-10-27,15.909276962280272,16.03780746459961,15.570097923278809,15.69505786895752,12.51548194885254,40337021
2002-10-28,16.102073669433594,16.60191535949707,16.002103805541992,16.46267318725586,13.12759017944336,79943964
2002-10-29,16.60905647277832,16.844696044921875,16.60905647277832,16.737586975097656,13.346813201904297,53997354
2002-10-30,16.92681312561035,19.236799240112305,16.92681312561035,18.95831680297852,15.117657661437988,509674504
2002-10-31,18.979738235473636,19.11540985107422,17.976482391357422,18.404918670654297,14.676372528076172,317726453
2002-11-03,18.78337287902832,18.87262916564941,18.58700561523437,18.797653198242188,14.989544868469238,72357384
2002-11-04,18.9226131439209,18.9226131439209,18.544160842895508,18.651269912719727,14.872814178466797,71797712
2002-11-06,18.81550407409668,19.37604141235352,18.39420890808105,18.540590286254883,14.784555435180664,125825680
2002-11-07,18.137147903442383,18.719106674194336,18.137147903442383,18.422771453857425,14.690608024597168,95745571
2002-11-10,18.422771453857425,18.45133209228516,18.176420211791992,18.279958724975582,14.576727867126465,40732533
2002-11-11,18.137147903442383,18.686973571777344,18.112154006958008,18.62270736694336,14.8500394821167,78121220
2002-11-12,19.26179313659668,19.26179313659668,18.594146728515625,18.76909065246582,14.966768264770508,114265630
2002-11-13,18.81550407409668,18.972597122192383,18.726247787475582,18.91547393798828,15.083492279052734,70839937
2002-11-14,19.07256507873535,19.243940353393555,19.00115966796875,19.15111351013184,15.27139949798584,68736475
2002-11-17,19.136831283569336,19.76520538330078,19.07256507873535,19.411745071411133,15.479228973388672,92854473
2002-11-19,19.458158493041992,19.843751907348636,19.351049423217773,19.5259952545166,15.570335388183594,104343003
2002-11-20,19.654525756835938,19.77948760986328,19.515283584594727,19.615253448486328,15.641510009765623,60963594
2002-11-21,19.743783950805664,20.593515396118164,19.743783950805664,20.37572860717773,16.2479248046875,189851549
2002-11-24,20.315031051635746,20.82915687561035,20.11866569519043,20.461414337158203,16.316251754760742,132548622
2002-11-25,20.68634414672852,21.12192153930664,20.67563247680664,20.87914085388184,16.649354934692383,193997106
2002-11-26,20.81487464904785,20.918413162231445,20.43285179138184,20.514968872070312,16.35895347595215,98332241
2002-11-27,20.707765579223636,20.918413162231445,20.647071838378903,20.764890670776367,16.55824851989746,99033736
2002-11-28,20.886280059814453,21.04694557189941,20.261478424072266,20.55781364440918,16.393115997314453,111038342
2002-12-01,20.700624465942383,21.218318939208984,20.56495475769043,21.032663345336918,16.771772384643555,82730519
2002-12-02,21.27544403076172,21.54678726196289,20.67206382751465,20.80416488647461,16.589563369750977,109562264
2002-12-03,20.92198371887207,21.01838111877441,20.47926521301269,20.886280059814453,16.655044555664062,128405068
2002-12-04,21.04337310791016,21.271873474121094,20.886280059814453,21.021953582763672,16.76323699951172,91548576
2002-12-05,21.07193756103516,21.350421905517575,20.92555427551269,21.146913528442383,16.86287498474121,51392478
2002-12-08,21.350421905517575,21.725303649902344,20.79702377319336,20.918413162231445,16.680667877197266,114266106
2002-12-09,20.772031784057617,21.0112419128418,20.572093963623047,20.94697570800781,16.70345115661621,64414715
2002-12-10,21.057655334472656,21.20046806335449,20.7506103515625,20.896991729736328,16.663589477539062,58044992
2002-12-11,20.92198371887207,21.032663345336918,20.718477249145508,20.98267936706543,16.731918334960938,56106320
2002-12-12,20.56495475769043,21.328998565673828,20.56495475769043,21.20403861999512,16.908435821533203,53087418
2002-12-15,21.564638137817383,21.564638137817383,21.064796447753903,21.11478042602539,16.837257385253906,93511658
2002-12-16,21.157623291015625,21.264732360839844,20.854148864746094,21.00053024291992,16.74614906311035,69258811
2002-12-17,21.032663345336918,21.12906265258789,20.61136817932129,20.700624465942383,16.50700569152832,49761007
2002-12-18,20.67206382751465,20.736328125,20.41143035888672,20.64349937438965,16.46144676208496,54218315
2002-12-19,20.63636016845703,20.911272048950195,20.63636016845703,20.764890670776367,16.55824851989746,51132080
2002-12-22,20.847007751464844,20.85057830810547,20.60422706604004,20.68277359008789,16.49277114868164,35336537
2002-12-23,20.654211044311523,20.86842918395996,20.150798797607425,20.81844520568848,16.600954055786133,51955287
2002-12-25,20.904132843017575,21.614622116088867,20.886280059814453,21.457529067993164,17.110567092895508,153328642
2002-12-26,21.600341796875,21.878826141357425,21.22188949584961,21.343280792236328,17.019466400146484,144942117
2002-12-29,21.20760726928711,21.36113166809082,21.00053024291992,21.24331283569336,16.93975067138672,58407328
2002-12-30,21.41468620300293,21.41468620300293,21.211179733276367,21.27544403076172,16.965370178222656,53121742
2002-12-31,21.478952407836918,21.5289363861084,21.21474838256836,21.264732360839844,16.956830978393555,47412411
2003-01-01,21.339710235595703,21.339710235595703,20.893421173095703,20.957687377929688,16.711992263793945,40149278
2003-01-02,21.07193756103516,21.08978843688965,20.500688552856445,20.56138229370117,16.395967483520508,72746595
2003-01-05,20.539962768554688,20.59708595275879,20.2900390625,20.33645439147949,16.21660804748535,48579301
2003-01-06,20.42571258544922,20.53639030456543,20.300750732421875,20.354305267333984,16.23084259033203,37957980
2003-01-07,20.37572860717773,20.772031784057617,20.361446380615234,20.632789611816406,16.452909469604492,35951905
2003-01-08,20.74346923828125,21.271873474121094,20.725616455078125,21.161195755004883,16.874265670776367,79905158
2003-01-09,21.33613967895508,21.350421905517575,20.85057830810547,21.211179733276367,16.91412353515625,61297754
2003-01-12,21.20760726928711,21.22903060913086,21.02909278869629,21.0826473236084,16.81163215637207,36967854
2003-01-13,20.914844512939453,21.064796447753903,20.81487464904785,21.02909278869629,16.76892852783203,40219496
2003-01-14,20.85057830810547,20.957687377929688,20.52210998535156,20.764890670776367,16.55824851989746,55546606
2003-01-15,20.764890670776367,20.918413162231445,20.58994674682617,20.811304092407227,16.595260620117188,34454833
2003-01-16,20.886280059814453,20.97553825378418,20.7506103515625,20.87557029724121,16.646507263183594,26453471
2003-01-19,20.88985061645508,20.98982048034668,20.618507385253903,20.69705581665039,16.504154205322266,20736760
2003-01-20,20.707765579223636,20.92198371887207,20.56495475769043,20.85771942138672,16.63227081298828,26085071
2003-01-21,20.886280059814453,21.24331283569336,20.800594329833984,21.139772415161133,16.857181549072266,54271252
2003-01-22,21.20760726928711,21.42182731628418,20.8220157623291,20.900562286376957,16.66643524169922,45986007
2003-01-23,20.95054626464844,20.95054626464844,20.082963943481445,20.18293190002441,16.094186782836914,57131232
2003-01-26,20.154369354248047,20.343595504760746,19.30820655822754,19.51885414123535,15.5646390914917,68346732
2003-01-27,19.304636001586918,19.97228240966797,19.229660034179688,19.897306442260746,15.866425514221191,73657273
2003-01-28,22.135887145996094,22.135887145996094,19.37604141235352,19.504573822021484,15.553251266479492,43454178
2003-01-29,19.504573822021484,19.7009391784668,19.040433883666992,19.165393829345703,15.282784461975098,72634279
2003-01-30,19.06542587280273,19.9580020904541,18.80122375488281,19.64024543762207,15.661437034606934,172248779
2003-02-02,20.13651657104492,20.17222023010254,19.74735450744629,20.090103149414062,16.02016258239746,57143318
2003-02-03,20.293611526489254,20.447134017944336,20.01155662536621,20.093673706054688,16.023014068603516,62720447
2003-02-04,19.97228240966797,20.27932929992676,19.82590103149414,20.175790786743164,16.0884952545166,47109930
2003-02-05,20.20792388916016,20.41143035888672,20.14365768432617,20.354305267333984,16.23084259033203,41533991
2003-02-06,20.386438369750977,20.47926521301269,19.808048248291016,20.047260284423828,15.985998153686523,55241688
2003-02-09,20.043689727783203,20.200782775878903,19.922298431396484,20.11152458190918,16.037246704101562,40877745
2003-02-10,20.150798797607425,20.268617630004883,20.01512718200684,20.168649673461918,16.082794189453125,34483696
2003-02-11,20.10438346862793,20.200782775878903,19.89016532897949,20.079391479492188,16.011621475219727,36870328
2003-02-13,20.115095138549805,20.343595504760746,20.007986068725582,20.286470413208008,16.176748275756836,51934645
2003-02-16,20.52210998535156,20.886280059814453,20.50425910949707,20.83629608154297,16.615188598632812,44307312
2003-02-17,20.92198371887207,20.979108810424805,20.622079849243164,20.68277359008789,16.49277114868164,32597597
2003-02-18,20.78274154663086,20.911272048950195,20.65778160095215,20.73275756835937,16.532625198364258,26041994
2003-02-19,20.707765579223636,20.772031784057617,20.49711799621582,20.62921905517578,16.450063705444336,21668977
2003-02-20,20.647071838378903,21.12906265258789,20.63636016845703,21.057655334472656,16.79170036315918,63267726
2003-02-23,21.218318939208984,21.689599990844727,21.218318939208984,21.614622116088867,17.23583984375,133025346
2003-02-24,21.42182731628418,21.532506942749023,21.04694557189941,21.10407066345215,16.828716278076172,69502586
2003-02-25,21.182615280151367,21.271873474121094,20.81487464904785,20.893421173095703,16.660741806030273,55005461
2003-02-26,20.800594329833984,21.20760726928711,20.729188919067383,21.093358993530277,16.820175170898438,59556978
2003-02-27,21.20760726928711,21.62176322937012,20.88985061645508,21.04694557189941,16.78316307067871,103736766
2003-03-02,21.064796447753903,21.50751495361328,20.939836502075195,21.12192153930664,16.842952728271484,91988609
2003-03-03,21.00053024291992,21.189756393432617,20.779172897338867,20.864858627319336,16.637962341308594,37515217
2003-03-04,20.747039794921875,20.772031784057617,20.2186336517334,20.632789611816406,16.452909469604492,80031001
2003-03-05,20.568523406982425,20.607797622680664,20.29718017578125,20.37572860717773,16.2479248046875,34455800
2003-03-06,19.850893020629883,20.200782775878903,19.850893020629883,20.06511116027832,16.000232696533203,47100939
2003-03-09,20.05797004699707,20.107955932617188,19.604541778564453,19.775915145874023,15.769624710083008,55878146
2003-03-10,19.636674880981445,20.52210998535156,19.57240867614746,20.361446380615234,16.236536026000977,57681003
2003-03-11,20.35073471069336,20.41143035888672,19.74735450744629,19.872314453125,15.846492767333984,35543046
2003-03-12,19.850893020629883,20.05797004699707,19.66523742675781,19.847322463989254,15.826567649841309,50097000
2003-03-16,19.850893020629883,20.05797004699707,19.654525756835938,19.961572647094727,15.917670249938965,56266796
2003-03-18,20.13651657104492,20.40072059631348,20.10438346862793,20.354305267333984,16.23084259033203,49358268
2003-03-19,19.99370574951172,21.12906265258789,19.99370574951172,20.94697570800781,16.70345115661621,71416106
2003-03-20,20.8220157623291,21.06122589111328,20.37215614318848,20.957687377929688,16.711992263793945,57333596
2003-03-23,20.914844512939453,20.914844512939453,20.10438346862793,20.19721221923828,16.105571746826172,55710051
2003-03-24,19.922298431396484,20.47212600708008,19.790197372436523,20.40072059631348,16.267852783203125,49120571
2003-03-25,20.45784568786621,20.575664520263672,20.17936134338379,20.315031051635746,16.199525833129883,39091133
2003-03-26,20.200782775878903,20.254337310791016,19.936580657958984,20.029407501220703,15.971758842468262,35038397
2003-03-27,20.05797004699707,20.45070457458496,20.00441551208496,20.38286781311035,16.25361442565918,42733749
2003-03-30,20.07225227355957,20.193641662597656,19.67951774597168,19.8580322265625,15.83510398864746,47005639
2003-03-31,19.708080291748047,20.19007110595703,19.708080291748047,20.068681716918945,16.003082275390625,37292645
2003-04-01,20.175790786743164,20.42214012145996,20.06511116027832,20.157939910888672,16.07425880432129,35008078
2003-04-02,20.20792388916016,20.493547439575195,20.140087127685547,20.386438369750977,16.256465911865234,31214340
2003-04-03,20.43285179138184,21.00053024291992,20.43285179138184,20.954116821289062,16.70914077758789,68828778
2003-04-06,21.0826473236084,21.564638137817383,21.064796447753903,21.432537078857425,17.09064483642578,69034657
2003-04-07,21.279014587402344,21.33613967895508,21.02909278869629,21.146913528442383,16.86287498474121,42376062
2003-04-08,20.932695388793945,21.057655334472656,20.52925109863281,20.58994674682617,16.41874122619629,44544841
2003-04-09,20.55781364440918,20.60065650939941,20.14365768432617,20.368587493896484,16.242233276367188,40775373
2003-04-10,20.45070457458496,20.993389129638672,20.17222023010254,20.911272048950195,16.67497444152832,48412956
2003-04-14,20.92198371887207,20.93626594543457,19.57597923278809,20.157939910888672,16.07425880432129,81870746
2003-04-15,20.343595504760746,20.37572860717773,20.022266387939453,20.265047073364254,16.1596622467041,42340057
2003-04-16,20.265047073364254,20.265047073364254,19.71879196166992,19.86160469055176,15.8379545211792,43485772
2003-04-20,19.99370574951172,20.13651657104492,19.77948760986328,19.943721771240234,15.903437614440918,30275806
2003-04-21,19.897306442260746,19.908018112182617,19.54741668701172,19.808048248291016,15.795247077941896,54292231
2003-04-22,20.100814819335938,20.31146240234375,19.26179313659668,19.365331649780277,15.442218780517578,221434793
2003-04-23,19.49386215209961,19.77948760986328,19.401033401489254,19.550987243652344,15.590261459350586,91042471
2003-04-24,19.422456741333008,19.60811233520508,19.06542587280273,19.15111351013184,15.27139949798584,77478908
2003-04-27,19.136831283569336,19.543846130371094,18.904762268066406,19.436737060546875,15.499156951904297,68354743
2003-04-28,19.49386215209961,19.55455780029297,19.33319854736328,19.48315048217773,15.536169052124023,44208217
2003-04-29,19.47601127624512,19.672378540039062,19.3546199798584,19.597400665283203,15.627273559570312,34076588
2003-05-01,19.60811233520508,19.629533767700195,19.372472763061523,19.5259952545166,15.570335388183594,32469961
2003-05-04,19.636674880981445,19.708080291748047,19.243940353393555,19.31891632080078,15.405203819274902,38689864
2003-05-05,19.27964401245117,19.468870162963867,19.12969017028809,19.27250289916992,15.36819553375244,43159791
2003-05-06,19.022581100463867,19.190385818481445,18.9226131439209,18.96188735961914,15.12050437927246,41165255
2003-05-07,18.9226131439209,18.990449905395508,18.422771453857425,18.533449172973636,14.7788667678833,73358559
2003-05-08,18.362075805664062,18.81550407409668,18.362075805664062,18.640560150146484,14.864274978637695,42949991
2003-05-11,18.70839500427246,18.779800415039062,18.440622329711918,18.62270736694336,14.8500394821167,29654949
2003-05-12,18.701255798339844,18.76909065246582,18.547731399536133,18.69054412841797,14.904128074645996,23843344
2003-05-13,18.69054412841797,19.0797061920166,18.69054412841797,19.02972221374512,15.174598693847656,39668478
2003-05-14,19.040433883666992,19.165393829345703,18.92975425720215,19.09041786193848,15.222999572753906,27808776
2003-05-15,19.20823860168457,19.265363693237305,19.058284759521484,19.183246612548828,15.29702091217041,30535756
2003-05-18,19.21180725097656,19.36176109313965,19.10112953186035,19.21537971496582,15.32264804840088,35908071
2003-05-19,18.886911392211918,19.479581832885746,18.886911392211918,19.429597854614254,15.493463516235352,41338854
2003-05-20,19.47244071960449,19.550987243652344,19.229660034179688,19.408174514770508,15.476386070251465,36113543
2003-05-21,19.32248878479004,19.650955200195312,19.243940353393555,19.60811233520508,15.63581371307373,42077642
2003-05-22,19.351049423217773,19.41531562805176,19.21537971496582,19.297496795654297,15.889850616455078,21376271
2003-05-25,19.27964401245117,20.06511116027832,19.20823860168457,19.95443153381348,16.430782318115234,42413692
2003-05-26,19.92943954467773,20.307891845703125,19.872314453125,20.02583885192871,16.489580154418945,54396662
2003-05-27,20.06511116027832,20.65778160095215,20.06511116027832,20.56495475769043,16.933496475219727,71745714
2003-05-28,20.67206382751465,21.057655334472656,20.45784568786621,20.964828491210938,17.262760162353516,60641367
2003-05-29,20.993389129638672,21.564638137817383,20.92198371887207,21.321857452392575,17.556745529174805,88124611
2003-06-01,21.350421905517575,21.450389862060547,20.94697570800781,21.032663345336918,17.318613052368164,36886055
2003-06-02,20.87914085388184,21.064796447753903,20.79702377319336,20.86128807067871,17.17750358581543,18522495
2003-06-03,20.88985061645508,21.614622116088867,20.85057830810547,21.46824073791504,17.677274703979492,64238469
2003-06-04,21.77885627746582,22.4786376953125,21.75029563903809,22.314403533935547,18.37401962280273,140731145
2003-06-05,22.492918014526367,22.625019073486328,22.185871124267575,22.38580894470215,18.43281555175781,77948350
2003-06-08,22.8106746673584,22.8106746673584,21.828840255737305,21.964513778686523,18.085912704467773,60458441
2003-06-09,21.864545822143555,22.403661727905277,21.54678726196289,21.675317764282227,17.84778594970703,70590574
2003-06-10,21.63961410522461,22.050199508666992,21.63961410522461,21.97522354125977,18.0947322845459,49155694
2003-06-11,22.03948974609375,22.20015335083008,21.928810119628903,21.993074417114254,18.10943031311035,37202694
2003-06-12,22.1180362701416,22.4500732421875,22.11089515686035,22.34653663635254,18.40047645568848,72191082
2003-06-15,22.50362968444824,22.635730743408203,21.87168502807617,21.93952178955078,18.065336227416992,108127036
2003-06-16,22.1180362701416,23.057025909423828,22.04306030273437,22.92849540710449,18.87967300415039,128219790
2003-06-17,23.046314239501957,23.046314239501957,22.614307403564453,22.707136154174805,18.69740295410156,73870841
2003-06-18,21.503944396972656,23.27838516235352,21.503944396972656,23.199838638305664,19.103099822998047,100688903
2003-06-19,22.99276161193848,24.117406845092773,22.99276161193848,23.95317268371582,19.72340965270996,196668208
2003-06-22,23.88176727294922,23.88176727294922,23.14271354675293,23.224830627441406,19.123676300048828,62150902
2003-06-23,23.224830627441406,23.439048767089844,22.778541564941406,22.874940872192383,18.8355712890625,91338804
2003-06-24,22.99276161193848,23.492603302001957,22.99276161193848,23.19626808166504,19.100160598754883,81563686
2003-06-25,23.27838516235352,23.69968032836914,23.08201789855957,23.21768951416016,19.1177978515625,103622672
2003-06-26,23.32479858398437,23.42119789123535,22.960628509521484,23.189128875732425,19.094282150268555,65064967
2003-06-29,23.206979751586918,23.57829093933105,23.03560447692871,23.199838638305664,19.103099822998047,78672602
2003-06-30,23.28195571899414,23.44976043701172,23.08201789855957,23.26410484313965,19.156021118164062,82959281
2003-07-01,23.41048622131348,23.849634170532227,23.27838516235352,23.456899642944336,19.314769744873047,106131604
2003-07-02,23.546157836914062,23.95317268371582,23.371213912963867,23.617563247680664,19.447057723999023,115325848
2003-07-03,23.781797409057617,24.08527374267578,23.63541603088379,23.774656295776367,19.57640838623047,83165944
2003-07-06,23.849634170532227,24.09955406188965,23.392635345458984,23.47475242614746,19.3294677734375,57341354
2003-07-07,23.499744415283203,23.63541603088379,23.18198776245117,23.29623794555664,19.18247604370117,49463749
2003-07-08,23.564008712768555,23.564008712768555,23.08201789855957,23.32479858398437,19.205997467041016,42943059
2003-07-09,23.485462188720703,23.96388435363769,23.32479858398437,23.856773376464844,19.644031524658203,59663355
2003-07-10,23.849634170532227,24.09955406188965,23.53901672363281,23.613994598388672,19.44411849975586,57970502
2003-07-13,23.778228759765625,24.31377220153809,23.778228759765625,24.26021957397461,19.97623634338379,91666830
2003-07-14,24.349475860595703,24.627960205078125,23.89961814880371,24.110265731811523,19.852760314941406,84122767
2003-07-15,24.04600143432617,24.735069274902344,23.921039581298828,24.54584312438965,20.21141624450684,78125562
2003-07-16,24.63510131835937,24.77077293395996,23.992446899414062,24.1923828125,19.92037773132324,80737902
2003-07-17,24.167390823364254,24.992130279541016,23.849634170532227,24.224515914916992,19.946834564208984,78313837
2003-07-20,24.363758087158203,24.38517951965332,23.856773376464844,23.971023559570312,19.738100051879883,65664832
2003-07-21,23.981735229492188,23.981735229492188,23.51759529113769,23.85320472717285,19.641090393066406,73585039
2003-07-22,23.992446899414062,24.028148651123047,23.378353118896484,23.549728393554688,19.391202926635746,62402827
2003-07-23,23.642555236816406,24.706506729125977,23.499744415283203,24.40660095214844,20.09676551818848,78868454
2003-07-24,24.63510131835937,25.06353759765625,24.44230461120605,24.96356964111328,20.555381774902344,113136735
2003-07-27,25.031404495239254,25.30274772644043,24.52799224853516,24.64938163757324,20.29667282104492,67780254
2003-07-28,24.495859146118164,24.92072486877441,24.413742065429688,24.82432746887207,20.440731048583984,71057439
2003-07-29,24.563695907592773,25.24562263488769,23.564008712768555,24.892162322998047,20.4965877532959,68998595
2003-07-30,25.06353759765625,25.838293075561523,24.777912139892575,25.55623817443848,21.04339408874512,224892341
2003-07-31,25.684770584106445,25.684770584106445,25.24919319152832,25.352731704711918,20.875825881958008,74671095
2003-08-03,25.24205207824707,25.54195785522461,25.17064666748047,25.342021942138672,20.86700439453125,51695702
2003-08-04,25.39200592041016,25.991817474365234,24.610109329223636,24.845748901367188,20.45836639404297,113417159
2003-08-05,24.535131454467773,25.449129104614254,24.535131454467773,25.034975051879883,20.614177703857425,121809328
2003-08-06,25.217060089111328,25.491973876953125,24.895732879638672,25.38843536376953,20.905223846435547,78509311
2003-08-07,25.699052810668945,26.023948669433597,25.491973876953125,25.94183158874512,21.360898971557617,100474328
2003-08-10,25.599082946777344,26.06322288513184,25.599082946777344,25.799020767211918,21.243303298950195,65362813
2003-08-11,27.76268768310547,27.76268768310547,25.38843536376953,25.477693557739254,20.978721618652344,53918173
2003-08-12,26.41311264038086,26.41311264038086,25.4027156829834,25.77402877807617,21.22272300720215,63463283
2003-08-13,25.8490047454834,26.095354080200195,25.502685546875,25.606224060058597,21.084556579589844,67262847
2003-08-17,25.63478660583496,26.023948669433597,25.34916114807129,25.79545021057129,21.240365982055664,78071589
2003-08-18,25.895418167114254,26.523792266845703,25.752605438232425,26.355987548828125,21.70191764831543,82301606
2003-08-19,26.563064575195312,26.755861282348636,26.24530792236328,26.341705322265625,21.69015884399414,49097940
2003-08-20,26.777284622192383,26.777284622192383,26.35955810546875,26.49880027770996,21.81951713562012,59203324
2003-08-21,26.64875221252441,27.473493576049805,26.563064575195312,27.255704879760746,22.44275665283203,116788342
2003-08-24,27.56275177001953,30.3261661529541,26.21317481994629,27.03434562683105,22.26049041748047,132404097
2003-08-25,27.134313583374023,27.991186141967773,26.99864196777344,27.89478874206543,22.968992233276367,112114301
2003-08-26,27.84837532043457,28.351787567138672,27.84837532043457,28.119718551635746,23.154203414916992,73505914
2003-08-27,28.137569427490234,28.383920669555664,27.74126625061035,28.11257743835449,23.14832305908203,70642923
2003-08-28,28.491029739379883,28.901615142822266,28.11614799499512,28.61241912841797,23.55990219116211,92274019
2003-08-31,28.437475204467773,29.59068489074707,28.437475204467773,29.2907772064209,24.11847305297852,84452781
2003-09-01,29.633527755737305,30.10480690002441,29.394317626953125,29.890588760375977,24.61236572265625,135259343
2003-09-02,29.71564483642578,29.912010192871094,28.994443893432617,29.13011360168457,23.986177444458008,77420832
2003-09-03,29.055137634277344,29.49071502685547,28.926607131958008,29.226512908935547,24.065553665161133,88695220
2003-09-04,29.355043411254883,30.083385467529297,29.355043411254883,29.979846954345703,24.685863494873047,81359053
2003-09-07,30.14051055908203,31.23659324645996,30.14051055908203,31.1044921875,25.611915588378903,109846273
2003-09-08,31.215171813964844,31.59005355834961,30.854570388793945,31.154476165771484,25.65306854248047,123502517
2003-09-09,31.06164932250977,31.09378242492676,30.747461318969727,31.036657333374023,25.556053161621094,71159685
2003-09-10,30.34758758544922,31.361555099487305,30.34758758544922,30.611791610717773,25.20621490478516,96604041
2003-09-11,30.561805725097656,30.9616813659668,29.704933166503903,29.92986297607422,24.64470672607422,85145047
2003-09-14,29.919151306152344,29.97627639770508,28.680255889892575,28.8873348236084,23.786264419555664,121887277
2003-09-15,28.99087142944336,29.39788627624512,28.10543632507324,29.287208557128903,24.11553192138672,136987095
2003-09-16,29.847745895385746,29.847745895385746,28.715959548950195,29.055137634277344,23.9244441986084,100901406
2003-09-17,29.20509147644043,29.20509147644043,28.037601470947266,28.230398178100582,23.24534034729004,122191943
2003-09-18,28.20897674560547,29.122974395751957,27.991186141967773,28.85163116455078,23.756872177124023,153707700
2003-09-21,29.412168502807617,29.412168502807617,28.56957626342773,28.780223846435547,23.69807243347168,74664260
2003-09-22,28.57314682006836,29.697792053222656,28.40177154541016,29.45858192443848,24.25664520263672,70971760
2003-09-23,29.75491714477539,30.790306091308597,29.43716049194336,30.633211135864254,25.223852157592773,118908427
2003-09-24,30.561805725097656,30.883134841918945,29.704933166503903,29.86202621459961,24.588851928710938,140227855
2003-09-25,30.047683715820312,30.522533416748047,29.776338577270508,30.44041633605957,25.06509780883789,101622465
2003-09-28,36.41710662841797,36.41710662841797,30.543954849243164,31.01166534423828,25.535476684570312,68963038
2003-09-29,31.15090751647949,31.800701141357425,31.06164932250977,31.69002342224121,26.09404945373535,109159721
2003-09-30,31.49008560180664,31.800701141357425,30.922407150268555,31.11163330078125,25.617788314819336,64365531
2003-10-02,31.347272872924805,32.13274002075195,31.275867462158203,32.02920150756836,26.373329162597656,92937113
2003-10-05,32.025630950927734,32.83251953125,30.1690731048584,32.66828536987305,26.899564743041992,68364182
2003-10-06,32.70398712158203,32.91820526123047,32.14345169067383,32.26127243041992,26.564422607421875,75842045
2003-10-07,33.20383071899414,33.20383071899414,32.03634262084961,32.50762176513672,26.76727104187012,64480381
2003-10-08,32.775394439697266,33.06101989746094,32.282691955566406,32.50048065185547,26.761388778686523,76156360
2003-10-09,32.71826934814453,33.70367431640625,32.71826934814453,33.62512969970703,27.68743896484375,107329947
2003-10-12,33.62155532836914,34.560546875,33.23953628540039,34.34989929199219,28.28423118591309,77883650
2003-10-13,34.631954193115234,34.83903121948242,33.214542388916016,33.4359016418457,27.53163146972656,85021682
2003-10-14,33.50016784667969,34.48200225830078,33.300228118896484,34.178524017333984,28.14311790466309,89588449
2003-10-15,35.55309295654297,35.55309295654297,34.31776809692383,34.88544464111328,28.72520065307617,230880962
2003-10-16,34.77476501464844,35.488826751708984,34.678367614746094,34.95685195922852,28.78400230407715,94173184
2003-10-19,35.20320129394531,35.34601211547852,34.27492141723633,34.4034538269043,28.32832717895508,62736510
2003-10-20,34.631954193115234,34.631954193115234,33.16812896728516,33.43233108520508,27.52869033813477,96531807
2003-10-21,32.864654541015625,33.87504959106445,32.864654541015625,33.48231506347656,27.569843292236328,77285479
2003-10-22,33.54658126831055,33.56086349487305,32.56831741333008,32.761112213134766,26.975994110107425,82339194
2003-10-23,26.42025375366211,33.84648513793945,26.42025375366211,33.607276916503906,27.67274284362793,88147102
2003-10-26,33.91789245605469,33.98929977416992,32.64329528808594,32.775394439697266,26.98776054382324,69776288
2003-10-27,32.8468017578125,33.56086349487305,32.70398712158203,33.153846740722656,27.29938125610352,104009852
2003-10-28,33.36449432373047,33.91432189941406,33.02531814575195,33.73223876953125,27.775634765625,56545862
2003-10-29,33.600135803222656,34.27492141723633,33.46089553833008,34.06427383422852,28.049041748046875,65836288
2003-10-30,34.27492141723633,34.82831954956055,34.139251708984375,34.73549270629883,28.601730346679688,66083410
2003-11-02,34.77119445800781,35.767311096191406,34.77119445800781,35.5673713684082,29.286710739135746,122814579
2003-11-03,35.852996826171875,36.1314811706543,34.78547668457031,35.096092224121094,28.89865493774414,110392949
2003-11-04,34.77476501464844,35.2817497253418,34.31062698364258,34.889015197753906,28.7281494140625,91124985
2003-11-05,35.131797790527344,35.81015396118164,34.92472076416016,35.19248962402344,28.97803497314453,134300335
2003-11-06,35.24247741699219,35.481685638427734,34.253501892089844,34.42844772338867,28.34890937805176,73031669
2003-11-09,36.41710662841797,36.41710662841797,33.639408111572266,34.485572814941406,28.39595031738281,55228187
2003-11-10,34.2856330871582,34.631954193115234,33.96073532104492,34.32133865356445,28.260713577270508,64012424
2003-11-11,34.988983154296875,35.09252166748047,34.42487716674805,34.564117431640625,28.460620880126957,79398058
2003-11-12,35.69590377807617,35.69590377807617,33.99287033081055,34.12139892578125,28.096080780029297,64241396
2003-11-13,33.65011978149414,33.91789245605469,33.0038948059082,33.19668960571289,27.334657669067383,81935027
2003-11-16,33.35735321044922,34.08926773071289,33.20383071899414,33.91432189941406,27.925567626953125,74009302
2003-11-17,33.75008773803711,34.04285430908203,33.20383071899414,33.275238037109375,27.39933586120605,51950120
2003-11-18,33.14313888549805,33.328792572021484,32.74683380126953,32.96105194091797,27.140634536743164,74266857
2003-11-19,32.99675369262695,33.268096923828125,32.06133270263672,32.18986511230469,26.505624771118164,63214173
2003-11-20,31.86139678955078,32.98247146606445,31.86139678955078,32.80752944946289,27.01421546936035,84509135
2003-11-23,32.978904724121094,33.06101989746094,32.425506591796875,32.55403518676758,26.80548667907715,43968181
2003-11-24,32.56117630004883,33.48231506347656,32.56117630004883,33.35021209716797,27.46106338500977,69262438
2003-11-26,33.35735321044922,34.29634475708008,33.35735321044922,34.00357818603516,27.99905776977539,101487224
2003-11-27,34.06070327758789,34.981842041015625,34.06070327758789,34.77833557128906,28.637008666992188,75895178
2003-11-30,34.996124267578125,35.33173370361328,34.85331344604492,35.1496467590332,28.94275283813477,57749723
2003-12-01,35.21391296386719,36.06007385253906,34.68907928466797,35.67448425292969,29.374914169311523,87905736
2003-12-02,36.06007385253906,36.06007385253906,35.19248962402344,35.55309295654297,29.27495765686035,117920738
2003-12-03,35.0211181640625,36.52421569824219,35.0211181640625,36.32427978515625,29.90996360778809,180083321
2003-12-04,36.41710662841797,36.55991744995117,35.07467269897461,35.20677185058594,28.98979377746582,82536782
2003-12-07,34.92828750610352,35.29246139526367,34.085697174072266,34.267784118652344,28.216611862182617,113699628
2003-12-08,34.37132263183594,34.87116241455078,34.37132263183594,34.7462043762207,28.61055564880371,79302128
2003-12-09,34.81047058105469,35.87799072265625,34.71049880981445,35.53166961669922,29.2573184967041,143958545
2003-12-10,35.781593322753906,35.988670349121094,34.93185806274414,35.21034240722656,28.99272727966309,104076611
2003-12-11,35.420989990234375,35.420989990234375,34.81403732299805,35.08181381225586,28.88690185546875,69546938
2003-12-14,35.131797790527344,35.867279052734375,35.131797790527344,35.63163757324219,29.33963203430176,83497793
2003-12-15,35.61735916137695,36.23501968383789,35.1782112121582,36.04579544067383,29.68065071105957,126819545
2003-12-16,36.1314811706543,36.23144912719727,35.71018600463867,35.899410247802734,29.56012535095215,87187086
2003-12-17,35.68876266479492,36.50993347167969,35.68876266479492,36.199317932128906,29.80706214904785,95790063
2003-12-18,36.274295806884766,37.34181594848633,36.274295806884766,37.18115234375,30.61553001403809,149458524
2003-12-21,37.21328353881836,37.8452262878418,37.21328353881836,37.67028427124024,31.01828384399414,60150274
2003-12-22,31.06164932250977,37.83094787597656,31.06164932250977,37.30253982543945,30.715473175048828,64460943
2003-12-23,37.141876220703125,37.91663360595703,37.141876220703125,37.695274353027344,31.03886604309082,60846840
2003-12-25,37.927345275878906,38.03802490234375,37.64886093139648,37.8595085144043,31.17410087585449,48164588
2003-12-28,38.05944442749024,38.48431015014648,38.0023193359375,38.36292266845703,31.58861351013184,46395159
2003-12-29,38.34506988525391,41.41553115844727,38.22011184692383,40.180206298828125,33.084991455078125,172494262
2003-12-30,40.13022232055664,41.61547088623047,40.13022232055664,40.90497970581055,33.681785583496094,160650273
2003-12-31,41.41553115844727,41.41553115844727,40.49796295166016,40.74788665771485,33.552425384521484,57015472
2004-01-01,41.02280044555664,42.05104446411133,40.74788665771485,41.786842346191406,34.407920837402344,113656354
2004-01-04,41.77256393432617,42.12245178222656,40.84428405761719,41.41910171508789,34.10511779785156,85438299
2004-01-05,41.4869384765625,42.0224838256836,40.27660369873047,40.87284469604492,33.65532684326172,81160289
2004-01-06,40.71575164794922,41.59404754638672,40.48725128173828,41.42624282836914,34.11100387573242,83254466
2004-01-07,41.77256393432617,42.69370269775391,41.64046096801758,42.13673400878906,34.69602584838867,74777472
2004-01-08,42.84365463256836,43.24709701538086,41.0692138671875,41.31913375854492,34.02280807495117,122696325
2004-01-11,41.27272033691406,41.69401550292969,40.572940826416016,40.79072952270508,33.58771133422852,78266908
2004-01-12,40.93354034423828,42.09389114379883,40.86213684082031,41.94393539428711,34.53728103637695,82240687
2004-01-13,42.12959289550781,42.772247314453125,42.12959289550781,42.62943649291992,35.10172271728516,71562438
2004-01-14,43.09357452392578,43.264949798583984,41.02993774414063,41.27986145019531,33.99046325683594,94167303
2004-01-15,41.77256393432617,41.90109252929688,40.84428405761719,41.49407958984375,34.16685485839844,112840401
2004-01-18,41.497650146484375,42.05818557739258,40.63720703125,41.75471115112305,34.38145446777344,78038244
2004-01-19,42.05818557739258,42.686561584472656,40.72646331787109,41.019229888916016,33.77586364746094,84740222
2004-01-20,40.79072952270508,41.39411163330078,39.10197448730469,39.4839973449707,32.511722564697266,90635839
2004-01-21,39.48756790161133,41.051361083984375,37.64886093139648,38.22011184692383,31.471023559570312,143108982
2004-01-22,38.48788070678711,40.07666778564453,37.97018814086914,39.83388519287109,32.79983139038086,130190728
2004-01-26,40.13379287719727,41.6583137512207,40.01240158081055,41.461944580078125,34.14038848876953,99040724
2004-01-27,41.98678207397461,42.0760383605957,40.66933822631836,41.10848617553711,33.849361419677734,117000341
2004-01-28,41.4869384765625,41.83682632446289,40.36586380004883,40.80857849121094,33.60240173339844,207142637
2004-01-29,40.87998580932617,41.37268829345703,39.84459686279297,40.02668380737305,32.95857620239258,86396915
2004-02-02,40.13022232055664,40.33015823364258,39.194801330566406,39.53755187988281,32.555816650390625,96821782
2004-02-03,39.655372619628906,41.058502197265625,39.24121856689453,40.80144119262695,33.59652328491211,103232089
2004-02-04,41.02280044555664,41.30842208862305,39.93742752075195,40.315879821777344,33.196712493896484,101116472
2004-02-05,40.612213134765625,41.20131301879883,40.28017425537109,41.08706283569336,33.83171081542969,91705860
2004-02-08,41.30842208862305,42.12959289550781,41.30842208862305,42.036766052246094,34.61370849609375,69893883
2004-02-09,42.272403717041016,42.72940444946289,41.815406799316406,42.361663818359375,34.8812370300293,123921417
2004-02-10,44.27177429199219,44.27177429199219,41.49407958984375,41.936798095703125,34.531394958496094,86968029
2004-02-11,42.14744567871094,42.47948455810547,41.70115661621094,41.96535873413086,34.55491638183594,82921203
2004-02-12,41.854679107666016,42.657997131347656,41.70829772949219,42.51518630981445,35.00765609741211,65429166
2004-02-15,42.70084381103516,42.98646545410156,42.14744567871094,42.340240478515625,34.86359405517578,79718871
2004-02-16,42.279544830322266,43.20068359375,42.12959289550781,42.75439453125,35.204620361328125,129142680
2004-02-17,42.97575378417969,43.59341812133789,42.85436630249024,43.18997573852539,35.56328201293945,158050718
2004-02-18,43.20782470703125,43.48630905151367,41.41910171508789,41.58333587646485,34.2403450012207,116966506
2004-02-19,41.49407958984375,42.48662567138672,41.45123672485352,41.947509765625,34.54021072387695,140573064
2004-02-22,42.05818557739258,42.41521835327149,39.99455261230469,40.36943435668945,33.24081039428711,131518794
2004-02-23,39.66608428955078,40.60150146484375,39.27334976196289,40.39799499511719,33.26432037353516,175812789
2004-02-24,40.70146942138672,40.70146942138672,39.43401336669922,39.64466094970703,32.64402389526367,97507816
2004-02-25,39.55897521972656,40.2944564819336,38.48788070678711,38.7235221862793,31.885536193847656,146810711
2004-02-26,38.95559310913086,39.74462890625,38.91632080078125,39.60895919799805,32.614627838134766,115704849
2004-02-29,40.63006591796875,40.66219711303711,39.72320938110352,40.50867462158203,33.35546112060547,87320408
2004-03-02,40.64077758789063,41.69401550292969,40.49439239501953,41.47622680664063,34.15216064453125,119271800
2004-03-03,41.27272033691406,41.70115661621094,40.74431610107422,40.96210479736328,33.72881317138672,59517947
2004-03-04,40.77287673950195,41.95107650756836,40.77287673950195,41.854679107666016,34.46377944946289,57935295
2004-03-07,41.98678207397461,42.772247314453125,41.94393539428711,42.54017639160156,35.028228759765625,68029504
2004-03-08,42.84365463256836,42.84365463256836,41.30842208862305,41.72257614135742,34.35500717163086,63969584
2004-03-09,41.4869384765625,41.55834579467773,40.71575164794922,40.96567535400391,33.73175430297852,57012251
2004-03-10,40.84428405761719,41.27272033691406,40.20162963867188,40.40513610839844,33.270206451416016,78134847
2004-03-11,40.308738708496094,40.63006591796875,39.63394927978516,40.17306518554688,33.07910919189453,75771967
2004-03-14,40.490821838378906,40.68719100952149,38.55928802490234,38.91988754272461,32.04722213745117,92765349
2004-03-15,38.55928802490234,39.61967086791992,38.23796081542969,38.69139099121094,31.85907745361328,119208906
2004-03-16,38.91632080078125,39.416160583496094,38.21297073364258,38.587852478027344,31.773826599121094,112189995
2004-03-17,38.70210266113281,38.85205459594727,36.799129486083984,37.06690216064453,30.521453857421875,156637254
2004-03-18,36.91694641113281,37.7416877746582,36.91694641113281,37.36323547363281,30.765460968017575,109745049
2004-03-21,36.352840423583984,37.34181594848633,36.09934997558594,36.252872467041016,29.851163864135746,90124832
2004-03-22,36.345699310302734,36.95265197753906,36.07792663574219,36.54206848144531,30.08928871154785,92984770
2004-03-23,36.55991744995117,36.791988372802734,36.1171989440918,36.58134078979492,30.12163734436035,99235162
2004-03-24,36.63489532470703,37.152587890625,36.43852615356445,36.706302642822266,30.22453498840332,134606290
2004-03-25,36.98478317260742,37.86664962768555,36.98478317260742,37.53818130493164,30.909513473510746,105696165
2004-03-28,37.5703125,38.1736946105957,37.495338439941406,37.75954055786133,31.09178352355957,79964214
2004-03-29,37.85236740112305,38.32364654541016,37.563175201416016,37.641719818115234,30.99476623535156,89126542
2004-03-30,37.634578704833984,38.55928802490234,37.47034454345703,38.420047760009766,31.635644912719727,76872069
2004-03-31,38.48788070678711,39.82317733764648,38.48788070678711,39.69107437133789,32.682228088378906,108451994
2004-04-01,46.41395950317383,46.41395950317383,39.68393325805664,40.40156555175781,33.26726150512695,99771768
2004-04-04,40.48725128173828,41.51192855834961,40.48725128173828,41.06564331054688,33.8140754699707,90699433
2004-04-05,41.12990951538086,41.58690643310547,40.31945037841797,41.08706283569336,33.83171081542969,100026761
2004-04-06,41.40481948852539,41.47979736328125,40.70146942138672,40.98709487915039,33.749393463134766,58225817
2004-04-07,40.70146942138672,41.39411163330078,40.38014221191406,40.9121208190918,33.68766021728516,64967034
2004-04-11,41.09420394897461,41.09420394897461,39.89458084106445,40.11236953735352,33.02913284301758,53650059
2004-04-12,40.27303314208984,41.12276840209961,39.65894317626953,40.937110900878906,33.70823669433594,56786920
2004-04-14,41.33698654174805,41.501220703125,40.17306518554688,40.36943435668945,33.24081039428711,83348366
2004-04-15,40.41584777832031,40.8978385925293,40.25161361694336,40.42655944824219,33.287845611572266,42428943
2004-04-18,40.23733139038086,40.65862655639648,39.316192626953125,39.45900344848633,32.49114227294922,57064585
2004-04-19,39.59467697143555,39.59467697143555,39.13053512573242,39.44115447998047,32.476444244384766,49194696
2004-04-20,39.27692031860352,40.66219711303711,39.27334976196289,40.58365249633789,33.417198181152344,66400273
2004-04-21,40.55865859985352,40.97281265258789,40.23733139038086,40.612213134765625,33.440711975097656,45343596
2004-04-22,40.55865859985352,41.044219970703125,40.35515213012695,40.50867462158203,33.35546112060547,50254004
2004-04-26,39.98741149902344,39.98741149902344,38.37006378173828,38.520015716552734,31.71796417236328,93593864
2004-04-27,38.56285858154297,39.201942443847656,38.35578155517578,38.587852478027344,31.773826599121094,92191757
2004-04-28,38.48788070678711,38.844913482666016,37.595306396484375,37.79524230957031,31.12117958068848,231388636
2004-04-29,40.34444046020508,44.63594818115234,37.28826141357422,37.59173583984375,30.953611373901367,104126789
2004-05-02,37.63100814819336,37.93805694580078,36.82411956787109,37.73454666137695,31.071191787719727,115360046
2004-05-03,38.26652526855469,45.2036247253418,37.78096389770508,37.89878082275391,31.206432342529297,67022825
2004-05-04,37.988040924072266,38.09157943725586,37.634578704833984,37.8452262878418,31.16233253479004,59745925
2004-05-05,38.2022590637207,38.79492950439453,38.141563415527344,38.594993591308594,31.77970123291016,82542006
2004-05-06,37.988040924072266,38.452178955078125,37.75954055786133,38.0166015625,31.303449630737305,62266887
2004-05-09,37.82380676269531,37.82380676269531,36.78841781616211,37.07404327392578,30.527328491210938,89515010
2004-05-10,36.4599494934082,36.48851013183594,34.53555679321289,35.0068359375,28.82515525817871,102120168
2004-05-11,34.560546875,35.66020202636719,34.560546875,35.463836669921875,29.201465606689453,87466922
2004-05-12,34.27492141723633,37.4417839050293,33.84648513793945,36.52064514160156,30.071653366088867,183148451
2004-05-13,36.41710662841797,36.97407150268555,33.64654922485352,34.06784439086914,28.051977157592773,172382661
2004-05-16,33.56086349487305,33.696533203125,27.255704879760746,28.869482040405277,23.77157020568848,131182688
2004-05-17,30.70461845397949,32.69684982299805,29.28363609313965,30.96882057189941,25.50019836425781,189088981
2004-05-18,31.72215461730957,33.275238037109375,31.72215461730957,32.30768585205078,26.60264015197754,161330985
2004-05-19,33.06101989746094,33.182411193847656,31.42938995361328,31.647178649902344,26.593883514404297,131601070
2004-05-20,31.554351806640625,31.561492919921875,30.70818901062012,31.382976531982425,26.371871948242188,94462978
2004-05-23,32.13274002075195,32.70398712158203,31.779279708862305,32.40765380859375,27.232933044433597,94626507
2004-05-24,32.34695816040039,32.83966064453125,31.179468154907227,32.539756774902344,27.34393882751465,112127997
2004-05-25,32.8468017578125,33.41804885864258,32.518333435058594,32.796817779541016,27.55995178222656,95857508
2004-05-26,32.27555465698242,32.67185592651367,31.88995933532715,32.064903259277344,26.944904327392575,79936738
2004-05-27,31.92209243774414,32.19700622558594,30.43327522277832,30.89741516113281,25.963838577270508,124708087
2004-05-30,30.81172752380371,31.340133666992188,29.45501136779785,30.690336227416992,25.78982734680176,135183145
2004-05-31,31.06164932250977,31.63289833068848,30.858142852783203,31.00452423095703,26.053842544555664,87041132
2004-06-01,31.12591552734375,31.62932777404785,31.0330867767334,31.3794059753418,26.368865966796875,60172345
2004-06-02,31.847116470336918,32.289833068847656,30.211917877197266,30.58679962158203,25.702823638916016,100953502
2004-06-03,30.204776763916016,31.06164932250977,30.17621421813965,30.954540252685547,26.0118408203125,86150171
2004-06-06,31.06164932250977,32.10417938232422,31.06164932250977,31.76142883300781,26.68988800048828,92592591
2004-06-07,31.77570915222168,32.60044860839844,31.525789260864254,32.50762176513672,27.31693649291992,101752440
2004-06-08,32.63258361816406,32.72183990478516,32.08275604248047,32.18986511230469,27.04991340637207,71929998
2004-06-09,32.054195404052734,32.27555465698242,31.77570915222168,31.968505859375,26.863903045654297,49251190
2004-06-10,31.91852188110352,31.91852188110352,30.70461845397949,30.82600975036621,25.903831481933597,66139259
2004-06-13,30.633211135864254,31.23302459716797,30.311885833740234,31.05450820922852,26.09585189819336,101537724
2004-06-14,31.068790435791016,32.311256408691406,30.990243911743164,32.17558288574219,27.03791046142578,95031444
2004-06-15,32.34695816040039,32.546897888183594,31.60433578491211,31.85782623291016,26.77089500427246,63774783
2004-06-16,32.08989715576172,32.62901306152344,31.35441398620605,32.439788818359375,27.25993156433105,82664096
2004-06-17,32.418365478515625,32.418365478515625,31.50079727172852,31.757858276367188,26.6868896484375,68899444
2004-06-20,31.86139678955078,31.9827880859375,30.922407150268555,31.02594566345215,26.07184600830078,81796551
2004-06-21,30.904556274414062,31.454383850097656,30.70461845397949,30.829578399658203,25.906835556030277,75524229
2004-06-22,31.09735107421875,31.09735107421875,29.215801239013672,29.365753173828125,24.67674446105957,155018820
2004-06-23,29.347902297973636,30.38329124450684,29.347902297973636,30.208345413208008,25.384796142578125,165338710
2004-06-24,30.276182174682617,31.175899505615234,30.211917877197266,30.81886863708496,25.89783096313477,115239300
2004-06-27,30.74032211303711,31.62932777404785,30.74032211303711,31.540069580078125,26.503875732421875,76022618
2004-06-28,31.418678283691406,31.93637466430664,31.029516220092773,31.65074920654297,26.59688186645508,97278354
2004-06-29,31.718584060668945,31.864967346191406,30.561805725097656,30.67962646484375,25.780820846557617,124211700
2004-06-30,31.37583541870117,31.41153907775879,30.711759567260746,31.315141677856445,26.314861297607425,69264875
2004-07-01,31.06164932250977,31.30443000793457,30.74032211303711,30.983102798461918,26.03584289550781,79491426
2004-07-04,31.0188045501709,31.41510963439941,30.651063919067383,30.736751556396484,25.82883071899414,101090115
2004-07-05,30.754602432250977,31.347272872924805,30.61893081665039,31.30443000793457,26.30586624145508,82780221
2004-07-06,31.347272872924805,31.63289833068848,31.06164932250977,31.30443000793457,26.30586624145508,102001830
2004-07-07,31.393686294555664,31.9113826751709,30.568946838378903,30.847431182861328,25.921838760375977,153627412
2004-07-08,28.562435150146484,31.51150703430176,28.562435150146484,31.340133666992188,26.33586311340332,63477442
2004-07-11,31.20446014404297,31.418678283691406,30.854570388793945,31.18660926818848,26.20685768127441,40268231
2004-07-12,30.990243911743164,31.325851440429688,30.6010799407959,30.74032211303711,25.83182716369629,32930328
2004-07-13,30.92597770690918,30.92597770690918,29.75491714477539,29.847745895385746,25.08177757263184,95971686
2004-07-14,30.040542602539062,30.304744720458984,29.6513786315918,29.997697830200195,25.20778465270996,104458217
2004-07-15,30.13336944580078,30.51182174682617,29.86916732788086,30.30831527709961,25.46880149841309,115001758
2004-07-18,30.418994903564453,30.62607192993164,30.14765167236328,30.26190185546875,25.429800033569336,86482216
2004-07-19,32.13274002075195,32.13274002075195,30.06196403503418,30.6010799407959,25.71482276916504,141001963
2004-07-20,30.776025772094727,31.39725875854492,30.69747734069824,31.01166534423828,26.05984306335449,72609926
2004-07-21,31.70430374145508,32.70042037963867,31.275867462158203,32.48263168334961,27.29593086242676,146069233
2004-07-22,32.70398712158203,33.46803283691406,32.4290771484375,33.2930908203125,27.97698211669922,123313696
2004-07-25,33.275238037109375,34.20351791381836,32.85394287109375,34.08212661743164,28.64002990722656,112749527
2004-07-26,34.27492141723633,34.489139556884766,33.02531814575195,33.21097183227539,27.9079704284668,218197562
2004-07-27,32.9896125793457,33.91789245605469,32.9896125793457,33.62512969970703,28.256000518798828,115820133
2004-07-28,33.91789245605469,33.95359420776367,33.50730895996094,33.8821907043457,28.47201156616211,73375939
2004-07-29,33.92503356933594,35.024688720703125,33.92146301269531,34.910438537597656,29.336084365844727,99586042
2004-08-01,34.84617233276367,35.41741943359375,34.63552474975586,35.2817497253418,29.648099899291992,99070652
2004-08-02,35.29246139526367,35.69233322143555,34.80332946777344,34.94614028930664,29.366079330444336,116550393
2004-08-03,35.06039047241211,35.31031036376953,34.52841567993164,35.22105407714844,29.59710121154785,94400616
2004-08-04,35.481685638427734,36.03865432739258,35.35672378540039,35.91726303100586,30.1821403503418,88993892
2004-08-05,35.83871841430664,35.913692474365234,35.08181381225586,35.2674674987793,29.63610076904297,76737417
2004-08-08,35.131797790527344,35.360294342041016,34.71406936645508,35.14607620239258,29.53409576416016,84287991
2004-08-09,35.20677185058594,35.66377258300781,34.988983154296875,35.467403411865234,29.80411148071289,65280341
2004-08-10,35.488826751708984,35.61735916137695,34.099979400634766,34.27135467529297,28.799041748046875,100072219
2004-08-11,34.28920364379883,34.5462646484375,33.653690338134766,33.93574523925781,28.517024993896484,88750034
2004-08-12,34.06070327758789,34.34632873535156,33.775081634521484,34.05356216430664,28.61602783203125,103644449
2004-08-15,33.85719680786133,34.37132263183594,33.65726089477539,34.192806243896484,28.733034133911133,70141579
2004-08-16,39.63037872314453,39.63037872314453,33.99287033081055,34.246360778808594,28.77804183959961,77742905
2004-08-17,34.046424865722656,34.046424865722656,33.51087951660156,33.600135803222656,28.23500633239746,61274982
2004-08-18,33.70367431640625,34.046424865722656,33.639408111572266,33.93217468261719,28.51402473449707,65585819
2004-08-19,33.9571647644043,33.99644088745117,33.02531814575195,33.08958053588867,27.805971145629883,72789714
2004-08-22,33.13242721557617,33.253814697265625,32.025630950927734,32.22199630737305,27.0769157409668,113176227
2004-08-23,32.31482696533203,32.75397109985352,32.17915344238281,32.38623046875,27.21492576599121,102024265
2004-08-24,32.418365478515625,32.768253326416016,32.16487121582031,32.70398712158203,27.481943130493164,87848276
2004-08-25,32.91820526123047,33.300228118896484,32.796817779541016,32.896785736083984,27.643957138061523,91476846
2004-08-26,32.936058044433594,33.08958053588867,32.39337158203125,32.71826934814453,27.49394798278809,66799917
2004-08-29,32.92534637451172,33.44661331176758,32.92534637451172,33.360923767089844,28.033981323242188,49092898
2004-08-30,33.4216194152832,34.04999542236328,33.4216194152832,33.96430587768555,28.54102325439453,74263440
2004-08-31,33.96430587768555,34.232078552246094,33.8536262512207,33.98929977416992,28.562021255493164,46091600
2004-09-01,33.91789245605469,34.132110595703125,33.61084747314453,33.700103759765625,28.319005966186523,52386021
2004-09-02,33.760799407958984,33.91075134277344,33.46089553833008,33.83220672607422,28.430007934570312,54841722
2004-09-05,33.92503356933594,34.267784118652344,33.88576126098633,34.06784439086914,28.628026962280277,39798145
2004-09-06,33.99644088745117,34.72835159301758,33.99644088745117,34.61410140991211,29.087064743041992,88353107
2004-09-07,34.77476501464844,34.77476501464844,34.35346984863281,34.46772003173828,28.96405029296875,57944664
2004-09-08,34.7604866027832,34.80332946777344,34.36775207519531,34.68193817138672,29.14406967163086,71946537
2004-09-09,34.631954193115234,34.89972686767578,34.42844772338867,34.8354606628418,29.2730712890625,39998058
2004-09-12,35.05324935913086,35.33173370361328,34.646236419677734,35.056819915771484,29.459083557128903,61914508
2004-09-13,35.096092224121094,35.19248962402344,34.54269790649414,34.72835159301758,29.183069229125977,50156729
2004-09-14,34.77119445800781,35.117515563964844,34.589111328125,34.8211784362793,29.261075973510746,46630531
2004-09-15,34.881874084472656,35.117515563964844,34.471290588378906,35.049678802490234,29.453086853027344,48038479
2004-09-16,35.38528823852539,36.41710662841797,35.35672378540039,36.35641098022461,30.551166534423828,116181307
2004-09-19,36.55991744995117,36.55991744995117,35.70661544799805,35.84942626953125,30.125131607055664,63388262
2004-09-20,35.774452209472656,36.345699310302734,35.53166961669922,36.23859024047852,30.452152252197266,70783527
2004-09-21,36.1314811706543,36.16718673706055,35.7137565612793,35.94939422607422,30.209135055541992,80641944
2004-09-22,35.774452209472656,35.974388122558594,35.56023406982422,35.70661544799805,30.005126953125,69288360
2004-09-23,35.70304489135742,36.185035705566406,35.349586486816406,35.62092971801758,29.933124542236328,80391671
2004-09-26,35.41741943359375,35.51382064819336,35.110374450683594,35.37457656860352,29.72610664367676,49518324
2004-09-27,35.33887481689453,35.828006744384766,35.27460861206055,35.4388427734375,29.780105590820312,68248729
2004-09-28,35.503108978271484,36.88124465942383,35.26032638549805,36.724151611328125,30.86019515991211,114677444
2004-09-29,36.702728271484375,37.11331558227539,36.702728271484375,36.9812126159668,31.07620429992676,85039650
2004-09-30,36.9954948425293,38.2022590637207,36.5777702331543,38.07729721069336,31.997255325317383,94983970
2004-10-03,38.05944442749024,39.230506896972656,38.05944442749024,39.00200653076172,32.77431869506836,79911306
2004-10-04,38.98772430419922,39.11625671386719,38.366493225097656,38.55214691162109,32.396297454833984,53412698
2004-10-05,38.480743408203125,39.68393325805664,38.480743408203125,39.0127182006836,32.78331756591797,103549667
2004-10-06,39.26620864868164,40.30159759521485,39.07698440551758,39.9017219543457,33.53037643432617,95659486
2004-10-07,39.98741149902344,40.16592788696289,39.42687225341797,39.59110641479492,33.26935195922852,57210105
2004-10-10,39.63037872314453,39.862449645996094,38.91988754272461,39.0519905090332,32.81632614135742,35896923
2004-10-11,39.05913162231445,39.41259002685547,38.06658554077149,38.20940017700195,32.108272552490234,55923086
2004-10-13,38.34506988525391,38.98058319091797,38.10942840576172,38.76636505126953,32.576297760009766,62169500
2004-10-14,39.00914764404297,39.76605224609375,38.70566940307617,39.00914764404297,32.78032302856445,81406066
2004-10-17,39.201942443847656,39.66608428955078,38.98772430419922,39.323333740234375,33.04433822631836,58737538
2004-10-18,39.50185012817383,40.19448852539063,39.416160583496094,39.97669982910156,33.5933837890625,77133714
2004-10-19,40.48725128173828,40.48725128173828,39.03413772583008,39.1412467956543,32.891326904296875,102341073
2004-10-20,39.21265411376953,39.48042678833008,38.31650924682617,38.50216293334961,32.354286193847656,85962610
2004-10-24,38.55928802490234,38.844913482666016,38.14513397216797,38.330787658691406,32.21027374267578,119406508
2004-10-25,42.84365463256836,42.84365463256836,38.35578155517578,39.39831161499024,33.10734939575195,89558592
2004-10-26,39.45543670654297,39.55897521972656,38.43075942993164,38.60213088989258,32.438289642333984,152264923
2004-10-27,38.76993560791016,39.16624069213867,38.31650924682617,38.459320068359375,32.31829071044922,118056469
2004-10-28,38.63069534301758,38.844913482666016,37.64886093139648,37.78453063964844,31.75124740600586,77086687
2004-10-31,37.980899810791016,38.17726516723633,37.53818130493164,37.83451843261719,31.793256759643555,68538803
2004-11-01,38.13085174560547,38.95202255249024,38.13085174560547,38.80207061767578,32.606300354003906,71018031
2004-11-02,38.9091796875,39.01628875732422,38.427188873291016,38.823490142822266,32.62430191040039,62216919
2004-11-03,39.55897521972656,41.915374755859375,38.28794479370117,38.366493225097656,32.24027633666992,85779153
2004-11-04,38.63069534301758,38.82706069946289,38.30936813354492,38.58428192138672,32.42329788208008,44382852
2004-11-07,38.844913482666016,39.22693634033203,38.63069534301758,38.72709274291992,32.54330062866211,58939551
2004-11-08,38.9091796875,38.95559310913086,38.45574951171875,38.55928802490234,32.40229797363281,45152968
2004-11-09,38.67353820800781,39.02342987060547,38.67353820800781,38.869903564453125,32.663307189941406,50998492
2004-11-10,39.0377082824707,39.39831161499024,38.67353820800781,38.98058319091797,32.75632095336914,80185036
2004-11-11,39.27334976196289,39.41259002685547,38.66639709472656,38.95559310913086,32.735321044921875,17702509
2004-11-15,39.05913162231445,39.05913162231445,38.38077163696289,38.905609130859375,32.69331741333008,68620518
2004-11-16,38.98772430419922,39.19123077392578,38.64854431152344,38.82706069946289,32.6273078918457,49323579
2004-11-17,38.91632080078125,39.24478530883789,38.459320068359375,38.96987533569336,32.74732208251953,96953003
2004-11-18,38.23796081542969,38.77350616455078,37.36323547363281,37.65600204467773,31.643239974975582,123713592
2004-11-21,37.04547882080078,38.47360229492188,36.345699310302734,38.02731323242188,31.95525932312012,189682670
2004-11-22,38.05944442749024,38.23081970214844,37.28112030029297,37.72383880615234,31.700252532958984,117157022
2004-11-23,37.8452262878418,37.8452262878418,36.39568328857422,36.78484725952149,30.91118812561035,115179292
2004-11-24,36.41710662841797,37.37037658691406,35.71018600463867,35.94225311279297,30.2031364440918,247558475
2004-11-28,35.56023406982422,36.631324768066406,34.77476501464844,36.40282440185547,30.590166091918945,284858794
2004-11-29,36.55991744995117,37.39537048339844,36.49565124511719,36.9205207824707,31.02520179748535,158185245
2004-11-30,37.34538650512695,38.330787658691406,37.34538650512695,37.66671371459961,31.65224266052246,86882028
2004-12-01,37.92377471923828,38.844913482666016,37.495338439941406,38.70210266113281,32.52229690551758,145983386
2004-12-02,37.149017333984375,39.12339782714844,37.149017333984375,38.823490142822266,32.62430191040039,104307894
2004-12-05,38.844913482666016,39.05913162231445,37.74882888793945,37.913063049316406,31.859251022338867,75261674
2004-12-06,38.20940017700195,38.20940017700195,36.52421569824219,36.9205207824707,31.02520179748535,106320902
2004-12-07,37.20257186889648,37.48819732666016,36.13505172729492,36.260013580322266,30.470157623291016,104018899
2004-12-08,36.28143310546875,36.77413558959961,35.70304489135742,36.57419967651367,30.73418426513672,94423541
2004-12-09,36.631324768066406,36.631324768066406,35.39242935180664,35.64591979980469,29.954120635986328,132904782
2004-12-12,35.63163757324219,36.06007385253906,34.72835159301758,35.870849609375,30.14313507080078,137602477
2004-12-13,35.845855712890625,36.274295806884766,35.41741943359375,36.1171989440918,30.35014533996582,85411957
2004-12-14,36.11006164550781,36.11006164550781,35.15321731567383,35.353153228759766,29.70809936523437,97643799
2004-12-15,35.34601211547852,35.48525619506836,34.8497428894043,35.06753158569336,29.468090057373047,99023093
2004-12-16,34.988983154296875,35.395999908447266,34.178524017333984,34.3141975402832,28.835044860839844,161103721
2004-12-19,34.631954193115234,34.89615631103516,33.7108154296875,34.32133865356445,28.841047286987305,295404841
2004-12-20,34.524845123291016,35.110374450683594,34.37489318847656,34.631954193115234,29.10206413269043,154198974
2004-12-21,34.84260177612305,35.61735916137695,34.63552474975586,35.349586486816406,29.70510482788086,135207331
2004-12-22,35.6102180480957,36.36355209350586,35.52452850341797,36.15290451049805,30.38015937805176,121328109
2004-12-23,36.77413558959961,37.53818130493164,36.44209671020508,37.37394714355469,31.406225204467773,131770663
2004-12-26,37.13116836547852,39.05913162231445,36.15647506713867,36.91337966918945,31.019207000732425,260987301
2004-12-27,37.12759780883789,37.77382278442383,37.03119659423828,37.67028427124024,31.655242919921875,107505941
2004-12-28,37.78810119628906,38.47003173828125,37.602447509765625,37.952335357666016,31.892257690429688,97058344
2004-12-29,38.134422302246094,38.4771728515625,37.21685409545898,37.3525276184082,31.388229370117188,94488003
2004-12-30,37.93448638916016,38.26295471191406,37.53104019165039,38.10942840576172,32.02426528930664,66972340
2005-01-02,38.51644515991211,38.91632080078125,38.11656951904297,38.83420181274414,32.6333122253418,96188867
2005-01-03,39.27334976196289,39.27334976196289,37.81666564941406,37.93448638916016,31.87725257873535,73639782
2005-01-04,37.55960464477539,38.09157943725586,36.85625457763672,37.84165573120117,31.79924964904785,112450407
2005-01-05,37.702415466308594,38.30936813354492,37.29182815551758,37.57388687133789,31.57423591613769,91978134
2005-01-06,38.2022590637207,39.10911560058594,37.67028427124024,38.71995162963867,32.53730773925781,108134977
2005-01-09,38.92702865600586,39.12339782714844,37.92377471923828,38.141563415527344,32.051265716552734,74712197
2005-01-10,38.2022590637207,38.2022590637207,37.3525276184082,37.541751861572266,31.54722785949707,59161157
2005-01-11,37.77382278442383,37.8452262878418,36.78127670288086,37.00263595581055,31.09419631958008,104515537
2005-01-12,37.48819732666016,37.541751861572266,37.0240592956543,37.1383056640625,31.208213806152344,79849238
2005-01-13,37.39179992675781,37.39179992675781,36.49565124511719,36.69559097290039,30.836183547973636,70329448
2005-01-16,36.77413558959961,36.98835372924805,36.01723098754883,36.52778625488281,30.695173263549805,70620236
2005-01-17,36.638465881347656,37.30253982543945,36.33498764038086,36.47780227661133,30.653175354003903,89287341
2005-01-18,36.702728271484375,37.01691818237305,36.50279235839844,36.68130874633789,30.824188232421875,45571602
2005-01-19,36.42424774169922,36.77413558959961,36.002952575683594,36.52421569824219,30.69217300415039,51300805
2005-01-23,36.66702651977539,37.22756576538086,36.10292053222656,36.18146514892578,30.404165267944336,93907843
2005-01-24,36.12434005737305,36.40996551513672,35.59236526489258,35.81729507446289,30.09813117980957,114963988
2005-01-26,36.06721496582031,36.631324768066406,35.967247009277344,36.13862228393555,30.36815071105957,96741397
2005-01-27,36.20288848876953,37.37751770019531,34.988983154296875,37.29182815551758,31.33722496032715,79472072
2005-01-30,37.48819732666016,38.16655349731445,37.3239631652832,38.00946044921875,31.94025993347168,85855126
2005-01-31,38.12371063232422,39.05913162231445,37.84879684448242,38.76993560791016,32.579307556152344,112269960
2005-02-01,38.85919570922852,39.08412170410156,37.8595085144043,38.09872055053711,32.01526641845703,68624103
2005-02-02,38.54500579833984,38.80207061767578,38.27366256713867,38.62712478637695,32.45929336547852,46163680
2005-02-03,38.844913482666016,38.91632080078125,38.0166015625,38.35578155517578,32.23128128051758,55698469
2005-02-06,42.686561584472656,42.686561584472656,37.74882888793945,37.87022018432617,31.823251724243164,36173762
2005-02-07,37.988040924072266,38.32721710205078,37.77382278442383,38.11656951904297,32.03026580810547,50453651
2005-02-08,38.148704528808594,38.594993591308594,38.134422302246094,38.35578155517578,32.23128128051758,36176185
2005-02-09,38.40933609008789,38.8948974609375,37.97732925415039,38.7378044128418,32.55230712890625,49713070
2005-02-10,38.84848403930664,39.416160583496094,38.78064727783203,39.08769226074219,32.8463249206543,77901211
2005-02-13,39.40901947021485,39.50542068481445,38.4771728515625,38.81277847290039,32.61530685424805,53840435
2005-02-14,38.81991958618164,38.81991958618164,38.23796081542969,38.50216293334961,32.354286193847656,47321985
2005-02-15,38.49145126342773,38.837772369384766,37.99517822265625,38.20582962036133,32.10527420043945,50273330
2005-02-16,38.27366256713867,38.398624420166016,37.85593795776367,38.26295471191406,32.15327835083008,47137365
2005-02-17,38.27366256713867,38.75922775268555,37.92377471923828,38.14513397216797,32.05427551269531,60691531
2005-02-20,38.148704528808594,38.47360229492188,37.95947647094727,38.16655349731445,32.07227325439453,46948572
2005-02-21,38.13085174560547,38.65568542480469,37.99161148071289,38.527156829833984,32.37529373168945,59620726
2005-02-22,38.53786849975586,39.27334976196289,38.53786849975586,39.15195846557617,32.900333404541016,77989467
2005-02-23,39.294769287109375,39.52326965332031,38.95916366577149,39.05913162231445,32.82232666015625,69616806
2005-02-24,39.27334976196289,39.33761596679688,38.43075942993164,38.56999969482422,32.41129302978516,55788518
2005-02-27,38.57357025146485,39.98741149902344,38.26295471191406,39.71963882446289,33.37736892700195,106164094
2005-02-28,39.808895111083984,39.808895111083984,38.880615234375,39.09840393066406,32.85533142089844,68262594
2005-03-01,39.05913162231445,39.41259002685547,38.884185791015625,39.24835586547852,32.98133850097656,72767349
2005-03-02,39.28763198852539,40.16592788696289,39.28763198852539,39.88744354248047,33.51838302612305,90881098
2005-03-03,39.95527648925781,40.94425201416016,39.95527648925781,40.84785461425781,34.325435638427734,121987730
2005-03-06,39.64466094970703,42.16172790527344,39.64466094970703,41.908233642578125,35.21649169921875,101548550
2005-03-07,42.043907165527344,42.39022445678711,41.57262420654297,42.2081413269043,35.468505859375,101433671
2005-03-08,42.4937629699707,42.89720916748047,41.70472717285156,41.976070404052734,35.27350234985352,106666278
2005-03-09,41.98678207397461,42.62943649291992,41.73685836791992,42.41521835327149,35.642520904541016,75587613
2005-03-10,42.55802917480469,42.90077972412109,41.80826568603516,41.983211517333984,35.27949905395508,82768457
2005-03-13,41.936798095703125,42.26526641845703,41.13347625732422,41.3441276550293,34.742462158203125,49492780
2005-03-14,41.41553115844727,41.70829772949219,40.644344329833984,40.76216506958008,34.253421783447266,70095617
2005-03-15,40.77644729614258,41.25843811035156,40.53009796142578,41.00851821899414,34.46043395996094,59880508
2005-03-16,40.63006591796875,41.044219970703125,39.862449645996094,40.16592788696289,33.75238800048828,65083999
2005-03-17,39.98741149902344,40.97995376586914,39.641090393066406,40.83357238769531,34.31343078613281,67256937
2005-03-20,40.91569137573242,41.1870346069336,39.84459686279297,39.96598815917969,33.58437728881836,38254691
2005-03-21,39.92314529418945,40.03025436401367,38.63783645629883,38.8948974609375,32.68431854248047,66773281
2005-03-22,38.844913482666016,40.694332122802734,38.50930404663086,39.4697151184082,33.16735076904297,191023424
2005-03-23,39.63037872314453,40.51581573486328,39.63037872314453,39.98741149902344,33.602378845214844,113013930
2005-03-27,40.13022232055664,40.937110900878906,40.094520568847656,40.42298889160156,33.968406677246094,56543733
2005-03-28,40.48725128173828,40.551517486572266,38.923458099365234,39.21265411376953,32.95132827758789,66827170
2005-03-29,39.13053512573242,39.60895919799805,38.49502182006836,38.784217834472656,32.59130859375,81073602
2005-03-30,38.923458099365234,39.51612854003906,38.81277847290039,38.99129486083984,32.765316009521484,88299330
2005-03-31,39.773193359375,40.45869064331055,39.12339782714844,40.315879821777344,33.8784065246582,70413811
2005-04-03,40.48725128173828,40.597930908203125,39.92314529418945,40.3480110168457,33.90541076660156,48299339
2005-04-04,40.41227722167969,40.68719100952149,39.52684020996094,39.70535659790039,33.3653678894043,54556466
2005-04-05,39.84459686279297,40.90855026245117,39.84459686279297,40.81571960449219,34.29842758178711,61530703
2005-04-06,40.90855026245117,41.19417190551758,40.24090194702149,40.3765754699707,33.929412841796875,51138382
2005-04-07,40.48725128173828,40.55865859985352,39.51612854003906,39.762481689453125,33.41337203979492,47054753
2005-04-10,39.773193359375,39.773193359375,38.91632080078125,39.08412170410156,32.84333038330078,26125348
2005-04-11,39.14481735229492,39.44115447998047,38.91632080078125,39.18052291870117,32.924339294433594,46659100
2005-04-12,39.344757080078125,39.47328567504883,38.77350616455078,38.95559310913086,32.735321044921875,28987919
2005-04-14,38.837772369384766,38.837772369384766,37.563175201416016,37.82737731933594,31.78725814819336,54798014
2005-04-17,37.63100814819336,37.63100814819336,36.77413558959961,37.02762985229492,31.115205764770508,62412014
2005-04-18,37.41679000854492,37.88093185424805,36.55991744995117,36.702728271484375,30.842182159423828,50673926
2005-04-19,36.88838577270508,37.98447036743164,36.78127670288086,37.84879684448242,31.805255889892575,60793889
2005-04-20,37.702415466308594,38.98772430419922,37.48819732666016,38.76636505126953,32.576297760009766,85251326
2005-04-21,39.05913162231445,39.25906753540039,38.28794479370117,39.09483337402344,32.85232162475586,77975210
2005-04-24,38.91632080078125,39.18766021728516,38.527156829833984,39.0377082824707,32.804317474365234,48498327
2005-04-25,38.70210266113281,39.323333740234375,38.63783645629883,39.06984329223633,32.831329345703125,54222699
2005-04-26,39.63037872314453,39.95170593261719,38.080867767333984,38.48788070678711,32.34228515625,187602973
2005-04-27,38.54500579833984,39.27334976196289,38.08443832397461,38.83420181274414,32.6333122253418,105195802
2005-04-28,39.28763198852539,39.28763198852539,37.495338439941406,37.70598602294922,31.68524742126465,52691821
2005-05-01,37.80952453613281,38.23796081542969,37.46320343017578,38.1201400756836,32.033260345458984,43024214
2005-05-02,38.05944442749024,38.77350616455078,37.527469635009766,38.62712478637695,32.45929336547852,48375663
2005-05-03,38.70210266113281,38.91632080078125,38.34506988525391,38.65568542480469,32.48330307006836,29381639
2005-05-04,38.755653381347656,39.08769226074219,38.50216293334961,38.64140701293945,32.47129821777344,24326384
2005-05-05,38.55928802490234,39.30905151367188,38.55928802490234,39.209083557128906,32.948333740234375,64922192
2005-05-08,39.21979522705078,39.62680816650391,39.00200653076172,39.51612854003906,33.20634841918945,44323347
2005-05-09,39.54112243652344,39.68393325805664,38.784217834472656,38.86276245117188,32.65730285644531,31828111
2005-05-10,38.70210266113281,39.09126281738281,38.53429412841797,38.7378044128418,32.55230712890625,43816108
2005-05-11,38.55214691162109,38.65925598144531,38.17726516723633,38.49145126342773,33.13977813720703,51668659
2005-05-12,38.452178955078125,38.48788070678711,38.13085174560547,38.2915153503418,32.96763610839844,24848524
2005-05-15,38.38077163696289,38.81991958618164,38.38077163696289,38.57714080810547,33.213558197021484,33790996
2005-05-16,38.70210266113281,38.823490142822266,37.48462677001953,37.556034088134766,32.334415435791016,50494417
2005-05-17,37.702415466308594,37.95947647094727,37.3525276184082,37.81666564941406,32.55881118774414,62603483
2005-05-18,37.91663360595703,38.2022590637207,37.32039260864258,37.43821334838867,32.23297882080078,42422193
2005-05-19,37.48819732666016,37.623870849609375,36.81697845458984,37.16329956054688,31.99629211425781,59314715
2005-05-22,37.41679000854492,38.05587768554688,37.27397918701172,37.927345275878906,32.65410614013672,28727787
2005-05-23,38.07015609741211,38.25581359863281,37.602447509765625,37.91663360595703,32.64487838745117,51323478
2005-05-24,37.702415466308594,38.13085174560547,37.52389907836914,37.89164352416992,32.62336730957031,56454483
2005-05-25,37.91663360595703,38.09514999389648,37.598876953125,37.8737907409668,32.608001708984375,108808070
2005-05-26,37.92377471923828,38.51644515991211,37.79881286621094,37.93448638916016,32.660247802734375,58721979
2005-05-29,37.952335357666016,38.18083572387695,37.48819732666016,37.616729736328125,32.38667678833008,31958688
2005-05-30,37.63100814819336,38.40933609008789,37.44535446166992,38.2022590637207,32.89079284667969,75922486
2005-05-31,38.41647720336914,38.85919570922852,38.27366256713867,38.63069534301758,33.25966262817383,61706710
2005-06-01,38.844913482666016,38.93774032592773,37.7416877746582,37.83451843261719,32.574188232421875,53623380
2005-06-02,37.702415466308594,39.68750381469727,37.702415466308594,39.4982795715332,34.006622314453125,131507128
2005-06-05,39.55897521972656,40.42298889160156,39.201942443847656,39.43758392333984,33.95436096191406,87661891
2005-06-06,39.416160583496094,39.68750381469727,38.91632080078125,39.11982727050781,33.680789947509766,58967210
2005-06-07,39.36617660522461,39.98741149902344,39.27334976196289,39.876731872558594,34.33246612548828,72495426
2005-06-08,40.04453659057617,40.255184173583984,39.75177001953125,39.91957473754883,34.36934280395508,56698538
2005-06-09,40.058815002441406,40.65862655639648,40.058815002441406,40.45512008666992,34.83042907714844,88373329
2005-06-12,40.48011016845703,42.83651351928711,40.0338249206543,40.67290878295898,35.0179328918457,45665964
2005-06-13,40.77287673950195,41.058502197265625,40.33015823364258,40.990665435791016,35.29151153564453,46370063
2005-06-14,40.540809631347656,41.20131301879883,40.540809631347656,41.054931640625,35.34684753417969,48590532
2005-06-15,41.20131301879883,42.48662567138672,41.12990951538086,42.14744567871094,36.28745651245117,115223307
2005-06-16,42.12959289550781,43.23995971679688,41.70115661621094,42.86150741577149,36.90224456787109,126440530
2005-06-19,44.62880706787109,46.106910705566406,44.01114273071289,45.02154159545898,38.76195526123047,337512174
2005-06-20,45.1286506652832,46.27114486694336,44.34318161010742,46.13904571533203,39.72408676147461,230734168
2005-06-21,45.91411590576172,47.12801742553711,45.84270858764648,46.73885726928711,40.240509033203125,179770966
2005-06-22,46.713863372802734,46.774559020996094,46.17831802368164,46.45680236816406,39.9976692199707,89786122
2005-06-23,46.342552185058594,47.02090835571289,45.91768646240234,46.74599838256836,40.24664688110352,90283194
2005-06-26,46.27114486694336,48.19911193847656,46.07477951049805,46.31755828857422,39.87778091430664,174238637
2005-06-27,47.842079162597656,47.842079162597656,44.78232955932617,44.953704833984375,38.70354843139648,140205952
2005-06-28,45.271461486816406,46.19974136352539,45.17863464355469,45.83200073242188,39.45973587036133,123681858
2005-06-29,46.27114486694336,46.63888931274414,45.46068572998047,45.88198471069336,39.50277328491211,100769540
2005-06-30,45.91411590576172,46.05692672729492,45.52495193481445,45.70703887939453,39.35215377807617,49208211
2005-07-03,45.84270858764648,46.37825775146485,45.62849044799805,46.01408386230469,39.61650466918945,53426086
2005-07-04,45.98552322387695,46.27114486694336,45.446407318115234,45.5606575012207,39.22611999511719,65828880
2005-07-05,45.51067352294922,46.19974136352539,45.51067352294922,46.07120895385742,39.66569519042969,47018524
2005-07-06,45.79986572265625,45.79986572265625,43.50773239135742,43.83976745605469,37.74449920654297,122340039
2005-07-07,44.84302520751953,44.84302520751953,43.91474533081055,44.29319763183594,38.13487243652344,77600621
2005-07-10,44.13967514038086,45.41427230834961,44.13967514038086,45.26432037353516,38.97098159790039,57751866
2005-07-11,45.33572769165039,45.98552322387695,45.02510833740234,45.57850646972656,39.241485595703125,71883881
2005-07-12,45.69989776611328,45.79986572265625,44.92156982421875,45.053672790527344,38.78961944580078,38361489
2005-07-13,45.10365676879883,46.18902969360352,44.35032272338867,45.8070068359375,39.4382209777832,117997062
2005-07-14,45.91411590576172,47.842079162597656,45.91411590576172,47.60287094116211,40.98439407348633,99419446
2005-07-17,47.62786102294922,48.04558944702149,46.999488830566406,47.25654983520508,40.68622589111328,109784920
2005-07-18,47.41364288330078,47.970611572265625,47.2065658569336,47.46005630493164,40.86143493652344,74060628
2005-07-19,47.55645751953125,48.77035903930664,47.55645751953125,48.49187469482422,41.74980163574219,81588474
2005-07-20,48.27051544189453,49.00600051879883,47.88849258422852,48.431182861328125,41.697547912597656,69635530
2005-07-21,48.5561408996582,49.37017059326172,48.42404174804688,49.238067626953125,42.39223861694336,53589574
2005-07-24,49.37017059326172,49.67721557617188,48.88460922241211,49.09525680541992,42.269287109375,77096196
2005-07-25,48.91317367553711,49.44157791137695,48.5704231262207,49.352317810058594,42.4905891418457,61723656
2005-07-26,49.44871520996094,50.33415222167969,49.22735977172852,49.90214538574219,42.9639778137207,105898221
2005-07-28,49.84144973754883,50.8339958190918,49.48442077636719,50.22347259521485,43.24063491821289,106627570
2005-07-31,50.19848251342773,50.69118118286133,49.73434066772461,50.53765869140625,43.51114273071289,62404620
2005-08-01,50.8339958190918,53.30107498168945,50.76972961425781,52.94404602050781,45.58295440673828,127336266
2005-08-02,54.25434875488281,54.26148986816406,50.7447395324707,51.019649505615234,43.92612075805664,366024503
2005-08-03,51.19816589355469,53.95801162719727,51.19816589355469,52.06932067871094,44.82984924316406,202590728
2005-08-04,52.12644577026367,52.83336639404297,51.5801887512207,51.82297134399414,44.61774826049805,112590409
2005-08-07,53.540287017822266,57.053466796875,50.49124526977539,50.79115295410156,43.72939300537109,155661566
2005-08-08,50.98394775390625,51.75513458251953,50.169918060302734,50.530521392822266,43.50499725341797,124684979
2005-08-09,51.39096450805664,51.60161209106445,50.64119720458984,51.37311172485352,44.230430603027344,102268684
2005-08-10,51.60161209106445,52.09074401855469,50.912540435791016,51.24100875854492,44.116695404052734,92569484
2005-08-11,51.39810562133789,51.60518264770508,50.137786865234375,50.2841682434082,43.29288864135742,90467352
2005-08-15,50.30559158325195,50.69832229614258,49.77718353271485,49.9699821472168,43.02239227294922,72875687
2005-08-16,49.9842643737793,51.26957321166992,49.62723159790039,51.05178451538086,43.95378112792969,98007171
2005-08-17,51.412384033203125,53.12612915039063,50.35914611816406,50.58050537109375,43.54802703857422,121478124
2005-08-18,53.554569244384766,53.554569244384766,50.20919036865234,50.39484786987305,43.38818740844727,90752944
2005-08-21,50.676902770996094,50.95538711547852,49.598670959472656,49.93428039550781,42.99164962768555,70989812
2005-08-22,50.34129333496094,50.44840240478516,48.77392959594727,48.92388153076172,42.12173461914063,92582004
2005-08-23,49.05598449707031,49.77004623413086,48.77750015258789,49.61652374267578,42.71808624267578,96855547
2005-08-24,49.94855880737305,50.04138946533203,49.48085021972656,49.7236328125,42.81028747558594,100857642
2005-08-25,49.94498825073242,50.26274871826172,49.52726364135742,49.89500427246094,42.95783233642578,50759283
2005-08-28,50.41270065307617,51.76941680908203,49.48799133300781,50.009254455566406,43.05620574951172,63972553
2005-08-29,50.19848251342773,50.684043884277344,49.91642761230469,50.52695083618164,43.50192260742188,62999919
2005-08-30,50.84113693237305,51.68015670776367,50.5733642578125,51.36954116821289,44.22736358642578,93999740
2005-08-31,51.34098052978516,52.08717346191406,51.34098052978516,51.89080429077149,44.67614364624024,74764182
2005-09-01,51.76941680908203,52.312103271484375,51.419525146484375,52.162147521972656,44.90977478027344,69581739
2005-09-04,52.26925659179688,52.647708892822266,51.9979133605957,52.15143966674805,44.90055084228516,52224536
2005-09-05,52.12644577026367,52.47633743286133,51.805118560791016,52.04789733886719,44.811405181884766,43420875
2005-09-07,52.412071228027344,53.23323822021485,52.36565780639648,52.74411010742188,45.41082000732422,74357032
2005-09-08,52.84050750732422,53.19753646850586,52.45491409301758,52.95832824707031,45.595245361328125,57343021
2005-09-11,53.21538925170898,53.83304977416992,53.1368408203125,53.73308181762695,46.26228713989258,52799613
2005-09-12,53.7687873840332,54.22935485839844,53.55099868774414,53.71880340576172,46.24999237060547,76416716
2005-09-13,53.554569244384766,53.98300552368164,52.59415435791016,52.90834426879883,45.55221557617188,59383645
2005-09-14,52.94761657714844,54.55068206787109,52.49061584472656,54.32575225830078,46.772552490234375,76116756
2005-09-15,54.55068206787109,54.82916641235352,53.979434967041016,54.55782318115234,46.97235870361328,54661723
2005-09-18,55.296875,59.98111724853516,54.12581634521485,54.56853485107422,46.9815788269043,53922696
2005-09-19,54.62565994262695,55.76815414428711,53.98300552368164,55.55036926269531,47.826904296875,135365077
2005-09-20,55.69675064086914,56.05377960205078,53.554569244384766,55.85741424560547,48.09125900268555,160400406
2005-09-21,55.98237609863281,55.98237609863281,53.554569244384766,53.8723258972168,46.382171630859375,117798830
2005-09-22,54.83987808227539,54.83987808227539,52.77624130249024,53.39390563964844,45.97027206420898,147985891
2005-09-25,53.554569244384766,55.94667053222656,53.554569244384766,55.714603424072266,47.96830749511719,90435660
2005-09-26,56.40367126464844,56.83924865722656,55.700321197509766,56.26799774169922,48.444766998291016,99754361
2005-09-27,56.41081237792969,57.38550567626953,56.05377960205078,57.157005310058594,49.21016693115234,97726775
2005-09-28,57.12487030029297,58.08171463012695,57.12487030029297,57.71754455566406,49.69276809692383,99975589
2005-09-29,57.55331039428711,57.83179473876953,55.76815414428711,56.66430282592773,48.78596496582031,120956922
2005-10-02,56.05377960205078,57.32481002807617,56.05377960205078,56.71428680419922,48.82900238037109,67338023
2005-10-03,56.83924865722656,57.7603874206543,56.71785736083984,57.59972381591797,49.59132766723633,60690606
2005-10-04,57.69612121582031,57.83179473876953,56.98563003540039,57.27125549316406,49.30852890014648,53923117
2005-10-05,57.12487030029297,57.12487030029297,56.189453125,56.47150421142578,48.61997222900391,83636940
2005-10-06,56.7642707824707,56.7642707824707,55.38970565795898,56.29656219482422,48.46935272216797,111805490
2005-10-09,56.33940505981445,56.61788940429688,55.718170166015625,55.90739822387695,48.13429260253906,52026164
2005-10-10,56.19659423828125,56.46793746948242,55.12550354003906,56.32512283325195,48.49394989013672,53107808
2005-10-12,56.103763580322266,56.61788940429688,55.20404815673828,55.35757064819336,47.660919189453125,84604085
2005-10-13,55.3397216796875,55.51109313964844,54.375736236572266,54.54354095458984,46.96006774902344,102288851
2005-10-16,55.51109313964844,55.68246841430664,54.2007942199707,55.05409622192383,47.39962768554688,87172339
2005-10-17,55.50752258300781,55.79671859741211,53.44746017456055,54.01513671875,46.50512313842773,87963924
2005-10-18,53.565277099609375,54.11153411865234,52.48347473144531,53.36177062988281,45.94259262084961,122569754
2005-10-19,53.911598205566406,54.68992614746094,52.629859924316406,53.42246627807617,45.994850158691406,106523223
2005-10-20,53.84019088745117,55.19690704345703,53.07257843017578,55.06837844848633,47.41193389892578,133090971
2005-10-23,54.99697113037109,55.37185287475586,53.84019088745117,54.06155014038086,46.54509353637695,68344505
2005-10-24,54.34360504150391,55.653907775878906,54.27219772338867,54.81131362915039,47.19060134887695,70279578
2005-10-25,54.975547790527344,55.33258056640625,54.365028381347656,54.52212142944336,46.941627502441406,59117043
2005-10-26,54.69706344604492,54.968406677246094,53.20824813842773,53.57598876953125,46.127044677734375,148738838
2005-10-27,53.911598205566406,54.1722297668457,52.661991119384766,52.95475769042969,45.59217071533203,86146124
2005-10-30,52.661991119384766,54.6185188293457,52.661991119384766,54.4471435546875,46.87706756591797,66613295
2005-11-01,54.536399841308594,55.653907775878906,54.03656005859375,55.53251647949219,47.81153869628906,72144349
2005-11-06,54.6185188293457,56.46079635620117,54.6185188293457,56.26799774169922,48.444766998291016,71521727
2005-11-07,56.76784133911133,56.76784133911133,55.875267028808594,56.44294357299805,48.59538269042969,60874064
2005-11-08,56.55362319946289,57.18913650512695,56.2037353515625,56.49292755126953,48.63841247558594,59545592
2005-11-09,56.65359115600586,56.7928352355957,55.91810989379883,56.103763580322266,48.3033561706543,45070188
2005-11-10,56.19659423828125,57.428348541259766,56.19659423828125,56.79640579223633,48.89970016479492,70424608
2005-11-13,56.76784133911133,57.339088439941406,56.13232803344727,57.01419448852539,49.08721160888672,44978599
2005-11-15,57.1962776184082,58.48158645629883,57.1962776184082,58.37091064453125,50.25529479980469,80866742
2005-11-16,52.48347473144531,59.40629577636719,52.48347473144531,59.217071533203125,50.98381042480469,83636814
2005-11-17,59.40629577636719,59.62408447265625,58.810054779052734,58.99214172363281,50.79015350341797,52042255
2005-11-20,58.98143005371094,59.541969299316406,58.6101188659668,59.19921875,50.96843719482422,72091861
2005-11-21,59.23849487304688,59.9061393737793,58.19596481323242,58.50300979614258,50.3690185546875,96006908
2005-11-22,58.6244010925293,59.54553985595703,58.45659637451172,59.40986633300781,51.14979553222656,80664015
2005-11-23,59.48127365112305,60.58092880249024,59.48127365112305,60.27388000488281,51.893680572509766,82044219
2005-11-24,60.40955352783203,60.40955352783203,59.72048568725586,60.17034149169922,51.80454635620117,65803378
2005-11-27,60.40955352783203,60.69517517089844,60.17748260498047,60.545223236083984,52.12729263305664,52587586
2005-11-28,60.63805389404297,61.826961517333984,60.02396011352539,60.56307601928711,52.142669677734375,113205258
2005-11-29,60.70945739746094,61.0843391418457,59.20278930664063,59.4598503112793,51.19284057617188,88891688
2005-11-30,59.48127365112305,60.21675491333008,59.28490447998047,59.94898223876953,51.61396026611328,85128004
2005-12-01,60.12392807006836,60.63805389404297,59.62408447265625,59.938270568847656,51.604736328125,56707221
2005-12-04,60.48095703125,60.830848693847656,59.69549179077149,59.998966217041016,51.6569938659668,53802777
2005-12-05,60.12392807006836,60.466678619384766,59.26705551147461,59.7490463256836,51.44181823730469,70506198
2005-12-06,59.98111724853516,60.68803787231445,59.195648193359375,60.22746658325195,51.85372161865234,73922461
2005-12-07,60.69517517089844,60.85226821899414,59.641937255859375,60.42026138305664,52.01971435546875,66309469
2005-12-08,59.98111724853516,61.75912857055664,59.98111724853516,61.6484489440918,53.07713317871094,90717219
2005-12-11,61.84481430053711,62.3660774230957,61.41280746459961,61.63773727416992,53.067909240722656,37374178
2005-12-12,61.83053588867188,62.44462585449219,61.3592529296875,62.237548828125,53.58433151245117,56156161
2005-12-13,62.134010314941406,62.3660774230957,61.12361145019531,61.54848098754883,52.99107360839844,55358288
2005-12-14,61.694862365722656,61.75912857055664,59.91685104370117,60.35599899291992,51.96438217163086,73842272
2005-12-15,60.69517517089844,60.98080062866211,60.13106918334961,60.64876174926758,52.2164421081543,67600031
2005-12-18,60.98080062866211,61.5163459777832,60.98080062866211,61.20573043823242,52.69597244262695,34209980
2005-12-19,61.39495468139648,61.887657165527344,60.855838775634766,61.02007293701172,52.53612518310547,50743906
2005-12-20,61.13075256347656,61.65201950073242,60.62734222412109,61.41994857788086,52.88040542602539,52644388
2005-12-21,61.694862365722656,62.105445861816406,60.923675537109375,61.12004470825195,52.62220001220703,80228450
2005-12-22,61.052207946777344,61.40923690795898,59.99539566040039,60.18819427490234,51.81991195678711,81345567
2005-12-25,59.98111724853516,60.11678695678711,59.05283737182617,59.4598503112793,51.19284057617188,74546889
2005-12-26,59.62408447265625,62.11615753173828,59.134952545166016,61.90193939208984,53.295387268066406,82522974
2005-12-27,62.12329864501953,63.544281005859375,61.98048782348633,62.30181503295898,53.6396713256836,151772052
2005-12-28,61.98048782348633,63.908451080322266,61.98048782348633,63.62996673583984,54.78315734863281,127220281
2005-12-29,64.12266540527344,64.32617950439453,63.21224212646485,63.50143432617188,54.672489166259766,69291357
2006-01-01,63.76564025878906,64.40829467773438,63.562129974365234,64.1119613647461,55.19813537597656,51281633
2006-01-02,64.22977447509766,65.97208404541016,63.9798583984375,65.693603515625,56.55987930297852,68687753
2006-01-03,65.76500701904297,66.83609771728516,65.693603515625,66.3969497680664,57.16542434692383,60512596
2006-01-04,66.62187957763672,66.83609771728516,65.693603515625,65.81499481201172,56.66439056396485,74344078
2006-01-05,65.81499481201172,66.51119995117188,65.20089721679688,65.74358367919922,56.602909088134766,89054027
2006-01-08,65.90782165527344,66.08633422851562,64.70819854736328,64.99024963378906,55.95431137084961,87383441
2006-01-09,64.90813446044922,64.97954559326172,63.42646026611328,63.84418487548828,54.96759033203125,134444371
2006-01-11,61.63059616088867,64.05126190185547,61.63059616088867,63.32649230957031,54.52187728881836,275574236
2006-01-12,63.5478515625,64.05126190185547,63.05514907836914,63.2051010131836,54.417362213134766,141888428
2006-01-15,63.40860748291016,63.40860748291016,61.70914459228516,62.333946228027344,53.66733551025391,215346951
2006-01-16,62.4981803894043,66.90750885009766,62.26968002319336,66.30055236816406,57.08243942260742,632289604
2006-01-17,66.30055236816406,83.13570404052734,66.30055236816406,79.28407287597656,68.26079559326172,533724706
2006-01-18,80.00411224365234,83.39286041259766,79.02120208740234,80.51842498779297,69.32351684570312,89000074
2006-01-19,80.80415344238281,81.07845306396484,80.23269653320312,80.48413848876953,69.29399871826172,33771785
2006-01-22,80.23269653320312,80.68986511230469,79.318359375,80.27269744873047,69.11195373535156,36528785
2006-01-23,81.14702606201172,81.60419464111328,78.7411880493164,79.25550079345703,68.23619079589844,98982821
2006-01-24,79.54694366455078,79.98125457763672,78.28974151611328,78.67832946777344,67.73927307128906,117047947
2006-01-26,79.42122650146484,80.36984252929688,79.40979766845703,79.84981536865234,68.74786376953125,54941663
2006-01-29,80.00411224365234,82.08422088623047,80.00411224365234,81.26703643798828,69.96804809570312,63495319
2006-01-30,80.96416473388672,82.26708221435547,80.96416473388672,81.59276580810547,70.24849700927734,54326385
2006-01-31,81.67276763916016,82.15279388427734,80.11840057373047,80.5527114868164,69.35303497314453,43206477
2006-02-01,81.1355972290039,81.82135009765625,80.11840057373047,80.99273681640625,69.73188018798828,43943959
2006-02-02,80.80415344238281,80.80415344238281,79.43265533447266,79.61552429199219,68.54615020751953,30004832
2006-02-05,79.43265533447266,82.604248046875,78.11830139160156,82.32994842529297,70.8831787109375,83346920
2006-02-06,82.3528060913086,82.6899642944336,80.74700927734375,82.3528060913086,70.90284729003906,59512226
2006-02-07,82.28422546386719,82.51852416992188,81.60419464111328,81.88992309570312,70.50433349609375,59064976
2006-02-09,81.7184829711914,82.6956787109375,81.7184829711914,82.24422454833984,70.80937194824219,45202538
2006-02-12,81.7184829711914,82.40423583984375,81.7184829711914,81.92420959472656,70.5338363647461,27743423
2006-02-13,81.7184829711914,82.787109375,81.38703918457031,81.6270523071289,70.27801513671875,57810973
2006-02-14,81.38703918457031,82.16422271728516,79.60409545898438,80.2098388671875,69.05785369873047,67014266
2006-02-15,80.2098388671875,81.07845306396484,79.3240737915039,79.66695404052734,68.59044647216797,35513864
2006-02-16,80.34698486328125,80.86129760742188,78.86119842529297,79.2212142944336,68.2066650390625,40528581
2006-02-19,79.318359375,80.3984146118164,78.74690246582031,80.23841094970703,69.08245086669922,28227011
2006-02-20,80.23841094970703,80.68986511230469,79.35265350341797,79.74695587158203,68.65933227539062,29401892
2006-02-21,79.91839599609375,80.6327133178711,79.77552795410156,80.45556640625,69.2694091796875,25688530
2006-02-22,80.57556915283203,80.7870101928711,79.43836975097656,80.04411315917969,68.9151611328125,54348189
2006-02-23,80.23269653320312,80.84986877441406,79.88981628417969,80.32984161376953,69.16116333007812,21010408
2006-02-26,80.34698486328125,80.67271423339844,79.66123962402344,80.01554107666016,68.89054870605469,47238261
2006-02-27,80.43270874023438,81.7070541381836,79.4669418334961,81.01559448242188,69.75157165527344,67553448
2006-02-28,80.91844177246094,81.59276580810547,80.24412536621094,80.947021484375,69.69253540039062,39579019
2006-03-01,81.14702606201172,82.17565155029297,80.80415344238281,81.50704956054688,70.1747055053711,33440448
2006-03-02,81.7184829711914,82.06136322021484,80.947021484375,81.80420684814453,70.43053436279297,36620586
2006-03-05,81.94706726074219,83.87859344482422,81.94706726074219,83.6843032836914,72.0492172241211,53639371
2006-03-06,83.81002044677734,84.57577514648438,83.31856536865234,83.71858978271484,72.07875061035156,47205302
2006-03-07,83.7757339477539,83.7757339477539,81.33560943603516,82.27851867675781,70.83890533447266,61494358
2006-03-08,82.74710845947266,83.2842788696289,81.31846618652344,83.06140899658203,71.51295471191406,40411075
2006-03-09,83.54714965820312,84.33576202392578,83.10713195800781,83.59857940673828,71.97542572021484,30233677
2006-03-12,83.60429382324219,84.71864318847656,83.54714965820312,84.04431915283203,72.35919952392578,34700724
2006-03-13,83.89002227783203,85.31867218017578,83.33570861816406,84.86150360107422,73.06275939941406,32703088
2006-03-15,85.14723205566406,88.00452423095703,84.86150360107422,87.83308410644531,75.62118530273438,77186860
2006-03-16,88.00452423095703,89.37030792236328,87.21591186523438,88.58169555664062,76.26571655273438,55913414
2006-03-19,88.77027893066406,89.1474380493164,88.0616683959961,88.92456817626953,76.5609130859375,21719690
2006-03-20,89.1474380493164,90.86181640625,88.51883697509766,89.19886779785156,76.79708862304688,38242210
2006-03-21,89.4845962524414,89.89033508300781,86.70159912109375,88.29025268554688,76.0147933959961,44707366
2006-03-22,89.31887817382812,89.65603637695312,87.85022735595703,88.84456634521484,76.49203491210938,33847162
2006-03-23,88.69026947021484,89.7188949584961,88.69026947021484,89.39888000488281,76.96926879882812,24725660
2006-03-26,89.83319091796875,91.17040252685548,89.83319091796875,90.78752136230467,78.16486358642578,26706864
2006-03-27,90.86181640625,91.09039306640624,90.01605224609375,90.38750457763672,77.82044219970703,16031818
2006-03-28,90.97610473632812,91.18183135986328,89.9760513305664,90.7189483642578,78.1058120727539,16167392
2006-03-29,90.97610473632812,92.22188568115234,90.06177520751953,90.94181823730467,78.29769897460938,28515650
2006-03-30,91.42755889892578,92.34760284423828,90.06177520751953,90.90181732177734,78.26324462890625,73076882
2006-04-02,91.5475616455078,95.20489501953124,91.5475616455078,94.72486877441406,81.55476379394531,44027176
2006-04-03,94.97631072998048,96.34780883789062,94.86772918701172,95.63348388671876,82.33707427978516,34384454
2006-04-04,96.34780883789062,96.5763931274414,95.43347930908205,96.06208038330078,82.70606231689453,39932982
2006-04-06,96.51924896240234,96.7249755859375,94.82201385498048,95.2563247680664,82.01232147216797,37107883
2006-04-09,95.20489501953124,96.19922637939452,94.19341278076172,95.57633972167967,82.28784942626953,40280750
2006-04-11,95.44490814208984,98.1421890258789,93.8448257446289,94.71915435791016,81.54985046386719,82064393
2006-04-12,94.86202239990234,97.4792938232422,94.54199981689452,96.74783325195312,83.29647827148438,76596896
2006-04-16,97.1478500366211,97.94789123535156,96.70211029052734,97.3135757446289,83.7835464477539,26106094
2006-04-17,97.58216094970705,102.37669372558594,97.58216094970705,101.86809539794922,87.70484161376953,71843982
2006-04-18,102.73670959472656,106.51976013183594,102.17668151855467,105.35398864746094,90.7060546875,93268219
2006-04-19,106.86263275146484,114.2573013305664,106.86263275146484,113.44011688232422,97.66793060302734,130476958
2006-04-20,114.29158782958984,115.20592498779295,108.9770278930664,111.42858123779295,95.93607330322266,75692148
2006-04-23,111.43429565429688,114.23444366455078,110.40567779541016,111.68573760986328,96.157470703125,58418086
2006-04-24,111.72003173828124,112.57721710205078,108.69129943847656,109.15989685058594,93.9828109741211,30839609
2006-04-25,109.7199249267578,112.23433685302734,108.82273864746094,111.8514633178711,96.3001708984375,41957400
2006-04-26,112.23433685302734,120.00616455078124,112.23433685302734,114.05728912353516,98.19929504394533,86212039
2006-04-27,112.57721710205078,115.54879760742188,110.97713470458984,115.30878448486328,99.27680206298828,54765263
2006-05-01,117.1488800048828,119.19469451904295,117.03458404541016,117.85176849365234,101.46621704101562,26648041
2006-05-02,117.85749053955078,119.09183502197266,116.70314025878906,118.35465240478516,101.899169921875,23390951
2006-05-03,119.09183502197266,128.09800720214844,118.86325073242188,123.45777130126952,106.29277801513672,124128451
2006-05-04,123.85779571533205,126.74937438964844,123.66349792480467,125.6350326538086,108.16731262207033,52275053
2006-05-07,127.43511962890624,133.60687255859375,127.09224700927734,132.0067901611328,113.65320587158205,67921200
2006-05-08,132.5782470703125,133.68687438964844,129.8352508544922,131.90391540527344,113.56462860107422,63383719
2006-05-09,132.5782470703125,134.29261779785156,129.9781036376953,133.69830322265625,115.1095199584961,89270042
2006-05-10,134.29261779785156,135.36695861816406,125.83503723144533,126.8922348022461,109.24972534179688,106032727
2006-05-11,128.06944274902344,128.06944274902344,120.80621337890624,121.9319839477539,104.97911834716795,74881301
2006-05-14,122.29199981689452,122.29199981689452,115.61165618896484,116.76599884033205,100.53141021728516,85087660
2006-05-15,117.1431655883789,120.56620025634766,111.54859161376952,119.2861328125,102.7011489868164,109591379
2006-05-16,122.20056915283205,124.80069732666016,120.57762908935548,124.14352416992188,106.88319396972656,51148724
2006-05-17,121.72054290771484,122.2691421508789,113.43440246582033,114.8401870727539,98.87335968017578,83552753
2006-05-18,115.43450164794922,121.14908599853516,109.89136505126952,111.78860473632812,96.24604034423828,122474060
2006-05-21,113.72013092041016,114.17729949951172,96.00493621826172,106.22260284423828,91.45391082763672,112969668
2006-05-22,107.3198013305664,112.0057601928711,105.28541564941406,110.5313949584961,95.16362762451172,73477471
2006-05-23,111.09142303466795,111.09142303466795,98.86222076416016,107.26837158203124,92.35426330566406,100243526
2006-05-24,107.93697357177734,109.9485092163086,105.43399047851562,108.57701110839844,93.48097229003906,79605105
2006-05-25,109.7199249267578,113.35440063476562,108.8684539794922,109.5484848022461,94.31739044189452,58021662
2006-05-28,109.9485092163086,111.77717590332033,108.69129943847656,109.25704193115234,94.06645965576172,32605426
2006-05-29,109.68563842773438,111.72003173828124,108.00555419921876,109.14275360107422,93.9680633544922,31027558
2006-05-30,107.20551300048828,110.0513687133789,104.2339324951172,109.05132293701172,93.88934326171876,79677166
2006-05-31,110.2913818359375,110.2913818359375,105.71971893310548,105.7597198486328,92.1011734008789,78184283
2006-06-01,106.29117584228516,109.9485092163086,105.72543334960938,109.50276947021484,95.3608169555664,49858174
2006-06-04,109.9485092163086,110.9428482055664,105.72543334960938,105.7597198486328,92.1011734008789,51169635
2006-06-05,105.14826202392578,105.71971893310548,102.8624267578125,103.6053237915039,90.22502136230467,73627018
2006-06-06,103.43389129638672,105.14826202392578,100.44515991210938,102.06238555908205,88.88134765625,100805037
2006-06-07,100.70231628417967,101.14805603027344,92.23331451416016,94.37056732177734,82.18290710449219,104511487
2006-06-08,93.14764404296876,106.19974517822266,93.14764404296876,105.46256256103516,91.84239959716795,98846897
2006-06-11,104.919677734375,108.34842681884766,102.0966796875,102.98243713378906,89.68257141113281,61593736
2006-06-12,101.71951293945312,101.71951293945312,97.26213836669922,98.136474609375,85.46245574951172,63382091
2006-06-13,98.86222076416016,102.06238555908205,96.37066650390624,98.11361694335938,85.44254302978516,75101186
2006-06-14,100.23372650146484,102.8624267578125,99.71941375732422,102.33097076416016,89.11524200439453,52498149
2006-06-15,103.77676391601562,108.00555419921876,103.77676391601562,105.33113098144533,91.72795104980467,60863192
2006-06-18,104.919677734375,107.43409729003906,103.20530700683594,106.71405792236328,92.93228149414062,35025945
2006-06-19,106.29117584228516,106.9769287109375,104.69109344482422,105.71971893310548,92.06634521484376,39634604
2006-06-20,106.29117584228516,110.69140625,104.919677734375,110.1942367553711,95.96300506591795,56845197
2006-06-21,110.8628387451172,113.53726196289062,110.5428237915039,111.44572448730467,97.05284881591795,42457577
2006-06-22,110.6342544555664,116.17739868164062,108.81702423095705,115.6516571044922,100.71561431884766,52768668
2006-06-25,116.00596618652344,117.01172637939452,111.72003173828124,112.14290618896484,97.6600112915039,61659515
2006-06-26,113.49154663085938,115.53736877441406,111.9543228149414,112.66293334960938,98.11286163330078,109435620
2006-06-27,109.96565246582033,114.9773406982422,109.96565246582033,114.4001693725586,99.62574768066406,56030177
2006-06-28,117.02315521240234,117.7203369140625,114.46302795410156,115.24592590332033,100.36227416992188,52730100
2006-06-29,117.137451171875,121.60625457763672,117.137451171875,121.13194274902344,105.48812866210938,52072458
2006-07-02,121.33766174316406,123.40062713623048,120.49761962890624,122.417724609375,106.60785675048828,38339251
2006-07-03,122.29199981689452,123.85779571533205,122.06341552734376,122.82917022705078,106.96617889404295,31663257
2006-07-04,122.7491683959961,125.60645294189452,121.73768615722656,125.05213928222656,108.90204620361328,38295941
2006-07-05,123.4234848022461,124.69212341308594,122.42343139648438,123.80636596679688,107.8171615600586,37355775
2006-07-06,125.03499603271484,125.03499603271484,117.29174041748048,117.90320587158205,102.67638397216795,57829355
2006-07-09,118.40608978271484,119.98902130126952,116.94315338134766,119.24041748046876,103.84089660644533,39154175
2006-07-10,119.43470764160156,120.32047271728516,118.42894744873048,119.91473388671876,104.4281234741211,30355671
2006-07-11,118.42894744873048,125.7207489013672,115.56022644042967,125.49787902832033,109.29022216796876,64260537
2006-07-12,124.14923858642578,125.1492919921875,122.33200073242188,122.91488647460938,107.04082489013672,29174001
2006-07-13,121.72054290771484,123.77779388427734,120.09188842773438,122.18914031982422,106.40879821777344,28412300
2006-07-16,120.92050170898438,122.109130859375,117.4631805419922,117.8803482055664,102.65646362304688,25732995
2006-07-17,118.0632095336914,118.86325073242188,113.04581451416016,114.79447174072266,99.96912384033205,55770770
2006-07-18,115.43450164794922,117.70890808105467,111.68002319335938,112.3543472290039,97.84413146972656,58942316
2006-07-19,113.94871520996094,115.43450164794922,112.60578918457033,113.7658462524414,99.07334899902344,63024777
2006-07-20,113.14867401123048,113.72013092041016,109.217041015625,110.58282470703124,96.30139923095705,58215228
2006-07-23,109.9485092163086,111.43429565429688,107.60552978515624,111.0342788696289,96.69456481933594,46571895
2006-07-24,112.55435943603516,113.2629623413086,111.66287994384766,112.89723205566406,98.3169174194336,27579168
2006-07-25,113.14867401123048,114.85161590576172,112.13147735595705,114.28015899658205,99.521240234375,25801706
2006-07-26,114.85161590576172,116.09739685058594,112.94866180419922,114.30301666259766,99.54113006591795,40973706
2006-07-27,115.28592681884766,115.28592681884766,111.32000732421876,111.89717864990234,97.4460220336914,31577196
2006-07-30,112.92008972167967,114.06300354003906,111.56002044677734,111.8686065673828,97.42112731933594,29046931
2006-07-31,111.32000732421876,113.25724792480467,111.32000732421876,112.1886215209961,97.6998062133789,30444199
2006-08-01,111.89146423339844,113.6572723388672,111.89146423339844,113.25153350830078,98.62545776367188,18028876
2006-08-02,113.72013092041016,115.20592498779295,112.16004943847656,112.92008972167967,98.33680725097656,34767693
2006-08-03,112.92008972167967,114.23444366455078,109.97708129882812,110.61139678955078,96.3262710571289,43700494
2006-08-06,110.6342544555664,110.71426391601562,108.80559539794922,109.14275360107422,95.04729461669922,21285415
2006-08-07,109.2056121826172,111.97147369384766,109.14846801757812,111.68002319335938,97.2568817138672,19332271
2006-08-08,111.68002319335938,113.88014221191406,110.8628387451172,112.92008972167967,98.33680725097656,29473831
2006-08-09,112.92008972167967,113.14867401123048,110.5428237915039,111.88574981689452,97.4360580444336,23640138
2006-08-10,112.6800765991211,116.00596618652344,111.43429565429688,115.54879760742188,100.62603759765624,48343496
2006-08-13,116.00596618652344,117.94892120361328,114.54302978515624,117.6346206665039,102.4424819946289,23130442
2006-08-15,118.2917938232422,120.57762908935548,118.18893432617188,119.60614776611328,104.1594009399414,36026229
2006-08-16,121.0347900390625,122.7491683959961,118.640380859375,121.84626007080078,106.11019134521484,46844190
2006-08-17,122.06341552734376,123.26348114013672,119.89187622070312,120.68048858642578,105.09497833251952,18878851
2006-08-20,120.57762908935548,122.8520278930664,119.43470764160156,122.0177001953125,106.2594985961914,20695564
2006-08-21,123.4349136352539,123.99494171142578,120.64048767089844,121.69768524169922,105.98079681396484,27080339
2006-08-22,121.37767028808594,122.73773956298828,120.5947723388672,121.36624145507812,105.69217681884766,20861526
2006-08-23,121.14908599853516,127.98371887207033,120.23474884033205,126.50364685058594,110.16608428955078,49476974
2006-08-24,127.43511962890624,128.57803344726562,125.83503723144533,126.93795013427734,110.54430389404295,41967707
2006-08-27,127.20653533935548,128.4523162841797,126.53793334960938,128.24659729003906,111.68394470214844,18145464
2006-08-28,129.1380615234375,130.28097534179688,127.43511962890624,127.8751449584961,111.3604736328125,34556191
2006-08-29,127.43511962890624,129.720947265625,126.53221893310548,129.01234436035156,112.35079193115234,28771180
2006-08-30,118.86325073242188,129.81239318847656,118.86325073242188,127.70370483398438,111.21116638183594,44955888
2006-08-31,127.43511962890624,128.9666290283203,127.43511962890624,128.2923126220703,111.72377014160156,18774303
2006-09-03,128.58375549316406,130.05812072753906,128.58375549316406,129.33236694335938,112.62948608398438,21722805
2006-09-04,128.57803344726562,129.720947265625,127.5494155883789,128.68661499023438,112.06714630126952,13024825
2006-09-05,128.69232177734375,130.97816467285156,128.4637451171875,130.00668334960938,113.21672058105467,31321902
2006-09-06,129.720947265625,129.720947265625,128.04086303710938,128.6580352783203,112.04225158691406,24551500
2006-09-07,129.1494903564453,129.65809631347656,127.1493911743164,129.24093627929688,112.54988861083984,39334302
2006-09-10,129.37808227539062,129.71524047851562,123.77779388427734,124.3149642944336,108.26009368896484,41672348
2006-09-11,124.80641174316406,126.83509063720705,122.64630126953124,126.50364685058594,110.16608428955078,50741607
2006-09-12,127.06938934326172,128.61231994628906,126.97795867919922,127.56655883789062,111.09174346923828,35040119
2006-09-13,128.00657653808594,129.9381103515625,127.52655792236328,128.73233032226562,112.10694122314452,27713657
2006-09-14,128.80662536621094,130.74957275390625,127.34940338134766,130.36099243164062,113.5252685546875,26321350
2006-09-17,130.86387634277344,131.50961303710938,128.59518432617188,129.54380798339844,112.81363677978516,24127707
2006-09-18,129.720947265625,130.9095916748047,126.74937438964844,127.76085662841795,111.2609405517578,26778672
2006-09-19,127.32083129882812,129.355224609375,126.29792022705078,128.93804931640625,112.2861099243164,27366195
2006-09-20,129.509521484375,130.7152862548828,129.17807006835938,130.16668701171875,113.3560791015625,32394562
2006-09-21,129.6923828125,132.4525146484375,128.92091369628906,132.12107849121094,115.0580596923828,46463515
2006-09-24,132.55538940429688,134.29261779785156,132.12107849121094,132.9325408935547,115.76470184326172,37707061
2006-09-25,133.03541564941406,135.0926513671875,132.5953826904297,134.76121520996094,117.35721588134766,33132674
2006-09-26,135.54981994628906,136.7841796875,133.74972534179688,134.1840362548828,116.8545913696289,21181864
2006-09-27,133.85830688476562,134.86407470703125,132.92111206054688,133.49256896972656,116.25241088867188,33521163
2006-09-28,135.984130859375,135.984130859375,133.61830139160156,133.92117309570312,116.62566375732422,17727148
2006-10-02,133.1782684326172,134.44691467285156,132.5782470703125,132.78396606445312,115.63531494140624,9095349
2006-10-03,133.1497039794922,133.37828063964844,130.63528442382812,131.32675170898438,114.36630249023438,44511779
2006-10-04,132.5782470703125,133.0811309814453,131.50390625,131.995361328125,114.94859313964844,35692547
2006-10-05,133.2639923095703,134.2240447998047,131.66390991210938,132.9039764404297,115.73982238769533,23645475
2006-10-08,132.0067901611328,133.37828063964844,131.44676208496094,131.8296356201172,114.8042449951172,14470574
2006-10-09,132.5782470703125,133.12684631347656,131.09815979003906,131.53819274902344,114.55042266845705,11522501
2006-10-10,132.0067901611328,132.79539489746094,130.1209716796875,130.66957092285156,113.79401397705078,23692513
2006-10-11,130.80101013183594,134.0640411376953,130.549560546875,133.5782928466797,116.3270492553711,34037745
2006-10-12,134.0640411376953,136.68702697753906,134.0640411376953,136.0869903564453,118.51177978515624,47385989
2006-10-15,136.5784454345703,139.32144165039062,136.4641571044922,138.68141174316406,120.7711181640625,38044671
2006-10-16,138.86428833007812,139.64146423339844,137.7327880859375,138.88714599609375,120.95028686523438,22184239
2006-10-17,137.40135192871094,139.49288940429688,137.40135192871094,138.1213836669922,120.283447265625,21577563
2006-10-18,138.74998474121094,138.74998474121094,135.61839294433594,136.81846618652344,119.14879608154295,32234690
2006-10-19,137.81280517578125,139.35572814941406,137.14990234375,137.55564880371094,119.79077911376952,33183754
2006-10-22,137.14990234375,137.2527618408203,136.2012939453125,136.447021484375,118.8253173828125,15570647
2006-10-25,136.00698852539062,136.4641571044922,133.72116088867188,134.28689575195312,116.94415283203124,21219811
2006-10-26,135.309814453125,140.24720764160156,134.87550354003906,139.74432373046875,121.69674682617188,41792532
2006-10-29,140.0072021484375,141.72157287597656,138.53854370117188,141.28155517578125,123.03546905517578,17880493
2006-10-30,141.15011596679688,141.60728454589844,139.23573303222656,140.12149047851562,122.02522277832033,17921966
2006-10-31,139.55003356933594,144.92173767089844,139.44717407226562,144.51028442382812,125.84725189208984,48093538
2006-11-01,144.92173767089844,148.4647674560547,143.83596801757812,146.67611694335938,127.73333740234376,36317956
2006-11-02,147.4361572265625,147.65330505371094,144.92173767089844,147.17327880859375,128.1663360595703,28470721
2006-11-05,146.97898864746094,150.29344177246094,146.32180786132812,149.0933837890625,129.8384552001953,30595173
2006-11-06,149.49339294433594,150.4020233154297,146.8818359375,147.58473205566406,128.52459716796875,31880044
2006-11-07,147.58473205566406,147.9733123779297,141.87586975097656,143.12164306640625,124.63793182373048,42717762
2006-11-08,143.55023193359375,144.76173400878906,142.1558837890625,144.0759735107422,125.46903228759766,35843381
2006-11-09,144.8074493408203,147.85902404785156,143.22450256347656,146.8989715576172,127.92742156982422,30040836
2006-11-12,147.2075653076172,148.1219024658203,146.52182006835938,146.91041564941406,127.93738555908205,9861469
2006-11-13,147.48187255859375,148.1104736328125,145.43032836914062,146.2246551513672,127.34017944335938,14216391
2006-11-14,146.52182006835938,146.9618377685547,143.79025268554688,144.31027221679688,125.6730499267578,18325127
2006-11-15,144.578857421875,146.52182006835938,143.45309448242188,144.66458129882812,125.98159790039062,14140848
2006-11-16,145.1503143310547,145.37890625,143.13307189941406,143.9216766357422,125.33460998535156,10982566
2006-11-19,140.0357666015625,144.91030883789062,140.0357666015625,143.8931121826172,125.30976104736328,24385013
2006-11-20,144.8074493408203,146.11036682128906,143.91024780273438,145.6132049560547,126.80770874023438,16005333
2006-11-21,146.28179931640625,147.49330139160156,145.41319274902344,146.08180236816406,127.21578979492188,15767608
2006-11-22,146.29322814941406,147.41329956054688,145.03602600097656,145.37318420410156,126.59868621826172,16107904
2006-11-23,145.1503143310547,145.6531982421875,143.8131103515625,144.27598571777344,125.64319610595705,18410392
2006-11-26,144.23599243164062,145.03602600097656,142.93878173828125,143.19021606445312,124.69763946533205,15857501
2006-11-27,142.78448486328125,145.11602783203125,141.71014404296875,142.94448852539062,124.48367309570312,27266564
2006-11-28,143.44737243652344,144.6588592529297,142.42446899414062,142.78448486328125,124.34431457519533,15458547
2006-11-29,142.97877502441406,144.12168884277344,141.72727966308594,142.23016357421875,123.86156463623048,23547891
2006-11-30,142.30445861816406,145.02459716796875,142.30445861816406,144.12741088867188,125.51377868652344,19952019
2006-12-03,144.578857421875,145.83607482910156,143.5045166015625,143.9959716796875,125.39933013916016,21858012
2006-12-04,146.29322814941406,147.93902587890625,144.578857421875,146.24180603027344,127.35513305664062,32943928
2006-12-05,146.84182739257812,148.4590606689453,145.16746520996094,146.44752502441406,127.5342788696289,27990519
2006-12-06,146.40753173828125,149.60769653320312,146.40753173828125,148.693359375,129.4900360107422,33453887
2006-12-07,149.15052795410156,149.15052795410156,144.578857421875,145.0531768798828,126.3200454711914,25528483
2006-12-10,146.29322814941406,146.29322814941406,140.15577697753906,141.72157287597656,123.41864776611328,39687399
2006-12-11,141.49298095703125,143.8931121826172,134.44691467285156,137.76707458496094,119.97489166259766,60181243
2006-12-12,138.85284423828125,141.96157836914062,137.26419067382812,141.53871154785156,123.25943756103516,45985404
2006-12-13,142.29302978515625,145.53890991210938,141.6129913330078,143.94454956054688,125.35456085205078,26296213
2006-12-14,144.69314575195312,145.1503143310547,142.3501739501953,143.28736877441406,124.7822494506836,21131992
2006-12-17,144.0074005126953,148.35047912597656,142.07015991210938,147.33328247070312,128.30564880371094,22069305
2006-12-18,148.32762145996094,148.32762145996094,140.5786590576172,143.2702178955078,124.7673110961914,36971040
2006-12-19,144.0074005126953,145.72177124023438,140.955810546875,142.73876953125,124.30451202392578,36757166
2006-12-20,143.0930633544922,144.8760223388672,142.07586669921875,144.17312622070312,125.55361938476562,20249661
2006-12-21,144.18455505371094,145.72177124023438,143.5788116455078,145.44175720214844,126.6584243774414,12273869
2006-12-25,146.85325622558594,146.85325622558594,144.69314575195312,145.9503631591797,127.10135650634766,14411909
2006-12-26,146.86468505859375,148.33905029296875,146.3503875732422,147.81903076171875,128.72865295410156,20441871
2006-12-27,148.23619079589844,148.92193603515625,144.95030212402344,145.68748474121094,126.87239074707033,35820527
2006-12-28,146.2989501953125,147.09327697753906,144.60171508789062,145.16746520996094,126.4195556640625,19637297
2007-01-01,145.72177124023438,146.9561309814453,145.18460083007812,146.39610290527344,127.489501953125,10061125
2007-01-02,146.86468505859375,147.5390167236328,145.76177978515625,146.81326293945312,127.85276794433594,13034467
2007-01-03,147.4361572265625,148.57907104492188,145.9503631591797,146.3503875732422,127.44969177246094,26444841
2007-01-04,145.72177124023438,149.9505615234375,145.72177124023438,147.22471618652344,128.2111053466797,26660981
2007-01-07,147.893310546875,147.893310546875,144.76173400878906,145.93321228027344,127.08638763427734,19173370
2007-01-08,147.98475646972656,147.98475646972656,145.37890625,146.09893798828125,127.2307357788086,22409750
2007-01-09,145.72177124023438,147.5390167236328,144.4759979248047,145.5103302001953,126.71810913085938,42113055
2007-01-10,145.72177124023438,148.57907104492188,144.60171508789062,148.17904663085938,129.0421905517578,19496132
2007-01-11,149.5734100341797,153.72218322753906,148.0076141357422,153.0935821533203,133.32205200195312,39190014
2007-01-14,155.98516845703125,156.8080596923828,153.8364715576172,156.00230407714844,135.85507202148438,28151257
2007-01-15,156.23660278320312,156.8080596923828,153.61932373046875,153.94505310058594,134.06353759765625,15692397
2007-01-16,155.20797729492188,155.66514587402344,153.7393341064453,154.27650451660156,134.3522186279297,13686536
2007-01-17,154.86509704589844,158.2595672607422,154.17935180664062,156.28231811523438,136.0989532470703,30901337
2007-01-18,163.20838928222656,163.20838928222656,157.06521606445312,158.0366973876953,137.62672424316406,56511743
2007-01-21,158.29385375976562,159.43104553222656,156.69947814941406,157.01950073242188,136.74090576171875,13715121
2007-01-22,156.69947814941406,157.80810546875,155.16796875,155.49942016601562,135.41717529296875,10620755
2007-01-23,157.08236694335938,157.08236694335938,155.4651336669922,156.52232360839844,136.30796813964844,14724968
2007-01-24,157.6881103515625,157.6881103515625,155.72801208496094,156.64805603027344,136.41744995117188,22136178
2007-01-28,156.57948303222656,159.31105041503906,156.03659057617188,157.98526000976562,137.58197021484375,14797851
2007-01-30,158.40243530273438,158.7510223388672,155.27655029296875,156.17373657226562,136.00439453125,23624188
2007-01-31,156.35089111328125,158.1795654296875,155.89944458007812,157.44808959960938,137.1141357421875,8045902
2007-02-01,158.14527893066406,159.28819274902344,156.3566131591797,157.15664672851562,136.8603973388672,14278285
2007-02-04,157.72239685058594,158.97959899902344,156.8080596923828,158.56243896484375,138.08460998535156,8424574
2007-02-05,152.0078125,160.9225616455078,152.0078125,158.7738800048828,138.26873779296875,15368716
2007-02-06,159.77964782714844,159.98536682128906,157.86524963378906,159.4253387451172,138.8360595703125,13360974
2007-02-07,159.65963745117188,160.35110473632812,157.83668518066406,159.6710662841797,139.050048828125,8767390
2007-02-08,160.06536865234375,160.785400390625,156.57948303222656,159.07102966308594,138.5274658203125,13458978
2007-02-11,158.52243041992188,158.52243041992188,154.6593780517578,155.31655883789062,135.25790405273438,11095995
2007-02-12,154.97940063476562,158.29385375976562,153.3793182373047,156.122314453125,135.9595947265625,12632180
2007-02-13,156.02516174316406,158.48814392089844,153.4078826904297,157.38523864746094,137.0594482421875,12438544
2007-02-14,158.00811767578125,161.5740203857422,158.00811767578125,160.80255126953125,140.035400390625,17888402
2007-02-18,161.15113830566406,163.4369659423828,161.15113830566406,162.37977600097656,141.40892028808594,13674777
2007-02-19,163.3226776123047,165.082763671875,161.17971801757812,161.6768798828125,140.7968292236328,28700335
2007-02-20,158.97959899902344,162.86550903320312,158.97959899902344,160.77969360351562,140.0155029296875,13364272
2007-02-21,161.72259521484375,162.97409057617188,160.0082244873047,161.38543701171875,140.5430145263672,32546891
2007-02-22,162.751220703125,165.0027618408203,160.24822998046875,161.5225830078125,140.66244506835938,32824943
2007-02-25,162.29405212402344,163.4141082763672,156.86520385742188,160.7568359375,139.99559020996094,63419942
2007-02-26,149.16195678710938,161.73402404785156,149.16195678710938,160.63111877441406,139.88613891601562,26148818
2007-02-27,154.30506896972656,157.72239685058594,152.13925170898438,154.57937622070312,134.61595153808594,61743983
2007-02-28,157.15093994140625,157.15093994140625,150.75631713867188,156.32232666015625,136.13377380371094,34581643
2007-03-01,156.6937713623047,156.6937713623047,149.49339294433594,150.4305877685547,131.0029296875,41534412
2007-03-04,148.57907104492188,148.693359375,142.6587677001953,143.93310546875,125.34459686279295,47152367
2007-03-05,145.60748291015625,149.36767578125,144.3845672607422,148.33334350585938,129.17654418945312,31088166
2007-03-06,149.83627319335938,151.89352416992188,144.13311767578125,147.2818603515625,128.26087951660156,30188258
2007-03-07,150.7506103515625,153.15072631835938,147.4361572265625,152.6421356201172,132.9288787841797,29274218
2007-03-08,152.92214965820312,154.27078247070312,149.15052795410156,150.6591796875,131.20201110839844,21098499
2007-03-11,151.9963836669922,152.53355407714844,149.3791046142578,150.37344360351562,130.9531707763672,18864108
2007-03-12,150.37344360351562,152.2021026611328,149.17909240722656,151.63636779785156,132.05296325683594,13837877
2007-03-13,149.60769653320312,149.60769653320312,144.1502685546875,146.90469360351562,127.93242645263672,23510172
2007-03-14,148.4647674560547,149.71055603027344,146.17893981933594,146.68182373046875,127.7383270263672,25017125
2007-03-15,146.68182373046875,149.24195861816406,145.83607482910156,148.59620666503906,129.4054718017578,22468407
2007-03-18,148.7047882080078,150.6363067626953,148.24761962890625,150.12771606445312,130.7391815185547,10332291
2007-03-19,150.6363067626953,152.5792694091797,150.40773010253906,151.20205688476562,131.67478942871094,10261183
2007-03-20,150.86489868164062,153.5850372314453,149.15052795410156,153.15072631835938,134.5841827392578,10490395
2007-03-21,153.95077514648438,157.7166748046875,153.95077514648438,157.17950439453125,138.12454223632812,21121580
2007-03-22,157.26522827148438,158.15670776367188,155.43655395507812,157.27093505859375,138.2048797607422,16677657
2007-03-25,158.0652618408203,158.0652618408203,154.29364013671875,155.9565887451172,137.04989624023438,12894448
2007-03-27,155.43655395507812,157.03663635253906,153.44216918945312,154.29364013671875,135.5885467529297,18664269
2007-03-28,155.8937225341797,156.46517944335938,153.8364715576172,155.11654663085938,136.31167602539062,23169325
2007-03-29,155.43655395507812,157.13951110839844,154.6593780517578,156.61376953125,137.6273651123047,23147171
2007-04-01,154.86509704589844,155.29940795898438,149.17909240722656,150.17343139648438,131.9678497314453,28788942
2007-04-02,150.9220428466797,153.8364715576172,149.6648406982422,153.2364501953125,134.65948486328125,23283681
2007-04-03,154.0650634765625,156.45947265625,154.03077697753906,155.80801391601562,136.9193115234375,17412059
2007-04-04,155.77943420410156,155.98516845703125,154.5450897216797,155.3051300048828,136.4774169921875,10617290
2007-04-08,156.00802612304688,158.63671875,155.66514587402344,158.21385192871094,139.0334930419922,9728896
2007-04-09,158.80816650390625,158.8653106689453,156.64805603027344,158.22528076171875,139.04354858398438,11596942
2007-04-10,158.3109893798828,159.8253631591797,157.38523864746094,158.47671508789062,139.26449584960938,14678962
2007-04-11,158.1795654296875,159.20819091796875,156.83663940429688,158.57957458496094,139.35491943359375,9616770
2007-04-12,157.17950439453125,161.82545471191406,157.17950439453125,161.37400817871094,141.81056213378906,13299955
2007-04-15,162.076904296875,167.32289123535156,161.97975158691406,166.6085662841797,146.4105224609375,14851941
2007-04-16,167.4371795654297,170.06588745117188,165.99139404296875,168.67152404785156,148.22335815429688,33423430
2007-04-17,168.3515167236328,170.96878051757812,168.3515167236328,169.7630157470703,149.1825408935547,20053251
2007-04-18,167.4657440185547,171.38023376464844,166.93429565429688,170.56304931640625,149.8855743408203,19251241
2007-04-19,170.8659210205078,176.58050537109375,170.8659210205078,176.17477416992188,154.8170166015625,20879952
2007-04-22,176.3519287109375,178.2948760986328,174.32896423339844,177.64341735839844,156.10755920410156,21884768
2007-04-23,177.609130859375,181.67791748046875,176.12905883789062,180.9178771972656,158.985107421875,20824121
2007-04-24,180.80929565429688,182.86654663085935,178.63775634765625,182.6836700439453,160.53683471679688,18046358
2007-04-25,184.00946044921875,185.9066925048828,181.03787231445312,182.50653076171875,160.3811798095703,54287817
2007-04-26,184.238037109375,184.238037109375,175.09471130371094,175.91761779785156,154.59103393554688,27450567
2007-04-29,177.1291046142578,179.6663818359375,171.5516815185547,178.41488647460938,156.78553771972656,20872174
2007-05-02,180.00924682617188,186.2952880859375,180.00924682617188,185.8552703857422,163.32394409179688,32242197
2007-05-03,186.3238677978516,186.9810333251953,180.249267578125,180.94073486328125,159.0051727294922,32242949
2007-05-06,183.43800354003903,184.92379760742188,182.4093780517578,183.60943603515625,161.35035705566406,24784859
2007-05-07,183.8380279541016,184.5123443603516,181.7236328125,182.08364868164065,160.00950622558594,18773874
2007-05-08,181.7236328125,182.86654663085935,179.8378143310547,182.66653442382807,160.52174377441406,20192089
2007-05-09,183.6665802001953,183.98660278320312,180.00924682617188,180.74072265625,158.8294219970703,15843099
2007-05-10,177.26625061035156,182.86654663085935,175.00900268554688,181.62075805664065,159.602783203125,29450679
2007-05-13,184.00946044921875,185.9524078369141,183.43800354003903,185.1809539794922,162.7313690185547,16711929
2007-05-14,185.2095184326172,185.82669067382807,182.12364196777344,182.69509887695312,160.54685974121094,30350894
2007-05-15,182.9808349609375,188.3525390625,182.7065277099609,186.83245849609372,164.1826629638672,24876581
2007-05-16,188.0210876464844,193.12420654296875,188.0210876464844,192.60989379882807,169.25970458984375,24973307
2007-05-17,192.5584716796875,194.9814453125,190.87838745117188,194.11854553222656,170.58544921875,20283846
2007-05-20,195.4386138916016,202.29611206054688,194.77572631835935,201.26177978515625,176.86268615722656,28342277
2007-05-21,202.18182373046875,204.01048278808597,198.6559295654297,203.3533172607422,178.70065307617188,34401499
2007-05-22,203.43902587890625,205.47341918945312,200.01028442382807,200.7131805419922,176.380615234375,14032887
2007-05-23,200.0159912109375,201.1531982421875,196.24436950683597,197.4044342041016,173.47299194335938,24716385
2007-05-24,194.4385681152344,198.5244903564453,194.42141723632807,197.5015869140625,173.5583953857422,21165870
2007-05-27,198.8559417724609,200.01028442382807,196.15866088867188,197.0272674560547,173.14154052734375,13474797
2007-05-28,196.81011962890625,202.06753540039065,195.75863647460935,200.79888916015625,176.45596313476562,20311599
2007-05-29,200.01028442382807,203.43902587890625,199.1073760986328,200.3360137939453,176.0491485595703,26982519
2007-05-30,200.5817413330078,202.49612426757807,199.6674041748047,201.01605224609372,176.64674377441406,16331017
2007-05-31,202.6161346435547,203.42759704589844,199.70741271972656,200.1531524658203,175.8884735107422,13167670
2007-06-03,202.18182373046875,202.18182373046875,198.7016448974609,199.0902404785156,174.9544219970703,12200442
2007-06-04,198.7530670166016,200.12457275390625,196.82725524902344,199.4845428466797,175.3009033203125,15844324
2007-06-05,200.12457275390625,200.92462158203125,192.27273559570312,193.3013610839844,169.86732482910156,23865990
2007-06-06,191.20982360839844,195.0728912353516,189.7240447998047,190.76980590820312,167.64268493652344,22658622
2007-06-07,190.1811981201172,194.0499725341797,188.2496795654297,189.38687133789065,166.4274139404297,30218286
2007-06-10,205.724853515625,205.724853515625,189.7526092529297,190.4269256591797,167.34136962890625,18858124
2007-06-11,191.42698669433597,195.65005493164065,190.0326232910156,194.16998291015625,170.6306610107422,26005430
2007-06-12,194.10140991210935,195.41575622558597,190.8669586181641,191.484130859375,168.2704315185547,19604810
2007-06-13,192.69561767578125,194.6385803222656,192.58132934570312,193.84425354003903,170.3444061279297,17465782
2007-06-14,194.2957000732422,195.4386138916016,190.655517578125,192.22702026367188,168.92324829101562,17472641
2007-06-17,194.0442657470703,194.0442657470703,190.4669342041016,191.04981994628903,167.8887176513672,12464749
2007-06-18,191.04981994628903,197.77017211914065,190.87838745117188,197.33013916015625,173.4076690673828,19266710
2007-06-19,197.33013916015625,199.8731384277344,196.81011962890625,198.0616149902344,174.0504913330078,17149940
2007-06-20,198.29591369628903,199.72454833984372,196.71868896484372,198.22161865234372,174.1911163330078,14187474
2007-06-21,198.29591369628903,198.29591369628903,194.1414031982422,194.8785858154297,171.25335693359375,17986039
2007-06-24,195.2100372314453,195.89578247070312,193.92996215820312,195.3414764404297,171.66015625,25281291
2007-06-25,195.32432556152344,196.5815277099609,194.2957000732422,194.66714477539065,171.06752014160156,12617428
2007-06-26,194.1814117431641,196.57009887695312,193.4556579589844,194.1299743652344,170.595458984375,13754039
2007-06-27,195.32432556152344,195.9872131347656,192.73562622070312,193.38136291503903,169.93760681152344,24648261
2007-06-28,194.2957000732422,195.5529022216797,193.0384979248047,194.3585662841797,170.79638671875,23062353
2007-07-01,194.75286865234372,195.66720581054688,191.9012908935547,192.50132751464844,169.16429138183594,23953923
2007-07-02,191.5641326904297,195.76434326171875,191.5641326904297,195.13003540039065,171.47433471679688,23453510
2007-07-03,195.5529022216797,197.91302490234372,195.32432556152344,196.37008666992188,172.56402587890625,19068174
2007-07-04,196.3529510498047,197.15298461914065,192.0670166015625,195.4214782714844,171.73045349121094,15396233
2007-07-05,195.89578247070312,197.7873077392578,192.58132934570312,195.42718505859372,171.7354278564453,13805731
2007-07-08,194.6271514892578,196.5186767578125,194.4099884033203,195.5471954345703,171.84088134765625,13210342
2007-07-09,196.0157928466797,196.0157928466797,193.7242431640625,194.6042938232422,171.01231384277344,9858905
2007-07-10,196.23866271972656,196.4443817138672,192.7127685546875,194.67286682128903,171.07257080078125,10772489
2007-07-11,195.05003356933597,197.16441345214844,195.05003356933597,196.5072479248047,172.68458557128906,12406162
2007-07-12,197.7015838623047,204.6619415283203,197.2958526611328,202.6446990966797,178.07798767089844,38976595
2007-07-15,203.43902587890625,204.4676513671875,201.9818115234375,203.06185913085935,178.44454956054688,13185327
2007-07-16,204.4676513671875,210.1593780517578,203.4504547119141,208.9078826904297,183.58189392089844,31204282
2007-07-17,209.72506713867188,210.18223571777344,206.13059997558597,208.3135681152344,183.05960083007807,26883867
2007-07-18,208.3535614013672,218.18264770507807,207.690673828125,216.33111572265625,190.10516357421875,33599436
2007-07-19,217.03973388671875,218.86839294433597,214.98248291015625,216.2568359375,190.03990173339844,31593917
2007-07-22,214.86819458007807,218.86839294433597,214.29672241210935,218.20550537109372,191.7523193359375,20646199
2007-07-23,218.5255126953125,220.69705200195312,218.068359375,218.59408569335935,192.09378051757807,20243493
2007-07-24,216.5825653076172,218.5255126953125,214.29672241210935,217.451171875,191.0894775390625,19721223
2007-07-25,218.29693603515625,222.69715881347656,217.8397674560547,221.94854736328125,195.0415802001953,33158301
2007-07-26,219.4169921875,221.26852416992188,212.01089477539065,213.4395446777344,187.56414794921875,57384677
2007-07-29,215.4396514892578,217.0225830078125,210.2965240478516,211.29656982421875,185.6809844970703,24399424
2007-07-30,213.15380859375,217.3597412109375,209.4964904785156,216.4111175537109,190.1754608154297,19654919
2007-07-31,212.8109436035156,214.18243408203125,204.86767578125,205.4676971435547,180.55870056152344,36609150
2007-08-01,209.95364379882807,210.26223754882807,204.8105316162109,205.7877197265625,180.8399353027344,20934716
2007-08-02,206.9820709228516,210.1365203857422,205.2677001953125,205.85629272460935,180.90020751953125,26123969
2007-08-05,203.7819061279297,204.8105316162109,200.1702880859375,203.4561767578125,178.7910919189453,19342158
2007-08-06,206.86778259277344,208.1249847412109,204.83909606933597,206.89064025878903,181.8091583251953,27077163
2007-08-07,208.3535614013672,215.42822265625,207.87353515625,214.34815979003903,188.3625946044922,28523314
2007-08-08,215.6682281494141,218.5826568603516,209.7822113037109,210.95941162109372,185.3846893310547,32078790
2007-08-09,208.0106964111328,208.0106964111328,203.0047149658203,206.7592010498047,181.69366455078125,29431457
2007-08-12,208.23927307128903,209.9307861328125,206.5877685546875,209.0621795654297,183.7174530029297,13780410
2007-08-13,205.724853515625,210.2965240478516,205.724853515625,209.502197265625,184.10411071777344,8919702
2007-08-15,204.8105316162109,204.8105316162109,197.15298461914065,198.7587890625,174.6631317138672,35041064
2007-08-16,195.5529022216797,202.74185180664065,192.3756103515625,200.3417205810547,176.05418395996094,52133783
2007-08-19,205.724853515625,210.86798095703125,203.5533142089844,205.49627685546875,180.5838623046875,20630590
2007-08-20,205.724853515625,207.1763610839844,198.3302001953125,199.6502685546875,175.44656372070312,33584247
2007-08-21,199.6674041748047,205.0162506103516,196.0443572998047,201.8618011474609,177.38998413085938,37659201
2007-08-22,205.61056518554688,206.63919067382807,198.29591369628903,199.32452392578125,175.16030883789062,26753018
2007-08-23,200.64459228515625,203.6676177978516,199.1073760986328,203.02186584472656,178.40939331054688,14865687
2007-08-26,207.7821044921875,210.3422393798828,204.8105316162109,209.58792114257807,184.1794586181641,17956745
2007-08-27,209.58792114257807,216.0111083984375,208.81072998046875,215.15391540527344,189.07069396972656,28190228
2007-08-28,211.8966064453125,217.5883331298828,210.86798095703125,215.9768218994141,189.79380798339844,23266768
2007-08-29,217.15402221679688,220.0113067626953,214.98248291015625,218.5312347412109,192.03858947753903,36922515
2007-08-30,217.15402221679688,225.1544342041016,217.0225830078125,224.1143798828125,196.94485473632807,31770666
2007-09-02,224.1143798828125,226.1830596923828,221.7256774902344,223.7772216796875,196.6485748291016,17448851
2007-09-03,224.4686737060547,225.9373321533203,219.5827178955078,225.48587036132807,198.1501007080078,17767160
2007-09-04,227.09738159179688,227.89743041992188,222.9828948974609,224.53726196289065,197.3164825439453,21831606
2007-09-05,222.18284606933597,227.2116851806641,222.0685577392578,226.62307739257807,199.14942932128903,13398046
2007-09-06,226.6402282714844,227.4402618408203,223.4400634765625,224.34295654296875,197.145751953125,16099767
2007-09-09,223.4400634765625,228.01171875,222.18284606933597,226.9373779296875,199.42564392089844,13639157
2007-09-10,227.4402618408203,229.55465698242188,226.86880493164065,227.45169067382807,199.87759399414065,18968079
2007-09-11,228.12600708007807,230.9833068847656,227.66883850097656,230.08612060546875,202.19265747070312,21066003
2007-09-12,231.4404754638672,232.58338928222656,230.1432647705078,231.7261962890625,203.6338806152344,17281779
2007-09-13,232.58338928222656,236.6864471435547,231.8119201660156,232.5548095703125,204.36203002929688,22388716
2007-09-16,232.01193237304688,235.37210083007807,230.9833068847656,231.817626953125,203.7142639160156,12641000
2007-09-17,230.86900329589844,235.89784240722656,230.40042114257807,235.21780395507807,206.7022247314453,21998267
2007-09-18,244.01254272460935,249.4756774902344,237.7207946777344,248.4584808349609,218.3376922607422,28944037
2007-09-19,248.6985015869141,251.6415100097656,247.6698760986328,250.33287048339844,219.98489379882807,23858535
2007-09-20,249.61282348632807,262.7563781738281,249.3328094482422,260.6362609863281,229.0391540527344,25276339
2007-09-23,262.87066650390625,271.8996887207031,261.27056884765625,269.2138366699219,236.5768585205078,34178621
2007-09-24,264.6136169433594,277.2713928222656,264.6136169433594,274.25408935546875,241.006103515625,29360349
2007-09-25,274.1855163574219,276.0141906738281,264.58502197265625,265.3793640136719,233.2072296142578,34436400
2007-09-26,266.37939453125,270.8710632324219,263.4935302734375,264.9621887207031,232.8406982421875,30579013
2007-09-27,268.5852355957031,268.5852355957031,258.8704528808594,262.6477966308594,230.8068389892578,30223702
2007-09-30,264.0135803222656,266.17938232421875,258.55615234375,261.97918701171875,230.21926879882807,38920492
2007-10-02,263.0992431640625,278.8714904785156,255.4416961669922,273.8312072753906,240.6345367431641,58659731
2007-10-03,272.01397705078125,278.8543395996094,269.95672607421875,277.2599792480469,243.6476287841797,30557209
2007-10-04,285.1346435546875,287.443359375,276.58563232421875,284.8717956542969,250.33665466308597,35575321
2007-10-07,286.3004455566406,289.38629150390625,272.6825866699219,276.7228088378906,243.1755523681641,32690288
2007-10-08,266.4136962890625,299.3125305175781,251.1786193847656,297.1581420898437,261.13348388671875,36199645
2007-10-09,301.1469116210937,306.7586364746094,295.12945556640625,299.2611083984375,262.98150634765625,43742833
2007-10-10,303.9013366699219,303.9013366699219,295.1466064453125,300.6497497558594,264.2017822265625,42900147
2007-10-11,300.87261962890625,311.4102783203125,290.5120849609375,293.24365234375,257.6935729980469,87039965
2007-10-14,295.4552001953125,306.30145263671875,294.43798828125,304.74139404296875,267.7974853515625,43056335
2007-10-15,303.4441833496094,308.5815734863281,299.3296813964844,303.04986572265625,266.3110046386719,49332781
2007-10-16,287.7862243652344,309.15875244140625,257.2703552246094,307.16436767578125,269.9266662597656,75476314
2007-10-17,314.3018798828125,341.6175537109375,288.7005615234375,295.2323303222656,259.4411926269531,66271385
2007-10-18,299.901123046875,308.5872802734375,276.5513610839844,282.22021484375,248.0064849853516,46568956
2007-10-21,274.2998046875,283.7860107421875,271.0767822265625,275.4484558105469,242.0556488037109,44200234
2007-10-22,282.3002319335937,298.7582092285156,280.5858459472656,297.1409912109375,261.1184387207031,42698443
2007-10-23,301.72979736328125,302.9527282714844,292.1978759765625,298.87823486328125,262.64508056640625,37642822
2007-10-24,297.7295837402344,304.9071044921875,296.26666259765625,300.364013671875,263.95068359375,36587556
2007-10-25,302.8727111816406,310.1645202636719,297.7638854980469,308.3930053710937,271.00640869140625,34497805
2007-10-28,316.0162353515625,325.1595764160156,312.5874938964844,323.2052001953125,284.0228881835937,39456350
2007-10-29,324.47381591796875,326.2396240234375,313.1932373046875,316.5305480957031,278.1573791503906,38271801
2007-10-30,316.359130859375,322.1308288574219,314.759033203125,318.1649169921875,279.5935363769531,36337643
2007-10-31,322.3022766113281,324.47381591796875,302.87841796875,306.3700256347656,269.2286071777344,52379007
2007-11-01,294.5294189453125,311.444580078125,294.5294189453125,310.1073608398437,272.5128173828125,33839830
2007-11-04,310.1073608398437,312.5874938964844,300.92974853515625,304.1470642089844,267.2751770019531,38966769
2007-11-05,308.438720703125,314.8733215332031,303.0155639648437,304.7242431640625,267.7823486328125,26487784
2007-11-06,314.8733215332031,320.4736022949219,308.5872802734375,316.6905517578125,278.2979736328125,30466913
2007-11-07,314.3018798828125,319.422119140625,303.1012878417969,313.48468017578125,275.48077392578125,31842605
2007-11-11,302.8727111816406,309.1244506835937,297.38671875,305.798583984375,268.7264099121094,39563331
2007-11-12,306.9872131347656,311.30743408203125,304.015625,307.7986755371094,270.4841003417969,37113194
2007-11-13,312.0160522460937,331.3313293457031,312.0160522460937,330.12554931640625,290.104248046875,53647963
2007-11-14,329.1597900390625,332.5885314941406,325.73101806640625,328.5997619628906,288.7633972167969,23093037
2007-11-15,325.73101806640625,334.6457824707031,322.5308532714844,329.3483581542969,289.4212341308594,22269626
2007-11-18,329.7483825683594,332.13134765625,324.702392578125,325.8338928222656,286.3328552246094,15561048
2007-11-19,323.4451904296875,326.6453552246094,315.4676513671875,318.2849426269531,279.6990661621094,33284548
2007-11-20,316.58770751953125,319.77642822265625,307.4443664550781,309.6730651855469,272.1312561035156,37514807
2007-11-21,316.55340576171875,316.55340576171875,304.7013854980469,311.416015625,273.66290283203125,30793018
2007-11-22,314.3075866699219,323.7880859375,310.8845520019531,321.2965087890625,282.3455810546875,20879620
2007-11-25,326.43963623046875,331.8684997558594,323.2280578613281,329.6798095703125,289.7124938964844,26472035
2007-11-26,330.8741455078125,330.8741455078125,322.8737487792969,324.9652709960937,285.56951904296875,21357048
2007-11-27,326.302490234375,327.87969970703125,316.4734191894531,319.13641357421875,280.4473571777344,20948085
2007-11-28,324.47381591796875,325.010986328125,319.7878723144531,321.4508056640625,282.4811096191406,35395334
2007-11-29,322.8737487792969,329.5026550292969,321.5365295410156,325.91961669921875,286.408203125,27007770
2007-12-02,330.0969543457031,336.3487243652344,326.4167785644531,335.43438720703125,294.76953125,21453424
2007-12-03,337.1601867675781,338.9431457519531,325.7538757324219,327.15966796875,287.4979858398437,23074751
2007-12-04,332.8971252441406,333.7314453125,327.4454040527344,331.6056213378906,291.40484619140625,17131715
2007-12-05,337.1601867675781,341.5032653808594,327.4739685058594,328.451171875,288.63287353515625,21700398
2007-12-06,332.0170593261719,332.0170593261719,320.2850341796875,324.7538452148437,285.3838195800781,28847057
2007-12-09,325.73101806640625,327.87969970703125,320.1650390625,322.6394348144531,283.5256652832031,16149578
2007-12-10,326.302490234375,331.3255920410156,323.4451904296875,329.8055114746094,289.822998046875,27847587
2007-12-11,328.13116455078125,332.5885314941406,324.5881042480469,329.2626342773437,289.345947265625,27173714
2007-12-12,329.69696044921875,334.20574951171875,321.7651062011719,323.7594909667969,284.50994873046875,28950529
2007-12-13,320.5879211425781,331.44561767578125,320.5879211425781,330.1484069824219,290.1243591308594,31167534
2007-12-16,325.7367553710937,330.0740966796875,309.7301940917969,317.17059326171875,278.7198181152344,31451054
2007-12-17,318.30206298828125,320.02789306640625,308.9358825683594,311.73602294921875,273.944091796875,36252011
2007-12-18,306.3071594238281,318.2906494140625,303.04986572265625,309.0216064453125,271.55877685546875,33185923
2007-12-19,310.3016662597656,318.1877746582031,307.6615295410156,310.1473693847656,272.54803466796875,21879693
2007-12-23,316.1305236816406,320.0107421875,308.35870361328125,318.70782470703125,280.0706787109375,23564594
2007-12-25,320.0164489746094,333.1257019042969,319.7878723144531,331.04559326171875,290.9128112792969,27736485
2007-12-26,331.44561767578125,334.41717529296875,328.5997619628906,330.7427062988281,290.64654541015625,33440220
2007-12-27,329.9598083496094,334.8743591308594,326.4453430175781,330.85699462890625,290.7470703125,15896769
2007-12-30,331.8456420898437,334.8743591308594,328.0168762207031,329.4683532714844,289.5267028808594,11211489
2007-12-31,330.3027038574219,331.3313293457031,324.028076171875,325.531005859375,286.0666809082031,10540548
2008-01-01,326.302490234375,329.616943359375,321.3079528808594,327.0739440917969,287.42254638671875,27276294
2008-01-02,325.9596252441406,334.8743591308594,323.4737548828125,331.8684997558594,291.6358947753906,30204199
2008-01-03,331.9027709960937,345.1377258300781,331.9027709960937,342.0747375488281,300.6048583984375,35463186
2008-01-06,339.99462890625,346.30352783203125,338.3031005859375,345.1891784667969,303.3417053222656,27412209
2008-01-07,348.646484375,352.4752502441406,342.874755859375,349.12078857421875,306.7966613769531,42941270
2008-01-08,348.3207702636719,350.87518310546875,344.2862548828125,346.7206726074219,304.6875305175781,22068981
2008-01-09,346.8749694824219,354.0181884765625,344.5891418457031,346.05206298828125,304.0999450683594,35935303
2008-01-10,351.9609375,358.8755798339844,345.7320556640625,357.4583740234375,314.1234741210937,44021961
2008-01-13,361.047119140625,370.30474853515625,357.2755126953125,368.1160583496094,323.4891357421875,24160570
2008-01-14,376.93365478515625,376.93365478515625,359.024169921875,361.7957458496094,317.9350280761719,33236461
2008-01-15,355.44683837890625,359.4470520019531,345.7320556640625,353.57818603515625,310.7137145996094,48600925
2008-01-16,361.047119140625,361.047119140625,340.14892578125,342.48046875,300.9613952636719,41921623
2008-01-17,340.0174865722656,340.0174865722656,317.7306213378906,319.9707336425781,281.1805419921875,50776299
2008-01-20,317.707763671875,317.707763671875,268.0423583984375,290.3920593261719,255.18771362304688,72442557
2008-01-21,268.8423767089844,284.35748291015625,242.2981719970703,269.43670654296875,236.77276611328125,76700972
2008-01-22,276.58563232421875,322.8737487792969,274.2998046875,291.5235595703125,256.1820068359375,64128524
2008-01-23,296.0152282714844,302.3012390136719,278.3000183105469,284.4603271484375,249.9750061035156,42719162
2008-01-24,294.30084228515625,300.0154113769531,288.5862731933594,298.918212890625,262.6802978515625,26217694
2008-01-27,293.1579284667969,296.5523986816406,277.72857666015625,293.31793212890625,257.75885009765625,26471239
2008-01-28,302.3012390136719,302.3012390136719,290.34063720703125,294.5180053710937,258.8134155273437,17399346
2008-01-29,290.8949584960937,296.9295349121094,280.3572692871094,282.5173645019531,248.2676239013672,21854267
2008-01-30,282.52880859375,293.6950988769531,270.9853515625,283.3174133300781,248.970703125,49427967
2008-01-31,284.5860595703125,292.61505126953125,276.58563232421875,290.61492919921875,255.38348388671875,18456589
2008-02-03,289.8434753417969,301.9583740234375,289.8434753417969,296.1523742675781,260.2497253417969,25814077
2008-02-04,297.1581420898437,301.0440368652344,293.3065185546875,299.1125183105469,262.8508605957031,15151447
2008-02-05,292.5750427246094,293.7293701171875,285.8775634765625,291.7292785644531,256.36279296875,19264427
2008-02-06,288.0148010253906,294.872314453125,275.1112976074219,277.2085266113281,243.60238647460935,27417100
2008-02-07,278.3114624023437,282.0716552734375,273.1568908691406,277.3171081542969,243.69775390625,27651544
2008-02-10,275.89990234375,275.89990234375,255.4416961669922,260.241943359375,228.6926727294922,41653038
2008-02-11,260.6991271972656,276.58563232421875,257.95611572265625,265.7108154296875,233.4984893798828,35641327
2008-02-12,270.8710632324219,282.1802062988281,268.5909423828125,273.0997619628906,239.99171447753903,41541105
2008-02-13,280.014404296875,289.5005798339844,280.014404296875,287.64337158203125,252.77218627929688,25193638
2008-02-14,286.2890014648437,297.1581420898437,281.8430480957031,296.4666748046875,260.5258483886719,18833476
2008-02-17,297.1581420898437,298.8724975585937,290.0720520019531,291.8664245605469,256.4832763671875,11414925
2008-02-18,296.0152282714844,299.21539306640625,289.15771484375,291.9635925292969,256.5686340332031,14075130
2008-02-19,285.7518310546875,291.44354248046875,281.3858947753906,283.9002990722656,249.48301696777344,19315507
2008-02-20,286.87188720703125,290.4149169921875,281.3173217773437,285.3060913085937,250.71829223632807,14064753
2008-02-21,279.13433837890625,283.4431457519531,276.0141906738281,278.2371520996094,244.50637817382807,17346910
2008-02-24,285.1575012207031,293.1579284667969,275.4484558105469,291.6092834472656,256.2572937011719,16217938
2008-02-25,293.146484375,295.5580444335937,289.3977355957031,294.4894104003906,258.78826904296875,12791606
2008-02-26,297.7295837402344,301.501220703125,293.735107421875,295.83807373046875,259.9734802246094,23321593
2008-02-27,294.872314453125,297.1581420898437,287.6376342773437,289.5291748046875,254.42941284179688,24690014
2008-02-28,291.6721496582031,291.6721496582031,275.4427185058594,281.5516052246094,247.41896057128903,29196461
2008-03-02,274.2769470214844,274.2769470214844,261.6763000488281,263.556396484375,231.6052703857422,26500060
2008-03-03,265.156494140625,267.2137451171875,252.58441162109372,256.37890625,225.2979431152344,39850780
2008-03-04,256.02459716796875,265.156494140625,254.53880310058597,262.04205322265625,230.2745361328125,25698697
2008-03-06,260.4362487792969,260.4362487792969,247.5841522216797,256.9560546875,225.80514526367188,29082647
2008-03-09,252.6872711181641,261.590576171875,242.56675720214844,259.9619445800781,228.44664001464844,45876779
2008-03-10,257.15606689453125,269.1567077636719,251.9443817138672,268.34521484375,235.81353759765625,32079079
2008-03-11,276.448486328125,277.5456848144531,269.7281494140625,271.3968200683594,238.49522399902344,27963509
2008-03-12,261.7277526855469,265.7279357910156,251.62435913085935,256.3617553710937,225.28286743164065,35443360
2008-03-13,257.15606689453125,267.4308776855469,254.90452575683597,265.4536437988281,233.2725830078125,23942995
2008-03-16,258.4247131347656,259.7847900390625,246.29837036132807,249.17852783203125,218.9704742431641,41204921
2008-03-17,257.1332092285156,257.1332092285156,242.2981719970703,245.84120178222656,216.0377349853516,34696227
2008-03-18,257.15606689453125,268.0137634277344,245.172607421875,246.7669677734375,216.8512420654297,29746169
2008-03-23,246.8698272705078,252.5501251220703,242.91534423828125,251.47006225585935,220.9842071533203,26119935
2008-03-24,253.15586853027344,265.72222900390625,253.15586853027344,264.4478759765625,232.38868713378903,27254936
2008-03-25,266.7565612792969,266.9908752441406,259.5047607421875,262.80780029296875,230.94749450683597,20401798
2008-03-26,261.7277526855469,264.4707336425781,256.4703369140625,259.5333557128906,228.06997680664065,36296397
2008-03-27,266.7565612792969,270.63104248046875,255.05882263183597,268.865234375,236.27052307128903,34512259
2008-03-30,263.4421081542969,266.870849609375,257.1675109863281,258.9618835449219,227.5677947998047,27093559
2008-03-31,262.7563781738281,271.4425354003906,256.4131774902344,268.0423583984375,235.54742431640625,26807230
2008-04-01,273.7283630371094,280.3344116210937,266.2994079589844,267.8480529785156,235.3766632080078,32063820
2008-04-02,268.5852355957031,276.3570556640625,268.1280822753906,273.8483581542969,240.6495819091797,17304422
2008-04-03,272.58544921875,276.00274658203125,264.2078552246094,265.2879333496094,233.1269378662109,21753752
2008-04-06,257.8703918457031,277.6942749023437,257.8703918457031,274.8598327636719,241.53846740722656,23036200
2008-04-07,274.2998046875,276.911376953125,269.7224426269531,272.2139892578125,239.21331787109372,24671220
2008-04-08,269.1567077636719,277.9342956542969,268.7052307128906,276.3856506347656,242.87925720214844,19966184
2008-04-09,277.1571044921875,287.9462280273437,274.9855651855469,282.1459350585937,247.94125366210935,32081433
2008-04-10,290.3006286621094,293.3865051269531,281.7859191894531,291.6206970214844,256.2673034667969,37507186
2008-04-14,287.4319152832031,301.3869323730469,284.1688842773437,298.5067749023437,262.31866455078125,37333368
2008-04-15,299.4496765136719,304.7013854980469,298.90679931640625,302.0155334472656,265.4020690917969,31515766
2008-04-16,306.3243103027344,310.64453125,299.5010986328125,301.7355041503906,265.15594482421875,21934177
2008-04-20,300.5525817871094,306.30145263671875,299.6839904785156,302.1412353515625,265.512451171875,18499558
2008-04-21,297.2724304199219,305.7300109863281,296.8323974609375,297.9981689453125,261.8716125488281,25134990
2008-04-22,298.5296325683594,300.8154602050781,293.50079345703125,294.5979919433594,258.8837280273437,27790487
2008-04-23,297.1581420898437,297.1581420898437,292.1693115234375,295.1751708984375,259.39093017578125,28908505
2008-04-24,296.0152282714844,301.0440368652344,292.8150634765625,299.9582824707031,263.59423828125,29490656
2008-04-27,300.701171875,302.3012390136719,295.16375732421875,296.1752319335937,260.2697448730469,17866432
2008-04-28,294.872314453125,305.7300109863281,294.872314453125,304.0099182128906,267.15460205078125,21756290
2008-04-29,302.8727111816406,305.7300109863281,297.9124450683594,298.8153686523437,262.5897521972656,23952348
2008-05-01,345.8463439941406,345.8463439941406,300.4725952148437,305.701416015625,268.6410827636719,21082119
2008-05-04,305.7414245605469,309.61590576171875,302.8727111816406,305.0671081542969,268.0836486816406,18407373
2008-05-05,297.1581420898437,306.530029296875,297.1581420898437,302.8727111816406,266.1552734375,18400969
2008-05-06,308.5872802734375,308.5872802734375,299.901123046875,307.3243713378906,270.0672607421875,22305438
2008-05-07,306.30145263671875,306.9872131347656,303.1698608398437,304.84423828125,269.29833984375,16574019
2008-05-08,304.64422607421875,305.5757141113281,286.87188720703125,288.974853515625,255.2794342041016,30690657
2008-05-11,286.99188232421875,293.0550537109375,283.1116943359375,291.8835754394531,257.84893798828125,24158943
2008-05-12,297.1581420898437,297.1581420898437,284.35748291015625,285.8547058105469,252.5231170654297,22755830
2008-05-13,288.0148010253906,292.0207214355469,283.4717102050781,289.2434387207031,255.51666259765625,17585152
2008-05-14,289.2605895996094,300.8954772949219,289.2434387207031,299.7811279296875,264.8255920410156,21878267
2008-05-15,300.701171875,302.6441345214844,297.5010070800781,301.23834228515625,266.1129150390625,16919206
2008-05-19,300.0154113769531,301.1583251953125,294.1865539550781,297.49530029296875,262.8063049316406,15553322
2008-05-20,294.872314453125,305.7300109863281,291.4721374511719,304.8956604003906,269.3437805175781,29178778
2008-05-21,301.1583251953125,302.8727111816406,296.81524658203125,300.13543701171875,265.1386413574219,20887381
2008-05-22,300.5868835449219,301.72979736328125,291.44354248046875,292.15216064453125,258.08624267578125,18053839
2008-05-25,290.3006286621094,291.99786376953125,285.968994140625,287.5119323730469,253.987060546875,23292457
2008-05-26,292.5864562988281,295.99237060546875,283.4431457519531,285.1689453125,251.9172821044922,15293041
2008-05-27,286.3004455566406,289.72918701171875,282.4145202636719,288.300537109375,254.6837158203125,18875789
2008-05-28,292.0664367675781,292.0664367675781,279.44293212890625,281.4659118652344,248.6460876464844,36074351
2008-05-29,285.6032409667969,285.6032409667969,273.1854858398437,274.6998291015625,242.66888427734372,31400272
2008-06-01,277.4999694824219,278.8714904785156,267.4423217773437,269.59100341796875,238.15577697753903,23995763
2008-06-02,268.5852355957031,277.1456604003906,264.3564453125,275.0598449707031,242.98692321777344,31603646
2008-06-03,275.32843017578125,279.3286437988281,261.1562805175781,263.6706848144531,232.92578125,34076759
2008-06-04,268.5852355957031,268.5852355957031,248.58421325683597,256.79034423828125,226.8477325439453,67512736
2008-06-05,262.7563781738281,262.7563781738281,252.81298828125,255.8417205810547,226.0097198486328,43442435
2008-06-08,249.38424682617188,253.65875244140625,241.26954650878903,247.1784210205078,218.3565826416016,45759185
2008-06-09,257.15606689453125,257.15606689453125,245.15545654296875,251.1843414306641,221.89537048339844,39890958
2008-06-10,260.5848083496094,260.5848083496094,252.58441162109372,258.4590148925781,228.32180786132807,41869703
2008-06-11,257.16180419921875,262.2991943359375,246.45266723632807,260.2762451171875,229.9271240234375,45823345
2008-06-12,261.3848571777344,262.8592224121094,255.4416961669922,259.48760986328125,229.23049926757807,30620547
2008-06-15,268.5852355957031,268.5852355957031,258.5504455566406,260.8534240722656,230.43702697753903,27675956
2008-06-16,260.5905456542969,267.4423217773437,258.2989807128906,266.630859375,235.54080200195312,21817003
2008-06-17,268.5852355957031,268.5852355957031,260.5848083496094,261.39630126953125,230.9165954589844,25210402
2008-06-18,258.16754150390625,259.4476318359375,254.89881896972656,256.94464111328125,226.9840240478516,17822807
2008-06-19,258.3047180175781,258.3047180175781,237.1893310546875,239.9208984375,211.9452972412109,46870019
2008-06-22,237.72650146484372,238.05795288085935,226.56593322753903,231.52047729492188,204.5243988037109,47741229
2008-06-23,233.72630310058597,243.78396606445312,230.29754638671875,235.749267578125,208.26014709472656,52403051
2008-06-24,223.5829162597656,245.4983367919922,223.5829162597656,244.1268310546875,215.6608123779297,36568788
2008-06-25,245.15545654296875,258.2875671386719,244.1268310546875,255.96173095703125,226.11572265625,83441319
2008-06-26,248.6985015869141,256.927490234375,244.04112243652344,249.4585418701172,220.370849609375,57025184
2008-06-29,249.1556701660156,253.3730316162109,237.4979248046875,239.45802307128903,211.5364227294922,52730468
2008-06-30,241.1552581787109,245.6126251220703,231.59475708007807,233.629150390625,206.3871917724609,51852931
2008-07-01,233.1205596923828,249.49853515625,227.4402618408203,245.04116821289065,216.4685211181641,60769519
2008-07-02,243.4410858154297,243.4410858154297,231.5090484619141,236.5950164794922,209.00721740722656,43012613
2008-07-03,236.5893096923828,243.57823181152344,234.303466796875,239.77232360839844,211.81407165527344,35613854
2008-07-06,238.8751373291016,242.2981719970703,228.2403106689453,231.8061981201172,204.7767791748047,32556971
2008-07-07,228.35459899902344,230.5204162597656,220.61705017089844,226.23448181152344,199.85476684570312,42090551
2008-07-08,228.5831756591797,239.43516540527344,228.5831756591797,237.62936401367188,209.9209747314453,30800621
2008-07-09,237.3722076416016,238.26939392089844,232.19479370117188,233.91488647460935,206.6396331787109,25189447
2008-07-10,234.7549285888672,236.45787048339844,227.66883850097656,230.42327880859372,203.5551605224609,29313661
2008-07-13,228.5831756591797,237.1550445556641,227.4402618408203,233.5491485595703,206.31651306152344,32490063
2008-07-14,229.15463256835935,233.93202209472656,224.92584228515625,226.00018310546875,199.6477813720703,41694564
2008-07-15,227.45741271972656,231.4404754638672,219.4398498535156,222.12570190429688,196.2250823974609,33919101
2008-07-16,232.9262542724609,233.6920166015625,224.5944061279297,230.7032928466797,203.802490234375,27019109
2008-07-17,227.4402618408203,243.09820556640625,227.4402618408203,241.5209808349609,213.35882568359372,33682872
2008-07-20,245.6126251220703,247.35557556152344,239.218017578125,246.0526428222656,217.3620758056641,26038363
2008-07-21,242.86962890625,251.32720947265625,242.86962890625,245.9726409912109,217.29139709472656,24964382
2008-07-22,248.01275634765625,260.47052001953125,248.01275634765625,259.1333312988281,228.91751098632807,44183828
2008-07-23,258.2875671386719,266.2994079589844,258.2875671386719,263.79071044921875,233.03179931640625,29147884
2008-07-24,267.2651672363281,267.2651672363281,244.01254272460935,245.39547729492188,216.78152465820312,62377468
2008-07-27,245.73263549804688,250.18429565429688,240.69808959960935,249.1442413330078,220.09320068359372,29603543
2008-07-28,244.56114196777344,246.7498321533203,237.1550445556641,238.080810546875,210.3198089599609,31092016
2008-07-29,244.3554229736328,248.46990966796875,240.0180511474609,247.4984436035156,218.6392974853516,18342355
2008-07-30,253.1330108642578,253.72732543945312,246.3269500732422,252.29867553710935,222.87977600097656,28463721
2008-07-31,248.0184631347656,264.3564453125,246.06979370117188,262.5963439941406,231.9766998291016,33025291
2008-08-03,268.5623779296875,268.5623779296875,255.1674041748047,256.2874450683594,226.4034881591797,35839785
2008-08-04,257.9161071777344,261.27056884765625,252.0129547119141,260.13336181640625,229.80088806152344,41976693
2008-08-05,261.7277526855469,268.470947265625,261.2820129394531,262.71063232421875,232.07769775390625,36432724
2008-08-06,262.6420593261719,264.8021850585937,258.3275756835937,259.73907470703125,229.4525909423828,24556347
2008-08-07,257.1217956542969,261.0419921875,254.99024963378903,257.3617858886719,227.3524932861328,28902817
2008-08-10,257.2875061035156,266.9851379394531,257.2875061035156,265.75653076171875,234.7683868408203,25610677
2008-08-11,267.4423217773437,271.3853759765625,264.5964660644531,268.2709350585937,236.9896240234375,32882192
2008-08-12,266.27655029296875,271.55682373046875,263.710693359375,267.0823059082031,235.93960571289065,28458078
2008-08-13,266.9851379394531,268.0137634277344,258.4532775878906,260.2076721191406,229.86654663085935,20978604
2008-08-17,261.7277526855469,261.7277526855469,252.60726928710935,254.2759246826172,224.6265106201172,21991145
2008-08-18,254.2987823486328,255.3274078369141,250.91575622558597,253.68161010742188,224.1014709472656,18173673
2008-08-19,253.72732543945312,258.2989807128906,253.4416046142578,256.7389221191406,226.8022918701172,19893266
2008-08-20,258.4418640136719,258.4418640136719,251.73294067382807,252.8872833251953,223.3997802734375,17102509
2008-08-21,251.3843536376953,258.2875671386719,251.3386383056641,256.561767578125,226.64578247070312,20077470
2008-08-24,252.05296325683597,261.1562805175781,252.05296325683597,255.0988311767578,225.3534393310547,12172890
2008-08-25,253.613037109375,253.613037109375,245.3440399169922,249.0813751220703,220.0376434326172,30411756
2008-08-26,251.43006896972656,251.43006896972656,244.58399963378903,245.4983367919922,216.87240600585935,32314258
2008-08-27,247.7841644287109,247.7841644287109,234.6177673339844,236.6807403564453,209.0829162597656,41999424
2008-08-28,244.58399963378903,245.4869079589844,239.8980407714844,244.14968872070312,215.6810302734375,22026362
2008-08-31,242.2981719970703,247.4927215576172,240.35520935058597,244.7725830078125,216.2312469482422,20027134
2008-09-01,244.58399963378903,254.2987823486328,242.86962890625,252.89871215820312,223.40988159179688,22061325
2008-09-03,257.15606689453125,257.15606689453125,243.66966247558597,245.98406982421875,217.301513671875,23303097
2008-09-04,240.58380126953125,240.58380126953125,236.0121307373047,237.8293609619141,210.09768676757807,28217684
2008-09-07,250.298583984375,250.298583984375,242.86962890625,243.80682373046875,215.3780975341797,25098286
2008-09-08,245.15545654296875,246.7555389404297,238.47511291503903,244.8754425048828,216.3221435546875,17241294
2008-09-09,243.43536376953125,243.97825622558597,236.8121795654297,238.0293731689453,210.2743377685547,33404610
2008-09-10,236.5835876464844,236.5835876464844,226.55450439453125,228.28602600097656,201.6671142578125,49802072
2008-09-11,231.8919219970703,233.15484619140625,219.4055633544922,220.88563537597656,195.12960815429688,59654354
2008-09-14,215.9768218994141,217.15402221679688,208.38214111328125,215.6625213623047,190.51551818847656,43957670
2008-09-15,205.724853515625,221.1542205810547,205.724853515625,220.35989379882807,194.66522216796875,39166941
2008-09-16,224.0115203857422,224.0115203857422,211.26800537109372,214.4853057861328,189.47560119628903,35299106
2008-09-17,205.9534454345703,222.6400146484375,201.7246551513672,221.5256805419922,195.695068359375,76522901
2008-09-18,226.41163635253903,236.80645751953125,224.0115203857422,234.88064575195312,207.4927215576172,45121517
2008-09-21,240.0123443603516,241.1552581787109,230.44613647460935,233.05197143554688,205.8773193359375,50737652
2008-09-22,228.5831756591797,239.60089111328125,228.5831756591797,229.3203582763672,202.580810546875,45365420
2008-09-23,227.44598388671875,236.0064239501953,227.44598388671875,233.85202026367188,206.5841064453125,47808469
2008-09-24,233.2805633544922,235.4063873291016,227.78314208984372,231.52047729492188,204.5243988037109,43038005
2008-09-25,230.6404266357422,232.58338928222656,223.57720947265625,224.3772430419922,198.21408081054688,30364929
2008-09-28,225.72589111328125,226.2973480224609,214.98248291015625,220.9084930419922,195.1498260498047,53055417
2008-09-29,215.9996795654297,226.86880493164065,206.342041015625,222.7943115234375,196.81573486328125,59449825
2008-09-30,224.0115203857422,224.35438537597656,215.2624969482422,217.91976928710935,192.50955200195312,30413112
2008-10-02,223.897216796875,223.897216796875,199.5131072998047,201.3189239501953,177.84446716308594,93519208
2008-10-05,197.6101531982422,199.89599609375,186.5924530029297,187.6210784912109,165.7438507080078,52962304
2008-10-06,189.85546875,195.66720581054688,184.40948486328125,191.39840698242188,169.08070373535156,56489869
2008-10-07,186.2952880859375,190.3983612060547,172.45457458496094,188.4154052734375,166.44554138183594,67137013
2008-10-09,182.83226013183597,182.83226013183597,168.8086700439453,174.59182739257812,154.2338104248047,73448501
2008-10-12,178.06629943847656,182.1807861328125,177.17481994628906,179.59780883789062,158.65609741210938,39084214
2008-10-13,185.7238311767578,190.63836669921875,184.00946044921875,185.2723846435547,163.66896057128906,40474211
2008-10-14,181.72933959960935,182.83226013183597,172.174560546875,173.74607849121094,153.4866943359375,45259130
2008-10-15,165.72280883789062,167.4371795654297,151.4363555908203,159.0881805419922,140.53797912597656,89683073
2008-10-16,160.0082244873047,164.57989501953125,147.07041931152344,149.27052307128906,131.86505126953125,62609392
2008-10-19,152.00210571289062,157.72239685058594,146.40753173828125,150.96775817871094,133.3644256591797,61508244
2008-10-20,154.29364013671875,162.86550903320312,151.26492309570312,159.43104553222656,140.84085083007812,58829228
2008-10-21,156.8709259033203,156.98521423339844,149.20767211914062,150.49916076660156,132.95045471191406,39086690
2008-10-22,145.2646026611328,148.22476196289062,136.62416076660156,139.1671600341797,122.9397964477539,62538390
2008-10-23,137.14990234375,138.26995849609375,113.14867401123048,116.52027130126952,102.9336166381836,80998549
2008-10-26,117.39460754394533,124.5778350830078,106.29117584228516,123.092041015625,108.73910522460938,86584017
2008-10-28,137.14990234375,139.1957244873047,131.32102966308594,137.34991455078125,121.33444213867188,67998730
2008-10-30,144.57315063476562,159.43104553222656,141.1901092529297,157.20236206054688,138.8720245361328,91581008
2008-11-02,164.46559143066406,166.2942657470703,159.67677307128906,164.77418518066406,145.56092834472656,61689421
2008-11-03,165.72280883789062,167.32289123535156,157.17379760742188,165.90567016601562,146.56051635742188,54802265
2008-11-04,172.0316925048828,172.0316925048828,141.5272674560547,145.041748046875,128.12940979003906,102413467
2008-11-05,137.11561584472656,140.92152404785156,132.15536499023438,133.7840118408203,118.1843490600586,83827121
2008-11-06,134.0640411376953,141.69871520996094,131.5839080810547,139.52145385742188,123.25275421142578,62624476
2008-11-09,142.89877319335938,149.57911682128906,141.15011596679688,148.93336486816406,131.56723022460938,43389771
2008-11-10,146.30465698242188,147.4361572265625,136.46987915039062,138.0299530029297,121.9351806640625,59637607
2008-11-11,137.14990234375,137.90423583984375,130.5838623046875,132.82968139648438,117.34127807617188,72334211
2008-11-13,135.93841552734375,136.5784454345703,124.27495574951172,131.06387329101562,115.78138732910156,98632848
2008-11-16,131.43533325195312,133.70973205566406,123.246337890625,130.45242309570312,115.2412338256836,65078384
2008-11-17,125.95504760742188,131.66390991210938,122.33200073242188,130.2866973876953,115.0948486328125,64322213
2008-11-18,131.57818603515625,139.6471710205078,127.43511962890624,129.42950439453125,114.33757019042967,88865366
2008-11-19,124.0063705444336,125.60645294189452,118.86325073242188,120.6976318359375,106.62388610839844,67832147
2008-11-20,121.72054290771484,132.12107849121094,117.9603500366211,128.50375366210938,113.51976776123048,76070173
2008-11-23,134.4697723388672,134.4697723388672,122.86345672607422,130.84100341796875,115.5844955444336,65458351
2008-11-24,133.72116088867188,135.86984252929688,120.1204605102539,122.49772644042967,108.2140655517578,66249013
2008-11-25,121.90912628173828,131.0924530029297,121.90912628173828,130.16668701171875,114.98882293701172,74275220
2008-11-27,128.00657653808594,133.68687438964844,124.69212341308594,129.65809631347656,114.53952026367188,63797424
2008-11-30,128.61231994628906,134.86407470703125,125.50930786132812,126.79508972167967,112.0103530883789,55672136
2008-12-01,122.29199981689452,123.85779571533205,117.1488800048828,122.7434539794922,108.43115234375,62975613
2008-12-02,125.78360748291016,127.32083129882812,120.00616455078124,122.18914031982422,107.94149017333984,57455881
2008-12-03,123.89208221435548,133.72116088867188,120.0176010131836,132.4753875732422,117.02830505371094,81077077
2008-12-04,134.29261779785156,135.0926513671875,126.0636215209961,127.7322769165039,112.8382568359375,58443609
2008-12-07,131.686767578125,134.25833129882812,126.52079010009766,127.84085845947266,112.93417358398438,60947625
2008-12-09,131.2867431640625,141.03582763671875,129.9495391845703,140.25863647460938,123.9040069580078,65787255
2008-12-10,142.86448669433594,148.31619262695312,136.3841552734375,143.8931121826172,127.1147232055664,79516743
2008-12-11,141.72157287597656,151.3220672607422,137.86422729492188,149.39053344726562,131.97108459472656,86870714
2008-12-14,154.17935180664062,155.322265625,145.40176391601562,153.21359252929688,135.34837341308594,86264860
2008-12-15,154.29364013671875,159.64248657226562,151.51065063476562,158.69387817382812,140.1896209716797,67795872
2008-12-16,158.8653106689453,160.8082733154297,152.0192413330078,154.4536590576172,136.44383239746094,77332575
2008-12-17,153.15072631835938,156.8080596923828,146.5846710205078,155.5508575439453,137.41310119628906,93671319
2008-12-18,155.4651336669922,157.43666076660156,151.15061950683594,154.44223022460938,136.4337158203125,72070062
2008-12-21,149.15052795410156,154.5679473876953,146.17893981933594,146.92755126953125,129.79531860351562,42665195
2008-12-22,146.40753173828125,146.40753173828125,142.45303344726562,143.9788360595703,127.19041442871094,33676275
2008-12-23,142.97877502441406,143.66452026367188,140.59579467773438,141.9501495361328,125.39826965332033,35923133
2008-12-25,142.86448669433594,145.72177124023438,137.60707092285156,138.30996704101562,122.18257904052734,27758079
2008-12-28,137.14990234375,143.0873565673828,135.77841186523438,142.4416046142578,125.83245849609376,51221529
2008-12-29,144.01312255859375,145.49319458007812,140.36721801757812,142.921630859375,126.25647735595705,39436803
2008-12-30,143.3216552734375,144.6588592529297,138.97857666015625,140.89295959472656,124.46437072753906,43146700
2009-01-01,143.97311401367188,148.56764221191406,143.0930633544922,147.0247039794922,129.881103515625,43414060
2009-01-04,148.4647674560547,157.3795166015625,148.01904296875,156.10516357421875,137.9027862548828,48183501
2009-01-05,155.43655395507812,158.8653106689453,152.1506805419922,156.68234252929688,138.41265869140625,52756287
2009-01-06,156.46517944335938,158.40814208984375,134.29261779785156,137.23562622070312,121.23346710205078,74375989
2009-01-08,138.29281616210938,138.29281616210938,124.9949951171875,131.80677795410156,116.43765258789062,83016869
2009-01-11,130.25811767578125,130.86387634277344,124.0063705444336,125.4807357788086,110.8492431640625,64436797
2009-01-12,125.11500549316406,130.97816467285156,121.72054290771484,123.15489959716795,108.79461669921876,57574149
2009-01-13,124.70355224609376,139.2071533203125,124.70355224609376,134.8354949951172,119.11322021484376,57312974
2009-01-14,130.49813842773438,132.57252502441406,126.57793426513672,130.5609893798828,115.33714294433594,54892324
2009-01-15,131.54962158203125,140.6929473876953,130.28097534179688,139.13287353515625,122.90951538085938,58287963
2009-01-18,139.96148681640625,142.8587646484375,138.06423950195312,140.56723022460938,124.17659759521484,37148665
2009-01-19,139.07000732421875,139.07000732421875,133.49256896972656,135.28123474121094,119.5069808959961,40660034
2009-01-20,132.5782470703125,135.19552612304688,126.86366271972656,127.98943328857422,113.0654296875,43462384
2009-01-21,131.4239044189453,131.98963928222656,126.53221893310548,129.86953735351562,114.7262954711914,61203969
2009-01-22,136.92132568359375,152.5792694091797,128.00657653808594,132.13821411132812,116.73043823242188,70946672
2009-01-26,135.54981994628906,140.97296142578125,133.72116088867188,140.1157684326172,123.7778091430664,39227602
2009-01-27,142.6359100341797,147.4361572265625,140.16720581054688,145.60748291015625,128.62911987304688,40185450
2009-01-28,146.86468505859375,148.0076141357422,141.86444091796875,145.1617431640625,128.23538208007812,55501398
2009-01-29,141.49298095703125,152.0992431640625,141.49298095703125,151.27635192871094,133.6370391845703,48641391
2009-02-01,147.4361572265625,154.61366271972656,145.55604553222656,146.29322814941406,129.23492431640625,46945414
2009-02-02,147.4361572265625,152.54498291015625,145.4989013671875,149.2876739501953,131.88023376464844,60467187
2009-02-03,150.29344177246094,152.86500549316406,148.01904296875,149.43624877929688,132.01145935058594,34707190
2009-02-04,151.89352416992188,151.89352416992188,145.28175354003906,147.2989959716797,130.12342834472656,35930771
2009-02-05,148.57907104492188,154.29364013671875,148.07618713378906,153.70504760742188,135.7825164794922,37982348
2009-02-08,154.86509704589844,159.89393615722656,153.2650146484375,158.83102416992188,140.31080627441406,38828552
2009-02-09,158.73959350585938,161.61973571777344,156.8480682373047,160.23109436035156,141.54762268066406,59468514
2009-02-10,156.00802612304688,158.78530883789062,155.5508575439453,157.86524963378906,139.4576416015625,36794369
2009-02-11,157.5738067626953,157.5738067626953,153.7564697265625,154.47079467773438,136.458984375,27513310
2009-02-12,156.23660278320312,160.46539306640625,155.5508575439453,159.1396026611328,140.58335876464844,25414398
2009-02-15,158.23098754882812,159.6710662841797,149.8477020263672,150.88775634765625,133.29373168945312,40197078
2009-02-16,148.7104949951172,149.3791046142578,143.8016815185547,144.84173583984375,127.95269012451172,33499857
2009-02-17,144.8074493408203,150.6134490966797,141.72157287597656,148.02474975585938,130.76458740234375,40022087
2009-02-18,147.4361572265625,149.60769653320312,146.5332489013672,147.86474609375,130.62319946289062,26286999
2009-02-19,143.5559539794922,146.6361083984375,141.8987274169922,143.25308227539062,126.54927825927734,32176864
2009-02-23,141.15011596679688,144.41885375976562,137.30419921875,143.23593139648438,126.53411102294922,39986923
2009-02-24,144.578857421875,146.97898864746094,144.29884338378906,144.75601196289062,127.87693786621094,25854675
2009-02-25,143.77882385253906,148.23619079589844,143.0130615234375,147.527587890625,130.32534790039062,33594353
2009-02-26,147.36756896972656,147.77902221679688,142.47018432617188,144.69886779785156,127.82649993896484,42086745
2009-03-01,140.43006896972656,144.43028259277344,138.86428833007812,140.08148193359375,123.74750518798828,43205200
2009-03-02,140.5786590576172,143.0873565673828,134.29261779785156,136.78988647460938,120.83973693847656,45821621
2009-03-03,132.04678344726562,139.17286682128906,132.04678344726562,138.41854858398438,122.27848815917967,52293436
2009-03-04,138.06423950195312,139.4357452392578,130.549560546875,131.4124755859375,116.08935546875,62274477
2009-03-05,129.1494903564453,134.5211944580078,127.46940612792967,133.70973205566406,118.11872100830078,39923401
2009-03-08,132.69253540039062,133.49256896972656,130.0809783935547,131.81820678710938,116.44776916503906,29283265
2009-03-11,134.97836303710938,138.8185577392578,132.3496551513672,137.3784942626953,121.35970306396484,42565853
2009-03-12,140.56723022460938,147.87045288085938,140.12149047851562,146.7789764404297,129.66403198242188,35991799
2009-03-15,146.7789764404297,152.46498107910156,145.2646026611328,151.7335205078125,134.04087829589844,39608190
2009-03-16,152.0078125,153.4936065673828,147.79617309570312,148.6019287109375,131.2744598388672,41608363
2009-03-17,150.30487060546875,155.66514587402344,150.30487060546875,152.16781616210938,134.42453002929688,38224746
2009-03-18,152.92214965820312,154.73367309570312,150.87632751464844,153.80218505859375,135.8683624267578,37983276
2009-03-19,153.03643798828125,155.4251251220703,151.09347534179688,153.05929565429688,135.21209716796875,44674678
2009-03-22,154.7508087158203,165.72280883789062,154.7508087158203,164.40274047851562,145.2328338623047,43499158
2009-03-23,165.728515625,168.58009338378906,164.57989501953125,166.00282287597656,146.6463623046875,60343381
2009-03-24,165.72280883789062,177.0376739501953,165.72280883789062,175.11756896972656,154.69825744628906,83712931
2009-03-25,177.11767578125,180.46641540527344,174.0660858154297,178.92347717285156,158.06039428710938,71881938
2009-03-26,177.609130859375,180.96929931640625,175.43759155273438,177.00909423828125,156.36924743652344,59012548
2009-03-29,173.84893798828125,175.43759155273438,170.8659210205078,173.31747436523438,153.10806274414062,60118929
2009-03-30,175.43759155273438,177.3748321533203,173.15176391601562,174.26609802246094,153.94607543945312,49999155
2009-03-31,174.0660858154297,182.1807861328125,171.13450622558594,180.72357177734372,159.6505889892578,41804082
2009-04-01,184.00946044921875,192.00987243652344,183.1237030029297,189.8783264160156,167.73789978027344,48027558
2009-04-05,194.2957000732422,199.13023376464844,188.07823181152344,191.04981994628903,168.7727508544922,46014129
2009-04-07,187.4324951171875,198.7530670166016,183.43800354003903,197.17013549804688,174.17941284179688,80451816
2009-04-08,200.01028442382807,202.0503845214844,194.89573669433597,198.38162231445312,175.24964904785156,45443125
2009-04-12,201.14747619628903,204.4676513671875,196.9244079589844,202.70184326171875,179.06610107421875,33290726
2009-04-14,200.01028442382807,210.26223754882807,198.08447265625,209.1593170166016,184.77061462402344,52910376
2009-04-15,206.99349975585935,210.2965240478516,196.39295959472656,198.29591369628903,175.17391967773438,57919904
2009-04-16,200.02171325683597,203.5133209228516,194.5642852783203,196.23294067382807,173.3515167236328,56174264
2009-04-19,196.5815277099609,200.5474548339844,192.95849609375,196.0557861328125,173.1949920654297,43137461
2009-04-20,193.7242431640625,198.14161682128903,192.5470428466797,194.9928741455078,172.2560272216797,43770744
2009-04-21,196.5815277099609,198.06732177734372,193.2670745849609,196.3529510498047,173.45753479003906,38704160
2009-04-22,196.23866271972656,202.85614013671875,193.83853149414065,201.5760803222656,178.07164001464844,37089448
2009-04-23,200.01028442382807,205.9534454345703,197.38157653808597,204.4505157470703,180.61090087890625,47905047
2009-04-26,204.6962432861328,206.52490234375,201.2674865722656,204.07334899902344,180.27769470214844,36727750
2009-04-27,203.5533142089844,204.8105316162109,197.8387451171875,198.5416412353516,175.39102172851562,35210193
2009-04-28,200.12457275390625,208.0106964111328,199.5359649658203,206.43917846679688,182.36770629882807,37372907
2009-05-03,211.55372619628903,216.5825653076172,210.330810546875,215.67965698242188,190.5306854248047,37496293
2009-05-04,215.4396514892578,216.54827880859372,209.83935546875,215.2853546142578,190.1823272705078,42684575
2009-05-05,215.8968048095703,221.50852966308597,212.5823516845703,215.0396270751953,189.9652862548828,42714525
2009-05-06,211.4394378662109,219.9998779296875,211.4394378662109,218.93125915527344,193.4031524658203,32146923
2009-05-07,219.4398498535156,220.8113555908203,214.29672241210935,217.1883087158203,191.8634185791016,34869757
2009-05-10,219.3255615234375,220.35418701171875,211.45086669921875,212.7652282714844,187.95608520507807,32877309
2009-05-11,211.4337310791016,225.7716064453125,210.639404296875,224.0000915527344,197.88088989257807,40121823
2009-05-12,225.41159057617188,225.72589111328125,217.8397674560547,220.92564392089844,195.16497802734372,45730547
2009-05-13,217.4111785888672,220.2970428466797,214.89105224609372,218.1769256591797,192.73675537109372,35410007
2009-05-14,218.86839294433597,224.0115203857422,218.4855194091797,222.9486083984375,196.9520263671875,27591942
2009-05-17,245.3840484619141,289.72918701171875,240.1551971435547,270.591064453125,239.0392303466797,462151
2009-05-18,280.014404296875,285.7289733886719,251.4414978027344,254.9730987548828,225.2423858642578,91641231
2009-05-19,251.4414978027344,257.46466064453125,244.14968872070312,246.0069274902344,217.3216552734375,59032384
2009-05-20,245.15545654296875,248.8127899169922,240.3037872314453,241.77813720703125,213.5859832763672,34800216
2009-05-21,239.98947143554688,252.26438903808597,238.9837188720703,249.81283569335935,220.683837890625,38903746
2009-05-24,251.4414978027344,253.15586853027344,246.18408203125,250.84146118164065,221.5924835205078,27159102
2009-05-25,249.16709899902344,252.4701232910156,243.49822998046875,244.89259338378903,216.3373107910156,21734582
2009-05-26,248.2413330078125,252.0129547119141,246.0069274902344,249.88140869140625,220.744384765625,45717213
2009-05-27,249.1556701660156,256.69891357421875,249.1556701660156,253.79019165039065,224.1973571777344,39356028
2009-05-28,256.561767578125,263.7507019042969,252.9272918701172,259.6590576171875,229.3819580078125,55968204
2009-05-31,266.2994079589844,266.2994079589844,257.8589782714844,260.8362731933594,230.421875,26050762
2009-06-01,262.882080078125,263.83642578125,254.19021606445312,260.4933776855469,230.11900329589844,28865737
2009-06-02,258.44757080078125,263.72784423828125,254.35592651367188,256.6874694824219,226.7568206787109,30082029
2009-06-03,254.2759246826172,259.3104858398437,246.8698272705078,258.4989929199219,228.3571319580078,33775337
2009-06-04,260.01336669921875,260.6991271972656,250.298583984375,252.89871215820312,223.40988159179688,40927517
2009-06-07,252.2415313720703,258.5047302246094,248.6985015869141,250.75575256347656,221.5167694091797,33055905
2009-06-08,250.0699920654297,261.842041015625,248.58421325683597,259.6876220703125,229.4071502685547,36345045
2009-06-09,261.842041015625,267.4308776855469,261.2877197265625,265.1793518066406,234.25852966308597,34694005
2009-06-10,265.156494140625,265.7279357910156,260.8705444335937,263.2420959472656,232.5471649169922,22236115
2009-06-11,264.0135803222656,271.8996887207031,263.4706726074219,269.9681701660156,238.4889373779297,43019175
2009-06-14,269.6938781738281,269.6938781738281,247.4755706787109,249.0185089111328,219.98208618164065,62480205
2009-06-15,245.72691345214844,249.7156982421875,243.052490234375,244.9668731689453,216.40289306640625,44870038
2009-06-16,242.9610595703125,248.9270782470703,232.7376708984375,234.4520568847656,207.11415100097656,43046719
2009-06-17,235.21209716796875,236.86932373046875,227.45169067382807,231.44618225097656,204.4587860107422,54312001
2009-06-18,233.72630310058597,235.7206878662109,225.9658966064453,233.32627868652344,206.11965942382807,42449160
2009-06-21,234.03488159179688,234.2977600097656,220.87420654296875,223.15432739257807,197.1337432861328,40433018
2009-06-22,217.15402221679688,232.43479919433597,217.15402221679688,230.3318328857422,203.474365234375,52029156
2009-06-23,231.4404754638672,232.66909790039065,225.38873291015625,228.8517608642578,202.1668701171875,41212516
2009-06-24,228.72032165527344,231.326171875,222.0056915283203,223.7943572998047,197.69915771484372,46686191
2009-06-25,224.7144012451172,232.8119659423828,224.3486785888672,231.9204864501953,204.87779235839844,34815029
2009-06-28,231.5547637939453,241.4866943359375,229.1260681152344,238.52655029296875,210.7135772705078,32603982
2009-06-29,240.0123443603516,241.07525634765625,229.79466247558597,231.25759887695312,204.29217529296875,26084929
2009-06-30,232.00050354003903,238.29795837402344,227.2116851806641,235.30352783203125,207.8663482666016,32531518
2009-07-01,249.49853515625,249.49853515625,228.05172729492188,229.88038635253903,203.07554626464844,33686302
2009-07-02,228.5831756591797,232.5948181152344,226.2973480224609,231.74334716796875,204.7212677001953,37909158
2009-07-05,234.0691680908203,234.52633666992188,212.70236206054688,216.37112426757807,191.1415100097656,51827829
2009-07-06,217.268310546875,218.6398162841797,208.60501098632807,212.0623321533203,187.33514404296875,51057090
2009-07-07,212.0623321533203,216.0111083984375,205.4162750244141,209.1136016845703,184.7302398681641,50495159
2009-07-08,209.72506713867188,214.2852935791016,209.1650390625,211.8280334472656,187.1281280517578,32268349
2009-07-09,211.7823181152344,213.37667846679688,199.43882751464844,202.8847198486328,179.22767639160156,36758916
2009-07-12,199.9759979248047,202.1246795654297,196.2500915527344,200.1188507080078,176.7843017578125,36305996
2009-07-13,202.75328063964844,208.5821533203125,201.8389434814453,207.3306579589844,183.1552276611328,32365032
2009-07-14,211.4394378662109,216.0111083984375,206.4734649658203,214.4453125,189.4402618408203,27771011
2009-07-15,217.268310546875,224.9715576171875,214.86819458007807,221.19993591308597,195.4072723388672,48357416
2009-07-16,222.30856323242188,224.697265625,220.04559326171875,221.38851928710935,195.5738677978516,28917805
2009-07-19,224.0115203857422,233.04054260253903,222.8686065673828,232.3890838623047,205.29173278808597,36034847
2009-07-20,238.7208404541016,238.7208404541016,229.4232177734375,230.7147216796875,203.81260681152344,26978476
2009-07-21,231.4404754638672,235.16636657714844,224.3086700439453,225.80589294433597,199.4761657714844,27518674
2009-07-22,227.4402618408203,234.7320709228516,227.09738159179688,233.33200073242188,206.1246795654297,25944577
2009-07-23,234.2977600097656,236.28643798828125,226.99452209472656,230.5089874267578,203.63087463378903,37085126
2009-07-26,222.8686065673828,228.01171875,217.9140625,221.7999725341797,195.9373321533203,52651678
2009-07-27,222.52572631835935,223.97723388671875,215.5082244873047,218.0226287841797,192.6004638671875,50364983
2009-07-28,217.15402221679688,221.49710083007807,213.83956909179688,220.62847900390625,194.90245056152344,41704949
2009-07-29,219.4398498535156,220.05702209472656,215.8968048095703,217.1883087158203,191.8634185791016,26943006
2009-07-30,218.86839294433597,225.71446228027344,218.43980407714844,223.48577880859372,197.4265594482422,30553219
2009-08-02,225.0287170410156,232.126220703125,223.7943572998047,230.5261383056641,203.64601135253903,23955323
2009-08-03,232.35479736328125,234.64064025878903,228.8689117431641,233.1262664794922,205.9429473876953,33575331
2009-08-04,232.58338928222656,238.1836700439453,232.19479370117188,237.3150634765625,209.64334106445312,33289859
2009-08-05,233.57200622558597,242.86962890625,231.59475708007807,233.93202209472656,206.65475463867188,43022238
2009-08-06,232.75482177734372,235.89784240722656,227.46311950683597,228.32601928710935,201.7024383544922,34997614
2009-08-09,232.0633544921875,232.5548095703125,225.49729919433597,227.22311401367188,200.7281494140625,26363427
2009-08-10,227.78314208984372,234.07489013671875,226.1830596923828,228.6288909912109,201.97000122070312,27474086
2009-08-11,225.7201690673828,228.5831756591797,222.10284423828125,227.520263671875,200.9906005859375,29958739
2009-08-12,231.4404754638672,233.6234436035156,228.2403106689453,231.36045837402344,204.383056640625,26524147
2009-08-13,231.66905212402344,235.89784240722656,229.3832244873047,232.7490997314453,205.6097869873047,29262231
2009-08-16,229.6118011474609,229.72608947753903,220.0113067626953,221.94854736328125,196.06863403320312,30040259
2009-08-17,219.86273193359372,223.57720947265625,219.45700073242188,221.8628387451172,195.99288940429688,26014696
2009-08-18,221.7256774902344,222.85716247558597,213.83956909179688,215.5367889404297,190.4044647216797,29148426
2009-08-19,217.15402221679688,220.46847534179688,215.8453826904297,216.9711456298828,191.6715545654297,20579108
2009-08-20,215.7825164794922,221.1542205810547,213.4509735107422,220.44561767578125,194.74090576171875,26343198
2009-08-23,224.0115203857422,226.40020751953125,222.7085876464844,225.64588928222656,199.33480834960935,22140885
2009-08-24,224.6058349609375,232.35479736328125,223.5029144287109,231.51475524902344,204.5193634033203,28437053
2009-08-25,231.5604705810547,233.92059326171875,229.86895751953125,233.17198181152344,205.9833526611328,21993621
2009-08-26,232.46908569335935,235.32638549804688,230.86900329589844,233.4234313964844,206.20550537109372,25676360
2009-08-27,234.2977600097656,237.72650146484372,231.5033264160156,237.05218505859372,209.4111175537109,21877637
2009-08-30,235.89784240722656,235.89784240722656,228.01171875,229.1660614013672,202.4445037841797,31540641
2009-08-31,231.4176025390625,233.3834228515625,224.62869262695312,226.39450073242188,199.99612426757807,22733195
2009-09-01,225.04014587402344,228.3431701660156,224.0115203857422,225.28587341308597,199.01678466796875,23849191
2009-09-02,226.2973480224609,227.1202392578125,219.8170166015625,220.6741943359375,194.9428253173828,26446530
2009-09-03,221.49710083007807,227.89743041992188,221.1542205810547,226.4287872314453,200.02639770507807,25361664
2009-09-06,226.86880493164065,229.6060943603516,225.89732360839844,228.90890502929688,202.21734619140625,22578214
2009-09-07,230.29754638671875,239.37229919433597,229.19464111328125,237.2236175537109,209.5625,52059674
2009-09-08,237.1550445556641,248.5270538330078,235.66925048828125,247.83560180664065,218.93711853027344,52578339
2009-09-09,250.3042907714844,256.0017395019531,243.7382354736328,245.4354705810547,216.81686401367188,35669728
2009-09-10,247.4412841796875,248.1613311767578,240.58380126953125,244.68115234375,216.1505279541016,31370847
2009-09-13,244.01254272460935,246.7669677734375,241.32669067382807,244.52685546875,216.0142059326172,19047648
2009-09-14,244.8125915527344,249.61282348632807,244.8125915527344,249.25852966308597,220.19415283203125,18872954
2009-09-15,250.9843292236328,253.5787506103516,247.28128051757807,249.61282348632807,220.5071258544922,19382756
2009-09-16,249.7271270751953,251.4414978027344,236.6978759765625,238.4293975830078,210.62771606445312,145062738
2009-09-17,237.72650146484372,241.4981231689453,237.16647338867188,240.3037872314453,212.28353881835935,25713816
2009-09-21,243.29251098632807,244.5497131347656,238.6522674560547,239.77804565429688,211.81912231445312,23011168
2009-09-22,239.66946411132807,242.86962890625,238.86941528320312,240.2066345214844,212.1977386474609,24365231
2009-09-23,238.86941528320312,243.4410858154297,235.21209716796875,240.12091064453125,212.1219940185547,41664465
2009-09-24,238.22938537597656,245.4869079589844,237.16647338867188,244.01254272460935,215.55984497070312,31204369
2009-09-28,245.2126007080078,249.33853149414065,244.58399963378903,248.13275146484372,219.19964599609372,40254449
2009-09-29,249.61282348632807,252.91586303710935,247.4412841796875,251.6300811767578,222.2891845703125,36946165
2009-09-30,251.43006896972656,251.43006896972656,246.18408203125,248.50991821289065,219.53282165527344,26342402
2009-10-04,246.8583984375,248.2413330078125,242.44674682617188,244.48114013671875,215.97381591796875,25912186
2009-10-05,246.86412048339844,246.86412048339844,240.2409210205078,243.90968322753903,215.46902465820312,32106115
2009-10-06,245.66976928710935,246.6412506103516,238.19509887695312,240.16091918945312,212.15733337402344,27123920
2009-10-07,251.4414978027344,255.4988555908203,240.0123443603516,242.25816345214844,214.0100555419922,61481645
2009-10-08,243.2867889404297,243.6239471435547,238.86941528320312,239.9837646484375,212.00083923339844,27668151
2009-10-11,242.2981719970703,249.84141540527344,242.2981719970703,247.9041748046875,218.9976806640625,39339692
2009-10-13,248.58421325683597,251.15576171875,246.02978515625,249.6356964111328,220.5272979736328,29186933
2009-10-14,251.32720947265625,253.9330596923828,247.4412841796875,248.18418884277344,219.2451019287109,28442679
2009-10-15,248.01275634765625,254.4130706787109,246.984130859375,253.5844573974609,225.47808837890625,29379397
2009-10-19,256.5846252441406,260.96197509765625,248.90994262695312,249.6756896972656,222.00259399414065,27662481
2009-10-20,249.04136657714844,252.4701232910156,247.85845947265625,249.4071044921875,221.7637481689453,22306470
2009-10-21,249.38424682617188,249.38424682617188,242.41246032714844,244.035400390625,216.9874267578125,20217305
2009-10-22,245.2926025390625,246.21836853027344,232.8805389404297,233.9948883056641,208.05978393554688,44095335
2009-10-25,234.2977600097656,236.35501098632807,229.04034423828125,230.33755493164065,204.80783081054688,27736152
2009-10-26,228.811767578125,229.72608947753903,225.72589111328125,227.55455017089844,202.3332672119141,30934515
2009-10-27,226.87451171875,233.5377197265625,226.87451171875,232.4862365722656,206.7183380126953,25810298
2009-10-28,228.6974639892578,233.6005859375,226.3430633544922,228.5146026611328,203.18690490722656,30886813
2009-10-29,228.70318603515625,232.58338928222656,219.66842651367188,220.71420288085935,196.2510681152344,43583626
2009-11-02,219.4455718994141,219.9884490966797,205.9820098876953,207.844970703125,184.80825805664065,42857711
2009-11-03,211.4394378662109,220.35418701171875,209.46218872070312,219.5198516845703,195.1891021728516,39964979
2009-11-04,218.1997833251953,222.6400146484375,211.55372619628903,221.85711669921875,197.2673492431641,30087288
2009-11-05,220.582763671875,225.71446228027344,220.582763671875,223.7257843017578,198.92886352539065,30606215
2009-11-08,225.72589111328125,232.24050903320312,224.1943817138672,231.37188720703125,205.72750854492188,28682653
2009-11-09,233.15484619140625,240.2923583984375,229.15463256835935,234.81207275390625,208.78640747070312,55352725
2009-11-10,236.35501098632807,243.4868011474609,232.6576690673828,241.6124267578125,214.8330078125,36604347
2009-11-11,242.86962890625,245.26974487304688,238.1836700439453,240.1551971435547,213.53732299804688,33326415
2009-11-12,238.86941528320312,243.3267974853516,238.19509887695312,242.24102783203125,215.39193725585935,22380386
2009-11-15,245.6126251220703,247.0869903564453,243.62966918945312,246.13836669921875,218.8573303222656,18087647
2009-11-16,246.8698272705078,247.0641326904297,240.8123779296875,243.7096710205078,216.6977996826172,26297936
2009-11-17,247.09841918945312,247.09841918945312,239.3380126953125,240.0180511474609,213.41534423828125,34189418
2009-11-18,239.86947631835935,241.14382934570312,236.9150390625,238.1608123779297,211.7639312744141,20240605
2009-11-19,237.72650146484372,244.0068206787109,236.0121307373047,242.67532348632807,215.7781219482422,27023694
2009-11-22,246.8698272705078,252.32725524902344,243.7896728515625,250.86431884765625,223.05946350097656,48369770
2009-11-23,250.52716064453125,252.0129547119141,247.79559326171875,248.8356475830078,221.2556610107422,30382900
2009-11-24,249.81283569335935,254.40164184570312,248.00131225585935,250.83575439453125,223.03407287597656,36335219
2009-11-25,253.95591735839844,253.95591735839844,240.76666259765625,243.1553497314453,216.20494079589844,22221066
2009-11-26,240.0123443603516,241.84100341796875,231.09759521484372,239.08657836914065,212.5871124267578,25469866
2009-11-29,242.86962890625,246.61839294433597,240.9266662597656,243.09820556640625,216.1541290283203,18071456
2009-11-30,245.72691345214844,251.4414978027344,243.9439697265625,250.9843292236328,223.16616821289065,12511349
2009-12-01,252.6415557861328,255.7045745849609,249.42996215820312,251.5443572998047,223.6641387939453,20681036
2009-12-02,252.56155395507807,256.0131530761719,249.6356964111328,251.3614959716797,223.50152587890625,17415284
2009-12-03,249.38424682617188,253.0415802001953,246.93841552734372,248.78993225097656,221.2149810791016,13963709
2009-12-06,248.6985015869141,250.0928497314453,240.0123443603516,241.1552581787109,214.426513671875,20671910
2009-12-07,242.2981719970703,247.88702392578125,241.1895446777344,246.9498443603516,219.5788726806641,20434211
2009-12-08,244.58399963378903,246.41265869140625,242.7896270751953,245.0068817138672,217.85122680664065,11179921
2009-12-09,245.4297637939453,247.32699584960935,242.75534057617188,244.99545288085935,217.8410797119141,12944596
2009-12-10,246.8698272705078,248.6985015869141,243.3267974853516,244.86973571777344,217.7293243408203,15450296
2009-12-13,244.1268310546875,247.7841644287109,242.98391723632807,244.1154022216797,217.05856323242188,13923500
2009-12-14,244.1268310546875,245.4983367919922,239.55517578125,240.3780670166016,213.73545837402344,14673678
2009-12-15,239.98947143554688,241.1552581787109,237.2921905517578,239.36087036132807,212.83102416992188,14773099
2009-12-16,241.1095428466797,241.1095428466797,235.440673828125,236.57215881347656,210.3513946533203,14196403
2009-12-17,236.5835876464844,236.5835876464844,229.72608947753903,230.3318328857422,204.802734375,21984942
2009-12-20,228.811767578125,235.62353515625,226.2973480224609,232.4576568603516,206.6929473876953,24594381
2009-12-21,232.74339294433597,235.16636657714844,231.16616821289065,232.9719696044922,207.15023803710935,13939289
2009-12-22,234.2977600097656,244.10397338867188,233.474853515625,243.7153778076172,216.702880859375,21453446
2009-12-23,245.72691345214844,247.7384490966797,241.92100524902344,246.02407836914065,218.75570678710935,16147574
2009-12-28,246.6412506103516,248.9270782470703,244.58399963378903,246.92697143554688,219.5585479736328,12172264
2009-12-29,246.82411193847656,248.01275634765625,244.4697113037109,245.9669342041016,218.70489501953125,9279882
2009-12-30,247.7841644287109,250.52716064453125,247.1784210205078,249.2813873291016,221.65196228027344,17542130
2010-01-03,249.4071044921875,249.4071044921875,233.5777282714844,245.84120178222656,218.5930938720703,76646086
2010-01-04,262.8478088378906,262.8478088378906,243.5325164794922,244.74400329589844,217.61749267578125,21392825
2010-01-05,246.8469696044922,250.18429565429688,244.73257446289065,248.6985015869141,221.13368225097656,23691760
2010-01-06,248.6985015869141,254.8702392578125,246.41265869140625,252.8244171142578,224.8023223876953,26197920
2010-01-07,253.2701568603516,254.595947265625,250.52716064453125,252.1615295410156,224.21290588378903,15110149
2010-01-10,259.3733215332031,262.8020935058594,240.0123443603516,247.21270751953125,219.81260681152344,188649642
2010-01-11,250.298583984375,259.9676513671875,246.18408203125,247.8641662597656,220.39183044433597,32790509
2010-01-12,248.6985015869141,249.61282348632807,244.26397705078125,248.8356475830078,221.2556610107422,15360176
2010-01-13,248.2413330078125,257.1103515625,248.2413330078125,256.4017639160156,227.9831695556641,24545629
2010-01-14,257.33892822265625,260.3333740234375,252.5958404541016,253.8987579345703,225.757568359375,18766617
2010-01-17,253.0415802001953,255.20169067382807,249.6013946533203,251.32720947265625,223.4710693359375,14172193
2010-01-18,251.4414978027344,252.8244171142578,247.4755706787109,248.01275634765625,220.52394104003903,13064666
2010-01-19,250.298583984375,250.7786102294922,245.04116821289065,246.29837036132807,218.9995880126953,19331024
2010-01-20,245.72691345214844,246.18408203125,240.06948852539065,240.93809509277344,214.23345947265625,18611321
2010-01-21,237.95509338378903,244.8125915527344,235.32638549804688,240.8923797607422,214.1927795410156,39869565
2010-01-24,239.9323272705078,241.01809692382807,236.97218322753903,238.19509887695312,211.79444885253903,13393277
2010-01-26,236.35501098632807,240.0123443603516,233.15484619140625,234.88064575195312,208.84735107421875,24843485
2010-01-27,237.72650146484372,239.20086669921875,234.2977600097656,237.07504272460935,210.79852294921875,33223459
2010-01-28,236.1035614013672,240.4237823486328,232.7205352783203,239.1437225341797,212.63792419433597,23333042
2010-01-31,237.1550445556641,241.1552581787109,236.7093048095703,238.9608612060547,212.475341796875,12132865
2010-02-01,240.4694976806641,241.46383666992188,234.09202575683597,234.8235015869141,208.79653930664065,17248998
2010-02-02,235.69210815429688,239.6466064453125,235.69210815429688,236.3435821533203,210.14817810058597,15052266
2010-02-03,237.2693328857422,237.2693328857422,231.7833404541016,232.9605407714844,207.1400604248047,11974603
2010-02-04,222.8686065673828,230.3546905517578,222.8686065673828,224.4001007080078,199.52842712402344,29882876
2010-02-07,225.1544342041016,229.5775146484375,222.8686065673828,227.29168701171875,202.09954833984372,25894932
2010-02-08,227.15452575683597,228.12600708007807,224.62869262695312,227.0402374267578,201.8759765625,14292031
2010-02-09,228.5603179931641,228.5603179931641,224.4686737060547,225.1772918701172,200.21946716308597,18261247
2010-02-10,226.12591552734372,233.109130859375,225.9544677734375,232.0462188720703,206.3270568847656,23450102
2010-02-14,234.7549285888672,234.7549285888672,230.3204040527344,230.86900329589844,205.28038024902344,13498617
2010-02-15,230.8918609619141,233.3834228515625,229.72608947753903,232.6405334472656,206.8555450439453,10068256
2010-02-16,234.2977600097656,237.2236175537109,233.6234436035156,236.0235595703125,209.86361694335935,15630122
2010-02-17,235.440673828125,237.34934997558597,227.4402618408203,228.08029174804688,202.8007354736328,19834114
2010-02-18,227.4402618408203,227.4402618408203,223.36004638671875,224.74298095703125,199.8332977294922,17754534
2010-02-21,227.5088348388672,228.5831756591797,221.7256774902344,223.5429229736328,198.76629638671875,12692045
2010-02-22,222.6400146484375,224.697265625,221.7256774902344,222.9486083984375,198.23782348632807,12976934
2010-02-23,221.7256774902344,225.3144378662109,220.95993041992188,223.7372131347656,198.9390563964844,12487589
2010-02-24,224.0343780517578,225.1544342041016,219.2455596923828,220.14845275878903,195.74806213378903,18954063
2010-02-25,221.49710083007807,227.4402618408203,220.86849975585935,223.77149963378903,198.9695281982422,22579233
2010-03-01,225.1544342041016,228.35459899902344,223.87435913085935,224.74298095703125,199.8332977294922,18210596
2010-03-02,225.84017944335935,234.98350524902344,225.84017944335935,234.2520446777344,208.28842163085935,26623966
2010-03-03,237.72650146484372,237.72650146484372,230.41184997558597,231.7833404541016,206.09332275390625,20781218
2010-03-04,233.6120147705078,234.52633666992188,229.7489471435547,230.8232879638672,205.23974609375,11774505
2010-03-07,233.42913818359372,234.7549285888672,229.04034423828125,229.52037048339844,204.0811920166016,11941298
2010-03-08,230.0689697265625,231.28045654296875,225.8516082763672,226.3773498535156,201.2865295410156,17459521
2010-03-09,227.4402618408203,232.9033966064453,226.1373443603516,230.58328247070312,205.0262908935547,24807175
2010-03-10,230.86900329589844,233.15484619140625,230.18325805664065,232.34336853027344,206.59130859375,14583772
2010-03-11,232.01193237304688,236.1264190673828,231.7833404541016,233.52056884765625,207.63803100585935,22333253
2010-03-14,233.6120147705078,235.88641357421875,231.5776214599609,234.99493408203125,208.9489898681641,18131701
2010-03-15,235.89784240722656,244.99545288085935,235.21209716796875,244.1154022216797,217.05856323242188,33998717
2010-03-16,245.6811981201172,247.4412841796875,243.6239471435547,244.5154266357422,217.4142303466797,21599472
2010-03-17,245.4983367919922,247.23556518554688,243.23536682128903,246.1726531982422,218.88780212402344,15292424
2010-03-18,246.5955352783203,250.64144897460935,244.6182861328125,249.624267578125,221.9568634033203,19737747
2010-03-21,242.75534057617188,251.21290588378903,242.75534057617188,245.4869079589844,218.27804565429688,20468483
2010-03-22,246.40122985839844,250.05856323242188,246.1726531982422,249.4756774902344,221.82470703125,20005544
2010-03-24,250.52716064453125,250.75575256347656,246.2755126953125,249.4871063232422,221.83489990234372,22967888
2010-03-25,250.75575256347656,253.95591735839844,250.33287048339844,251.5443572998047,223.6641387939453,18075516
2010-03-28,252.2872467041016,253.7158966064453,249.38424682617188,249.9099884033203,222.21087646484372,20249784
2010-03-29,250.52716064453125,252.74441528320312,247.5555877685547,248.7327880859375,221.1641845703125,18938795
2010-03-30,249.8185577392578,250.298583984375,244.88116455078125,245.55548095703125,218.33901977539065,21647708
2010-03-31,246.41265869140625,251.0986175537109,246.18408203125,249.624267578125,221.9568634033203,12519976
2010-04-04,250.64144897460935,258.218994140625,250.64144897460935,257.3617858886719,228.83677673339844,19912935
2010-04-05,257.8418273925781,258.9847412109375,256.0588684082031,256.74462890625,228.28802490234372,12481837
2010-04-06,257.15606689453125,262.8020935058594,256.7217712402344,258.2304077148437,229.60916137695312,20218574
2010-04-07,258.9847412109375,259.7847900390625,251.7843780517578,252.938720703125,224.9039459228516,14723428
2010-04-08,253.3158721923828,258.527587890625,253.3158721923828,257.0874938964844,228.5928649902344,16826518
2010-04-11,261.7277526855469,261.7277526855469,256.618896484375,257.6932373046875,229.1315155029297,12699784
2010-04-12,257.8418273925781,259.2133178710937,254.0244903564453,256.2188720703125,227.820556640625,13971281
2010-04-14,257.15606689453125,259.4190368652344,248.48133850097656,249.315673828125,221.6824951171875,24286918
2010-04-15,248.26419067382807,250.298583984375,244.8468780517578,247.84130859375,220.37152099609372,18193722
2010-04-18,246.82411193847656,246.82411193847656,240.2409210205078,242.70962524414065,215.8086395263672,16389189
2010-04-19,244.5497131347656,246.81268310546875,241.0066680908203,243.02963256835935,216.0931396484375,16748550
2010-04-20,244.58399963378903,245.4297637939453,239.58946228027344,240.94952392578125,214.2436065673828,19187549
2010-04-21,240.1266326904297,250.0471343994141,240.02377319335935,245.8983612060547,218.64393615722656,25598349
2010-04-22,246.8698272705078,250.52716064453125,246.8698272705078,248.7442169189453,221.1743621826172,23235165
2010-04-25,246.8698272705078,250.9386138916016,243.09820556640625,244.86973571777344,217.7293243408203,16652152
2010-04-26,242.98391723632807,244.1268310546875,241.1552581787109,242.5838928222656,215.69680786132807,13970196
2010-04-27,240.9152374267578,240.9152374267578,231.326171875,232.5262451171875,206.75390625,40110291
2010-04-28,234.0691680908203,237.70364379882807,232.9605407714844,236.5950164794922,210.37173461914065,23447044
2010-04-29,237.72650146484372,239.37229919433597,235.440673828125,236.2635803222656,210.0770263671875,15821019
2010-05-02,234.52633666992188,236.0349884033203,232.7205352783203,234.01202392578125,208.0750274658203,12535244
2010-05-03,234.1148834228516,237.4979248046875,231.66905212402344,233.41770935058597,207.5465850830078,17348783
2010-05-04,230.86900329589844,233.96630859375,229.33750915527344,233.3034210205078,207.4449462890625,14976570
2010-05-05,233.109130859375,233.9091644287109,229.4975128173828,230.3775634765625,204.84341430664065,23863448
2010-05-06,223.09718322753903,242.2981719970703,223.09718322753903,236.0807037353516,209.9144287109375,72063684
2010-05-09,240.2409210205078,247.32699584960935,237.72650146484372,246.7326812744141,221.00865173339844,38050844
2010-05-10,248.9270782470703,248.9270782470703,243.0639190673828,244.08111572265625,218.63352966308597,26325489
2010-05-11,245.9669342041016,249.02993774414065,243.22393798828125,247.54415893554688,221.73550415039065,15294301
2010-05-12,242.75534057617188,249.93284606933597,242.75534057617188,244.99545288085935,219.4525604248047,11947698
2010-05-13,244.05825805664065,244.8125915527344,236.5835876464844,238.5608367919922,213.68881225585935,18161695
2010-05-16,236.5150146484375,236.5150146484375,230.6404266357422,232.36622619628903,208.14002990722656,20611809
2010-05-17,233.15484619140625,236.22927856445312,230.3661193847656,233.2919921875,208.9692840576172,15445191
2010-05-18,232.46908569335935,232.6405334472656,227.46311950683597,228.27459716796875,204.4749755859375,26097480
2010-05-19,228.811767578125,231.5547637939453,227.15452575683597,228.57174682617188,204.74114990234372,18577281
2010-05-20,226.2744903564453,228.54888916015625,223.1200408935547,227.56597900390625,203.8402557373047,19167407
2010-05-23,232.6976776123047,239.77232360839844,232.34336853027344,233.76058959960935,209.3889923095703,24726303
2010-05-24,234.2977600097656,234.2977600097656,224.6401214599609,225.30300903320312,201.81321716308597,25245934
2010-05-25,227.4174041748047,230.86900329589844,226.5259246826172,230.42327880859372,206.39962768554688,13726569
2010-05-26,231.09759521484372,234.91493225097656,228.94891357421875,233.66915893554688,209.3071136474609,27405100
2010-05-27,235.4292449951172,237.4979248046875,231.8976287841797,236.96075439453125,212.25552368164065,17535288
2010-05-30,235.47496032714844,239.66946411132807,235.15493774414065,239.00657653808597,214.08807373046875,16548811
2010-05-31,238.4808349609375,238.86941528320312,229.52037048339844,230.99473571777344,206.91151428222656,19466130
2010-06-01,232.01193237304688,233.3834228515625,229.34893798828125,231.1090240478516,207.01390075683597,19728249
2010-06-02,233.13198852539065,237.2693328857422,233.13198852539065,235.62353515625,211.05772399902344,17106958
2010-06-03,235.66925048828125,236.8121795654297,233.71487426757807,235.7149810791016,211.1396331787109,14088022
2010-06-06,232.01193237304688,232.01193237304688,228.5831756591797,230.3546905517578,206.3382110595703,13503377
2010-06-07,230.8004302978516,231.48619079589844,227.46311950683597,227.76028442382807,204.0142974853516,15226706
2010-06-08,228.6288909912109,232.01193237304688,228.5831756591797,230.19468688964844,206.19488525390625,15242486
2010-06-09,230.86900329589844,232.57196044921875,230.2175445556641,232.0919342041016,207.89434814453125,13962908
2010-06-10,234.2977600097656,240.2066345214844,233.3834228515625,239.1894378662109,214.25184631347656,23307069
2010-06-13,241.1324005126953,244.58399963378903,239.80661010742188,243.09820556640625,217.7530975341797,15892958
2010-06-14,243.4868011474609,244.56114196777344,240.0352020263672,243.6925201416016,218.28546142578125,18992836
2010-06-15,244.58399963378903,245.1897430419922,241.17811584472656,241.8295745849609,216.61676025390625,11833071
2010-06-16,243.052490234375,246.18408203125,241.9095764160156,244.90402221679688,219.37063598632807,21047804
2010-06-17,246.91554260253903,249.1099548339844,240.1380615234375,241.0066680908203,215.87962341308597,38277934
2010-06-20,242.52674865722656,244.97259521484372,242.52674865722656,243.58966064453125,218.19329833984372,11792906
2010-06-21,242.98391723632807,245.6811981201172,241.6009826660156,243.16677856445312,217.8144989013672,12908863
2010-06-22,242.22959899902344,244.01254272460935,240.9266662597656,242.00100708007807,216.7703094482422,11659191
2010-06-23,242.069580078125,243.6239471435547,239.3951568603516,240.48092651367188,215.40869140625,18805263
2010-06-24,240.0123443603516,244.1268310546875,238.41226196289065,242.9724884033203,217.6405029296875,20325423
2010-06-27,245.4983367919922,249.61282348632807,243.47537231445312,249.18995666503903,223.20970153808597,31472648
2010-06-28,249.38424682617188,249.38424682617188,243.2582244873047,244.0011138916016,218.56190490722656,14213976
2010-06-29,242.2981719970703,250.05856323242188,241.72671508789065,249.1213836669922,223.14830017089844,26637611
2010-06-30,247.7841644287109,248.3213348388672,243.78396606445312,246.0126495361328,220.36370849609372,13310905
2010-07-01,245.95550537109372,247.77273559570312,243.50965881347656,244.343994140625,218.86898803710935,10948784
2010-07-04,244.58399963378903,245.3040313720703,242.91534423828125,244.1954040527344,218.7359313964844,6399512
2010-07-05,243.5553741455078,247.30413818359372,243.5553741455078,245.47547912597656,219.8825225830078,9255011
2010-07-06,245.4983367919922,245.6811981201172,240.2409210205078,240.8238067626953,215.71585083007807,13738578
2010-07-07,242.2981719970703,244.48114013671875,241.21240234375,241.63528442382807,216.4427032470703,11977911
2010-07-08,243.2010803222656,243.66966247558597,240.8238067626953,241.7610015869141,216.5553436279297,12974909
2010-07-11,242.2981719970703,244.1154022216797,240.48092651367188,241.44097900390625,216.2686767578125,12563614
2010-07-12,241.6695709228516,246.3555145263672,241.6695709228516,245.56690979003903,219.9644012451172,15043285
2010-07-13,246.8698272705078,250.17286682128903,243.9553985595703,244.68685913085935,219.17611694335935,15970199
2010-07-14,245.0297393798828,247.0755615234375,244.14968872070312,245.37261962890625,219.7904052734375,13877250
2010-07-15,244.8240203857422,245.4983367919922,242.2981719970703,242.9724884033203,217.6405029296875,8779539
2010-07-18,241.8638610839844,243.6468048095703,240.8809509277344,241.395263671875,216.22769165039065,9808534
2010-07-19,241.6124267578125,243.6468048095703,239.80661010742188,240.6866607666016,215.59300231933597,6845092
2010-07-20,242.04672241210935,242.98391723632807,241.3038330078125,241.93243408203125,216.7088928222656,9824712
2010-07-21,241.93243408203125,242.49246215820312,239.4637451171875,242.069580078125,216.8317108154297,15879834
2010-07-22,243.2010803222656,244.7897186279297,241.5666961669922,242.40103149414065,217.12863159179688,13790021
2010-07-25,243.09820556640625,243.98968505859372,240.06948852539065,240.720947265625,215.62368774414065,9113728
2010-07-26,242.0352935791016,242.56103515625,240.26377868652344,240.8123779296875,215.70559692382807,12133425
2010-07-27,242.98391723632807,245.4183349609375,232.6976776123047,233.4405670166016,209.10238647460935,52927114
2010-07-28,235.0977935791016,235.0977935791016,230.41184997558597,230.9033050537109,206.8296356201172,46281590
2010-07-29,232.00050354003903,233.2348480224609,230.2404022216797,230.78900146484372,206.72720336914065,19242072
2010-08-01,232.24050903320312,233.56629943847656,231.18902587890625,231.9090576171875,207.73049926757807,12676917
2010-08-02,232.9605407714844,235.6463928222656,231.7833404541016,234.9263610839844,210.4332275390625,20104173
2010-08-03,234.98350524902344,235.66925048828125,231.451904296875,232.2519378662109,208.0376739501953,18318233
2010-08-04,233.14341735839844,234.00059509277344,229.73751831054688,230.19468688964844,206.19488525390625,18308022
2010-08-05,230.61756896972656,230.8918609619141,228.2403106689453,228.6060333251953,204.7718505859375,19955917
2010-08-08,228.5831756591797,229.9546813964844,226.7545166015625,227.1202392578125,203.44097900390625,22253619
2010-08-09,226.5259246826172,229.13177490234372,225.4515838623047,225.81732177734372,202.2739105224609,19989721
2010-08-10,226.2516326904297,227.4174041748047,224.0343780517578,224.75440979003903,201.3218231201172,21917268
2010-08-11,224.0115203857422,224.75440979003903,221.7256774902344,222.3199920654297,199.1412048339844,24910354
2010-08-12,221.8399810791016,227.1659698486328,221.8399810791016,223.8057861328125,200.47210693359372,30512197
2010-08-15,224.0115203857422,226.73165893554688,222.8686065673828,223.3029022216797,200.02163696289065,14028775
2010-08-16,224.0115203857422,225.14300537109372,221.7256774902344,221.874267578125,198.7419586181641,14788743
2010-08-17,222.41143798828125,223.3257598876953,219.06268310546875,220.4913330078125,197.5031890869141,24859327
2010-08-18,220.28561401367188,225.13157653808597,220.28561401367188,223.37147521972656,200.08303833007807,20662946
2010-08-19,223.37147521972656,227.07452392578125,222.2971343994141,225.9887542724609,202.42747497558597,20996195
2010-08-22,226.7659454345703,226.7659454345703,223.00575256347656,223.3029022216797,200.02163696289065,13543428
2010-08-23,223.3029022216797,224.24009704589844,221.10850524902344,222.27427673339844,199.1002349853516,19276160
2010-08-24,221.7256774902344,223.5200653076172,220.69705200195312,221.2227935791016,198.15838623046875,18620473
2010-08-25,221.7256774902344,222.41143798828125,218.3083648681641,218.62838745117188,195.8344573974609,27834839
2010-08-26,219.18841552734372,219.64556884765625,216.3654022216797,217.0625915527344,194.43194580078125,24315870
2010-08-29,217.6340484619141,220.53704833984372,216.0111083984375,216.6854248046875,194.09408569335935,11908601
2010-08-30,215.9311065673828,217.14259338378903,209.1536102294922,210.11366271972656,188.20748901367188,46605039
2010-08-31,211.45086669921875,215.7368011474609,210.5251007080078,213.99957275390625,191.6882781982422,27886811
2010-09-01,216.0111083984375,216.3882598876953,213.953857421875,214.2852935791016,191.94418334960935,17699285
2010-09-02,214.86819458007807,215.23391723632807,211.25657653808597,211.5994415283203,189.5383453369141,14440305
2010-09-05,212.7995147705078,218.9141082763672,210.822265625,217.759765625,195.0564117431641,33928353
2010-09-06,218.29693603515625,221.6571044921875,217.8397674560547,219.9655914306641,197.03225708007807,28379708
2010-09-07,218.31979370117188,220.51419067382807,217.61119079589844,219.34841918945312,196.4794464111328,11632859
2010-09-08,220.1141662597656,221.0856475830078,218.3426513671875,219.1083984375,196.26443481445312,10114309
2010-09-12,222.18284606933597,227.55455017089844,220.6627655029297,226.86880493164065,203.21575927734372,27474309
2010-09-13,227.55455017089844,229.2689208984375,225.005859375,225.8744659423828,202.32508850097656,19472955
2010-09-14,226.0687561035156,232.8576812744141,226.0687561035156,231.76048278808597,207.597412109375,33554695
2010-09-15,231.3490295410156,232.0919342041016,227.94314575195312,228.6631774902344,204.82302856445312,18540979
2010-09-16,229.72608947753903,235.7606964111328,229.72608947753903,234.83493041992188,210.3513641357422,31955142
2010-09-19,235.21209716796875,238.62940979003903,233.40628051757807,238.0465240478516,213.2281188964844,30419766
2010-09-20,238.1836700439453,239.66946411132807,234.30918884277344,236.6178741455078,211.94842529296875,21351925
2010-09-21,236.35501098632807,238.572265625,232.01193237304688,233.1662750244141,208.85667419433597,25872625
2010-09-22,233.1662750244141,234.0691680908203,227.66883850097656,228.04600524902344,204.27023315429688,23030491
2010-09-23,228.5831756591797,230.6404266357422,226.77737426757807,228.96034240722656,205.08924865722656,22669074
2010-09-26,230.41184997558597,233.13198852539065,229.7489471435547,230.91473388671875,206.83987426757807,16465376
2010-09-27,230.4804229736328,231.326171875,226.98309326171875,228.2403106689453,204.44427490234372,19682506
2010-09-28,228.5831756591797,230.6404266357422,227.4402618408203,228.35459899902344,204.546630859375,17790040
2010-09-29,229.04034423828125,229.04034423828125,223.57720947265625,225.6687469482422,202.1407928466797,28981699
2010-09-30,226.7545166015625,230.86900329589844,226.2973480224609,230.3889923095703,206.3689727783203,19104034
2010-10-03,232.00050354003903,234.48062133789065,232.00050354003903,232.66339111328125,208.40618896484372,21163057
2010-10-04,232.24050903320312,235.8521270751953,230.6404266357422,234.03488159179688,209.6347198486328,22938984
2010-10-05,235.440673828125,239.3265838623047,234.74349975585935,238.8579864501953,213.95497131347656,28137687
2010-10-06,238.8579864501953,241.32669067382807,236.0121307373047,237.5322113037109,212.7673797607422,31547758
2010-10-07,239.2580108642578,241.1095428466797,235.5663909912109,239.9323272705078,214.9173126220703,20865341
2010-10-10,241.3838348388672,245.0983123779297,240.720947265625,244.4011383056641,218.9202117919922,25796876
2010-10-11,244.1268310546875,244.4468536376953,239.13229370117188,241.2924041748047,216.1355743408203,13979878
2010-10-12,241.4066925048828,245.4983367919922,241.0866851806641,245.2811737060547,219.7084808349609,23967306
2010-10-13,245.72691345214844,247.21270751953125,240.97238159179688,242.069580078125,216.8317108154297,24414709
2010-10-14,242.2981719970703,244.1268310546875,236.72073364257807,237.80650329589844,213.01307678222656,11601973
2010-10-17,238.2408142089844,243.42965698242188,236.18356323242188,239.429443359375,214.46681213378903,22209315
2010-10-18,243.4410858154297,244.28684997558597,237.55506896972656,238.73226928710935,213.84234619140625,18579617
2010-10-19,237.58935546875,243.30393981933597,237.2693328857422,239.88661193847656,214.8763427734375,18232837
2010-10-20,240.4694976806641,248.66421508789065,239.8294677734375,247.2469940185547,221.46934509277344,37273145
2010-10-21,248.11561584472656,250.02427673339844,245.57833862304688,247.28128051757807,221.50006103515625,19627279
2010-10-24,248.6985015869141,251.8758087158203,248.2413330078125,249.2356719970703,223.25067138671875,18019151
2010-10-25,249.36138916015625,251.6586456298828,248.4927673339844,251.1786193847656,224.99107360839844,15444185
2010-10-26,250.9843292236328,253.72732543945312,247.61273193359372,249.7842712402344,223.7420959472656,21946562
2010-10-27,251.30435180664065,251.647216796875,245.63548278808597,247.32699584960935,221.541015625,36188021
2010-10-28,248.6299285888672,253.08729553222656,246.984130859375,250.5843048095703,224.45870971679688,29722655
2010-10-31,256.2417297363281,257.1332092285156,248.98422241210935,249.8871307373047,223.834228515625,30509287
2010-11-01,250.3900146484375,250.3900146484375,244.65257263183597,245.692626953125,220.0770568847656,20360675
2010-11-02,247.32699584960935,247.9898834228516,242.90391540527344,243.50965881347656,218.1216583251953,19939993
2010-11-03,246.38980102539065,253.0415802001953,245.72691345214844,252.5958404541016,226.260498046875,24311819
2010-11-07,254.61880493164065,255.7845764160156,251.5672149658203,254.15020751953125,227.65283203125,22364112
2010-11-08,254.24163818359372,256.12744140625,250.8128967285156,253.39588928222656,226.97715759277344,15410057
2010-11-09,252.97300720214844,255.30455017089844,251.25863647460935,251.9443817138672,225.67698669433597,11899060
2010-11-10,252.81298828125,254.13877868652344,245.95550537109372,246.8469696044922,221.1110382080078,12690058
2010-11-11,246.90411376953125,248.5613555908203,241.6124267578125,242.72105407714844,217.41525268554688,19131902
2010-11-14,243.92111206054688,244.10397338867188,237.3150634765625,241.0866851806641,215.9512939453125,16084932
2010-11-15,242.069580078125,242.069580078125,234.65206909179688,235.55496215820312,210.99630737304688,19833309
2010-11-17,239.96661376953125,239.96661376953125,231.7833404541016,236.114990234375,211.4979705810547,22776798
2010-11-18,236.8121795654297,236.8121795654297,225.63446044921875,227.7259979248047,203.98358154296875,24826481
2010-11-21,229.3832244873047,232.34336853027344,227.94314575195312,231.38331604003903,207.2595672607422,18956753
2010-11-22,229.6460876464844,229.72608947753903,222.8686065673828,227.5774078369141,203.85047912597656,33113827
2010-11-23,228.35459899902344,232.65196228027344,225.3944396972656,227.68028259277344,203.942626953125,19703855
2010-11-24,229.04034423828125,229.2689208984375,222.41143798828125,223.897216796875,200.553955078125,29112802
2010-11-25,225.1544342041016,226.38877868652344,219.0512542724609,219.97702026367188,197.04249572753903,30639363
2010-11-28,221.61138916015625,229.1432037353516,219.9884490966797,228.21743774414065,204.4237823486328,23409097
2010-11-29,228.53746032714844,230.5718536376953,224.2629547119141,225.2915802001953,201.80296325683597,30483669
2010-11-30,225.1544342041016,227.9888610839844,224.7086944580078,226.0230407714844,202.45816040039065,18726828
2010-12-01,228.35459899902344,231.6576232910156,227.45169067382807,231.1318817138672,207.03439331054688,24834141
2010-12-02,231.7833404541016,234.0691680908203,228.12600708007807,229.93182373046875,205.95944213867188,19641270
2010-12-05,232.2062225341797,235.440673828125,231.5547637939453,233.1891326904297,208.8771514892578,17790259
2010-12-06,233.15484619140625,237.65792846679688,233.15484619140625,235.6121063232422,211.0474853515625,22397973
2010-12-07,234.27490234375,234.9263610839844,231.1318817138672,233.2805633544922,208.95899963378903,16997335
2010-12-08,234.1949005126953,236.3207244873047,223.7257843017578,225.04014587402344,201.5777587890625,31716183
2010-12-09,225.56588745117188,235.440673828125,223.8629302978516,234.0463104248047,209.64495849609372,26529301
2010-12-12,234.08059692382807,239.09800720214844,230.86900329589844,238.12652587890625,213.29974365234372,16834458
2010-12-13,238.41226196289065,242.2981719970703,238.1836700439453,241.21240234375,216.06393432617188,20081132
2010-12-14,240.9266662597656,243.21250915527344,236.8121795654297,240.90380859375,215.7875061035156,21436026
2010-12-15,241.77243041992188,242.2981719970703,237.7379302978516,241.578125,216.39149475097656,15530788
2010-12-19,238.86941528320312,244.1268310546875,238.77798461914065,241.5552673339844,216.37103271484372,15858100
2010-12-20,242.2753143310547,245.7040557861328,241.8981475830078,245.3040313720703,219.72897338867188,16089753
2010-12-21,245.2240295410156,245.72691345214844,239.6351776123047,241.395263671875,216.22769165039065,15132141
2010-12-22,241.7952880859375,243.3725128173828,240.1266326904297,242.16102600097656,216.91363525390625,14589936
2010-12-23,240.69808959960935,243.3267974853516,240.0123443603516,242.22959899902344,216.97506713867188,9452996
2010-12-26,241.9095764160156,244.3097076416016,240.27520751953125,241.21240234375,216.06393432617188,5782048
2010-12-27,241.4524078369141,242.22959899902344,238.2408142089844,239.5323181152344,214.5589599609375,8857349
2010-12-28,239.62374877929688,241.1552581787109,239.1665802001953,239.69232177734372,214.7023468017578,11184510
2010-12-29,240.5609436035156,241.32669067382807,239.1551513671875,240.28663635253903,215.23468017578125,14561753
2010-12-30,241.85243225097656,243.78396606445312,240.74380493164065,242.00100708007807,216.7703094482422,9973432
2011-01-02,243.4410858154297,243.78396606445312,240.60665893554688,241.2924041748047,216.1355743408203,10411256
2011-01-03,242.2981719970703,246.8469696044922,241.68099975585935,246.2069396972656,220.5377197265625,22021878
2011-01-04,246.8698272705078,249.1556701660156,244.58399963378903,245.9097900390625,220.27154541015625,25943243
2011-01-05,246.41265869140625,249.4756774902344,245.62405395507807,248.14990234375,222.2781219482422,21763180
2011-01-06,247.1669921875,248.641357421875,241.84100341796875,243.5325164794922,218.14215087890625,17875107
2011-01-09,243.5325164794922,244.68685913085935,233.42913818359372,236.22927856445312,211.6002960205078,18478415
2011-01-10,237.72650146484372,239.71517944335935,228.2631683349609,231.7261962890625,207.56674194335935,21147094
2011-01-11,233.3034210205078,236.73216247558597,229.2689208984375,235.62353515625,211.05772399902344,23195000
2011-01-12,235.440673828125,237.5322113037109,231.12045288085935,232.0919342041016,207.89434814453125,24336418
2011-01-13,231.79476928710935,235.39495849609372,228.12600708007807,228.92605590820312,205.0585479736328,19111808
2011-01-16,229.2689208984375,230.41184997558597,226.7659454345703,228.1031494140625,204.32139587402344,14046519
2011-01-17,229.6918029785156,230.41184997558597,226.2973480224609,227.40597534179688,203.69692993164065,14871527
2011-01-18,228.4917449951172,229.72608947753903,222.8686065673828,224.0458068847656,200.68707275390625,23491557
2011-01-19,223.46292114257807,223.46292114257807,218.19407653808597,221.6913909912109,198.57814025878903,41343304
2011-01-20,222.8686065673828,226.86880493164065,222.41143798828125,225.56588745117188,202.04867553710935,19528676
2011-01-23,227.46311950683597,227.6459808349609,220.3770446777344,222.09141540527344,198.93649291992188,22242712
2011-01-24,223.3486175537109,225.14300537109372,218.5826568603516,219.0969696044922,196.2541961669922,20325555
2011-01-26,220.8113555908203,221.13136291503903,214.86819458007807,215.48536682128903,193.0191345214844,28105152
2011-01-27,216.0111083984375,216.21682739257807,206.18202209472656,208.69644165039065,186.93801879882807,33855702
2011-01-30,207.7478179931641,212.31948852539065,206.4334716796875,210.1365203857422,188.2279510498047,25332450
2011-01-31,211.46229553222656,212.05661010742188,203.1075897216797,204.6962432861328,183.3548583984375,37898873
2011-02-01,208.0106964111328,212.10232543945312,207.39352416992188,210.59368896484372,188.6374664306641,28465716
2011-02-02,212.12518310546875,216.5825653076172,209.1536102294922,215.75965881347656,193.2648468017578,17047728
2011-02-03,216.5597076416016,216.5597076416016,208.7307281494141,210.2965240478516,188.37127685546875,20715343
2011-02-06,211.5994415283203,214.5938873291016,209.01646423339844,212.36520385742188,190.22427368164065,14586353
2011-02-07,213.88528442382807,213.88528442382807,208.29641723632807,209.21075439453125,187.3987274169922,19685333
2011-02-08,207.64495849609372,214.2281494140625,206.55918884277344,208.9936065673828,187.2041931152344,38228022
2011-02-09,208.5821533203125,210.47938537597656,202.3189697265625,205.6448516845703,184.2045745849609,28347803
2011-02-10,205.7134246826172,209.1536102294922,202.9932861328125,207.999267578125,186.3135223388672,20012347
2011-02-13,207.1192169189453,209.89649963378903,204.376220703125,209.1078948974609,187.3065643310547,30145949
2011-02-14,209.01646423339844,215.96539306640625,208.30784606933597,215.25677490234372,192.8144073486328,27266420
2011-02-15,214.47959899902344,217.33688354492188,214.4338836669922,215.8168029785156,193.3160400390625,11041551
2011-02-16,216.66256713867188,218.39979553222656,214.0110015869141,218.0569305419922,195.32260131835935,14091434
2011-02-17,218.5369415283203,220.12559509277344,213.03952026367188,213.8509979248047,191.55517578125,15747939
2011-02-20,213.97671508789065,219.64556884765625,213.5424041748047,218.60552978515625,195.81402587890625,25629860
2011-02-21,226.7545166015625,230.7318572998047,223.84007263183597,225.12014770507807,201.64938354492188,88922943
2011-02-22,225.4744415283203,229.10891723632807,225.1544342041016,227.58883666992188,203.86073303222656,31184499
2011-02-23,227.66883850097656,228.2631683349609,219.06268310546875,220.39990234375,197.4213104248047,32903650
2011-02-24,224.1715240478516,224.5258331298828,218.19407653808597,220.86849975585935,197.8410186767578,15101417
2011-02-27,221.7713928222656,227.2802581787109,219.4398498535156,220.4113311767578,197.4315185546875,22487428
2011-02-28,222.57144165039065,226.91452026367188,221.0856475830078,226.0344696044922,202.46841430664065,12622459
2011-03-02,222.9143218994141,225.1544342041016,221.2913818359375,223.4171905517578,200.1239776611328,19518684
2011-03-03,225.07443237304688,227.39454650878903,223.57720947265625,224.514404296875,201.1068115234375,15419957
2011-03-06,222.66287231445312,224.76583862304688,220.35418701171875,223.33718872070312,200.0523223876953,11821324
2011-03-07,223.55435180664065,226.845947265625,223.55435180664065,225.14300537109372,201.66989135742188,12057689
2011-03-08,226.00018310546875,229.5889434814453,221.2913818359375,227.17739868164065,203.4921722412109,32473255
2011-03-09,226.91452026367188,226.98309326171875,224.4686737060547,225.0972900390625,201.62890625,9853822
2011-03-10,223.7372131347656,227.4174041748047,222.21713256835935,226.7659454345703,203.1236267089844,15000438
2011-03-13,226.9716644287109,233.32627868652344,226.8116607666016,232.77767944335935,208.50860595703125,28811267
2011-03-14,228.1145782470703,239.9208984375,226.0458984375,237.097900390625,212.3783721923828,56447390
2011-03-15,238.86941528320312,241.1552581787109,237.2921905517578,239.3494415283203,214.3951873779297,20605120
2011-03-16,237.5664978027344,239.738037109375,234.98350524902344,235.6349639892578,211.0679626464844,12381790
2011-03-17,236.5835876464844,236.5835876464844,225.5201568603516,226.98309326171875,203.3181610107422,40501886
2011-03-20,228.36602783203125,228.5831756591797,224.2629547119141,226.3659210205078,202.7653045654297,15546778
2011-03-21,226.99452209472656,229.70323181152344,226.78880310058597,228.503173828125,204.67970275878903,9793572
2011-03-22,228.54888916015625,232.3890838623047,227.6231231689453,231.6119079589844,207.46437072753903,11419987
2011-03-23,232.2176513671875,233.6005859375,229.46322631835935,230.9375915527344,206.86032104492188,11233928
2011-03-24,234.0463104248047,235.4292449951172,230.86900329589844,234.6634979248047,210.19776916503903,15392440
2011-03-27,234.5834808349609,236.8921813964844,231.85191345214844,234.457763671875,210.0135040283203,19079527
2011-03-28,233.15484619140625,235.89784240722656,233.06341552734372,233.783447265625,209.40948486328125,18101992
2011-03-29,234.8692169189453,237.1550445556641,234.09202575683597,236.0121307373047,211.40582275390625,12257428
2011-03-30,236.46929931640625,241.1324005126953,236.46929931640625,239.80661010742188,214.8046875,31502965
2011-03-31,239.7951812744141,243.6468048095703,235.66925048828125,236.9036102294922,212.204345703125,18772571
2011-04-03,237.72650146484372,241.1095428466797,235.21209716796875,240.16091918945312,215.1220550537109,13111730
2011-04-04,240.58380126953125,242.069580078125,237.72650146484372,239.4751739501953,214.50778198242188,10756797
2011-04-05,238.86941528320312,240.9838104248047,237.72650146484372,238.8351287841797,213.93450927734372,9083271
2011-04-06,238.8808441162109,239.45230102539065,236.6064453125,238.1608123779297,213.3304901123047,10163661
2011-04-07,238.1836700439453,240.2180633544922,233.3034210205078,234.0463104248047,209.64495849609372,11995738
2011-04-10,231.5547637939453,233.02911376953125,229.41751098632807,229.79466247558597,205.83653259277344,11296579
2011-04-12,229.0060577392578,234.0691680908203,227.80599975585935,233.56629943847656,209.2149658203125,19116564
2011-04-14,232.84625244140625,234.2634735107422,229.72608947753903,233.3719940185547,209.0409393310547,14174275
2011-04-17,232.9719696044922,238.80084228515625,228.72032165527344,230.6747131347656,206.62489318847656,14793743
2011-04-18,229.6575164794922,232.57196044921875,228.2974548339844,231.2461700439453,207.1367645263672,12022958
2011-04-19,232.24050903320312,235.55496215820312,230.4575653076172,234.50347900390625,210.0544586181641,10315413
2011-04-20,236.53787231445312,238.68655395507807,235.440673828125,237.8636474609375,213.06430053710935,14934401
2011-04-24,231.7833404541016,233.3834228515625,229.7603759765625,230.72042846679688,206.66580200195312,18138998
2011-04-25,230.6404266357422,230.6404266357422,228.0231475830078,228.84605407714844,204.98683166503903,17652410
2011-04-26,229.72608947753903,230.6632843017578,224.0343780517578,225.40586853027344,201.90533447265625,24710243
2011-04-27,226.7545166015625,226.98309326171875,221.7256774902344,222.27427673339844,199.1002349853516,35712321
2011-04-28,222.8686065673828,225.84017944335935,222.02284240722656,224.8686981201172,201.4241943359375,14936357
2011-05-01,224.90298461914065,225.56588745117188,219.7370147705078,220.52561950683597,197.53392028808597,13609544
2011-05-02,220.60562133789065,221.13136291503903,215.1082000732422,215.75965881347656,193.2648468017578,22028515
2011-05-03,216.0111083984375,218.69696044921875,214.86819458007807,216.61685180664065,194.03268432617188,11668233
2011-05-04,216.0111083984375,220.25132751464844,215.7025146484375,217.14259338378903,196.2989654541016,19582976
2011-05-05,217.8397674560547,219.4398498535156,216.9482879638672,218.3083648681641,197.3528594970703,12916462
2011-05-08,219.4398498535156,220.82278442382807,217.4740295410156,219.27984619140625,198.2310791015625,8012908
2011-05-09,219.27984619140625,220.33132934570312,216.3654022216797,217.3254547119141,196.46429443359372,8143376
2011-05-10,218.068359375,219.07411193847656,215.6682281494141,218.39979553222656,197.43548583984372,8197011
2011-05-11,217.49688720703125,218.2397918701172,215.0967712402344,216.1253967285156,195.3794403076172,9218985
2011-05-12,216.06825256347656,219.8970184326172,214.39959716796875,216.6968536376953,195.89601135253903,13906027
2011-05-15,217.15402221679688,217.4740295410156,215.2224884033203,216.0111083984375,195.27610778808597,7008149
2011-05-16,216.15968322753903,216.42254638671875,209.6679229736328,210.44509887695312,190.2444305419922,17384039
2011-05-17,210.2965240478516,211.17657470703125,205.3477020263672,206.14773559570312,186.35952758789065,24814804
2011-05-18,207.64495849609372,210.75369262695312,206.8106384277344,209.2678985595703,189.18020629882807,18072585
2011-05-19,209.9422149658203,211.62229919433597,208.0792694091797,211.02798461914065,190.77130126953125,13873483
2011-05-22,210.0679473876953,210.75369262695312,206.47918701171875,207.87353515625,187.91966247558597,14836682
2011-05-23,207.0963592529297,210.5022430419922,207.0963592529297,209.32504272460935,189.2318420410156,11107409
2011-05-24,208.9478759765625,208.9478759765625,205.9534454345703,207.0963592529297,187.2170867919922,13112272
2011-05-25,208.60501098632807,214.1481475830078,208.2621307373047,213.46240234375,192.97203063964844,30001792
2011-05-26,213.51954650878903,217.81690979003903,213.51954650878903,216.1139678955078,195.3690948486328,15134521
2011-05-29,216.91400146484372,217.8397674560547,213.5538330078125,214.60531616210935,194.00526428222656,7564463
2011-05-30,216.0111083984375,218.50265502929688,214.25100708007807,217.576904296875,196.6916046142578,14083332
2011-05-31,217.61119079589844,219.1312713623047,215.7025146484375,216.42254638671875,195.6480407714844,8042814
2011-06-01,214.0795745849609,218.22836303710935,214.0795745849609,217.3940277099609,196.5262908935547,9418728
2011-06-02,219.55413818359372,221.03993225097656,212.92523193359372,213.6338348388672,193.1270446777344,19110238
2011-06-05,213.645263671875,215.05105590820312,212.1594696044922,214.3538818359375,193.7779693603516,6149800
2011-06-06,213.39382934570312,219.4398498535156,213.39382934570312,219.03982543945312,198.0140838623047,17612490
2011-06-07,218.3540802001953,218.5140838623047,215.7710876464844,216.9711456298828,196.14398193359372,14205061
2011-06-08,216.5825653076172,218.94839477539065,216.46827697753903,218.068359375,197.1358795166016,9152117
2011-06-09,218.31979370117188,218.5255126953125,213.0509490966797,215.8968048095703,195.1727752685547,11068775
2011-06-12,215.611083984375,215.611083984375,210.5251007080078,211.5765838623047,191.26727294921875,12923374
2011-06-13,211.5080108642578,212.9823760986328,208.0106964111328,208.31927490234372,188.32261657714844,18967099
2011-06-14,208.4678649902344,210.0450897216797,205.40484619140625,205.8505859375,186.09088134765625,20156715
2011-06-15,205.9534454345703,205.9534454345703,202.09039306640625,202.8789978027344,183.4045562744141,24969151
2011-06-16,203.73619079589844,204.193359375,197.77017211914065,198.5816345214844,179.51971435546875,22029696
2011-06-19,200.01028442382807,200.01028442382807,189.28973388671875,190.4669342041016,172.1839599609375,30300033
2011-06-20,191.9870147705078,195.4386138916016,191.3927001953125,193.98712158203125,175.3662109375,17413744
2011-06-21,195.06146240234372,196.15866088867188,190.6726531982422,193.3356475830078,174.77725219726562,20107599
2011-06-22,193.5070953369141,199.4845428466797,193.35850524902344,198.98165893554688,179.88131713867188,20713868
2011-06-23,199.81597900390625,201.08462524414065,195.5757598876953,199.1873779296875,180.06732177734375,31670322
2011-06-26,198.113037109375,201.5646514892578,197.00440979003903,199.2216644287109,180.09828186035156,14349371
2011-06-27,200.90174865722656,200.90174865722656,197.0386962890625,199.11880493164065,180.00531005859375,10219645
2011-06-28,200.1702880859375,202.9818572998047,199.34739685058597,202.35325622558597,182.9292907714844,12430639
2011-06-29,203.14187622070312,206.18202209472656,202.75328063964844,205.38198852539065,185.66729736328125,21744714
2011-06-30,207.32493591308597,207.32493591308597,195.82720947265625,197.0272674560547,178.1145477294922,28677893
2011-07-03,199.8731384277344,201.01605224609372,197.7244415283203,198.5016326904297,179.44737243652344,16499512
2011-07-04,198.7073516845703,198.7073516845703,192.92420959472656,193.36993408203125,174.80825805664062,33805768
2011-07-05,194.0328369140625,196.23866271972656,192.1698760986328,194.9585876464844,176.24444580078125,26877909
2011-07-06,196.12437438964844,199.9874267578125,195.49575805664065,199.02737426757807,179.92263793945312,20137982
2011-07-07,199.55311584472656,199.7816925048828,194.75286865234372,195.40432739257807,176.64739990234375,20937538
2011-07-10,195.2100372314453,196.57009887695312,193.6099548339844,195.05003356933597,176.32708740234375,9598807
2011-07-11,193.7242431640625,195.9872131347656,193.3127899169922,193.7813873291016,175.1802215576172,13066390
2011-07-12,194.9928741455078,198.79879760742188,194.54714965820312,197.8273162841797,178.83778381347656,17029770
2011-07-13,197.3358612060547,200.6731719970703,196.43295288085935,198.30734252929688,179.271728515625,13312532
2011-07-14,198.3416290283203,200.2388610839844,197.7244415283203,199.5988311767578,180.43927001953125,10206245
2011-07-17,199.3016662597656,199.7588348388672,197.5415802001953,198.3187713623047,179.28207397460938,6582763
2011-07-18,198.29591369628903,201.47320556640625,197.9530334472656,201.0274810791016,181.7307586669922,9822813
2011-07-19,202.52468872070312,202.7075653076172,198.5930633544922,200.2845764160156,181.0591735839844,11180149
2011-07-20,200.22743225097656,200.22743225097656,196.02149963378903,196.7758331298828,177.88722229003906,7886175
2011-07-21,197.9530334472656,200.4674530029297,197.15298461914065,199.63311767578125,180.4702911376953,15303807
2011-07-24,203.8961944580078,203.8961944580078,200.9589080810547,201.80465698242188,182.433349609375,21905216
2011-07-25,203.03900146484372,203.4733123779297,198.73020935058597,199.21023559570312,180.0879669189453,20462017
2011-07-26,200.01028442382807,200.01028442382807,196.38723754882807,196.7758331298828,177.88722229003906,13675826
2011-07-27,195.4386138916016,195.4386138916016,190.501220703125,191.4041290283203,173.0311737060547,31299376
2011-07-28,192.00987243652344,193.66709899902344,188.1582489013672,189.2554473876953,171.0887451171875,21393442
2011-07-31,191.55270385742188,191.55270385742188,187.74679565429688,189.9183349609375,171.68801879882812,14242019
2011-08-01,189.16400146484372,191.7584228515625,187.0953369140625,191.3927001953125,173.0208282470703,16570663
2011-08-02,188.98114013671875,191.1412506103516,188.14682006835935,188.5925445556641,170.48944091796875,14085375
2011-08-03,189.26687622070312,190.1011962890625,185.16380310058597,185.6895446777344,167.86514282226562,13737415
2011-08-04,182.75225830078125,182.75225830078125,178.06629943847656,181.03787231445312,163.6599884033203,26222826
2011-08-07,177.54055786132812,182.04364013671875,175.32330322265625,178.44345092773438,161.31455993652344,22242669
2011-08-08,172.12313842773438,178.06629943847656,172.12313842773438,174.93470764160156,158.14268493652344,32649029
2011-08-09,179.51779174804688,180.5807037353516,174.8661346435547,176.6376495361328,159.68212890625,17746463
2011-08-10,175.6318817138672,179.42636108398438,174.8661346435547,176.51193237304688,159.56849670410156,10890149
2011-08-11,178.9806365966797,178.9806365966797,173.26605224609375,173.92893981933594,157.2334442138672,17222470
2011-08-15,173.7232208251953,176.5347900390625,172.51171875,173.52891540527344,156.87179565429688,11286937
2011-08-16,173.83750915527344,177.0148162841797,171.6659698486328,172.58030700683594,156.0142364501953,13545843
2011-08-17,173.19747924804688,173.7232208251953,168.46580505371094,169.4258575439453,153.16259765625,17126872
2011-08-18,167.10572814941406,168.9229736328125,164.87704467773438,167.4486083984375,151.37515258789062,20399978
2011-08-21,167.09429931640625,173.68893432617188,165.85995483398438,173.03746032714844,156.42752075195312,15542731
2011-08-22,173.80322265625,176.46621704101562,170.8659210205078,174.92327880859375,158.13232421875,17536780
2011-08-23,174.63754272460938,175.89476013183594,172.8088836669922,174.02037048339844,157.3160858154297,12987792
2011-08-24,174.0889434814453,175.78045654296875,171.49452209472656,172.2374267578125,155.70428466796875,21214238
2011-08-25,171.6659698486328,172.8317413330078,162.751220703125,164.44273376464844,148.65777587890625,19501819
2011-08-28,167.11715698242188,173.7003631591797,166.48855590820312,172.59173583984375,156.0245819091797,18316877
2011-08-29,174.8661346435547,182.02078247070312,174.63754272460938,178.88919067382812,161.717529296875,34217075
2011-09-01,182.1122131347656,185.9981384277344,180.4549865722656,184.11231994628903,166.4392852783203,34086257
2011-09-04,181.6093292236328,182.6379547119141,178.9691925048828,180.31784057617188,163.0090789794922,19981247
2011-09-05,179.02635192871094,188.69541931152344,177.49484252929688,187.7810821533203,169.75588989257812,31333473
2011-09-06,188.3525390625,192.80990600585935,188.28396606445312,190.52407836914065,172.235595703125,31438175
2011-09-07,190.52407836914065,196.3529510498047,186.18099975585935,194.8557281494141,176.1514129638672,35284258
2011-09-08,194.7871551513672,196.2500915527344,188.28396606445312,188.7525634765625,170.63414001464844,29564130
2011-09-11,185.2323760986328,187.99822998046875,181.78077697753903,184.30661010742188,166.61492919921875,18579499
2011-09-12,185.8838348388672,188.5239715576172,182.12364196777344,185.2095184326172,167.43118286132812,25400442
2011-09-13,186.0438537597656,189.66688537597656,184.05517578125,188.6725616455078,170.56178283691406,20539026
2011-09-14,190.4097900390625,191.6898498535156,185.9638519287109,191.1641082763672,172.8141632080078,20407052
2011-09-15,194.2957000732422,194.2957000732422,187.6667938232422,188.72970581054688,170.61349487304688,26810791
2011-09-18,188.58111572265625,189.5297393798828,186.43243408203125,187.79251098632807,169.76622009277344,12796090
2011-09-19,188.12396240234372,195.1986083984375,186.5924530029297,194.7071533203125,176.01715087890625,18437927
2011-09-20,194.5014190673828,194.5014190673828,190.24978637695312,191.46127319335935,173.0828399658203,17030216
2011-09-21,188.3411102294922,189.2440185546875,178.2948760986328,179.7463836669922,162.49246215820312,27298045
2011-09-22,176.90052795410156,181.17503356933597,174.660400390625,176.1461944580078,159.23782348632812,38513013
2011-09-25,175.82618713378906,176.16905212402344,170.87734985351562,173.54034423828125,156.8821258544922,27202137
2011-09-26,176.9233856201172,183.02655029296875,176.46621704101562,182.2265167236328,164.7345428466797,22046959
2011-09-27,182.8094024658203,184.30661010742188,180.3749847412109,182.2265167236328,164.7345428466797,25034598
2011-09-28,180.69500732421875,185.78097534179688,179.31207275390625,184.6266326904297,166.9042510986328,31511671
2011-09-29,183.6665802001953,188.10108947753903,181.1521759033203,184.77520751953125,167.03854370117188,34944185
2011-10-02,180.85501098632807,182.84368896484372,179.23207092285156,180.1692657470703,162.87474060058594,21109422
2011-10-03,179.20921325683594,180.7635803222656,174.92327880859375,176.37478637695312,159.44447326660156,26251892
2011-10-04,176.59193420410156,177.81484985351562,174.12322998046875,175.32330322265625,158.49391174316406,20734666
2011-10-06,179.82638549804688,184.69520568847656,179.41493225097656,183.5294342041016,165.91238403320312,19911027
2011-10-09,183.8380279541016,189.9297637939453,183.82659912109372,189.55259704589844,171.3573760986328,14846381
2011-10-10,190.8669586181641,192.3298797607422,188.00965881347656,189.0382843017578,170.89242553710938,15716423
2011-10-11,189.58688354492188,194.73001098632807,188.82113647460935,194.2156982421875,175.57284545898438,17269967
2011-10-12,194.2957000732422,196.12437438964844,192.48989868164065,193.58709716796875,175.00457763671875,18353721
2011-10-13,192.467041015625,198.79879760742188,192.3527374267578,198.15875244140625,179.1374053955078,17871109
2011-10-16,198.18161010742188,198.6044921875,189.9869079589844,190.5926513671875,172.29759216308594,22052401
2011-10-17,188.58111572265625,188.9011383056641,185.46096801757807,187.41534423828125,169.42527770996094,18299531
2011-10-18,188.69541931152344,193.1527862548828,188.3753967285156,192.69561767578125,174.19869995117188,11872557
2011-10-19,190.83267211914065,192.2155914306641,187.89537048339844,191.71270751953125,173.31011962890625,9971735
2011-10-20,192.00987243652344,194.1128387451172,189.97547912597656,191.03839111328125,172.70054626464844,10342733
2011-10-23,193.83853149414065,195.2100372314453,192.8213348388672,193.49566650390625,174.9219207763672,9081569
2011-10-24,195.4386138916016,201.37034606933597,192.50132751464844,200.22743225097656,181.00753784179688,22735907
2011-10-27,205.65628051757807,206.63919067382807,202.09039306640625,205.724853515625,185.9772491455078,24528852
2011-10-30,205.2677001953125,205.5648498535156,199.45025634765625,200.5931701660156,181.338134765625,15872042
2011-10-31,198.98165893554688,200.8103179931641,196.03292846679688,196.71868896484372,177.83560180664062,16384499
2011-11-01,195.4386138916016,201.37034606933597,195.4386138916016,199.27880859375,180.14993286132807,13751121
2011-11-02,198.35305786132807,203.2904510498047,197.2672882080078,202.5018310546875,183.0635986328125,16042287
2011-11-03,206.86778259277344,206.86778259277344,199.47311401367188,201.1417694091797,181.83409118652344,18251373
2011-11-07,200.92462158203125,202.29611206054688,198.5244903564453,201.99896240234372,182.60899353027344,10120202
2011-11-08,203.4504547119141,204.04476928710935,196.8444061279297,197.7130126953125,178.73446655273438,11664515
2011-11-10,196.3529510498047,203.16473388671875,194.3185577392578,202.3761138916016,182.949951171875,21739364
2011-11-13,203.7590484619141,204.8105316162109,199.55311584472656,200.39886474609372,181.16249084472656,15996247
2011-11-14,199.095947265625,200.69602966308597,195.72434997558597,196.91297912597656,178.01119995117188,9897941
2011-11-15,196.3758087158203,196.3758087158203,191.4041290283203,193.86138916015625,175.25253295898438,13313254
2011-11-16,193.16421508789065,193.98712158203125,184.2951812744141,185.1409454345703,167.36920166015625,24227745
2011-11-17,182.93511962890625,185.59811401367188,179.89495849609375,184.7180633544922,166.98690795898438,21690327
2011-11-20,182.86654663085935,182.86654663085935,178.63775634765625,179.7463836669922,162.49246215820312,17715656
2011-11-21,180.1464080810547,183.8837432861328,179.80352783203125,181.76934814453125,164.32122802734375,19171804
2011-11-22,180.55784606933597,180.55784606933597,172.76316833496094,176.78622436523438,159.81643676757812,23710270
2011-11-23,177.15196228027344,177.83770751953125,172.1574249267578,176.7290802001953,159.76478576660156,27857321
2011-11-24,175.9404754638672,176.29476928710938,171.6659698486328,172.30599975585938,155.7662811279297,16185464
2011-11-27,174.8661346435547,179.62066650390625,174.3061065673828,179.1634979248047,161.9655303955078,11033484
2011-11-28,178.75204467773438,178.75204467773438,173.52891540527344,174.8661346435547,158.0806884765625,21013969
2011-11-29,172.96888732910156,179.04920959472656,172.14599609375,177.8948516845703,160.81866455078125,19988986
2011-11-30,182.6379547119141,185.3238067626953,181.76934814453125,182.6379547119141,165.10647583007812,20626920
2011-12-01,182.1807861328125,186.2952880859375,179.79209899902344,185.6209716796875,167.8031463623047,19598467
2011-12-04,184.77520751953125,185.6552581787109,182.4893798828125,184.40948486328125,166.70794677734375,13827937
2011-12-06,184.4666290283203,187.32391357421875,183.59800720214844,185.10665893554688,167.33819580078125,15373615
2011-12-07,183.3237152099609,184.6266326904297,176.48907470703125,178.03201293945312,160.94264221191406,19435800
2011-12-08,175.98619079589844,175.98619079589844,172.0545654296875,172.7403106689453,156.15890502929688,22070197
2011-12-11,173.84893798828125,174.18038940429688,165.4942169189453,166.2942657470703,150.33160400390625,22298377
2011-12-12,165.4713592529297,170.52305603027344,164.8084716796875,169.6772918701172,153.38990783691406,22873371
2011-12-13,168.6943817138672,172.328857421875,167.6428985595703,169.5858612060547,153.3072509765625,23206895
2011-12-14,167.30003356933594,172.46600341796875,165.3799285888672,171.47166442871094,155.01202392578125,28922246
2011-12-15,171.20880126953125,193.0613555908203,163.67698669433594,165.0027618408203,149.16407775878906,25499308
2011-12-18,164.3970184326172,169.12869262695312,163.47125244140625,168.07720947265625,151.94338989257812,20623197
2011-12-19,169.54014587402344,169.54014587402344,162.11119079589844,163.08267211914062,147.42831420898438,24282464
2011-12-20,166.1799774169922,172.29457092285156,165.1970672607422,170.980224609375,154.56777954101562,19963870
2011-12-21,169.46014404296875,173.7917938232422,167.5514678955078,172.47743225097656,155.92124938964844,19571514
2011-12-22,173.7232208251953,175.951904296875,169.7001495361328,170.61448669433594,154.23712158203125,15360163
2011-12-25,170.7630615234375,174.82041931152344,170.42018127441406,173.95179748535156,157.25408935546875,10396517
2011-12-26,175.09471130371094,175.71188354492188,170.3744659423828,172.1345672607422,155.6112823486328,13449406
2011-12-27,173.19747924804688,173.38034057617188,168.08863830566406,168.9344024658203,152.71832275390625,12376536
2011-12-28,167.70004272460938,168.9229736328125,161.65402221679688,162.72836303710938,147.10800170898438,23840441
2011-12-29,162.9798126220703,164.7056121826172,157.49380493164062,158.39671325683594,143.19212341308594,29146195
2012-01-01,159.27676391601562,162.23690795898438,157.07093811035156,161.5054473876953,146.0024871826172,18808107
2012-01-02,162.80836486816406,166.1571044921875,162.37405395507812,165.64280700683594,149.74267578125,20489219
2012-01-03,166.2714080810547,167.08287048339844,163.059814453125,163.69984436035156,147.98623657226562,18541902
2012-01-04,163.4369659423828,165.7113800048828,158.65957641601562,159.89393615722656,144.545654296875,28959200
2012-01-05,159.3339080810547,165.4942169189453,159.2424774169922,164.0198516845703,148.2755126953125,20575210
2012-01-08,163.31124877929688,163.31124877929688,160.56825256347656,161.43687438964844,145.94049072265625,18386646
2012-01-09,162.751220703125,168.9229736328125,162.751220703125,168.28292846679688,152.1293487548828,19720278
2012-01-10,168.67152404785156,172.12313842773438,167.20858764648438,171.03736877441406,154.61941528320312,21183286
2012-01-11,170.8659210205078,172.11170959472656,167.4600372314453,168.4429473876953,152.27403259277344,14225123
2012-01-12,169.6087188720703,171.654541015625,166.43141174316406,167.2771759033203,151.2201690673828,20530513
2012-01-15,166.8542938232422,166.8542938232422,162.52264404296875,162.9683837890625,147.32498168945312,17794345
2012-01-16,163.66555786132812,170.15731811523438,163.66555786132812,169.62014770507812,153.33824157714844,22738488
2012-01-17,174.18038940429688,180.10069274902344,173.27748107910156,178.23773193359375,161.1286163330078,40461227
2012-01-18,180.3521270751953,181.94078063964844,178.77490234375,179.5863800048828,162.34779357910156,23989114
2012-01-19,180.5807037353516,182.86654663085935,176.47764587402344,181.18646240234372,163.79428100585938,31725274
2012-01-22,172.6488800048828,178.23773193359375,172.6260223388672,176.3633575439453,159.4341583251953,28250482
2012-01-23,177.06053161621094,180.94644165039065,176.10047912597656,179.15206909179688,161.95521545410156,22291662
2012-01-24,180.28355407714844,181.7236328125,178.93490600585938,180.79786682128903,163.44297790527344,16786908
2012-01-26,182.86654663085935,189.2440185546875,182.6379547119141,187.52963256835935,169.52857971191406,24347771
2012-01-29,186.0438537597656,187.1753387451172,181.0835876464844,181.66647338867188,164.22824096679688,21126187
2012-01-30,183.89517211914065,187.6210784912109,183.18655395507807,186.7753143310547,168.8466796875,27405612
2012-01-31,187.186767578125,190.63836669921875,186.5238800048828,189.9983367919922,171.76036071777344,16522676
2012-02-01,190.8669586181641,192.6270446777344,188.38682556152344,189.55259704589844,171.3573760986328,21445055
2012-02-02,189.7240447998047,192.00987243652344,186.44386291503903,191.62127685546875,173.2274932861328,19989261
2012-02-05,193.35850524902344,194.1814117431641,188.3753967285156,190.4097900390625,172.13226318359375,17430906
2012-02-06,192.467041015625,194.91287231445312,190.6955108642578,193.0499267578125,174.5189666748047,21068816
2012-02-07,193.6099548339844,197.65586853027344,193.1527862548828,196.2158050537109,177.3809356689453,15957543
2012-02-08,195.8386383056641,196.5586700439453,192.60418701171875,195.17575073242188,176.44076538085938,18851741
2012-02-09,194.37570190429688,196.3529510498047,191.55270385742188,192.7527618408203,174.2503204345703,14952871
2012-02-12,192.2613067626953,196.30723571777344,192.2384490966797,194.124267578125,175.4901885986328,15284147
2012-02-13,193.58709716796875,195.75863647460935,192.69561767578125,194.0442657470703,175.41787719726562,13711512
2012-02-14,195.25575256347656,195.6100616455078,190.4212188720703,191.24411010742188,172.8865203857422,31421021
2012-02-15,189.9526214599609,189.9526214599609,183.94088745117188,185.71240234375,167.8857879638672,27747347
2012-02-16,187.90679931640625,188.9011383056641,185.19808959960935,187.02674865722656,169.07395935058594,35922700
2012-02-20,186.8667449951172,194.00997924804688,186.31814575195312,192.8213348388672,174.31231689453125,36457910
2012-02-21,193.83853149414065,195.9872131347656,189.7469024658203,190.501220703125,172.21495056152344,25146771
2012-02-22,190.1811981201172,194.27284240722656,188.9468536376953,191.9184417724609,173.49610900878906,19105924
2012-02-23,190.52407836914065,192.39846801757807,186.18099975585935,187.42677307128903,169.43557739257812,18746068
2012-02-26,187.8496551513672,188.71827697753903,174.94613647460938,178.62632751464844,161.4799346923828,27772012
2012-02-27,180.36355590820312,182.9465484619141,180.05496215820312,182.0664978027344,164.58982849121094,23140014
2012-02-28,184.02088928222656,189.2440185546875,183.81517028808597,187.60964965820312,169.60092163085938,27846970
2012-02-29,185.56382751464844,187.14105224609372,183.11798095703125,185.36952209472656,167.57582092285156,12960682
2012-03-01,186.58102416992188,186.9810333251953,184.18089294433597,186.08956909179688,168.22674560546875,12687228
2012-03-04,185.6209716796875,186.06671142578125,181.55218505859372,182.2950897216797,164.79649353027344,13074509
2012-03-05,182.1807861328125,184.92379760742188,176.9233856201172,177.5062713623047,160.46737670898438,35129404
2012-03-06,177.5062713623047,177.72341918945312,171.6659698486328,174.13465881347656,157.4193572998047,28202989
2012-03-08,177.2205352783203,178.2034454345703,175.82618713378906,176.87767028808594,159.8990936279297,17249418
2012-03-11,180.5807037353516,183.5522918701172,178.22630310058594,182.53509521484372,165.01348876953125,15041933
2012-03-12,183.6551513671875,187.88394165039065,183.6208648681641,187.42677307128903,169.43557739257812,16117008
2012-03-13,189.26687622070312,189.7240447998047,184.39805603027344,186.18099975585935,168.30941772460938,17623820
2012-03-14,186.9810333251953,187.71250915527344,181.3578948974609,182.1007843017578,164.620849609375,20258209
2012-03-15,178.2948760986328,182.3408050537109,175.40330505371094,176.5462188720703,159.59947204589844,25168501
2012-03-18,178.52346801757812,178.9806365966797,171.68882751464844,172.60316467285156,156.034912109375,15978638
2012-03-19,172.8317413330078,175.18614196777344,171.50596618652344,173.84893798828125,157.16110229492188,10455362
2012-03-20,173.7232208251953,176.80908203125,172.60316467285156,175.5633087158203,158.71092224121094,14211666
2012-03-21,175.0718536376953,176.3404998779297,167.32289123535156,168.31723022460938,152.160400390625,29243875
2012-03-22,170.02017211914062,171.32308959960938,168.7172393798828,170.0773162841797,153.75152587890625,26956646
2012-03-25,170.04302978515625,170.04302978515625,166.1799774169922,166.88858032226562,150.868896484375,23135333
2012-03-26,168.6943817138672,168.87725830078125,165.74566650390625,167.10572814941406,151.06517028808594,27194700
2012-03-27,166.86572265625,168.21435546875,164.69418334960938,165.8828125,149.95965576171875,18072694
2012-03-28,164.1227264404297,166.79714965820312,164.1227264404297,165.64280700683594,149.74267578125,23976904
2012-03-29,166.75143432617188,172.12313842773438,166.2028350830078,171.5745391845703,155.1050262451172,17276879
2012-04-01,171.28880310058594,171.63168334960938,168.9344024658203,169.2772674560547,153.0282745361328,11220694
2012-04-02,170.12303161621094,174.3861083984375,170.12303161621094,172.0545654296875,155.53897094726562,17515593
2012-04-03,170.29446411132812,173.03746032714844,169.94017028808594,170.7516326904297,154.36109924316406,11813695
2012-04-08,169.16297912597656,170.980224609375,167.80291748046875,169.64300537109375,153.35891723632812,11411688
2012-04-09,170.52305603027344,170.7516326904297,168.7172393798828,169.75729370117188,153.4622039794922,8370104
2012-04-10,168.9229736328125,168.9229736328125,166.01995849609375,166.93429565429688,150.91018676757812,16304095
2012-04-11,167.6200408935547,170.43162536621094,167.6200408935547,169.90586853027344,153.59652709960938,11779103
2012-04-12,170.53448486328125,174.18038940429688,168.58009338378906,171.79168701171875,155.30136108398438,14214624
2012-04-15,170.7744903564453,172.2259979248047,168.23721313476562,171.00308227539062,154.58843994140625,10518035
2012-04-16,172.53457641601562,172.53457641601562,169.23155212402344,170.61448669433594,154.23712158203125,13893966
2012-04-17,171.4373779296875,172.9917449951172,169.7687225341797,171.11737060546875,154.69174194335938,14998238
2012-04-18,172.328857421875,172.328857421875,168.8086700439453,169.52871704101562,153.255615234375,18399192
2012-04-19,169.16297912597656,169.38014221191406,166.40855407714844,167.0600128173828,151.02386474609375,14922257
2012-04-22,165.91709899902344,170.46591186523438,165.53993225097656,168.30580139160156,152.15008544921875,22106609
2012-04-23,168.9229736328125,169.26583862304688,165.42564392089844,168.031494140625,151.90208435058594,16664900
2012-04-24,167.80291748046875,169.81443786621094,166.41998291015625,168.30580139160156,152.15008544921875,13586437
2012-04-25,168.48866271972656,171.20880126953125,167.68861389160156,170.30589294433594,153.95816040039062,15180399
2012-04-26,169.44871520996094,170.78591918945312,168.3515167236328,169.6087188720703,153.32791137695312,12501799
2012-04-29,168.58009338378906,170.9573516845703,168.58009338378906,170.31732177734375,153.96847534179688,12147744
2012-05-01,170.9573516845703,171.7574005126953,169.15155029296875,169.96302795410156,153.64822387695312,12520177
2012-05-02,168.8086700439453,170.1687469482422,168.0429229736328,168.88868713378906,152.67701721191406,8299657
2012-05-03,167.6428985595703,169.15155029296875,165.03704833984375,166.0542449951172,150.11460876464844,16529947
2012-05-06,163.4369659423828,165.03704833984375,161.1739959716797,163.59698486328125,147.89321899414062,20084811
2012-05-07,164.1227264404297,164.3284454345703,159.77964782714844,161.91690063476562,146.3744354248047,16997816
2012-05-08,160.46539306640625,161.9054718017578,157.96240234375,158.88816833496094,143.63644409179688,16058311
2012-05-09,159.37962341308594,161.92832946777344,157.84811401367188,158.6710205078125,143.4401092529297,14838445
2012-05-10,158.40814208984375,160.6939697265625,157.33380126953125,159.36819458007812,144.0703582763672,13310297
2012-05-13,159.55105590820312,160.64825439453125,155.10511779785156,155.7337188720703,140.78480529785156,17853868
2012-05-14,155.20797729492188,157.26522827148438,154.08792114257812,155.813720703125,140.85708618164062,16170682
2012-05-15,154.29364013671875,156.07659912109375,153.847900390625,154.5450897216797,139.7102508544922,13569502
2012-05-16,155.49371337890625,157.6881103515625,154.93368530273438,156.61376953125,141.5803680419922,15576334
2012-05-17,154.7279510498047,159.18531799316406,154.29364013671875,157.3909454345703,142.2829132080078,10341793
2012-05-20,156.92234802246094,160.16822814941406,156.8080596923828,158.97959899902344,143.71908569335938,10211280
2012-05-21,161.05970764160156,161.05970764160156,157.43666076660156,157.9738311767578,142.8098602294922,12853294
2012-05-22,156.6251983642578,157.71096801757812,155.3336944580078,157.00234985351562,141.93162536621094,11301566
2012-05-23,158.63671875,160.0082244873047,156.83091735839844,158.9338836669922,143.67776489257812,10498664
2012-05-24,158.8653106689453,158.9338836669922,157.3909454345703,157.99668884277344,142.83050537109375,13496281
2012-05-27,158.1795654296875,160.6939697265625,158.1795654296875,160.38539123535156,144.9899139404297,11265492
2012-05-28,160.5111083984375,162.2483367919922,159.4481964111328,160.4311065673828,145.03126525878906,15024360
2012-05-29,159.92822265625,161.9854736328125,158.89959716796875,161.43687438964844,145.94049072265625,15403723
2012-05-30,159.32247924804688,166.6485595703125,155.97373962402344,161.2882843017578,147.7324981689453,39482174
2012-05-31,161.6883087158203,162.1683349609375,154.99082946777344,156.63662719726562,143.47178649902344,17921568
2012-06-03,154.7508087158203,159.32247924804688,153.92791748046875,158.3509979248047,145.04205322265625,14269847
2012-06-04,159.09388732910156,161.37973022460938,158.88816833496094,160.5911102294922,147.0939178466797,13284608
2012-06-05,161.02542114257812,164.1227264404297,159.66534423828125,163.6427001953125,149.88905334472656,23252900
2012-06-06,164.8199005126953,167.30003356933594,163.7227020263672,164.86561584472656,151.0091552734375,27944820
2012-06-07,164.1227264404297,167.30003356933594,162.81979370117188,166.79714965820312,152.77833557128906,12717493
2012-06-10,167.48289489746094,168.3286590576172,164.1455841064453,165.0941925048828,151.218505859375,9954345
2012-06-11,163.4369659423828,165.95138549804688,163.29981994628906,165.25421142578125,151.3651123046875,11961991
2012-06-12,165.0941925048828,165.4827880859375,162.8426513671875,163.734130859375,149.9727783203125,9950023
2012-06-13,163.66555786132812,164.76275634765625,162.53407287597656,163.7455596923828,149.98324584960938,7479627
2012-06-14,164.2370147705078,166.82000732421875,164.2370147705078,166.12281799316406,152.1607208251953,9936719
2012-06-17,166.9457244873047,167.89434814453125,162.751220703125,164.3284454345703,150.51715087890625,10034412
2012-06-18,163.89413452148438,169.014404296875,163.89413452148438,168.56866455078125,154.4010009765625,7804051
2012-06-19,168.6943817138672,169.82586669921875,167.5514678955078,168.55723571777344,154.3905487060547,10313366
2012-06-20,167.78005981445312,167.78005981445312,162.38548278808594,164.28273010253906,150.47525024414062,22609240
2012-06-21,163.10552978515625,163.4141082763672,160.8197021484375,162.52264404296875,148.8631134033203,19130296
2012-06-24,163.2541046142578,165.25421142578125,162.751220703125,163.71127319335938,149.9518585205078,11114641
2012-06-25,164.0084228515625,165.83709716796875,163.31124877929688,165.3799285888672,151.4802703857422,16084241
2012-06-26,166.04281616210938,166.7742919921875,164.1227264404297,165.15135192871094,151.2708740234375,7708056
2012-06-27,165.5856475830078,166.3628387451172,163.8141326904297,164.55703735351562,150.72653198242188,11903391
2012-06-28,165.74566650390625,169.35728454589844,165.74566650390625,168.66009521484375,154.48472595214844,16771028
2012-07-01,168.1229248046875,169.33441162109375,166.90000915527344,168.55723571777344,154.3905487060547,6831968
2012-07-02,169.14012145996094,169.75729370117188,167.16287231445312,168.31723022460938,154.1707000732422,10294922
2012-07-03,169.15155029296875,169.15155029296875,166.60284423828125,167.8372039794922,153.7310028076172,9347118
2012-07-04,167.99720764160156,169.7001495361328,167.33432006835938,168.85440063476562,154.66270446777344,7805552
2012-07-05,168.6943817138672,168.6943817138672,166.75143432617188,167.97434997558594,153.85662841796875,9259557
2012-07-08,166.6371307373047,167.7343292236328,165.9742431640625,167.2771759033203,153.21803283691406,7798797
2012-07-09,167.19715881347656,169.6087188720703,167.048583984375,169.08297729492188,154.87208557128906,5974354
2012-07-10,167.65432739257812,168.37437438964844,165.03704833984375,165.8713836669922,151.93043518066406,11937173
2012-07-11,165.01419067382812,166.82000732421875,163.9169921875,164.85418701171875,150.99871826171875,10066480
2012-07-12,164.57989501953125,166.065673828125,163.4369659423828,164.2370147705078,150.43341064453125,11373177
2012-07-15,164.57989501953125,165.52850341796875,163.44839477539062,164.65989685058594,150.82073974609375,7307313
2012-07-16,165.67709350585938,166.39712524414062,163.96270751953125,164.43130493164062,150.61135864257812,11396875
2012-07-17,164.1227264404297,165.0027618408203,162.79693603515625,163.61984252929688,149.86810302734375,8552746
2012-07-18,164.6256103515625,166.84286499023438,164.1227264404297,166.3628387451172,152.3805694580078,11681226
2012-07-19,165.1056365966797,166.60284423828125,163.9055633544922,165.18563842773438,151.30230712890625,12406980
2012-07-22,163.4369659423828,165.90567016601562,163.0483856201172,164.35130310058594,150.53807067871094,10221032
2012-07-23,164.8084716796875,166.1456756591797,164.20272827148438,165.6085205078125,151.68963623046875,8035118
2012-07-24,164.67132568359375,165.6199493408203,162.78550720214844,164.408447265625,150.59043884277344,8748220
2012-07-25,164.78561401367188,164.78561401367188,161.52830505371094,162.32833862304688,148.68511962890625,14016845
2012-07-26,164.35130310058594,166.13424682617188,163.69984436035156,164.8084716796875,150.95680236816406,13466410
2012-07-29,165.26564025878906,167.2771759033203,165.0027618408203,166.7742919921875,152.75743103027344,6963876
2012-07-30,167.23146057128906,170.54591369628906,164.8084716796875,169.97445678710938,155.6886444091797,13479810
2012-07-31,169.2086944580078,171.6431121826172,168.83152770996094,170.69448852539062,156.34812927246094,14431906
2012-08-01,169.63157653808594,170.88877868652344,168.40866088867188,169.04869079589844,154.84063720703125,7974567
2012-08-02,168.00863647460938,170.980224609375,166.99143981933594,169.73443603515625,155.46878051757812,10943814
2012-08-05,170.9916534423828,180.4435577392578,170.9916534423828,179.6778106689453,164.57643127441406,37384710
2012-08-06,179.6778106689453,181.94078063964844,177.7805633544922,179.15206909179688,164.0949249267578,19670296
2012-08-07,179.44921875,182.6379547119141,178.8777618408203,180.7635803222656,165.5709686279297,18370923
2012-08-08,180.3292694091797,182.04364013671875,177.5291290283203,178.32916259765625,163.3411407470703,12750067
2012-08-09,177.75770568847656,180.3521270751953,176.95767211914062,178.77490234375,163.74945068359375,10678248
2012-08-12,178.1805877685547,180.5807037353516,178.1805877685547,180.1578369140625,165.01611328125,6183560
2012-08-13,180.10069274902344,183.3237152099609,179.89495849609375,182.76368713378903,167.4029541015625,16508712
2012-08-15,183.33514404296875,187.861083984375,182.6608123779297,186.55816650390625,170.87852478027344,21632112
2012-08-16,186.9581756591797,188.55825805664065,185.07237243652344,186.54673767089844,170.8680419921875,14330179
2012-08-20,186.5238800048828,188.3296813964844,185.67811584472656,186.1238555908203,170.480712890625,11057384
2012-08-21,184.96951293945312,186.4095764160156,184.16946411132807,184.6494903564453,169.13026428222656,8748439
2012-08-22,185.2780914306641,185.47239685058597,180.11212158203125,181.6093292236328,166.3456268310547,16661033
2012-08-23,180.9807281494141,181.6093292236328,177.9977264404297,178.77490234375,163.74945068359375,15117604
2012-08-26,179.6663818359375,181.9979248046875,179.0949249267578,179.97496032714844,164.84860229492188,9154343
2012-08-27,179.8606719970703,181.47218322753903,177.96343994140625,180.62643432617188,165.44532775878906,8774153
2012-08-28,180.80929565429688,182.2950897216797,178.3634490966797,178.7863311767578,163.75987243652344,8842299
2012-08-29,178.23773193359375,181.0035858154297,175.68902587890625,179.0720672607422,164.0216064453125,27245709
2012-08-30,178.2948760986328,179.30064392089844,174.34039306640625,175.18614196777344,160.46226501464844,14781765
2012-09-02,175.5518798828125,175.99761962890625,173.73464965820312,174.42039489746094,159.7609100341797,9790138
2012-09-03,174.62611389160156,178.55775451660156,174.22610473632812,178.2034454345703,163.2259979248047,8754970
2012-09-04,177.2091064453125,178.283447265625,174.68325805664062,176.27191162109375,161.456787109375,13179587
2012-09-05,175.1632843017578,177.06053161621094,174.63754272460938,175.59759521484375,160.83914184570312,5302686
2012-09-06,177.9977264404297,182.0664978027344,177.95201110839844,180.9807281494141,165.76983642578125,13821905
2012-09-09,182.86654663085935,183.63229370117188,180.38641357421875,181.0493011474609,165.8326416015625,8776096
2012-09-10,180.46641540527344,181.9179229736328,179.02635192871094,180.80929565429688,165.61280822753906,13658914
2012-09-11,181.38075256347656,182.7979736328125,180.4549865722656,182.43223571777344,167.09938049316406,7772894
2012-09-12,182.43223571777344,184.8094940185547,181.5636138916016,182.6722412109375,167.31919860839844,11677889
2012-09-13,185.83811950683597,193.3127899169922,185.0495147705078,192.40989685058597,176.23841857910156,36312698
2012-09-16,193.86138916015625,201.51893615722656,193.86138916015625,199.72454833984372,182.9383087158203,42430663
2012-09-17,198.9130859375,199.7588348388672,194.5928649902344,195.5757598876953,179.13819885253906,17296128
2012-09-19,192.1698760986328,193.9071044921875,189.3240203857422,190.2955017089844,174.3017578125,15310116
2012-09-20,190.4097900390625,195.3700408935547,190.1811981201172,194.36427307128903,178.02854919433594,35935601
2012-09-23,194.2957000732422,196.07864379882807,190.35264587402344,191.175537109375,175.1078338623047,14905003
2012-09-24,191.55270385742188,193.1070709228516,189.78118896484372,191.9527282714844,175.81967163085938,13838236
2012-09-25,191.55270385742188,194.2271270751953,190.6040802001953,193.09564208984372,176.86654663085938,16657879
2012-09-26,193.1985015869141,193.83853149414065,188.40968322753903,189.6897430419922,173.7469024658203,30420370
2012-09-27,191.3241271972656,193.815673828125,190.71836853027344,191.36984252929688,175.28578186035156,14117613
2012-09-30,192.00987243652344,192.53561401367188,189.55259704589844,190.52407836914065,174.51112365722656,8712229
2012-10-02,190.74122619628903,195.08432006835935,190.6955108642578,193.4042205810547,177.14918518066406,21902919
2012-10-03,194.42141723632807,196.33009338378903,194.0899810791016,194.9585876464844,178.57293701171875,12626615
2012-10-04,196.5586700439453,197.0386962890625,155.97373962402344,196.07864379882807,179.59884643554688,15714795
2012-10-07,195.33575439453125,195.33575439453125,186.58102416992188,187.30105590820312,171.55897521972656,20893020
2012-10-08,188.69541931152344,188.9697113037109,185.8609771728516,186.3638610839844,170.7005615234375,11601732
2012-10-09,185.3809509277344,187.9639434814453,184.5580596923828,186.5238800048828,170.84710693359375,9380939
2012-10-10,187.20962524414065,187.89537048339844,184.99237060546875,187.42677307128903,171.6741180419922,11857119
2012-10-11,187.16390991210935,188.9011383056641,186.53530883789065,187.186767578125,171.45425415039062,10626525
2012-10-14,187.20962524414065,189.70118713378903,187.20962524414065,188.1353912353516,172.32318115234375,11181159
2012-10-15,191.7584228515625,191.9984436035156,185.15237426757807,185.71240234375,170.1038360595703,22171959
2012-10-16,186.53530883789065,186.8438873291016,183.2208404541016,184.0437469482422,168.57542419433594,20915414
2012-10-17,184.52377319335935,186.5238800048828,182.1807861328125,185.4495391845703,169.8630828857422,26601633
2012-10-18,184.6266326904297,185.26666259765625,182.71795654296875,183.50657653808597,168.08343505859375,12648708
2012-10-21,181.76934814453125,186.74102783203125,180.96929931640625,186.43243408203125,170.76336669921875,14165351
2012-10-22,185.9524078369141,186.24957275390625,183.9637451171875,185.1409454345703,169.58042907714844,9493730
2012-10-24,185.17523193359372,187.14105224609372,184.5123443603516,185.24380493164065,169.67466735839844,18056661
2012-10-28,183.4037170410156,186.15814208984372,183.4037170410156,185.4266815185547,169.84213256835938,10986118
2012-10-29,185.15237426757807,185.56382751464844,182.6722412109375,183.60943603515625,168.17764282226562,9337388
2012-10-30,183.58657836914065,184.546630859375,182.4093780517578,184.12374877929688,168.6487274169922,9422473
2012-10-31,181.7236328125,184.87808227539065,180.28355407714844,184.48948669433597,168.98370361328125,18379112
2012-11-01,185.6095428466797,186.27243041992188,183.43800354003903,184.68377685546875,169.16168212890625,11547717
2012-11-04,183.70086669921875,184.9123687744141,183.28941345214844,184.27232360839844,168.78482055664062,5066549
2012-11-05,183.78086853027344,184.5580596923828,182.0093536376953,184.11231994628903,168.6382293701172,15450143
2012-11-06,183.3237152099609,184.0780334472656,182.4093780517578,183.0608367919922,167.67514038085938,10418019
2012-11-07,181.26646423339844,182.4779510498047,180.5235595703125,182.08935546875,166.7853240966797,12414461
2012-11-08,181.34646606445312,183.6665802001953,179.4377899169922,180.0435333251953,164.9114227294922,10595311
2012-11-11,179.63209533691406,180.4435577392578,178.06629943847656,179.81495666503906,164.7020721435547,12661154
2012-11-14,180.31784057617188,180.31784057617188,177.6205596923828,179.3463592529297,164.27284240722656,15252390
2012-11-15,179.98638916015625,181.18646240234372,176.2376251220703,177.18624877929688,162.2943115234375,14357871
2012-11-18,177.2091064453125,177.8948516845703,174.03179931640625,176.99195861816406,162.11634826660156,20723808
2012-11-19,178.4548797607422,178.4548797607422,174.22610473632812,174.94613647460938,160.24246215820312,9434023
2012-11-20,175.20899963378906,176.90052795410156,173.9746551513672,176.28334045410156,161.46726989746094,8612899
2012-11-21,176.7062225341797,176.8548126220703,174.04322814941406,175.0604248046875,160.34715270996094,10486909
2012-11-22,175.09471130371094,177.33482360839844,175.09471130371094,176.86624145507812,162.00119018554688,7469469
2012-11-25,177.1291046142578,178.16915893554688,176.2376251220703,176.84336853027344,161.98020935058594,4542818
2012-11-26,177.609130859375,180.12355041503906,176.9233856201172,179.8492431640625,164.73345947265625,10808581
2012-11-28,179.6663818359375,183.78086853027344,178.90061950683594,182.4779510498047,167.1412353515625,19614256
2012-11-29,181.9636383056641,184.69520568847656,180.5807037353516,181.4264678955078,166.1781463623047,18244916
2012-12-02,181.7236328125,184.4666290283203,180.5235595703125,183.78086853027344,168.3346405029297,10320168
2012-12-03,184.27232360839844,188.7411346435547,184.238037109375,188.51254272460935,172.66864013671875,15279225
2012-12-04,189.3240203857422,191.34698486328125,187.5753631591797,190.318359375,174.32266235351562,13516432
2012-12-05,191.0841064453125,193.3470764160156,187.89537048339844,192.90133666992188,176.68856811523438,11534903
2012-12-06,192.2498779296875,194.2271270751953,189.826904296875,190.7755279541016,174.74143981933594,13188809
2012-12-09,190.7755279541016,191.5412750244141,187.72393798828125,189.33544921875,173.42239379882812,8177837
2012-12-10,190.1811981201172,191.63270568847656,186.18099975585935,187.4496307373047,171.69505310058594,16253418
2012-12-11,188.58111572265625,190.8212432861328,187.2896270751953,190.318359375,174.32266235351562,10123422
2012-12-12,190.318359375,192.2384490966797,189.8154754638672,190.6955108642578,174.6681365966797,11603084
2012-12-13,190.75265502929688,193.56423950195312,189.38116455078125,191.8384246826172,175.7150115966797,8950431
2012-12-16,190.75265502929688,193.01564025878903,189.9526214599609,190.6726531982422,174.64718627929688,7246381
2012-12-17,190.75265502929688,191.8841552734375,188.8097076416016,190.04405212402344,174.0714569091797,7996183
2012-12-18,190.9126739501953,192.70704650878903,190.64979553222656,191.8955841064453,175.76736450195312,8718992
2012-12-19,192.4556121826172,192.4556121826172,189.6097412109375,191.51841735839844,175.42189025878906,9577572
2012-12-20,190.4097900390625,190.75265502929688,187.9410858154297,188.6382751464844,172.78378295898438,9402708
2012-12-23,188.71827697753903,189.1182861328125,186.43243408203125,187.5982208251953,171.83116149902344,5704037
2012-12-25,187.89537048339844,191.0726776123047,187.89537048339844,189.3240203857422,173.4119110107422,5823779
2012-12-26,189.7926177978516,190.1811981201172,186.31814575195312,186.91246032714844,171.20301818847656,16101867
2012-12-27,188.23825073242188,193.38136291503903,187.79251098632807,192.0670166015625,175.92437744140625,14550602
2012-12-30,192.0784454345703,194.2499847412109,191.2783966064453,191.90701293945312,175.77781677246094,9730755
2012-12-31,192.92420959472656,193.51852416992188,191.80413818359372,192.1698760986328,176.01861572265625,6831351
2013-01-01,192.92420959472656,195.66720581054688,192.5927581787109,193.8271026611328,177.53652954101562,13441898
2013-01-02,193.9756774902344,197.0386962890625,193.0613555908203,196.7529754638672,180.21649169921875,17266808
2013-01-03,197.01583862304688,197.6330108642578,195.107177734375,197.00440979003903,180.4468231201172,13306377
2013-01-06,197.88446044921875,199.095947265625,194.7071533203125,195.80435180664065,179.34759521484375,15307180
2013-01-07,195.4614715576172,196.1472320556641,193.815673828125,194.44427490234372,178.10182189941406,13973797
2013-01-08,194.84429931640625,196.5472412109375,193.98712158203125,194.91287231445312,178.53103637695312,17071824
2013-01-09,196.0672149658203,196.34152221679688,193.6099548339844,194.30712890625,177.9761962890625,9239813
2013-01-10,194.86715698242188,194.9814453125,191.15267944335935,191.9870147705078,175.85110473632812,8050294
2013-01-13,192.2384490966797,194.9814453125,191.78128051757807,193.7356719970703,177.4528045654297,7060887
2013-01-14,193.4156494140625,194.7071533203125,191.55270385742188,193.6442413330078,177.36900329589844,10387846
2013-01-15,193.39279174804688,199.07308959960935,193.39279174804688,196.8901214599609,180.3421173095703,19551254
2013-01-16,197.06155395507807,204.25050354003903,196.52438354492188,203.43902587890625,186.3405914306641,22117537
2013-01-17,204.5819396972656,206.3991851806641,202.44468688964844,205.7705841064453,188.4761962890625,22754714
2013-01-20,214.4338836669922,218.29693603515625,209.8507843017578,210.28509521484372,192.6112823486328,43957346
2013-01-21,210.2965240478516,212.74237060546875,209.27932739257807,210.30795288085935,192.6322326660156,18664413
2013-01-22,210.77655029296875,212.3080596923828,209.4279022216797,210.9936981201172,193.2602996826172,11701950
2013-01-23,211.4394378662109,212.2052001953125,207.32493591308597,209.27932739257807,191.69004821777344,13438049
2013-01-24,209.4393310546875,209.69078063964844,206.89064025878903,208.5135803222656,190.98866271972656,14088477
2013-01-27,208.31927490234372,208.7307281494141,204.5819396972656,205.16482543945312,187.92132568359372,13400981
2013-01-28,204.5819396972656,206.18202209472656,201.17605590820312,201.80465698242188,184.84361267089844,15439403
2013-01-29,202.86756896972656,206.5020446777344,202.86756896972656,205.58770751953125,188.30870056152344,17641932
2013-01-30,204.9591064453125,205.2677001953125,201.8618011474609,202.67327880859372,185.6392364501953,16733589
2013-01-31,203.74761962890625,205.67913818359372,201.97608947753903,204.35336303710935,187.1781005859375,8152817
2013-02-03,204.82196044921875,205.9534454345703,202.09039306640625,202.6847076416016,185.649658203125,13697044
2013-02-04,202.06753540039065,202.5018310546875,199.55311584472656,199.95314025878903,183.14767456054688,9708430
2013-02-05,201.2560577392578,201.8160858154297,199.05023193359372,200.1588592529297,183.33615112304688,9876509
2013-02-06,199.23309326171875,201.61036682128903,198.49020385742188,199.5302581787109,182.7603454589844,8542570
2013-02-07,198.8559417724609,199.7816925048828,195.89578247070312,197.39300537109372,180.80274963378903,9584217
2013-02-10,197.7244415283203,200.01028442382807,196.71868896484372,198.5016326904297,181.8181915283203,8329895
2013-02-11,198.5473480224609,201.2332000732422,197.77017211914065,200.11314392089844,183.29425048828125,9728703
2013-02-12,202.06753540039065,202.9818572998047,199.43882751464844,200.92462158203125,184.0375213623047,10533233
2013-02-13,201.1531982421875,201.9418029785156,194.5242919921875,195.6786346435547,179.2324676513672,12284945
2013-02-14,195.41575622558597,195.9872131347656,190.6612243652344,193.3356475830078,177.0863800048828,14390520
2013-02-17,193.83853149414065,195.34718322753903,192.7413330078125,193.7242431640625,177.44229125976562,5310071
2013-02-18,194.06712341308597,195.4386138916016,190.6955108642578,193.92996215820312,177.6307373046875,9677020
2013-02-19,196.11294555664065,200.89031982421875,195.80435180664065,199.96456909179688,183.15817260742188,14873246
2013-02-20,198.63877868652344,200.42173767089844,195.13003540039065,196.39866638183597,179.89195251464844,16214530
2013-02-21,196.23866271972656,199.32452392578125,196.12437438964844,197.1758575439453,180.60382080078125,9725304
2013-02-24,197.4958648681641,197.7130126953125,194.5242919921875,195.2900390625,178.87649536132812,9878487
2013-02-25,194.2271270751953,194.2271270751953,187.1524810791016,188.23825073242188,172.41741943359375,13474915
2013-02-26,189.7240447998047,192.22702026367188,189.07257080078125,190.0211944580078,174.05047607421875,17709146
2013-02-27,191.36984252929688,191.90701293945312,184.18089294433597,186.0324249267578,170.39697265625,27667849
2013-02-28,186.5238800048828,187.0953369140625,184.12374877929688,185.24380493164065,169.67466735839844,13906688
2013-03-03,184.90093994140625,187.03819274902344,183.98660278320312,185.74668884277344,170.13525390625,14948007
2013-03-04,187.23248291015625,190.74122619628903,187.23248291015625,188.88970947265625,173.0140838623047,13159371
2013-03-05,190.1583404541016,191.6441345214844,188.9697113037109,190.92410278320312,174.8774871826172,10778102
2013-03-06,190.009765625,192.3527374267578,188.3639678955078,191.20982360839844,175.1392059326172,10529882
2013-03-07,192.69561767578125,195.3700408935547,192.00987243652344,194.5928649902344,178.23793029785156,10131948
2013-03-10,194.77572631835935,196.71868896484372,192.02130126953125,193.0384979248047,176.814208984375,10569010
2013-03-11,194.4099884033203,195.32432556152344,192.8213348388672,193.8042449951172,177.51560974121094,8552523
2013-03-12,192.51275634765625,195.80435180664065,192.0555877685547,193.1527862548828,176.9188690185547,9401899
2013-03-13,192.92420959472656,197.37014770507807,190.92410278320312,196.59295654296875,180.0699005126953,14790357
2013-03-14,197.66729736328125,198.73020935058597,191.62127685546875,192.8441925048828,176.63624572753906,12793329
2013-03-17,190.8669586181641,192.80990600585935,189.9069061279297,190.7069396972656,174.6785888671875,8023328
2013-03-18,191.2326812744141,191.78128051757807,185.5866851806641,188.58111572265625,172.73146057128906,17970333
2013-03-19,189.58688354492188,189.6783142089844,185.91812133789065,188.0553741455078,172.24989318847656,20179135
2013-03-20,188.58111572265625,190.36407470703125,183.9523162841797,185.74668884277344,170.13525390625,16660114
2013-03-21,184.76377868652344,187.6667938232422,183.8608856201172,185.28952026367188,169.71649169921875,11876985
2013-03-24,187.5753631591797,188.20396423339844,183.380859375,184.9809417724609,169.433837890625,14058667
2013-03-25,183.43800354003903,184.00946044921875,178.2948760986328,179.06063842773438,164.0111541748047,19465627
2013-03-27,179.4377899169922,179.6549530029297,174.72897338867188,176.67193603515625,161.8231964111328,26513604
2013-03-31,178.52346801757812,180.7635803222656,176.87767028808594,178.0091552734375,163.0480194091797,8326610
2013-04-01,178.34059143066406,182.0664978027344,177.90628051757812,181.47218322753903,166.2200164794922,11110756
2013-04-02,182.36366271972656,182.6379547119141,176.2376251220703,177.5062713623047,162.58741760253906,9321547
2013-04-03,176.58050537109375,177.82627868652344,174.68325805664062,175.4490203857422,160.7030792236328,11915658
2013-04-04,175.78045654296875,178.84347534179688,175.48330688476562,178.31773376464844,163.3306427001953,12989770
2013-04-07,177.86056518554688,181.57504272460935,177.83770751953125,180.4435577392578,165.27781677246094,8878601
2013-04-08,181.06072998046875,181.86077880859372,176.26048278808594,177.5977020263672,162.67115783691406,13081885
2013-04-09,178.31773376464844,179.19778442382812,176.37478637695312,178.15773010253906,163.18414306640625,12190258
2013-04-10,179.20921325683594,179.4606475830078,174.6718292236328,176.26048278808594,161.4463348388672,11428531
2013-04-11,175.32330322265625,178.3863067626953,174.8661346435547,177.23196411132812,162.33615112304688,11349794
2013-04-14,176.7062225341797,182.8551177978516,176.7062225341797,181.4036102294922,166.15721130371094,16184406
2013-04-15,182.1807861328125,185.15237426757807,179.5292205810547,183.9980316162109,168.53355407714844,17774606
2013-04-16,184.2037506103516,185.0609436035156,175.82618713378906,176.8548126220703,161.99070739746094,32105722
2013-04-17,177.49484252929688,179.48350524902344,176.6147918701172,178.66061401367188,163.6447296142578,13793320
2013-04-21,179.6663818359375,181.6550445556641,177.90628051757812,180.5235595703125,165.35108947753906,12790893
2013-04-22,180.923583984375,184.19232177734372,179.6778106689453,183.71229553222656,168.27182006835938,12356228
2013-04-24,184.6037750244141,188.9468536376953,184.6037750244141,187.3582000732422,171.611328125,25921526
2013-04-25,185.83811950683597,188.58111572265625,180.5121307373047,181.1293029785156,165.9059295654297,20852076
2013-04-28,181.2893218994141,182.61509704589844,180.22640991210935,181.18646240234372,165.95828247070312,20968563
2013-04-29,181.4150390625,182.1007843017578,177.64341735839844,180.1692657470703,165.02658081054688,17548959
2013-05-01,179.98638916015625,184.4666290283203,179.0720672607422,183.5294342041016,168.10435485839844,27236264
2013-05-02,183.5522918701172,186.5010223388672,181.7007751464844,182.9808349609375,167.60186767578125,12917135
2013-05-05,183.3694305419922,188.56968688964844,183.3694305419922,187.80393981933597,172.0196075439453,9358282
2013-05-06,187.7810821533203,191.0726776123047,187.3582000732422,189.30116271972656,173.39097595214844,16529868
2013-05-07,189.7469024658203,190.38693237304688,187.90679931640625,189.6440277099609,173.7050323486328,11858396
2013-05-08,189.3583068847656,190.1011962890625,186.2952880859375,187.0038909912109,171.28677368164062,8182539
2013-05-09,186.22671508789065,187.5525054931641,184.96951293945312,185.82669067382807,172.26168823242188,9081731
2013-05-12,185.91812133789065,188.69541931152344,182.5922393798828,183.5522918701172,170.15330505371094,9087230
2013-05-13,182.9922637939453,184.92379760742188,181.86077880859372,182.44366455078125,169.12562561035156,8828077
2013-05-14,183.3237152099609,187.6210784912109,183.3237152099609,187.20962524414065,173.5436553955078,11255447
2013-05-15,186.5238800048828,192.87847900390625,186.4095764160156,192.158447265625,178.13124084472656,15197535
2013-05-16,192.158447265625,193.08421325683597,188.19253540039065,190.9812469482422,177.03997802734375,12484982
2013-05-19,191.41555786132807,195.4386138916016,189.4383087158203,189.9869079589844,176.1182098388672,13237846
2013-05-20,189.97547912597656,192.00987243652344,188.6497039794922,189.40402221679688,175.57786560058594,10594235
2013-05-21,189.7469024658203,190.63836669921875,185.9524078369141,187.1524810791016,173.49070739746094,12579289
2013-05-22,185.529541015625,186.5238800048828,178.31773376464844,179.31207275390625,166.22262573242188,12798137
2013-05-23,181.3578948974609,181.6550445556641,178.1120147705078,179.7692413330078,166.6464080810547,7975390
2013-05-26,183.49514770507807,190.36407470703125,183.0951232910156,189.33544921875,175.51431274414062,18956469
2013-05-27,189.7240447998047,193.58709716796875,188.8554229736328,192.78704833984372,178.7139434814453,21734556
2013-05-28,192.1241607666016,194.2499847412109,190.5126495361328,193.815673828125,179.66748046875,25752389
2013-05-29,193.1527862548828,193.38136291503903,189.7240447998047,191.2783966064453,177.3154296875,18225094
2013-05-30,190.6612243652344,191.03839111328125,183.34657287597656,184.30661010742188,170.85256958007812,17159386
2013-06-02,183.71229553222656,184.08946228027344,179.49493408203125,180.10069274902344,166.95367431640625,14165128
2013-06-03,180.7178649902344,182.82083129882807,178.1005859375,178.34059143066406,165.32205200195312,14752690
2013-06-04,178.40916442871094,183.84945678710935,178.40916442871094,183.3237152099609,169.94143676757812,12748842
2013-06-05,182.86654663085935,183.7580108642578,180.1464080810547,181.03787231445312,167.8224334716797,17113393
2013-06-06,181.54075622558597,183.3237152099609,178.52346801757812,179.11778259277344,166.0425262451172,9420701
2013-06-09,180.3521270751953,181.83792114257807,178.75204467773438,180.43212890625,167.26095581054688,11361378
2013-06-10,179.0949249267578,180.923583984375,177.2205352783203,179.574951171875,166.46627807617188,13242164
2013-06-11,178.9920654296875,182.2950897216797,178.79776000976562,180.7635803222656,167.5681610107422,12774566
2013-06-12,178.9806365966797,181.2436065673828,178.42059326171875,180.5349884033203,167.3562469482422,9726275
2013-06-13,181.9979248046875,187.40391540527344,181.97506713867188,186.2152862548828,172.62193298339844,17575615
2013-06-16,186.4095764160156,189.2440185546875,185.40380859375,188.70684814453125,174.93157958984375,11089648
2013-06-17,188.28396606445312,191.43841552734372,186.85531616210935,188.21539306640625,174.47601318359375,15658352
2013-06-18,187.89537048339844,190.4669342041016,186.27243041992188,190.1126251220703,176.23475646972656,17331546
2013-06-19,186.9581756591797,186.9581756591797,181.7236328125,182.4093780517578,169.09384155273438,17422410
2013-06-20,182.84368896484372,185.2323760986328,179.11778259277344,181.232177734375,168.00254821777344,20486223
2013-06-23,180.5807037353516,181.9864959716797,177.95201110839844,181.18646240234372,167.96018981933594,16311628
2013-06-24,182.7979736328125,187.41534423828125,181.7236328125,183.7351531982422,170.3228302001953,19232377
2013-06-25,185.0266571044922,186.1695709228516,183.11798095703125,183.6894378662109,170.2804412841797,16661304
2013-06-26,186.6381683349609,191.3126983642578,186.15814208984372,189.7240447998047,175.87457275390625,25751492
2013-06-27,198.7530670166016,199.55311584472656,193.38136291503903,197.1758575439453,182.7823944091797,48133694
2013-06-30,197.0386962890625,202.9818572998047,195.58718872070312,202.45611572265625,187.6772003173828,20497553
2013-07-01,201.8618011474609,203.85047912597656,198.5816345214844,199.2902374267578,184.7423858642578,17779689
2013-07-02,196.69583129882807,197.3472900390625,193.96424865722656,194.489990234375,180.2925720214844,12816463
2013-07-03,195.0043029785156,199.0045166015625,193.68995666503903,196.9586944580078,182.58106994628903,13233510
2013-07-04,198.0330352783203,202.2389678955078,198.0330352783203,201.2332000732422,186.5435333251953,12756629
2013-07-07,198.86737060546875,199.65597534179688,196.15866088867188,198.1701812744141,183.70413208007807,14253091
2013-07-08,198.66163635253903,201.5646514892578,198.1930389404297,199.96456909179688,185.36753845214844,12922258
2013-07-09,199.83883666992188,201.1189117431641,191.78128051757807,195.66720581054688,181.3838653564453,22237458
2013-07-10,197.7244415283203,199.62168884277344,196.41009521484372,198.87879943847656,184.3610076904297,11368001
2013-07-11,199.83883666992188,204.8105316162109,198.7759246826172,203.42759704589844,188.57774353027344,14371976
2013-07-14,202.52468872070312,205.70199584960935,202.52468872070312,205.00482177734372,190.0398406982422,12913233
2013-07-15,202.75328063964844,206.74205017089844,201.85037231445312,205.8620147705078,190.83444213867188,12974694
2013-07-16,206.41061401367188,209.8164978027344,206.41061401367188,209.1421813964844,193.87518310546875,23132227
2013-07-17,209.83935546875,210.28509521484372,207.82781982421875,209.6679229736328,194.36257934570312,12303560
2013-07-18,210.07937622070312,212.10232543945312,208.70787048339844,211.1422882080078,195.7292938232422,14298611
2013-07-21,209.1536102294922,209.1536102294922,205.4848480224609,207.7935333251953,192.62501525878903,16958736
2013-07-22,208.4792938232422,211.4394378662109,207.3820953369141,207.9078369140625,192.73095703125,12430954
2013-07-23,207.55352783203125,209.58792114257807,204.61622619628903,207.8621063232422,192.6885681152344,13788582
2013-07-24,207.08493041992188,208.5135803222656,200.5703125,203.61045837402344,188.7472686767578,15831296
2013-07-25,203.94190979003903,206.57061767578125,202.3989715576172,203.4733123779297,188.6201171875,9565406
2013-07-28,202.76470947265625,205.4162750244141,201.736083984375,202.45611572265625,187.6772003173828,9151355
2013-07-29,202.76470947265625,203.8961944580078,195.1871795654297,195.9757843017578,181.669921875,11393034
2013-07-30,196.27294921875,201.08462524414065,192.60418701171875,199.33596801757807,184.7847900390625,15795755
2013-07-31,200.0445709228516,201.80465698242188,193.11849975585935,194.2957000732422,180.1124725341797,11071339
2013-08-01,196.5815277099609,199.31309509277344,194.2957000732422,195.9757843017578,181.669921875,12821918
2013-08-04,196.5815277099609,199.5302581787109,195.6100616455078,196.9358367919922,182.5598907470703,12559130
2013-08-05,196.22723388671875,197.5415802001953,189.75833129882807,192.2498779296875,178.21600341796875,12415511
2013-08-06,193.1527862548828,201.5760803222656,189.9526214599609,199.42739868164065,184.86956787109372,18794821
2013-08-07,198.2616271972656,199.42739868164065,195.93006896972656,197.8730316162109,183.42868041992188,11367214
2013-08-11,198.63877868652344,199.51882934570312,192.11273193359372,193.3013610839844,179.19068908691406,8728866
2013-08-12,192.69561767578125,196.57009887695312,190.8669586181641,194.9585876464844,180.7269744873047,11537003
2013-08-13,195.66720581054688,198.4102020263672,193.7128143310547,197.7244415283203,183.2909240722656,11260259
2013-08-15,197.7244415283203,198.18161010742188,186.7867431640625,188.9697113037109,175.17527770996094,27321905
2013-08-18,188.12396240234372,190.63836669921875,184.59234619140625,187.49534606933597,173.8085479736328,16150138
2013-08-19,185.40380859375,189.9069061279297,184.02088928222656,188.6611328125,174.8892364501953,11418893
2013-08-20,190.4097900390625,190.7983856201172,178.34059143066406,179.11778259277344,166.0425262451172,15711357
2013-08-21,178.8549041748047,184.84378051757807,176.96910095214844,184.26089477539065,170.81019592285156,22293762
2013-08-22,185.9981384277344,188.51254272460935,184.8094940185547,187.32391357421875,173.64962768554688,14332191
2013-08-25,188.00965881347656,190.05548095703125,184.78663635253903,188.0325164794922,174.30650329589844,9916035
2013-08-26,186.06671142578125,188.55825805664065,182.86654663085935,183.60943603515625,170.20628356933594,13094883
2013-08-27,181.7464904785156,187.1067657470703,174.61468505859375,185.56382751464844,172.01800537109375,25813146
2013-08-28,186.5238800048828,195.0728912353516,185.7238311767578,193.20993041992188,179.10594177246094,30837833
2013-08-29,192.87847900390625,196.5815277099609,189.33544921875,195.17575073242188,180.92828369140625,21443760
2013-09-01,195.02716064453125,203.43902587890625,195.02716064453125,202.69613647460935,187.89968872070312,21052445
2013-09-02,203.02757263183597,203.8276214599609,189.33544921875,189.9526214599609,176.08644104003906,17326878
2013-09-03,190.5812225341797,197.62158203125,190.4097900390625,194.14712524414065,179.97476196289062,13323596
2013-09-04,197.2672882080078,198.8102264404297,194.54714965820312,197.16441345214844,182.77175903320312,14254145
2013-09-05,198.86737060546875,199.6674041748047,192.3527374267578,198.4102020263672,183.9266357421875,15048312
2013-09-09,199.5302581787109,204.25050354003903,198.0101776123047,203.5190277099609,188.6625061035156,18493766
2013-09-10,203.21044921875,204.10191345214844,199.81597900390625,202.9247131347656,188.111572265625,14860857
2013-09-11,202.9818572998047,205.9534454345703,199.13023376464844,200.10171508789065,185.4946746826172,17979275
2013-09-12,198.4102020263672,201.99896240234372,198.1930389404297,199.55311584472656,184.9861297607422,9825959
2013-09-15,202.5132598876953,202.9132843017578,195.2100372314453,196.98155212402344,182.60227966308597,12050423
2013-09-16,195.7472076416016,197.4958648681641,194.8900146484375,196.15866088867188,181.83941650390625,10930099
2013-09-17,196.69583129882807,200.01028442382807,195.85006713867188,199.31309509277344,184.7636260986328,13704245
2013-09-18,202.9932861328125,204.79910278320312,201.27891540527344,203.576171875,188.71548461914065,18935509
2013-09-19,202.52468872070312,205.9534454345703,198.98165893554688,201.58750915527344,186.8719787597656,18362492
2013-09-22,199.33596801757807,201.38177490234372,197.7244415283203,199.86170959472656,185.27215576171875,8875005
2013-09-23,199.32452392578125,202.19325256347656,198.44448852539065,199.9188537597656,185.32513427734372,12352943
2013-09-24,199.4159698486328,199.9874267578125,192.51275634765625,194.07855224609372,179.9111785888672,17472523
2013-09-25,193.5299530029297,194.3299865722656,190.92410278320312,191.6098480224609,177.6226806640625,19874983
2013-09-26,192.467041015625,195.32432556152344,191.3241271972656,191.9870147705078,177.97230529785156,12006474
2013-09-29,190.192626953125,193.0384979248047,187.23248291015625,187.9868011474609,174.2641143798828,15922812
2013-09-30,188.87828063964844,189.70118713378903,186.91246032714844,187.7696533203125,174.06285095214844,9108666
2013-10-02,188.21539306640625,194.0442657470703,188.21539306640625,193.59852600097656,179.46620178222656,9108321
2013-10-03,192.13558959960935,196.5129547119141,191.55270385742188,195.3014678955078,181.04481506347656,9909849
2013-10-06,193.74710083007807,194.84429931640625,191.0955352783203,192.9356384277344,178.85166931152344,11265723
2013-10-07,194.2271270751953,195.3700408935547,191.82699584960935,193.141357421875,179.04238891601562,12119312
2013-10-08,191.9984436035156,198.3302001953125,191.43841552734372,196.78726196289065,182.4221343994141,11954619
2013-10-09,196.3529510498047,197.22157287597656,193.84996032714844,196.5815277099609,182.2314300537109,9371240
2013-10-10,197.7244415283203,198.4102020263672,195.2786102294922,197.3472900390625,182.9413146972656,9773103
2013-10-13,197.7244415283203,200.01028442382807,197.31300354003903,198.9359436035156,184.4140167236328,12156983
2013-10-14,205.1076812744141,205.4162750244141,197.4958648681641,198.36448669433597,183.88424682617188,23041721
2013-10-16,198.86737060546875,202.9818572998047,197.6444396972656,201.2332000732422,186.5435333251953,17613513
2013-10-17,201.51893615722656,207.55352783203125,201.51893615722656,207.016357421875,191.9045562744141,22177371
2013-10-20,207.016357421875,209.2678985595703,204.8448181152344,208.74215698242188,193.50436401367188,15143599
2013-10-21,207.4163818359375,208.22784423828125,205.1533966064453,206.68490600585935,191.5973052978516,10246173
2013-10-22,206.9134979248047,207.82781982421875,202.90185546875,204.98196411132807,190.0186767578125,8945093
2013-10-23,203.9076232910156,208.23927307128903,201.46177673339844,202.18182373046875,187.4229431152344,11717100
2013-10-24,202.09039306640625,204.0790557861328,201.00462341308597,202.75328063964844,187.95265197753903,9945744
2013-10-27,202.9818572998047,206.83349609375,202.94757080078125,203.61045837402344,188.7472686767578,15374364
2013-10-28,203.2333068847656,206.6277618408203,202.044677734375,204.99339294433597,190.0292510986328,14450634
2013-10-29,204.92481994628903,206.38775634765625,204.51336669921875,205.30198669433597,190.31529235839844,9614780
2013-10-30,205.724853515625,209.83935546875,204.8105316162109,209.0850372314453,193.8221893310547,19779731
2013-10-31,208.03355407714844,211.7937469482422,206.49061584472656,207.6106719970703,192.4554901123047,11890914
2013-11-04,206.49061584472656,210.68511962890625,206.49061584472656,207.94212341308597,192.76271057128903,10955587
2013-11-05,208.0106964111328,210.27366638183597,204.5705108642578,205.40484619140625,190.41065979003903,9619806
2013-11-06,205.49627685546875,207.05064392089844,201.6332244873047,202.5018310546875,187.71958923339844,9792601
2013-11-07,202.52468872070312,202.9818572998047,199.13023376464844,200.22743225097656,185.61119079589844,8755784
2013-11-10,199.7816925048828,201.6332244873047,196.6272430419922,197.47300720214844,183.05783081054688,8901228
2013-11-11,197.7244415283203,199.23309326171875,194.34141540527344,194.8900146484375,180.66339111328125,12169801
2013-11-12,194.27284240722656,196.90155029296875,192.48989868164065,193.01564025878903,178.92584228515625,8391536
2013-11-13,194.58143615722656,197.4958648681641,194.3871307373047,194.67286682128903,180.4621124267578,8031378
2013-11-17,196.1472320556641,200.63888549804688,195.7014923095703,199.95314025878903,185.35690307617188,12073167
2013-11-18,200.01028442382807,202.27325439453125,200.01028442382807,200.77603149414065,186.1197509765625,8434885
2013-11-19,199.9759979248047,201.8389434814453,195.89578247070312,197.15298461914065,182.7611846923828,13090661
2013-11-20,196.5586700439453,196.5815277099609,192.7984771728516,193.74710083007807,179.60391235351562,11465699
2013-11-21,194.5242919921875,195.7700653076172,191.80413818359372,192.86705017089844,178.7881317138672,7482129
2013-11-24,193.68995666503903,195.8614959716797,192.9356384277344,194.68429565429688,180.4727020263672,10078405
2013-11-25,194.4099884033203,195.85006713867188,191.4498443603516,192.29559326171875,178.25836181640625,13965988
2013-11-26,193.0384979248047,194.1814117431641,190.92410278320312,191.5412750244141,177.5591278076172,11421820
2013-11-27,192.71847534179688,195.75863647460935,192.71847534179688,193.8271026611328,179.67808532714844,12546701
2013-11-28,194.5128631591797,195.781494140625,193.9756774902344,195.02716064453125,180.79049682617188,9884161
2013-12-01,194.9814453125,197.255859375,194.82144165039065,195.50718688964844,181.23550415039065,7221751
2013-12-02,195.4386138916016,197.8387451171875,194.44427490234372,197.01583862304688,182.63406372070312,9184625
2013-12-03,196.78726196289065,198.29591369628903,195.02716064453125,195.6786346435547,181.39447021484372,8761077
2013-12-04,199.32452392578125,200.4674530029297,198.421630859375,199.095947265625,184.5623321533203,12534404
2013-12-05,198.9016571044922,199.93028259277344,196.8558349609375,198.113037109375,183.65118408203125,7301066
2013-12-08,201.6332244873047,202.9818572998047,200.2845764160156,200.9131774902344,186.2468719482422,12704841
2013-12-09,200.8103179931641,203.14187622070312,200.8103179931641,202.2161102294922,187.45469665527344,8718563
2013-12-10,201.7246551513672,202.28468322753903,199.43882751464844,201.7475128173828,187.02032470703125,4977570
2013-12-11,200.69602966308597,201.1531982421875,198.4102020263672,198.9130859375,184.3927764892578,5690033
2013-12-12,198.18161010742188,198.4330596923828,196.0443572998047,197.65586853027344,183.2273406982422,8926111
2013-12-15,196.5815277099609,197.0958404541016,192.7413330078125,193.16421508789065,179.0635986328125,10046119
2013-12-16,193.99855041503903,194.9585876464844,191.2669677734375,191.82699584960935,177.82398986816406,10089421
2013-12-17,191.82699584960935,197.46157836914065,191.82699584960935,196.57009887695312,182.2208404541016,12009855
2013-12-18,197.58729553222656,197.58729553222656,192.85562133789065,195.22146606445312,180.97064208984372,13450539
2013-12-19,199.32452392578125,205.2677001953125,197.06155395507807,204.61622619628903,189.6796112060547,20508621
2013-12-22,205.49627685546875,207.7821044921875,203.43902587890625,204.86767578125,189.9126739501953,16191974
2013-12-23,204.92481994628903,206.86778259277344,204.60479736328125,205.2791290283203,190.2941436767578,7306775
2013-12-25,204.4676513671875,205.724853515625,201.6332244873047,202.8789978027344,188.06919860839844,14619868
2013-12-26,203.1190185546875,204.33050537109372,200.4445953369141,200.89031982421875,186.2257080078125,7744563
2013-12-29,201.38177490234372,203.4047393798828,200.2045745849609,202.7761383056641,187.97386169433597,10315527
2013-12-30,202.9818572998047,205.3248443603516,202.7761383056641,204.62765502929688,189.69021606445312,5706010
2013-12-31,205.1419677734375,205.3248443603516,202.8904266357422,203.16473388671875,188.3341217041016,5849398
2014-01-01,202.9132843017578,204.8105316162109,198.8902282714844,200.01028442382807,185.409912109375,6023632
2014-01-02,199.23309326171875,199.63311767578125,195.4386138916016,197.55300903320312,183.13201904296875,12833897
2014-01-05,197.06155395507807,197.32443237304688,194.2957000732422,195.42718505859372,181.16140747070312,13315857
2014-01-06,195.34718322753903,196.57009887695312,192.02130126953125,192.48989868164065,178.43849182128906,17311470
2014-01-07,193.01564025878903,195.9757843017578,193.01564025878903,194.07855224609372,179.9111785888672,12726430
2014-01-08,194.3985595703125,195.1643218994141,193.16421508789065,194.4557037353516,180.2607879638672,8309185
2014-01-09,193.9185333251953,200.30743408203125,193.83853149414065,196.15866088867188,181.83941650390625,14839980
2014-01-12,198.46734619140625,201.8389434814453,198.4102020263672,201.24462890625,186.5541534423828,12058586
2014-01-13,200.8103179931641,202.19325256347656,199.42739868164065,201.4960784912109,186.7872314453125,12075547
2014-01-14,202.2275390625,204.5819396972656,201.38177490234372,202.3989715576172,187.6241912841797,12660424
2014-01-15,203.14187622070312,204.193359375,201.62179565429688,202.5589904785156,187.77256774902344,18038361
2014-01-16,203.24473571777344,205.0162506103516,201.21034240722656,202.2389678955078,187.47586059570312,15463211
2014-01-19,202.7304229736328,203.21044921875,197.97589111328125,198.8102264404297,184.2974548339844,16576057
2014-01-20,199.47311401367188,199.6902618408203,197.0386962890625,197.2787170410156,182.8777313232422,9806364
2014-01-21,197.38157653808597,200.0902862548828,196.15866088867188,199.42739868164065,184.86956787109372,8517726
2014-01-22,196.71868896484372,199.16452026367188,196.71868896484372,197.9073181152344,183.46046447753903,13767334
2014-01-23,197.0386962890625,199.93028259277344,196.83297729492188,198.3302001953125,183.85247802734372,11879019
2014-01-26,195.66720581054688,196.764404296875,192.08987426757807,192.7299041748047,178.66098022460938,12345838
2014-01-27,193.6099548339844,195.66720581054688,192.6270446777344,193.11849975585935,179.0211944580078,11573795
2014-01-28,194.2499847412109,194.86715698242188,190.8669586181641,191.2326812744141,177.2730712890625,12374165
2014-01-29,190.04405212402344,190.6040802001953,187.9410858154297,188.58111572265625,174.81503295898438,14102043
2014-01-30,189.0382843017578,190.5126495361328,188.843994140625,189.9869079589844,176.1182098388672,11038353
2014-02-02,188.8554229736328,189.6783142089844,187.3124847412109,187.64393615722656,173.94627380371094,8227762
2014-02-03,186.18099975585935,188.95828247070312,185.87240600585935,187.79251098632807,174.0840301513672,12362252
2014-02-04,187.4610595703125,187.7810821533203,184.4437713623047,186.80960083007807,173.1728515625,11298451
2014-02-05,187.43820190429688,188.3753967285156,184.7294921875,186.48959350585935,172.876220703125,10826505
2014-02-06,187.9182281494141,188.30682373046875,185.28952026367188,186.1695709228516,172.5795135498047,8459052
2014-02-09,186.35243225097656,188.71827697753903,185.4152374267578,187.88394165039065,174.1687469482422,10345205
2014-02-10,188.12396240234372,188.58111572265625,183.49514770507807,184.0666046142578,170.6300811767578,12609169
2014-02-11,184.69520568847656,187.8725128173828,184.5580596923828,186.9581756591797,173.31057739257812,9828890
2014-02-12,187.186767578125,187.186767578125,184.02088928222656,184.5580596923828,171.08566284179688,8657303
2014-02-13,185.5866851806641,188.3525390625,184.69520568847656,187.90679931640625,174.18992614746094,9218744
2014-02-16,186.90103149414065,187.89537048339844,184.47805786132807,185.67811584472656,172.12396240234375,9058505
2014-02-17,184.48948669433597,186.94674682617188,184.48948669433597,185.87240600585935,172.30406188964844,5741275
2014-02-18,185.83811950683597,187.43820190429688,185.15237426757807,185.66668701171875,172.11334228515625,6130140
2014-02-19,185.4495391845703,185.9981384277344,183.5751495361328,184.11231994628903,170.6724395751953,8041497
2014-02-20,184.48948669433597,186.5238800048828,184.1466064453125,185.4952545166016,171.95445251464844,6256274
2014-02-23,184.7066345214844,186.2838592529297,184.0780334472656,185.6895446777344,172.13455200195312,6800627
2014-02-24,186.13528442382807,186.5238800048828,184.59234619140625,185.2780914306641,171.7531280517578,7039336
2014-02-25,185.3809509277344,186.7181701660156,184.7523498535156,185.3123779296875,171.78492736816406,13608048
2014-02-27,185.3123779296875,186.3752899169922,181.2893218994141,182.8551177978516,169.5070037841797,18949872
2014-03-02,182.889404296875,184.42091369628903,182.21507263183597,183.6437225341797,170.23806762695312,11635479
2014-03-03,183.5522918701172,186.2152862548828,183.4608612060547,185.82669067382807,172.26168823242188,8997053
2014-03-04,186.42100524902344,186.9810333251953,184.0437469482422,184.4666290283203,171.0009002685547,11827655
2014-03-05,185.00379943847656,188.4439697265625,184.99237060546875,187.99822998046875,174.2747039794922,10172590
2014-03-06,188.58111572265625,199.7816925048828,188.58111572265625,198.73020935058597,184.2232360839844,33597187
2014-03-09,197.747314453125,206.55918884277344,197.3587188720703,202.3989715576172,187.6241912841797,32869474
2014-03-10,202.29611206054688,202.93614196777344,199.34739685058597,199.95314025878903,185.35690307617188,12780183
2014-03-11,199.7816925048828,201.8160858154297,198.3302001953125,199.1759490966797,184.636474609375,9431389
2014-03-12,200.01028442382807,204.52479553222656,199.94171142578125,201.0503387451172,186.3740234375,17221827
2014-03-13,199.7816925048828,203.42759704589844,198.65020751953125,202.5589904785156,187.77256774902344,16540547
2014-03-17,203.32473754882807,207.73638916015625,203.32473754882807,204.91339111328125,189.955078125,19034847
2014-03-18,205.724853515625,207.9878387451172,204.6390838623047,206.41061401367188,191.3430328369141,16376397
2014-03-19,206.0905914306641,207.43923950195312,205.30198669433597,207.0963592529297,191.9787139892578,29711945
2014-03-20,207.32493591308597,208.7764434814453,201.6446533203125,202.47897338867188,187.69839477539065,22050970
2014-03-23,203.72476196289065,207.72496032714844,203.6904754638672,206.95921325683597,191.85157775878903,28815466
2014-03-24,200.92462158203125,201.7246551513672,199.43882751464844,200.99319458007807,186.3210601806641,31299573
2014-03-25,201.4389190673828,206.3991851806641,201.4160614013672,203.7133331298828,188.84262084960935,13811011
2014-03-26,204.5476531982422,206.8449249267578,203.91905212402344,205.89630126953125,190.8662567138672,55407935
2014-03-27,205.724853515625,210.28509521484372,205.724853515625,209.41647338867188,194.1294708251953,18667646
2014-03-30,209.4393310546875,214.8224639892578,208.74215698242188,212.75379943847656,197.2231903076172,18751896
2014-03-31,213.953857421875,216.0111083984375,212.4223480224609,215.46250915527344,199.7341461181641,15640608
2014-04-01,216.0111083984375,219.8970184326172,214.4338836669922,219.0283966064453,203.0397186279297,26780181
2014-04-02,218.70838928222656,220.1141662597656,214.95962524414065,217.759765625,201.86370849609372,26550895
2014-04-03,217.61119079589844,217.89691162109372,215.2224884033203,215.83966064453125,200.08377075195312,12513877
2014-04-06,215.7825164794922,218.28550720214844,213.57669067382807,215.8168029785156,200.0625915527344,12905249
2014-04-08,217.15402221679688,220.9713592529297,216.5025634765625,219.93130493164065,203.8767242431641,13438946
2014-04-09,220.51419067382807,222.61715698242188,219.94273376464844,221.50852966308597,205.3388214111328,10649501
2014-04-10,219.9655914306641,221.9656982421875,217.29116821289065,218.01119995117188,202.0968017578125,11691621
2014-04-14,217.15402221679688,218.068359375,214.09100341796875,216.9482879638672,201.1114654541016,9264526
2014-04-15,216.35397338867188,219.21127319335935,214.4338836669922,215.16534423828125,199.45867919921875,12381278
2014-04-16,216.0111083984375,219.85130310058597,215.7368011474609,219.234130859375,203.2304534912109,7845800
2014-04-20,221.71424865722656,221.71424865722656,218.54837036132807,219.34841918945312,203.3363800048828,11817203
2014-04-21,219.4398498535156,226.01161193847656,218.54837036132807,221.21136474609372,205.06332397460935,19331824
2014-04-22,221.49710083007807,224.4686737060547,220.4113311767578,221.07421875,204.9362030029297,15288495
2014-04-24,221.26852416992188,221.49710083007807,216.23968505859372,216.7539978027344,200.93136596679688,13252156
2014-04-27,217.1083068847656,218.5255126953125,215.17677307128903,216.0111083984375,200.24267578125,16610579
2014-04-28,216.2511138916016,217.55404663085935,214.41102600097656,214.936767578125,199.2467803955078,8396497
2014-04-29,215.75965881347656,219.4398498535156,212.3766326904297,213.90814208984372,198.2932281494141,14391181
2014-05-01,214.86819458007807,216.5597076416016,211.66802978515625,212.1480407714844,196.6616058349609,9070553
2014-05-04,211.4394378662109,219.0969696044922,211.4394378662109,216.43397521972656,200.63470458984372,15199246
2014-05-05,216.6739959716797,221.03993225097656,216.593994140625,220.2056121826172,204.1309814453125,12392211
2014-05-06,219.46270751953125,222.0457000732422,218.7655334472656,219.63414001464844,203.60122680664065,10571569
2014-05-07,220.14845275878903,221.74853515625,217.3254547119141,219.5084228515625,203.48475646972656,11949181
2014-05-08,218.47979736328125,228.35459899902344,218.47979736328125,228.0345764160156,211.38848876953125,18452114
2014-05-11,227.4174041748047,239.78375244140625,227.2345428466797,235.1435089111328,217.97848510742188,30847764
2014-05-12,237.72650146484372,244.3097076416016,236.46929931640625,243.07534790039065,225.3313140869141,26863271
2014-05-13,243.21250915527344,244.1268310546875,237.9779510498047,238.9837188720703,221.5383453369141,19375695
2014-05-14,238.9837188720703,242.2981719970703,237.55506896972656,240.78952026367188,223.2123260498047,20864719
2014-05-15,249.17852783203125,261.7848815917969,242.7781982421875,246.69839477539065,230.9463806152344,52633579
2014-05-18,249.38424682617188,257.09893798828125,248.44705200195312,256.02459716796875,239.67709350585935,23797958
2014-05-19,257.8189697265625,258.0704040527344,245.88693237304688,246.8355407714844,231.0747985839844,22509088
2014-05-20,246.8355407714844,252.1158142089844,245.44119262695312,246.5041046142578,230.76449584960935,21991587
2014-05-21,248.2413330078125,254.5045166015625,247.9441680908203,251.62435913085935,235.55783081054688,18745180
2014-05-22,254.0816345214844,258.75616455078125,251.89866638183597,257.7160949707031,241.26060485839844,16566818
2014-05-25,258.8704528808594,260.5848083496094,245.72691345214844,251.83009338378903,235.75042724609372,16073584
2014-05-26,252.1272430419922,253.2701568603516,245.7497711181641,248.68707275390625,232.8080902099609,11273379
2014-05-27,249.0642242431641,252.9501495361328,247.95559692382807,248.9042205810547,233.0113677978516,11351815
2014-05-28,249.7271270751953,249.93284606933597,244.2068328857422,245.39547729492188,229.72666931152344,27659174
2014-05-29,248.01275634765625,249.0870819091797,242.2981719970703,243.3725128173828,227.83287048339844,17293884
2014-06-01,245.66976928710935,248.75564575195312,243.50965881347656,247.37271118164065,231.57765197753903,8806299
2014-06-02,247.6241607666016,251.89866638183597,246.2640838623047,250.3900146484375,234.40228271484372,10874352
2014-06-03,249.76141357421875,251.8529510498047,246.0126495361328,246.29837036132807,230.5719146728516,8826406
2014-06-04,246.52696228027344,250.27572631835935,243.2696533203125,249.1328125,233.22540283203125,19974435
2014-06-05,253.1330108642578,258.9847412109375,252.37869262695312,256.561767578125,240.1799774169922,29319340
2014-06-08,258.2989807128906,258.9161682128906,254.2073516845703,256.618896484375,240.2334442138672,13497804
2014-06-09,258.40185546875,258.40185546875,251.5443572998047,255.62457275390625,239.30262756347656,15760599
2014-06-10,256.0131530761719,256.0131530761719,249.7271270751953,251.9215240478516,235.8360137939453,15164409
2014-06-11,251.11004638671875,254.52737426757807,247.80702209472656,250.10427856445312,234.13479614257807,11767348
2014-06-12,251.51007080078125,253.0415802001953,245.201171875,247.30413818359372,231.51345825195312,14646904
2014-06-15,247.7841644287109,247.7841644287109,241.64671325683597,243.5439453125,227.9933319091797,14371376
2014-06-16,241.8638610839844,249.9099884033203,241.8638610839844,249.16709899902344,233.2574615478516,15824961
2014-06-17,248.6985015869141,251.81866455078125,242.44674682617188,243.8411102294922,228.2715301513672,19212704
2014-06-18,245.4983367919922,245.71548461914065,235.8064117431641,238.2065277099609,222.99673461914065,23126286
2014-06-19,239.0751495361328,239.87518310546875,236.4121551513672,236.9264678955078,221.79840087890625,12855084
2014-06-22,237.04075622558597,238.8465576171875,234.0691680908203,237.2579040527344,222.10870361328125,14768300
2014-06-23,238.86941528320312,242.93820190429688,238.86941528320312,242.26388549804688,226.79502868652344,11890148
2014-06-24,241.7610015869141,242.14959716796875,239.58946228027344,240.2409210205078,224.90121459960935,10564797
2014-06-25,234.2977600097656,234.7320709228516,230.11468505859372,231.3033142089844,216.53428649902344,24480677
2014-06-26,230.86900329589844,233.9548797607422,230.22897338867188,231.3490295410156,216.5771026611328,9225499
2014-06-29,231.451904296875,233.15484619140625,228.5831756591797,232.10336303710935,217.28326416015625,20656550
2014-06-30,232.5148162841797,233.2805633544922,230.1718292236328,230.41184997558597,215.6997528076172,9653273
2014-07-01,232.46908569335935,234.83493041992188,231.326171875,232.75482177734372,217.8931121826172,12293489
2014-07-02,233.15484619140625,234.2977600097656,229.3832244873047,230.0689697265625,215.37875366210935,11575392
2014-07-03,229.72608947753903,236.9950408935547,229.33750915527344,235.88641357421875,220.8247528076172,12957117
2014-07-06,236.1264190673828,237.04075622558597,233.3834228515625,234.80064392089844,219.80833435058597,14019093
2014-07-07,234.52633666992188,236.46929931640625,226.2973480224609,227.45169067382807,212.9285888671875,17484768
2014-07-08,229.04034423828125,230.8461456298828,226.86880493164065,228.8003387451172,214.19113159179688,14903156
2014-07-09,228.64031982421875,233.49771118164065,224.25152587890625,227.94314575195312,213.38868713378903,18600100
2014-07-10,227.4859771728516,229.04034423828125,220.2741851806641,220.92564392089844,206.81922912597656,17783841
2014-07-13,221.4056701660156,222.84573364257807,219.0969696044922,219.83987426757807,205.80279541015625,13764770
2014-07-14,220.217041015625,224.0115203857422,220.13702392578125,222.2285614013672,208.0389709472656,15345123
2014-07-15,222.6400146484375,226.98309326171875,222.6400146484375,226.2287750244141,211.7837829589844,13957671
2014-07-16,225.84017944335935,228.17172241210935,224.08009338378903,224.58297729492188,210.2430725097656,9426887
2014-07-17,224.0115203857422,224.82298278808597,221.565673828125,223.26861572265625,209.0126190185547,9332698
2014-07-20,228.5831756591797,230.41184997558597,227.45169067382807,228.04600524902344,213.4850006103516,16987269
2014-07-21,229.4975128173828,236.3321533203125,228.83462524414065,235.65782165527344,220.61077880859372,28489939
2014-07-22,236.5950164794922,237.6807861328125,233.3948516845703,236.18356323242188,221.10292053222656,13721398
2014-07-23,235.440673828125,238.45797729492188,234.0691680908203,237.96652221679688,222.77207946777344,9673900
2014-07-24,238.1608123779297,238.4808349609375,230.19468688964844,233.5777282714844,218.6634979248047,13532588
2014-07-27,233.3834228515625,233.96630859375,228.94891357421875,229.86325073242188,215.1862030029297,9372911
2014-07-29,229.4975128173828,231.09759521484372,226.98309326171875,229.9889678955078,215.30386352539065,18616706
2014-07-30,230.40042114257807,233.13198852539065,229.04034423828125,230.0575408935547,215.3680725097656,17722817
2014-07-31,227.4402618408203,228.35459899902344,222.8686065673828,223.16575622558597,208.9163360595703,15826199
2014-08-03,224.24009704589844,226.2287750244141,223.10861206054688,225.1544342041016,210.77804565429688,14672155
2014-08-04,225.1772918701172,225.80589294433597,221.9542694091797,224.8915557861328,210.53195190429688,12233949
2014-08-05,225.13157653808597,228.2631683349609,223.897216796875,225.8744659423828,211.4521026611328,16358373
2014-08-06,226.0687561035156,227.828857421875,224.7772674560547,226.1373443603516,211.69818115234372,10844144
2014-08-07,223.9086456298828,224.81155395507807,222.43429565429688,224.1258087158203,209.81509399414065,9118453
2014-08-10,225.188720703125,225.6687469482422,223.4171905517578,224.1258087158203,209.81509399414065,6696796
2014-08-11,225.3830108642578,225.6001739501953,223.17718505859372,225.0172882080078,210.64964294433597,9556263
2014-08-12,224.76583862304688,227.80599975585935,224.0115203857422,226.3316345214844,211.8800811767578,14113750
2014-08-13,227.4402618408203,229.72608947753903,226.69737243652344,229.2574920654297,214.61911010742188,12062077
2014-08-17,228.83462524414065,232.1147918701172,228.01171875,231.56619262695312,216.7804107666016,7643510
2014-08-18,232.01193237304688,233.8405914306641,229.9775390625,230.70899963378903,215.9779510498047,14559347
2014-08-19,231.09759521484372,232.800537109375,227.520263671875,228.2060089111328,213.6347503662109,13022078
2014-08-20,228.5831756591797,229.4975128173828,226.32020568847656,227.46311950683597,212.93931579589844,16449220
2014-08-21,228.6060333251953,230.18325805664065,227.5088348388672,228.194580078125,213.6240692138672,8571614
2014-08-24,228.5831756591797,230.5261383056641,227.08595275878903,227.6231231689453,213.089111328125,7455233
2014-08-25,227.66883850097656,227.8860015869141,224.697265625,227.06309509277344,212.56483459472656,9548209
2014-08-26,227.94314575195312,228.99462890625,225.5773162841797,227.14309692382807,212.6397399902344,8391614
2014-08-27,227.3488311767578,229.4975128173828,227.3488311767578,228.28602600097656,213.70968627929688,15914040
2014-08-31,229.5775146484375,233.3834228515625,227.5774078369141,231.8061981201172,217.00506591796875,16197464
2014-09-01,232.8119659423828,235.79498291015625,231.00616455078125,234.02345275878903,219.08078002929688,16556769
2014-09-02,234.33204650878903,236.80075073242188,233.40628051757807,235.72640991210935,220.6749725341797,21922291
2014-09-03,235.21209716796875,236.3321533203125,232.7205352783203,234.50347900390625,219.53013610839844,9346763
2014-09-04,234.91493225097656,236.22927856445312,233.2919921875,234.4463348388672,219.4766540527344,9078852
2014-09-07,236.3321533203125,237.5779266357422,234.98350524902344,237.2007598876953,222.0551605224609,13886787
2014-09-08,235.9207000732422,238.02366638183597,235.0292205810547,236.1264190673828,221.0494537353516,9166689
2014-09-09,235.01779174804688,235.2349548339844,231.4633331298828,232.2062225341797,217.3795623779297,9459033
2014-09-10,233.22341918945312,235.440673828125,230.41184997558597,233.01768493652344,218.13919067382807,10619105
2014-09-11,232.8119659423828,234.0691680908203,231.2004547119141,232.14907836914065,217.3260498046875,8749882
2014-09-14,230.6632843017578,231.326171875,228.811767578125,229.21177673339844,214.57632446289065,8738403
2014-09-15,228.9031982421875,229.53179931640625,223.2114715576172,223.87435913085935,209.5796813964844,13242995
2014-09-16,225.13157653808597,226.42306518554688,223.77149963378903,225.9887542724609,211.5590667724609,10887270
2014-09-17,225.1544342041016,230.86900329589844,224.85726928710935,229.70323181152344,215.03640747070312,9089107
2014-09-18,229.9546813964844,232.19479370117188,226.5259246826172,227.54312133789065,213.01419067382807,17169819
2014-09-21,226.98309326171875,227.66883850097656,225.7716064453125,226.6516571044922,212.1796875,7900222
2014-09-22,226.6859436035156,227.54312133789065,220.13702392578125,220.77706909179688,206.68019104003903,17694403
2014-09-23,221.3828125,222.66287231445312,218.38836669921875,220.5941925048828,206.5089263916016,15393998
2014-09-24,220.83421325683597,221.2227935791016,210.9022674560547,212.54806518554688,198.97659301757807,33092058
2014-09-25,212.3537750244141,215.24534606933597,209.67935180664065,213.32525634765625,199.70416259765625,15904980
2014-09-28,214.17100524902344,215.48536682128903,212.4909210205078,213.30239868164065,199.6827850341797,12481132
2014-09-29,212.12518310546875,216.7997131347656,211.45086669921875,216.17111206054688,202.36831665039065,17642155
2014-09-30,215.6910858154297,216.14825439453125,211.66802978515625,211.94232177734372,198.40953063964844,8656245
2014-10-06,211.9537506103516,213.7024078369141,211.0851287841797,211.7023162841797,198.1848602294922,12404189
2014-10-07,210.5594024658203,215.2110595703125,210.5594024658203,214.1138610839844,200.44241333007807,9827783
2014-10-08,214.4567413330078,218.81124877929688,214.4567413330078,218.2169342041016,204.2834930419922,11164671
2014-10-09,216.46827697753903,221.49710083007807,213.97671508789065,219.5884246826172,205.56741333007807,15465656
2014-10-12,219.85130310058597,220.52561950683597,216.70828247070312,218.95982360839844,204.9789581298828,13881865
2014-10-13,223.78292846679688,223.78292846679688,219.11984252929688,219.7255859375,205.69580078125,19077913
2014-10-15,217.53118896484372,218.7312469482422,212.12518310546875,212.8109436035156,199.22268676757807,19017182
2014-10-16,213.953857421875,215.0167694091797,211.4851531982422,214.3881683349609,200.69921875,15313270
2014-10-19,214.5253143310547,215.00534057617188,208.364990234375,213.7366943359375,200.08932495117188,21187302
2014-10-20,213.5538330078125,214.18243408203125,211.91946411132807,212.43377685546875,198.8696136474609,17621790
2014-10-21,213.7481231689453,217.33688354492188,213.30239868164065,216.15968322753903,202.3575897216797,13384016
2014-10-26,220.3427581787109,220.3427581787109,214.13671875,215.17677307128903,201.43746948242188,10072622
2014-10-27,215.11962890625,215.32534790039065,211.69088745117188,213.50811767578125,199.8753662109375,22023470
2014-10-28,214.09100341796875,217.9311981201172,213.53097534179688,217.51974487304688,203.63082885742188,17516848
2014-10-29,216.6968536376953,224.3658142089844,216.4911346435547,223.84007263183597,209.54757690429688,32745121
2014-10-30,224.43438720703125,229.42893981933597,224.43438720703125,228.7088928222656,214.1055450439453,14086084
2014-11-02,229.4975128173828,230.6404266357422,226.3316345214844,229.12034606933597,214.4907073974609,12376151
2014-11-04,229.04034423828125,230.5261383056641,225.93161010742188,226.5944976806641,212.12612915039065,15730002
2014-11-06,226.40020751953125,227.520263671875,223.56578063964844,224.1258087158203,209.81509399414065,11633677
2014-11-09,224.65155029296875,226.2516326904297,221.0970764160156,221.5771026611328,207.4291076660156,10482542
2014-11-10,222.27427673339844,225.79446411132807,220.86849975585935,223.48577880859372,209.21592712402344,10100100
2014-11-11,224.45724487304688,224.697265625,221.42852783203125,222.6514434814453,208.4348602294922,9286081
2014-11-12,222.6400146484375,223.9658050537109,220.217041015625,221.5542449951172,207.4076995849609,7041533
2014-11-13,221.49710083007807,223.4972076416016,220.5941925048828,221.5313873291016,207.3863220214844,8424014
2014-11-16,220.8113555908203,225.73731994628903,220.8113555908203,225.2001495361328,210.8208465576172,10224348
2014-11-17,225.25729370117188,228.05743408203125,225.2001495361328,225.9887542724609,211.5590667724609,13410579
2014-11-18,225.9887542724609,226.7545166015625,223.2114715576172,223.5886383056641,209.31222534179688,8099318
2014-11-19,223.55435180664065,224.85726928710935,221.79425048828125,224.18295288085935,209.86859130859372,11342020
2014-11-20,224.05723571777344,228.811767578125,224.05723571777344,228.05743408203125,213.4956817626953,11739875
2014-11-23,228.6288909912109,229.53179931640625,224.4001007080078,225.23443603515625,210.8529357910156,12426216
2014-11-24,225.1772918701172,227.4174041748047,222.48001098632807,226.98309326171875,212.4899139404297,14606201
2014-11-25,226.7430877685547,226.98309326171875,224.6058349609375,225.6230316162109,211.2167205810547,13155281
2014-11-26,226.2973480224609,226.98309326171875,224.7086944580078,225.9887542724609,211.5590667724609,12279963
2014-11-27,226.2287750244141,232.54910278320312,224.74298095703125,226.6630859375,212.19036865234372,20881173
2014-11-30,226.0687561035156,226.7430877685547,219.1083984375,219.8055877685547,205.77073669433597,17382184
2014-12-01,219.8970184326172,222.01141357421875,218.9826812744141,220.04559326171875,205.9954071044922,9453044
2014-12-02,219.1083984375,222.6400146484375,219.1083984375,221.34852600097656,207.2151336669922,9789854
2014-12-03,221.2913818359375,222.85716247558597,218.4569396972656,219.1083984375,205.11805725097656,10775294
2014-12-04,219.66842651367188,221.03993225097656,218.31979370117188,218.8341064453125,204.8612518310547,10048267
2014-12-07,219.4398498535156,220.09130859375,215.38250732421875,215.91966247558597,202.13291931152344,10238784
2014-12-08,215.0967712402344,217.31402587890625,212.8109436035156,214.8338928222656,201.116455078125,10598750
2014-12-09,212.91380310058597,215.08534240722656,212.5823516845703,213.1652374267578,199.55438232421875,13242754
2014-12-10,212.3537750244141,212.3537750244141,206.49061584472656,207.13064575195312,193.9050750732422,22620658
2014-12-11,207.32493591308597,208.23927307128903,201.00462341308597,201.69036865234372,188.81216430664065,17874849
2014-12-14,200.68460083007807,201.5646514892578,199.32452392578125,200.8788909912109,188.05252075195312,12647964
2014-12-15,200.42173767089844,201.8960876464844,196.5129547119141,197.6330108642578,185.01390075683597,20886278
2014-12-16,197.78160095214844,199.9874267578125,197.5987243652344,198.7530670166016,186.0624237060547,20779949
2014-12-17,201.50750732421875,202.2503967285156,197.6444396972656,201.17605590820312,188.3307037353516,14970699
2014-12-18,202.3189697265625,207.64495849609372,201.7246551513672,205.8505859375,192.706787109375,20073537
2014-12-21,206.18202209472656,207.2792205810547,203.6676177978516,206.8449249267578,193.6376037597656,8305143
2014-12-22,206.26202392578125,206.6734771728516,203.85047912597656,204.2962188720703,191.2516326904297,10583206
2014-12-23,204.2962188720703,205.07339477539065,201.1531982421875,202.1018218994141,189.1973571777344,22479751
2014-12-25,202.66184997558597,204.04476928710935,201.17605590820312,203.17616271972656,190.2031097412109,4890141
2014-12-28,203.09616088867188,205.50770568847656,202.74185180664065,205.0391082763672,191.94711303710935,6931660
2014-12-29,205.0619659423828,205.359130859375,200.4903106689453,201.1874847412109,188.3414306640625,11627412
2014-12-30,201.1531982421875,204.33050537109372,200.93605041503903,203.701904296875,190.6952667236328,8464992
2014-12-31,202.59327697753903,203.8961944580078,201.98751831054688,202.95899963378903,189.9998016357422,2963643
2015-01-01,203.0047149658203,204.82196044921875,202.1361083984375,202.4218292236328,189.49696350097656,7331366
2015-01-04,202.29611206054688,203.64476013183597,199.80455017089844,200.2045745849609,187.42124938964844,10103941
2015-01-05,198.86737060546875,199.55311584472656,190.1811981201172,191.11839294433597,178.91522216796875,18627980
2015-01-06,191.34698486328125,196.30723571777344,191.3241271972656,195.2786102294922,182.809814453125,20720312
2015-01-07,196.60438537597656,197.2444305419922,192.04415893554688,192.4784698486328,180.18849182128903,19872227
2015-01-08,193.92996215820312,197.0386962890625,193.1527862548828,196.6501007080078,184.09375,13392787
2015-01-11,196.69583129882807,196.81011962890625,192.3756103515625,194.36427307128903,181.953857421875,10100113
2015-01-12,194.9814453125,195.42718505859372,192.1241607666016,192.7299041748047,180.42385864257807,9948711
2015-01-13,192.69561767578125,193.6099548339844,189.9983367919922,190.85552978515625,178.66915893554688,11380041
2015-01-14,192.00987243652344,199.11880493164065,192.00987243652344,197.55300903320312,184.93896484375,16927085
2015-01-15,196.5815277099609,200.01028442382807,194.7642974853516,198.79879760742188,186.1052398681641,19136963
2015-01-18,198.9130859375,202.52468872070312,196.2958068847656,201.0731964111328,188.23443603515625,13339962
2015-01-19,201.4960784912109,206.99349975585935,200.89031982421875,206.4220428466797,193.2417449951172,13361320
2015-01-20,206.86778259277344,208.3307037353516,203.9076232910156,207.26779174804688,194.0334930419922,17084297
2015-01-21,206.90206909179688,207.37066650390625,201.03890991210935,202.0103912353516,189.1117706298828,23721627
2015-01-22,203.43902587890625,205.2219696044922,200.4674530029297,202.7304229736328,189.78582763671875,18080494
2015-01-26,204.10191345214844,204.9705352783203,201.2674865722656,203.2218780517578,190.2458953857422,17939876
2015-01-27,202.54754638671875,207.9649810791016,202.54754638671875,207.2906494140625,194.0548858642578,19298126
2015-01-28,207.3477935791016,213.6109771728516,207.3020782470703,212.44520568847656,198.8802795410156,36117653
2015-01-29,212.5823516845703,212.8680877685547,207.7821044921875,209.21075439453125,195.85240173339844,21746801
2015-02-01,209.39361572265625,210.27366638183597,207.0277862548828,207.56495666503903,194.3116607666016,19302710
2015-02-02,208.74215698242188,215.0624847412109,208.74215698242188,214.3195953369141,200.6350250244141,17092333
2015-02-03,214.66246032714844,215.7368011474609,211.64517211914065,212.3080596923828,198.7519073486328,14072894
2015-02-04,213.953857421875,214.84532165527344,209.7479248046875,211.1422882080078,197.66061401367188,12365643
2015-02-05,211.2337188720703,212.5823516845703,206.41061401367188,207.9878387451172,194.70753479003903,9045844
2015-02-08,205.9991607666016,209.83935546875,203.8961944580078,204.9705352783203,191.8829040527344,8839692
2015-02-09,205.2677001953125,206.75347900390625,196.87869262695312,201.61036682128903,188.73727416992188,13651008
2015-02-10,202.52468872070312,206.8106384277344,201.8389434814453,205.88487243652344,192.7388610839844,9781008
2015-02-11,207.55352783203125,208.91358947753903,202.8104248046875,207.8163909912109,194.54705810546875,8709626
2015-02-12,208.92501831054688,210.47938537597656,207.7935333251953,209.72506713867188,196.33384704589844,7393680
2015-02-15,209.99935913085935,211.25657653808597,205.724853515625,206.36489868164065,193.188232421875,12266698
2015-02-17,205.724853515625,207.55352783203125,204.44479370117188,206.10202026367188,192.942138671875,9835036
2015-02-18,207.31350708007807,207.46209716796875,202.8789978027344,206.1934509277344,193.0277557373047,9550637
2015-02-19,204.6390838623047,204.8105316162109,199.16452026367188,199.5759735107422,186.83279418945312,18717199
2015-02-22,198.8559417724609,200.41030883789065,193.6328125,194.6271514892578,182.199951171875,14104463
2015-02-23,195.2671813964844,195.85006713867188,191.3241271972656,192.34130859375,180.06005859375,19946218
2015-02-24,194.0214080810547,195.781494140625,192.2498779296875,192.7299041748047,180.42385864257807,15274116
2015-02-25,193.4042205810547,194.2957000732422,191.2326812744141,192.467041015625,180.1777801513672,21459750
2015-02-26,193.7356719970703,196.81011962890625,193.0613555908203,195.5643310546875,183.0772857666016,18659378
2015-03-01,198.63877868652344,200.12457275390625,195.5643310546875,197.55300903320312,184.93896484375,14579511
2015-03-02,198.63877868652344,207.19921875,198.27305603027344,205.90773010253903,192.76025390625,20636925
2015-03-03,207.0963592529297,207.93069458007807,201.1646270751953,202.94757080078125,189.9890899658203,14476047
2015-03-04,204.01048278808597,205.4391326904297,200.73031616210935,202.28468322753903,189.3685607910156,10716702
2015-03-08,202.3189697265625,203.83905029296875,197.5301513671875,198.787353515625,186.0945281982422,14065391
2015-03-09,198.6273498535156,200.19314575195312,195.5300445556641,196.38723754882807,183.84768676757807,15234060
2015-03-10,196.79869079589844,198.7759246826172,194.84429931640625,195.65577697753903,183.16290283203125,11635873
2015-03-11,196.12437438964844,198.27305603027344,195.5757598876953,197.4501495361328,184.8426971435547,11782380
2015-03-12,198.63877868652344,198.7759246826172,193.6099548339844,194.3185577392578,181.9110565185547,12936157
2015-03-15,194.6385803222656,195.1986083984375,192.0784454345703,192.48989868164065,180.19918823242188,13839990
2015-03-16,194.42141723632807,196.5586700439453,192.2384490966797,195.8614959716797,183.35549926757807,19070082
2015-03-17,195.89578247070312,199.38168334960935,195.3700408935547,198.55877685546875,185.88055419921875,9269885
2015-03-18,200.1360015869141,200.39886474609372,195.2328948974609,195.7014923095703,183.2056884765625,13934612
2015-03-19,196.10150146484372,196.8444061279297,193.9756774902344,195.2328948974609,182.76702880859372,10405717
2015-03-22,195.781494140625,197.4958648681641,191.5755615234375,192.4556121826172,180.1670837402344,13251683
2015-03-23,192.48989868164065,195.2786102294922,192.48989868164065,193.8271026611328,181.4510040283203,9238431
2015-03-24,194.06712341308597,194.1814117431641,192.2384490966797,193.1299285888672,180.79833984375,10264941
2015-03-25,192.2613067626953,194.124267578125,188.3753967285156,189.56402587890625,177.46011352539062,20621346
2015-03-26,190.61550903320312,190.8669586181641,183.19798278808597,185.5409698486328,173.69398498535156,23326922
2015-03-29,186.66102600097656,186.91246032714844,182.05506896972656,185.3238067626953,173.4906463623047,17330588
2015-03-30,186.9810333251953,190.38693237304688,186.9810333251953,188.8097076416016,176.75396728515625,20235395
2015-03-31,188.55825805664065,191.78128051757807,185.8609771728516,191.10696411132807,178.90455627441406,14588531
2015-04-05,191.0955352783203,191.55270385742188,187.7582244873047,188.5011138916016,176.46507263183594,12334096
2015-04-06,188.82113647460935,191.11839294433597,188.82113647460935,190.37550354003903,178.21978759765625,21275454
2015-04-07,190.52407836914065,198.7530670166016,190.38693237304688,197.93017578125,185.2920837402344,24821205
2015-04-08,197.8387451171875,205.49627685546875,196.30723571777344,204.60479736328125,191.54049682617188,27276420
2015-04-09,204.5705108642578,207.73638916015625,203.2333068847656,206.7191925048828,193.51991271972656,25323219
2015-04-12,207.2792205810547,211.38229370117188,205.4391326904297,210.86798095703125,197.40377807617188,20177342
2015-04-14,210.5251007080078,214.77674865722656,207.37066650390625,211.130859375,197.6498870849609,22231264
2015-04-15,211.3251495361328,214.41102600097656,210.0679473876953,212.2052001953125,198.65560913085935,20177302
2015-04-16,213.7366943359375,215.85108947753903,210.89083862304688,211.86231994628903,198.3346405029297,23958678
2015-04-19,214.25100708007807,214.2852935791016,200.8103179931641,202.44468688964844,189.518310546875,37628162
2015-04-20,203.4733123779297,204.6962432861328,199.42739868164065,200.3417205810547,187.54965209960935,17707007
2015-04-21,201.58750915527344,202.69613647460935,198.18161010742188,201.09605407714844,188.2558135986328,14761313
2015-04-22,202.0332489013672,203.3018798828125,198.65020751953125,200.4788818359375,187.67803955078125,13337818
2015-04-23,200.4674530029297,202.1703948974609,198.55877685546875,200.90174865722656,188.07391357421875,12709854
2015-04-26,201.1646270751953,202.86756896972656,199.1988067626953,200.078857421875,187.30357360839844,11042925
2015-04-27,199.94171142578125,201.61036682128903,196.2500915527344,197.77017211914065,185.1422576904297,14687371
2015-04-28,197.0386962890625,198.9930877685547,193.70138549804688,194.2957000732422,181.8896484375,16387960
2015-04-29,194.2957000732422,197.93017578125,193.8271026611328,197.1186981201172,184.53244018554688,34802149
2015-05-03,197.99874877929688,204.33050537109372,196.69583129882807,203.65618896484372,190.6524658203125,15078502
2015-05-04,204.2847900390625,206.1363067626953,202.3189697265625,203.93048095703125,190.90924072265625,17846755
2015-05-05,203.43902587890625,204.98196411132807,199.32452392578125,201.21034240722656,188.36280822753903,22438208
2015-05-06,200.01028442382807,200.79888916015625,196.5815277099609,199.03880310058597,186.3299102783203,16735535
2015-05-07,199.095947265625,204.2962188720703,196.83297729492188,203.37045288085935,192.7836761474609,17104443
2015-05-10,204.09048461914065,205.59913635253903,201.9303741455078,204.79910278320312,194.13796997070312,14214007
2015-05-11,204.55908203125,204.55908203125,197.7587432861328,198.57020568847656,188.2333221435547,16650201
2015-05-12,199.63311767578125,203.1304473876953,195.9414978027344,202.3189697265625,191.7869415283203,16701434
2015-05-13,202.52468872070312,202.57041931152344,198.9359436035156,200.7417449951172,190.2918243408203,12329713
2015-05-14,201.58750915527344,202.74185180664065,198.8902282714844,199.770263671875,189.37088012695312,8331715
2015-05-17,199.9874267578125,204.35336303710935,199.3702545166016,203.7933349609375,193.1845703125,9847540
2015-05-18,203.72476196289065,206.8106384277344,202.66184997558597,204.70767211914065,194.05130004882807,14513036
2015-05-19,205.81629943847656,208.23927307128903,205.19911193847656,207.7478179931641,196.9331512451172,8708891
2015-05-20,208.29641723632807,209.2450408935547,204.376220703125,204.98196411132807,194.3113250732422,10759523
2015-05-21,205.0391082763672,207.0049285888672,205.0391082763672,206.6049041748047,195.8497467041016,8349048
2015-05-24,205.724853515625,207.55352783203125,203.9761962890625,204.4676513671875,193.82376098632807,6617337
2015-05-25,204.5819396972656,204.8105316162109,201.77037048339844,202.2046813964844,191.6785888671875,9510249
2015-05-26,202.52468872070312,203.64476013183597,201.19891357421875,202.36468505859372,191.8302459716797,8078236
2015-05-27,202.4904022216797,204.41050720214844,199.32452392578125,200.19314575195312,189.7717742919922,26538868
2015-05-28,201.13034057617188,202.6275634765625,199.5759735107422,200.4674530029297,190.0318145751953,29277517
2015-05-31,201.1531982421875,206.8449249267578,200.69602966308597,206.2391662597656,195.50308227539065,19594976
2015-06-01,207.03921508789065,210.022216796875,203.77047729492188,205.4162750244141,194.72300720214844,20178960
2015-06-02,205.49627685546875,208.11355590820312,203.09616088867188,204.8905334472656,194.22463989257807,15546279
2015-06-03,206.68490600585935,209.4279022216797,204.02191162109372,208.62786865234372,197.76739501953125,15931395
2015-06-04,207.9878387451172,209.59934997558597,206.74205017089844,207.4963836669922,196.69485473632807,13066337
2015-06-07,207.2792205810547,208.0106964111328,201.8618011474609,202.3989715576172,191.86276245117188,10846953
2015-06-08,201.96466064453125,203.5876007080078,200.5474548339844,201.99896240234372,191.48358154296875,9153355
2015-06-09,202.52468872070312,207.9878387451172,202.29611206054688,207.05064392089844,196.2722930908203,13509379
2015-06-10,207.0963592529297,207.8964080810547,199.70169067382807,200.50173950195312,190.0642852783203,14676438
2015-06-11,200.92462158203125,204.0561981201172,200.753173828125,203.4047393798828,192.81619262695312,21543824
2015-06-14,204.55908203125,206.86778259277344,203.43902587890625,206.1248779296875,195.3946990966797,12858570
2015-06-15,205.49627685546875,206.86778259277344,204.1705017089844,206.6277618408203,195.87142944335935,13929305
2015-06-16,206.87921142578125,215.4053649902344,204.35336303710935,212.85665893554688,201.7760772705078,26232634
2015-06-17,213.1652374267578,224.4686737060547,213.15380859375,223.77149963378903,212.12274169921875,49366799
2015-06-18,224.58297729492188,230.04611206054688,224.58297729492188,227.8174285888672,215.95803833007807,45710935
2015-06-21,227.8860015869141,230.5718536376953,225.49729919433597,226.6859436035156,214.8854522705078,19394187
2015-06-22,226.9030914306641,229.20034790039065,226.5259246826172,227.4402618408203,215.60052490234372,16007498
2015-06-23,227.4402618408203,230.0575408935547,225.53158569335935,226.5030670166016,214.7120819091797,18603004
2015-06-24,225.61160278320312,230.6404266357422,225.1544342041016,229.62322998046875,217.66986083984372,27175118
2015-06-25,228.5603179931641,231.8061981201172,227.5316925048828,228.74319458007807,216.8356170654297,20966796
2015-06-28,225.81732177734372,227.17739868164065,222.18284606933597,226.49163818359372,214.70127868652344,20168946
2015-06-29,226.2744903564453,229.2346343994141,225.84017944335935,228.6060333251953,216.70556640625,23184864
2015-06-30,228.811767578125,230.9718780517578,228.811767578125,229.8746795654297,217.9081878662109,14824266
2015-07-01,230.6404266357422,233.0977020263672,230.20611572265625,231.0633087158203,219.0349273681641,15931202
2015-07-02,230.81185913085935,231.7376251220703,229.2803497314453,230.22897338867188,218.2440490722656,13831096
2015-07-05,227.69171142578125,232.9033966064453,227.4859771728516,232.1376495361328,220.05337524414065,12237733
2015-07-06,231.09759521484372,232.37765502929688,228.5831756591797,229.3260803222656,217.3881378173828,11294999
2015-07-07,227.63455200195312,230.5718536376953,226.6745147705078,227.80599975585935,215.94720458984372,15190654
2015-07-08,227.66883850097656,228.811767578125,224.73155212402344,225.7030334472656,213.9537048339844,16245867
2015-07-09,226.5487823486328,229.4975128173828,226.3544921875,228.99462890625,217.07395935058597,16110573
2015-07-12,228.99462890625,231.4404754638672,227.47454833984372,230.18325805664065,218.20071411132807,9860248
2015-07-13,230.61756896972656,231.21188354492188,227.4859771728516,228.08029174804688,216.2071990966797,9942927
2015-07-14,228.52603149414065,231.8747711181641,228.48031616210935,231.1318817138672,219.09996032714844,13532911
2015-07-15,231.326171875,234.9377899169922,231.1318817138672,234.00059509277344,221.8193206787109,14854295
2015-07-16,234.3549041748047,235.7035369873047,232.6976776123047,233.54342651367188,221.38597106933597,10195142
2015-07-19,234.9377899169922,235.4292449951172,232.67481994628903,234.24061584472656,222.0468292236328,6348354
2015-07-20,234.98350524902344,235.08636474609372,229.21177673339844,230.3661193847656,218.3740692138672,7923338
2015-07-21,229.72608947753903,240.9152374267578,229.63465881347656,240.1037750244141,227.60479736328125,17309440
2015-07-22,240.8123779296875,244.0925445556641,238.0008087158203,238.93800354003903,226.4997100830078,18642915
2015-07-23,239.55517578125,239.9323272705078,233.40628051757807,234.30918884277344,222.11184692382807,13099664
2015-07-26,234.27490234375,235.41781616210935,228.9832000732422,229.80609130859372,217.84315490722656,20118553
2015-07-27,230.4804229736328,232.4005126953125,228.6060333251953,230.92616271972656,218.90493774414065,13382878
2015-07-28,230.7547149658203,231.48619079589844,226.77737426757807,227.66883850097656,215.8171844482422,14790821
2015-07-29,228.6060333251953,230.41184997558597,226.82308959960935,228.61746215820312,216.71641540527344,11701228
2015-07-30,228.5831756591797,230.3889923095703,226.2973480224609,229.0060577392578,217.0847930908203,16634259
2015-08-02,228.811767578125,231.74905395507807,228.44602966308597,229.1432037353516,217.21478271484372,9887787
2015-08-03,229.36036682128903,229.8746795654297,224.0115203857422,225.84017944335935,214.0836944580078,12006872
2015-08-04,225.89732360839844,228.76605224609372,224.94869995117188,225.7830352783203,214.0295562744141,14345010
2015-08-05,226.5259246826172,226.7545166015625,223.4400634765625,223.77149963378903,212.12274169921875,8708037
2015-08-06,223.78292846679688,227.2116851806641,223.36004638671875,225.005859375,213.2928466796875,8608888
2015-08-09,225.04014587402344,226.0230407714844,220.46847534179688,221.4742431640625,209.945068359375,9288894
2015-08-10,221.9542694091797,222.5600128173828,218.9826812744141,220.8113555908203,209.3166961669922,8762464
2015-08-11,220.26275634765625,220.8113555908203,214.9939117431641,215.5310821533203,204.311279296875,9650325
2015-08-12,216.46827697753903,218.0569305419922,212.44520568847656,213.34811401367188,202.24197387695312,9340350
2015-08-13,214.9253387451172,222.18284606933597,213.5652618408203,221.02850341796875,209.52252197265625,12739366
2015-08-16,220.8113555908203,220.8113555908203,216.2511138916016,217.31402587890625,206.0014190673828,10857430
2015-08-17,218.5255126953125,218.5255126953125,215.3710784912109,215.8053741455078,204.5712738037109,6630334
2015-08-18,215.7825164794922,219.66842651367188,214.74246215820312,218.20550537109372,206.8464813232422,8877298
2015-08-19,219.4284210205078,219.4284210205078,208.8678741455078,209.4507598876953,198.5474853515625,19008087
2015-08-20,208.0106964111328,208.44500732421875,205.0391082763672,207.54209899902344,196.7381591796875,20050521
2015-08-23,201.1531982421875,201.1531982421875,186.9810333251953,189.6211700439453,179.75015258789062,35635706
2015-08-24,192.20416259765625,196.7301177978516,188.169677734375,193.8728179931641,183.78045654296875,49504268
2015-08-25,193.79281616210935,199.96456909179688,192.00987243652344,195.0728912353516,184.91807556152344,18955515
2015-08-26,198.13589477539065,201.4389190673828,195.9072113037109,198.67306518554688,188.3308258056641,26997546
2015-08-27,200.01028442382807,201.8389434814453,197.97589111328125,199.4159698486328,189.03504943847656,10770215
2015-08-30,199.51882934570312,199.51882934570312,195.1643218994141,195.64434814453125,185.4597930908203,20708942
2015-08-31,195.1871795654297,195.1871795654297,190.8898162841797,191.9755859375,181.9819793701172,21645696
2015-09-01,194.2957000732422,195.91864013671875,192.60418701171875,194.19284057617188,184.08384704589844,19652369
2015-09-02,195.22146606445312,196.7529754638672,193.01564025878903,195.17575073242188,185.0155792236328,11659978
2015-09-03,194.2271270751953,194.2271270751953,188.60397338867188,191.0726776123047,181.12608337402344,16199949
2015-09-06,191.6098480224609,192.92420959472656,189.19830322265625,190.45550537109372,180.54103088378903,10234633
2015-09-07,191.0955352783203,194.9700164794922,188.60397338867188,193.9756774902344,183.87796020507807,12900468
2015-09-08,196.81011962890625,200.8560333251953,194.4099884033203,199.79312133789065,189.3925628662109,17340694
2015-09-09,196.81011962890625,198.98165893554688,195.5529022216797,198.18161010742188,187.86497497558597,11074406
2015-09-10,199.32452392578125,200.26171875,195.71292114257807,196.79869079589844,186.5540313720703,10634833
2015-09-13,196.98155212402344,197.88446044921875,194.73001098632807,197.46157836914065,187.18240356445312,7964072
2015-09-14,197.0386962890625,198.86737060546875,195.5757598876953,198.18161010742188,187.86497497558597,11509788
2015-09-15,199.34739685058597,200.5474548339844,197.77017211914065,199.45025634765625,189.06756591796875,13424811
2015-09-17,200.79888916015625,205.61056518554688,200.50173950195312,204.6733856201172,194.0188140869141,34261453
2015-09-20,201.1531982421875,203.02757263183597,200.2502899169922,200.7188873291016,190.2701416015625,12732187
2015-09-21,201.1531982421875,202.27325439453125,193.0384979248047,193.815673828125,183.72628784179688,15745524
2015-09-22,192.69561767578125,195.85006713867188,192.00987243652344,194.37570190429688,184.2571563720703,15221260
2015-09-23,193.83853149414065,193.83853149414065,190.809814453125,191.4041290283203,181.44027709960935,29076982
2015-09-27,191.9641571044922,192.2155914306641,189.4268798828125,190.6955108642578,180.7685546875,11624639
2015-09-28,189.7240447998047,194.35284423828125,188.8325653076172,192.18130493164065,182.17698669433597,15853471
2015-09-29,194.5242919921875,197.67872619628903,191.6669921875,197.10726928710935,186.84654235839844,17292020
2015-09-30,199.770263671875,199.770263671875,196.2615203857422,197.65586853027344,187.3665771484375,8663393
2015-10-04,197.22157287597656,203.43902587890625,197.00440979003903,202.9818572998047,192.4153289794922,16015412
2015-10-05,204.73052978515625,205.8391571044922,202.4675445556641,205.2791290283203,194.59300231933597,12330294
2015-10-06,204.51336669921875,209.8507843017578,203.6676177978516,208.8793029785156,198.0057678222656,11515191
2015-10-07,209.13075256347656,209.13075256347656,202.58184814453125,203.2333068847656,192.65365600585935,10753149
2015-10-08,204.3647918701172,206.97064208984372,201.4960784912109,202.83328247070312,192.2744903564453,9327873
2015-10-11,202.9818572998047,206.0905914306641,202.9818572998047,203.83905029296875,193.22787475585935,6212395
2015-10-12,202.3075408935547,204.8791046142578,201.8160858154297,204.26193237304688,193.62876892089844,6162561
2015-10-13,204.7648162841797,206.86778259277344,204.3419342041016,206.3991851806641,195.6547393798828,8002587
2015-10-14,207.4849548339844,208.23927307128903,205.7477264404297,206.57061767578125,195.8172607421875,9048478
2015-10-15,206.75347900390625,209.1078948974609,206.57061767578125,209.1078948974609,198.2224578857422,15246935
2015-10-18,215.0967712402344,220.69705200195312,215.0967712402344,220.23989868164065,208.7749786376953,33505855
2015-10-19,220.582763671875,220.9713592529297,217.8397674560547,218.6855316162109,207.30149841308597,18091895
2015-10-20,218.4112243652344,222.8228759765625,217.8397674560547,218.29693603515625,206.93313598632807,14404450
2015-10-22,220.3427581787109,222.42286682128903,215.1310577392578,218.4455108642578,207.073974609375,12153422
2015-10-25,219.8741607666016,220.12559509277344,215.16534423828125,215.5196533203125,204.3004302978516,10938775
2015-10-26,214.5938873291016,216.7539978027344,214.27386474609372,214.76531982421875,203.5853576660156,11601798
2015-10-27,214.1595764160156,215.98825073242188,212.5594940185547,214.17100524902344,203.02198791503903,11958727
2015-10-28,213.953857421875,216.0111083984375,213.71383666992188,215.0967712402344,203.8995819091797,13280382
2015-10-29,215.34820556640625,218.50265502929688,214.89105224609372,216.62828063964844,205.3513336181641,13366359
2015-11-01,216.9254302978516,219.78273010253903,216.05682373046875,219.3941345214844,207.9732360839844,7222044
2015-11-02,220.1827545166016,221.82855224609372,219.7255859375,221.0856475830078,209.57672119140625,11373522
2015-11-03,221.26852416992188,222.8686065673828,216.285400390625,217.451171875,206.1313934326172,10033187
2015-11-04,216.9254302978516,217.38259887695312,213.2681121826172,214.09100341796875,202.9461669921875,10767454
2015-11-05,214.74246215820312,218.2397918701172,214.3881683349609,217.7026214599609,206.3697509765625,8367190
2015-11-08,213.3824005126953,220.582763671875,211.0851287841797,219.7255859375,208.2874298095703,17031699
2015-11-09,218.7541046142578,219.3255615234375,209.4507598876953,210.9251251220703,199.94509887695312,11486238
2015-11-12,209.1650390625,214.5367431640625,209.0393218994141,213.279541015625,202.17694091796875,13682323
2015-11-15,211.66802978515625,215.32534790039065,211.38229370117188,213.5652618408203,202.44776916503903,15346549
2015-11-16,214.4224548339844,214.6167449951172,211.7137451171875,212.0680389404297,201.02850341796875,8588142
2015-11-17,212.03375244140625,212.8795166015625,207.999267578125,208.4678649902344,197.61573791503903,11249222
2015-11-18,210.0450897216797,214.57102966308597,209.6679229736328,213.66812133789065,202.54527282714844,12183206
2015-11-19,213.49668884277344,217.79405212402344,211.56515502929688,216.43397521972656,205.1671600341797,11304265
2015-11-22,217.15402221679688,218.95982360839844,216.285400390625,218.01119995117188,206.66226196289065,10499517
2015-11-23,217.8397674560547,222.09141540527344,217.3940277099609,221.19993591308597,209.6850128173828,14806176
2015-11-25,221.9542694091797,226.7430877685547,221.3256683349609,225.9887542724609,214.22454833984372,23805828
2015-11-26,226.0687561035156,226.86880493164065,222.66287231445312,223.7943572998047,212.14439392089844,10891864
2015-11-29,223.66864013671875,225.0172882080078,219.9655914306641,221.0627899169922,209.55502319335935,29919205
2015-11-30,220.35418701171875,223.7372131347656,219.7255859375,220.7884979248047,209.29502868652344,12981379
2015-12-01,220.86849975585935,223.9429473876953,220.46847534179688,223.5429229736328,211.9060516357422,7573628
2015-12-02,222.84573364257807,226.0573272705078,222.66287231445312,223.37147521972656,211.74351501464844,11361395
2015-12-03,222.2514190673828,223.1428985595703,219.75987243652344,220.6856231689453,209.1974639892578,13443688
2015-12-06,220.6856231689453,222.41143798828125,217.0968780517578,217.62261962890625,206.2939300537109,14483909
2015-12-07,216.90257263183597,217.97691345214844,213.97671508789065,215.07391357421875,203.87789916992188,7532164
2015-12-08,213.99957275390625,215.65679931640625,208.6621551513672,209.3593292236328,198.46080017089844,9174419
2015-12-09,210.86798095703125,218.0226287841797,210.2965240478516,217.2340240478516,205.92556762695312,18592203
2015-12-10,217.55404663085935,219.21127319335935,215.5310821533203,217.82833862304688,206.48895263671875,18155513
2015-12-13,216.6054229736328,220.23989868164065,216.23968505859372,218.31979370117188,206.95481872558597,10563900
2015-12-14,218.7541046142578,223.5429229736328,217.98834228515625,223.07432556152344,211.4618377685547,15718833
2015-12-15,223.07432556152344,225.73731994628903,222.52572631835935,223.7029266357422,212.05772399902344,12097338
2015-12-16,224.02294921875,232.01193237304688,223.55435180664065,230.8004302978516,218.7857360839844,19369032
2015-12-17,229.4517974853516,230.6404266357422,226.2973480224609,226.73165893554688,214.92877197265625,16016139
2015-12-20,225.81732177734372,228.35459899902344,225.005859375,226.77737426757807,214.97210693359372,12331769
2015-12-21,226.9373779296875,229.177490234375,224.92584228515625,225.68017578125,213.9320373535156,11579277
2015-12-22,226.70880126953125,230.160400390625,226.2973480224609,229.4517974853516,217.50733947753903,12919467
2015-12-23,229.4746551513672,230.22897338867188,227.7374267578125,228.7088928222656,216.8031005859375,11901877
2015-12-27,228.72032165527344,231.7261962890625,228.5831756591797,230.96044921875,218.9374542236328,12885935
2015-12-28,230.96044921875,232.8576812744141,230.2175445556641,232.10336303710935,220.02085876464844,14913870
2015-12-29,232.01193237304688,232.24050903320312,229.04034423828125,229.6118011474609,217.65899658203125,8151610
2015-12-30,229.36036682128903,233.08627319335935,228.37745666503903,231.9204864501953,219.8474884033203,18483713
2015-12-31,230.8232879638672,232.9033966064453,230.4575653076172,232.0919342041016,220.0100250244141,5416562
2016-01-03,229.72608947753903,231.7376251220703,225.5430145263672,227.5088348388672,215.6655120849609,30170947
2016-01-04,228.65174865722656,230.86900329589844,227.89743041992188,229.7603759765625,217.79983520507807,14946239
2016-01-05,230.3204040527344,237.36077880859372,228.6746063232422,235.9435577392578,223.6611328125,26759864
2016-01-06,233.3948516845703,234.98350524902344,230.42327880859372,231.6119079589844,219.55499267578125,19739943
2016-01-07,233.15484619140625,236.1035614013672,232.4005126953125,234.4691925048828,222.2635498046875,21313199
2016-01-10,232.2290802001953,242.4810333251953,231.09759521484372,240.3780670166016,227.86480712890625,29016443
2016-01-11,241.1552581787109,243.5325164794922,237.9779510498047,238.9722900390625,226.53224182128903,23373377
2016-01-12,240.720947265625,249.09852600097656,239.37229919433597,246.14979553222656,233.33609008789065,71802356
2016-01-13,243.1782073974609,247.09841918945312,240.7095184326172,242.67532348632807,230.04248046875,27823189
2016-01-14,244.52685546875,249.04136657714844,243.57823181152344,245.33831787109372,232.56683349609372,28767318
2016-01-17,245.72691345214844,247.77273559570312,230.4347076416016,232.43479919433597,220.3350372314453,27254669
2016-01-18,235.21209716796875,239.96661376953125,231.8061981201172,238.5494079589844,226.13134765625,21489315
2016-01-19,236.56072998046875,236.56072998046875,226.2973480224609,229.62322998046875,217.66986083984372,45114225
2016-01-20,232.5948181152344,234.4691925048828,223.25718688964844,224.9715576171875,213.2603302001953,31768619
2016-01-21,227.22311401367188,231.09759521484372,227.22311401367188,229.53179931640625,217.5831451416016,23682648
2016-01-24,230.86900329589844,232.86911010742188,228.5831756591797,229.486083984375,217.53982543945312,13099564
2016-01-26,230.4347076416016,230.86900329589844,227.8860015869141,228.43460083007807,216.5430603027344,17251028
2016-01-27,228.811767578125,233.56629943847656,227.9202880859375,232.44622802734372,220.3458709716797,23074633
2016-01-28,232.91482543945312,237.72650146484372,232.6976776123047,236.67501831054688,224.35450744628903,19177163
2016-01-31,237.71507263183597,238.1379547119141,234.4234771728516,235.50924682617188,223.2494659423828,9918809
2016-02-01,235.50924682617188,236.0807037353516,226.41163635253903,228.84605407714844,216.93312072753903,14771279
2016-02-02,225.84017944335935,227.2116851806641,222.8686065673828,224.3315277099609,212.65359497070312,15691478
2016-02-03,225.84017944335935,228.811767578125,220.74278259277344,222.42286682128903,210.8442840576172,18203784
2016-02-04,223.8057861328125,224.4686737060547,219.75987243652344,221.9314117431641,210.3784027099609,20998404
2016-02-07,221.9771270751953,225.1087188720703,218.97125244140625,219.67987060546875,208.24407958984372,12078110
2016-02-08,217.81690979003903,221.45138549804688,217.15402221679688,218.86839294433597,207.474853515625,19603494
2016-02-09,217.5426177978516,222.41143798828125,216.84542846679688,220.04559326171875,208.59075927734372,16883350
2016-02-10,220.09130859375,220.7999267578125,209.2678985595703,211.33657836914065,200.3351287841797,17114833
2016-02-11,213.4738311767578,213.4738311767578,203.0047149658203,207.2220764160156,196.434814453125,29319458
2016-02-14,209.83935546875,217.4626007080078,209.83935546875,216.4111175537109,205.1455078125,19283523
2016-02-15,217.40545654296875,218.9826812744141,211.8966064453125,212.7080841064453,201.6352386474609,13024856
2016-02-16,213.7481231689453,218.85696411132807,209.4736175537109,217.7483367919922,206.41310119628903,15442221
2016-02-17,220.1141662597656,221.42852783203125,213.953857421875,214.89105224609372,203.7045745849609,14433087
2016-02-18,214.86819458007807,217.7826232910156,214.26243591308597,215.86251831054688,204.62545776367188,10235503
2016-02-21,215.8053741455078,221.33709716796875,215.8053741455078,219.9655914306641,208.5149078369141,12770834
2016-02-22,220.14845275878903,221.0856475830078,215.49679565429688,217.0740203857422,205.7739105224609,18989787
2016-02-23,215.98825073242188,219.1083984375,215.32534790039065,217.759765625,206.4239196777344,15186204
2016-02-24,218.11407470703125,218.6512451171875,215.0624847412109,215.8053741455078,204.5712738037109,24826958
2016-02-25,217.8397674560547,219.1541290283203,215.85108947753903,217.2340240478516,205.92556762695312,8349402
2016-02-28,217.451171875,227.3488311767578,213.7252655029297,220.95993041992188,209.45751953125,31032353
2016-02-29,220.51419067382807,225.16586303710935,220.5027618408203,224.3086700439453,212.6319274902344,16453192
2016-03-01,226.96023559570312,229.8975372314453,225.6687469482422,228.92605590820312,217.0089569091797,20105967
2016-03-02,230.86900329589844,232.6976776123047,228.01171875,231.52047729492188,219.4683074951172,15880459
2016-03-03,231.7833404541016,232.01193237304688,229.3832244873047,230.04611206054688,218.0707092285156,8987660
2016-03-07,230.29754638671875,235.6463928222656,230.29754638671875,234.7549285888672,222.53439331054688,13222993
2016-03-08,233.15484619140625,238.61798095703125,232.83482360839844,238.11509704589844,225.7196350097656,11854901
2016-03-09,238.19509887695312,239.0751495361328,230.6404266357422,231.2690277099609,219.2299652099609,20706353
2016-03-10,231.98907470703125,235.3378143310547,231.00616455078125,231.8976287841797,219.82583618164065,15319044
2016-03-13,232.94911193847656,234.6177673339844,231.5433349609375,233.0977020263672,220.9634246826172,11880095
2016-03-14,234.0691680908203,234.94921875,232.0347900390625,233.2691345214844,221.12594604492188,10487788
2016-03-15,233.3834228515625,234.48062133789065,229.82896423339844,233.5548553466797,221.39682006835935,11064129
2016-03-16,234.7549285888672,237.0178985595703,231.326171875,232.24050903320312,222.6295928955078,16832997
2016-03-17,232.75482177734372,235.47496032714844,232.17193603515625,234.80064392089844,225.0837860107422,14030979
2016-03-20,234.9720764160156,238.0693817138672,233.783447265625,237.1093292236328,227.29690551757807,12708074
2016-03-21,237.04075622558597,240.52664184570312,236.73216247558597,239.52088928222656,229.60867309570312,15333442
2016-03-22,239.30372619628903,239.30372619628903,233.7034454345703,235.2578125,225.5220184326172,16806372
2016-03-27,235.440673828125,235.8292694091797,232.16050720214844,233.24627685546875,223.59371948242188,18070240
2016-03-28,234.02345275878903,238.1836700439453,233.2005615234375,236.86932373046875,227.06683349609372,15871250
2016-03-29,238.3436737060547,240.412353515625,238.3436737060547,239.3380126953125,229.4333648681641,14453294
2016-03-30,237.95509338378903,241.3838348388672,236.05784606933597,238.9151306152344,229.0279693603516,30833349
2016-03-31,237.52078247070312,239.1665802001953,234.2977600097656,236.45787048339844,226.67242431640625,12381116
2016-04-03,237.72650146484372,238.22938537597656,234.3663330078125,236.5950164794922,226.80386352539065,8632568
2016-04-04,235.749267578125,238.2751007080078,233.65773010253903,234.74349975585935,225.0289459228516,10259495
2016-04-05,235.9207000732422,236.97218322753903,233.7491607666016,236.29786682128903,226.5190277099609,6990781
2016-04-06,236.56072998046875,239.55517578125,233.63487243652344,237.097900390625,227.28594970703125,8789163
2016-04-07,236.789306640625,241.02952575683597,235.7149810791016,236.8921813964844,227.08872985839844,13411752
2016-04-10,237.04075622558597,238.9837188720703,236.1264190673828,237.79507446289065,227.95428466796875,10308361
2016-04-11,237.79507446289065,241.7152862548828,237.28076171875,239.4180145263672,229.51004028320312,11164859
2016-04-12,240.59523010253903,244.56114196777344,240.59523010253903,243.68109130859372,233.59674072265625,16038542
2016-04-17,243.6239471435547,243.8525390625,241.24668884277344,243.38394165039065,233.3118438720703,19065716
2016-04-19,244.4011383056641,244.4011383056641,236.76644897460935,237.1093292236328,227.29690551757807,21687934
2016-04-20,238.0465240478516,240.4694976806641,236.5835876464844,237.9893798828125,228.14056396484372,11380697
2016-04-21,237.4979248046875,239.4408721923828,235.2806701660156,237.4864959716797,227.65847778320312,11705087
2016-04-24,238.7436981201172,238.7436981201172,231.39474487304688,232.44622802734372,222.8267822265625,61157544
2016-04-25,232.10336303710935,234.0463104248047,230.29754638671875,232.4576568603516,222.83773803710935,26429236
2016-04-26,232.67481994628903,234.5149078369141,232.24050903320312,233.01768493652344,223.37457275390625,14502641
2016-04-27,231.7833404541016,232.9719696044922,226.51449584960935,227.828857421875,218.40049743652344,61949033
2016-04-28,227.08595275878903,228.25173950195312,223.74864196777344,224.62869262695312,215.332763671875,23479680
2016-05-01,223.78292846679688,226.845947265625,223.55435180664065,225.6001739501953,216.26402282714844,10620873
2016-05-02,225.84017944335935,227.4288330078125,222.3542938232422,223.0514678955078,213.8207855224609,17571826
2016-05-03,222.6514434814453,224.85726928710935,222.41143798828125,223.57720947265625,214.3247833251953,13546285
2016-05-04,224.0115203857422,224.8001251220703,221.9314117431641,222.92575073242188,213.7002868652344,21665684
2016-05-05,222.41143798828125,223.2800445556641,221.03993225097656,221.4856719970703,212.31982421875,14748329
2016-05-08,222.8686065673828,225.3830108642578,222.36572265625,224.7201232910156,215.4203948974609,15347096
2016-05-09,224.7201232910156,225.0858612060547,223.55435180664065,224.5944061279297,215.2998809814453,7248302
2016-05-10,222.1371307373047,224.18295288085935,221.7256774902344,222.9600372314453,213.73318481445312,12339923
2016-05-11,223.09718322753903,227.2574005126953,222.88003540039065,226.9373779296875,217.54591369628903,12786216
2016-05-12,226.0573272705078,226.42306518554688,222.8686065673828,223.5886383056641,214.33575439453125,14648291
2016-05-15,223.3257598876953,224.58297729492188,221.9771270751953,223.08575439453125,213.8536529541016,9327335
2016-05-16,224.06866455078125,224.7201232910156,220.891357421875,221.5313873291016,212.36361694335935,12157600
2016-05-17,220.7884979248047,222.2971343994141,220.3770446777344,221.85140991210935,212.67041015625,8228838
2016-05-18,222.11427307128903,222.1599884033203,216.14825439453125,217.4283142089844,208.4303436279297,9134784
2016-05-19,217.61119079589844,218.18264770507807,212.8909454345703,213.5424041748047,204.70526123046875,18544619
2016-05-22,214.26243591308597,215.0281982421875,211.5880126953125,212.5823516845703,203.7849273681641,18365734
2016-05-23,212.13661193847656,215.7825164794922,212.13661193847656,214.97105407714844,206.07476806640625,12283217
2016-05-24,217.11973571777344,217.79405212402344,215.1310577392578,217.4283142089844,208.4303436279297,9240115
2016-05-25,217.15402221679688,217.7026214599609,215.8053741455078,216.43397521972656,207.4771728515625,14190024
2016-05-26,216.93685913085935,223.3029022216797,216.8682861328125,222.80001831054688,213.57977294921875,13401594
2016-05-29,223.1886138916016,224.35438537597656,220.582763671875,221.42852783203125,212.2650146484375,9633652
2016-05-30,221.49710083007807,222.41143798828125,218.6398162841797,218.94839477539065,209.88754272460935,23332727
2016-05-31,218.97125244140625,220.83421325683597,217.5654754638672,217.97691345214844,208.9562530517578,9042808
2016-06-01,218.18264770507807,218.78839111328125,216.03396606445312,218.5826568603516,209.53692626953125,10253825
2016-06-02,219.4398498535156,220.1027374267578,218.49122619628903,219.3598480224609,210.28196716308597,8643295
2016-06-05,219.66842651367188,220.12559509277344,217.7369079589844,218.251220703125,209.21920776367188,8672842
2016-06-06,218.81124877929688,219.6569976806641,217.51974487304688,218.3083648681641,209.2740020751953,18954268
2016-06-07,218.9826812744141,218.9826812744141,216.959716796875,218.0912170410156,209.0658264160156,12135516
2016-06-08,219.4398498535156,223.20004272460935,218.57122802734372,221.98855590820312,212.80191040039065,15643495
2016-06-09,222.6400146484375,225.0172882080078,221.33709716796875,223.25718688964844,214.01800537109372,16316760
2016-06-12,221.70281982421875,224.8001251220703,220.13702392578125,224.2629547119141,214.98216247558597,10214469
2016-06-13,224.22866821289065,225.2458648681641,221.565673828125,223.15432739257807,213.91940307617188,10923848
2016-06-14,224.0115203857422,225.49729919433597,222.58287048339844,225.06300354003903,215.74908447265625,11129082
2016-06-15,224.24009704589844,224.8458404541016,221.0513610839844,223.16575622558597,213.93035888671875,9372207
2016-06-16,223.3257598876953,223.7029266357422,221.74853515625,222.84573364257807,213.6235809326172,10534878
2016-06-19,222.21713256835935,226.89166259765625,221.26852416992188,226.3430633544922,216.9761657714844,10758608
2016-06-20,227.2345428466797,227.2459716796875,223.9429473876953,225.63446044921875,216.29689025878903,13933068
2016-06-21,225.1544342041016,225.3601531982422,223.3486175537109,224.1258087158203,214.85069274902344,12788710
2016-06-22,224.0000915527344,224.4686737060547,221.7256774902344,224.1143798828125,214.8397216796875,9837526
2016-06-23,220.55990600585935,220.55990600585935,213.3595428466797,217.48545837402344,208.48513793945312,24985097
2016-06-26,214.98248291015625,219.07411193847656,214.98248291015625,218.4455108642578,209.40545654296875,9163399
2016-06-27,218.6169586181641,219.79415893554688,218.29693603515625,218.9369659423828,209.87657165527344,7604977
2016-06-28,219.8970184326172,221.4856719970703,219.4398498535156,221.0170745849609,211.87060546875,7523987
2016-06-29,222.18284606933597,223.4400634765625,221.0513610839844,221.5313873291016,212.36361694335935,12758283
2016-06-30,222.3542938232422,223.2800445556641,221.7256774902344,222.5142974853516,213.30587768554688,6610193
2016-07-03,222.9828948974609,227.1202392578125,222.9828948974609,225.5430145263672,216.20925903320312,7803505
2016-07-04,225.40586853027344,229.24606323242188,224.08009338378903,227.0059509277344,217.61163330078125,11359882
2016-07-06,226.86880493164065,228.6974639892578,225.41729736328125,225.81732177734372,216.47218322753903,12029091
2016-07-07,225.61160278320312,226.0687561035156,223.17718505859372,223.64578247070312,214.3905334472656,7140617
2016-07-10,226.5259246826172,227.4288330078125,225.2687225341797,226.86880493164065,217.4801788330078,8266601
2016-07-11,227.49740600585935,229.72608947753903,226.5259246826172,229.36036682128903,219.86862182617188,9767494
2016-07-12,229.7718048095703,232.4005126953125,229.53179931640625,230.58328247070312,221.0409393310547,14915296
2016-07-13,230.4347076416016,231.8061981201172,228.1831512451172,229.70323181152344,220.19729614257807,10758372
2016-07-14,230.6404266357422,233.3834228515625,229.3832244873047,231.37188720703125,221.79689025878903,13992989
2016-07-17,234.98350524902344,237.44078063964844,228.9832000732422,230.01182556152344,220.4931182861328,32106850
2016-07-18,229.9546813964844,233.82916259765625,227.5088348388672,232.65196228027344,223.02398681640625,16649300
2016-07-19,233.14341735839844,235.0520782470703,232.36622619628903,233.8405914306641,224.16343688964844,12265316
2016-07-20,234.0691680908203,234.2977600097656,229.72608947753903,230.03468322753903,220.5150146484375,6711097
2016-07-21,229.9546813964844,232.65196228027344,229.7489471435547,231.97764587402344,222.37759399414065,6899519
2016-07-24,231.7833404541016,234.01202392578125,230.2632598876953,233.783447265625,224.10867309570312,8241568
2016-07-25,233.8405914306641,236.53787231445312,232.05764770507807,234.08059692382807,224.3935394287109,10516399
2016-07-26,233.85202026367188,234.52633666992188,230.6289978027344,231.5776214599609,221.9941253662109,11030767
2016-07-27,232.00050354003903,235.55496215820312,231.56619262695312,234.60633850097656,224.89749145507807,15610838
2016-07-28,234.0691680908203,234.27490234375,231.326171875,231.98907470703125,222.3885498046875,9629597
2016-07-31,232.6976776123047,233.22341918945312,229.73751831054688,230.7547149658203,221.20526123046875,7978251
2016-08-01,230.41184997558597,233.15484619140625,230.02325439453125,231.5090484619141,221.92840576171875,7710138
2016-08-02,231.8747711181641,231.8747711181641,226.6402282714844,227.20025634765625,217.79791259765625,11872282
2016-08-03,228.35459899902344,228.5831756591797,224.7886962890625,226.98309326171875,217.58970642089844,10187608
2016-08-04,228.12600708007807,232.9262542724609,227.9088592529297,232.2976531982422,222.68435668945312,12109001
2016-08-07,233.13198852539065,236.35501098632807,232.84625244140625,235.2692413330078,225.532958984375,13556347
2016-08-08,234.7549285888672,236.46929931640625,233.3834228515625,235.6006774902344,225.85069274902344,13290768
2016-08-09,235.72640991210935,236.4807281494141,229.04034423828125,229.41751098632807,219.9234161376953,13471958
2016-08-10,229.02891540527344,233.80630493164065,228.4917449951172,231.8061981201172,222.21322631835935,14169454
2016-08-11,232.46908569335935,238.389404296875,232.46908569335935,236.76644897460935,226.96823120117188,16365425
2016-08-15,236.86932373046875,238.82369995117188,232.126220703125,234.27490234375,224.57977294921875,13367575
2016-08-16,234.09202575683597,235.16636657714844,230.22897338867188,231.6233367919922,222.03794860839844,15486572
2016-08-17,232.24050903320312,233.9891662597656,232.24050903320312,232.7091064453125,223.0787506103516,7749690
2016-08-18,232.6976776123047,233.6120147705078,230.20611572265625,231.98907470703125,222.3885498046875,8177802
2016-08-21,231.326171875,233.08627319335935,230.22897338867188,231.29188537597656,221.7201995849609,6684236
2016-08-22,231.326171875,232.01193237304688,229.72608947753903,230.9718780517578,221.41343688964844,7320433
2016-08-23,231.25759887695312,233.6005859375,231.09759521484372,233.2691345214844,223.6156311035156,8719596
2016-08-24,233.42913818359372,235.21209716796875,230.6404266357422,231.48619079589844,221.90647888183597,14960746
2016-08-25,232.67481994628903,235.62353515625,231.9204864501953,234.9606475830078,225.23712158203125,9639663
2016-08-28,234.81207275390625,242.24102783203125,234.5491943359375,241.7152862548828,231.71224975585935,16193208
2016-08-29,242.75534057617188,244.2411193847656,240.69808959960935,243.7611083984375,233.67340087890625,18170724
2016-08-30,243.4182281494141,245.4983367919922,239.3265838623047,242.2981719970703,232.27099609375,23295502
2016-08-31,240.69808959960935,245.2126007080078,234.457763671875,235.2578125,225.5220184326172,42621045
2016-09-01,235.69210815429688,236.0235595703125,229.10891723632807,231.634765625,222.0489196777344,28124615
2016-09-05,233.13198852539065,234.2977600097656,232.01193237304688,233.13198852539065,223.4841766357422,11510431
2016-09-06,233.6120147705078,234.766357421875,231.56619262695312,232.61767578125,222.99114990234372,12927438
2016-09-07,233.85202026367188,236.80075073242188,233.2005615234375,236.2178497314453,226.4423065185547,12206479
2016-09-08,236.5835876464844,239.98947143554688,235.440673828125,238.7665557861328,228.88555908203125,15269894
2016-09-11,235.5321044921875,241.3838348388672,235.2463836669922,239.21229553222656,229.31283569335935,33684893
2016-09-13,239.55517578125,242.069580078125,237.93223571777344,238.8122711181641,228.92935180664065,18604842
2016-09-14,239.3265838623047,244.6297149658203,239.3265838623047,243.4410858154297,233.36663818359372,31371009
2016-09-15,243.89825439453125,250.03570556640625,242.09243774414065,245.8526306152344,235.67837524414065,39324529
2016-09-18,245.16688537597656,248.6985015869141,244.8125915527344,247.41842651367188,237.1793670654297,16678060
2016-09-19,247.7841644287109,247.95559692382807,244.36685180664065,245.54405212402344,235.38255310058597,11531268
2016-09-20,245.4983367919922,247.9898834228516,244.3554229736328,245.0983123779297,234.9552764892578,10943394
2016-09-21,247.5555877685547,250.4814453125,246.6412506103516,248.9156494140625,238.6146545410156,18761415
2016-09-22,248.9270782470703,253.6016082763672,248.9270782470703,252.0815277099609,241.6495056152344,31085948
2016-09-25,252.2186737060547,258.1961364746094,251.49864196777344,253.08729553222656,242.6136474609375,38213411
2016-09-26,255.3274078369141,257.37322998046875,252.9501495361328,253.84161376953125,243.3367462158203,19374535
2016-09-27,253.24729919433597,253.2701568603516,248.30990600585935,249.3042449951172,238.98715209960935,24820234
2016-09-28,250.298583984375,253.8987579345703,243.98968505859372,245.1440277099609,234.9991149902344,21260295
2016-09-29,244.1268310546875,250.1957244873047,243.7382354736328,247.7155914306641,237.4642333984375,11199883
2016-10-02,248.46990966796875,253.25872802734372,246.0126495361328,249.315673828125,238.99810791015625,18125170
2016-10-03,249.85284423828125,253.33872985839844,249.61282348632807,250.60716247558597,240.2361602783203,13113580
2016-10-04,252.3558349609375,252.9272918701172,248.19561767578125,249.0185089111328,238.71322631835935,10789932
2016-10-05,249.61282348632807,257.4418029785156,249.61282348632807,253.9102020263672,243.4024810791016,21111045
2016-10-06,254.64166259765625,256.7103271484375,252.9272918701172,253.49874877929688,243.0080718994141,15280380
2016-10-09,254.64166259765625,256.4703369140625,250.0699920654297,250.60716247558597,240.2361602783203,11553662
2016-10-12,248.9270782470703,248.93850708007807,240.4694976806641,241.64671325683597,231.64651489257807,21938040
2016-10-13,242.98391723632807,247.32699584960935,242.67532348632807,246.3326568603516,236.13853454589844,15265659
2016-10-16,246.8698272705078,247.05270385742188,242.01243591308597,242.44674682617188,232.4134521484375,9826781
2016-10-17,243.66966247558597,247.4984436035156,242.7667694091797,247.12127685546875,236.89450073242188,11073137
2016-10-18,247.88702392578125,250.23001098632807,247.1898498535156,248.54991149902344,238.26405334472656,17073242
2016-10-19,250.05856323242188,250.9843292236328,247.79559326171875,248.59564208984372,238.3078765869141,10125508
2016-10-20,250.75575256347656,250.75575256347656,241.93243408203125,243.2582244873047,233.1913299560547,43608816
2016-10-23,244.58399963378903,245.4983367919922,242.44674682617188,243.052490234375,232.99411010742188,10513017
2016-10-24,243.4410858154297,243.49822998046875,240.97238159179688,242.49246215820312,232.457275390625,7658966
2016-10-25,241.395263671875,242.1724548339844,240.4923553466797,240.93809509277344,230.96722412109372,10945927
2016-10-26,240.26377868652344,240.90380859375,238.50369262695312,239.71517944335935,229.794921875,12842476
2016-10-27,240.0123443603516,241.84100341796875,238.5951232910156,241.14382934570312,231.16444396972656,8127969
2016-10-31,240.3094940185547,241.37240600585935,239.4180145263672,240.2409210205078,230.2989044189453,10223897
2016-11-01,237.95509338378903,238.3779754638672,233.3834228515625,234.01202392578125,224.32774353027344,7039997
2016-11-02,234.03488159179688,236.5264434814453,233.2919921875,234.0577392578125,224.37161254882807,7311872
2016-11-03,233.2119903564453,234.7320709228516,228.5831756591797,229.8518218994141,220.3397521972656,11535892
2016-11-06,231.7833404541016,232.36622619628903,228.36602783203125,228.84605407714844,219.37559509277344,9506040
2016-11-07,229.8861083984375,229.8861083984375,228.194580078125,229.3832244873047,219.8905334472656,13432073
2016-11-08,217.15402221679688,230.6404266357422,212.5823516845703,229.63465881347656,220.13157653808597,21640144
2016-11-09,232.83482360839844,235.2006683349609,230.18325805664065,230.96044921875,221.40249633789065,9764091
2016-11-10,228.0917205810547,232.58338928222656,227.46311950683597,228.9832000732422,219.50706481933597,14775330
2016-11-14,227.78314208984372,228.5831756591797,223.9086456298828,225.2458648681641,215.9243927001953,14487470
2016-11-15,227.4402618408203,227.85171508789065,224.1715240478516,225.50872802734372,216.1763610839844,16550762
2016-11-16,225.3830108642578,228.1602935791016,222.7314453125,223.4972076416016,214.24810791015625,12628378
2016-11-17,225.1544342041016,226.91452026367188,224.4686737060547,225.72589111328125,216.3845672607422,18163751
2016-11-20,225.73731994628903,227.1088104248047,224.74298095703125,226.6402282714844,217.2610626220703,13232434
2016-11-21,228.05743408203125,230.3661193847656,227.0516662597656,228.9146270751953,219.4413299560547,17646355
2016-11-22,229.72608947753903,230.9833068847656,228.48031616210935,230.6404266357422,221.095703125,13107911
2016-11-23,229.8518218994141,229.8518218994141,224.514404296875,225.6916046142578,216.3516998291016,18913793
2016-11-24,226.2973480224609,227.6459808349609,225.005859375,227.14309692382807,217.7431182861328,10454964
2016-11-27,226.98309326171875,228.72032165527344,224.94869995117188,225.53158569335935,216.19830322265625,8312777
2016-11-28,226.0687561035156,229.5660858154297,225.8516082763672,228.05743408203125,218.6196136474609,9885281
2016-11-29,228.57174682617188,228.57174682617188,225.53158569335935,226.30877685546875,216.94332885742188,27596098
2016-11-30,228.5831756591797,232.01193237304688,227.4402618408203,228.06886291503903,218.6305694580078,12627845
2016-12-01,227.6459808349609,229.72608947753903,226.70880126953125,227.38311767578125,217.97320556640625,12481430
2016-12-04,227.4402618408203,228.5146026611328,225.49729919433597,227.17739868164065,217.7759704589844,3987213
2016-12-05,227.66883850097656,230.0803985595703,227.3488311767578,229.7718048095703,220.26300048828125,6726369
2016-12-06,229.4975128173828,230.3204040527344,227.7488555908203,228.38888549804688,218.9373321533203,4930865
2016-12-07,229.73751831054688,233.56629943847656,229.5775146484375,233.1662750244141,223.5170440673828,8750556
2016-12-08,233.6120147705078,235.86355590820312,233.22341918945312,235.2006683349609,225.4672393798828,8239158
2016-12-11,233.2691345214844,238.11509704589844,233.2691345214844,234.80064392089844,225.0837860107422,9023848
2016-12-12,234.98350524902344,237.95509338378903,234.88064575195312,237.6807861328125,227.8447113037109,10365823
2016-12-13,237.6807861328125,243.31536865234372,237.3150634765625,242.1838836669922,232.16146850585935,24139260
2016-12-14,240.5609436035156,244.035400390625,239.7037506103516,240.6866607666016,230.7261962890625,19331986
2016-12-15,240.4694976806641,242.75534057617188,240.4694976806641,241.64671325683597,231.64651489257807,14942206
2016-12-18,241.1552581787109,243.88682556152344,241.0066680908203,242.8810577392578,232.8297576904297,15009634
2016-12-19,241.0866851806641,242.52674865722656,240.7323760986328,241.81814575195312,231.81085205078125,11688169
2016-12-20,242.32102966308597,243.96682739257807,241.65814208984372,243.0410614013672,232.9831695556641,20367894
2016-12-21,241.84100341796875,242.90391540527344,240.2294921875,240.7780914306641,230.81385803222656,28892834
2016-12-22,240.4694976806641,244.343994140625,240.4694976806641,241.68099975585935,231.6793975830078,10265033
2016-12-25,241.0066680908203,243.66966247558597,238.78941345214844,239.429443359375,229.52099609375,15321770
2016-12-26,239.52088928222656,243.92111206054688,239.3265838623047,243.3725128173828,233.3009033203125,17442849
2016-12-27,244.10397338867188,244.48114013671875,239.3494415283203,239.9437561035156,230.01402282714844,9637310
2016-12-28,240.0123443603516,244.3097076416016,239.8980407714844,243.5439453125,233.46522521972656,8772325
2016-12-29,243.39537048339844,248.01275634765625,243.00677490234372,247.41842651367188,237.1793670654297,15711974
2017-01-01,247.7841644287109,249.1556701660156,245.1211700439453,248.03561401367188,237.77101135253903,7097888
2017-01-02,249.1213836669922,250.75575256347656,247.12127685546875,249.0185089111328,238.71322631835935,6434204
2017-01-03,249.8185577392578,249.84141540527344,243.2810821533203,243.9325408935547,233.83775329589844,10392483
2017-01-04,244.8125915527344,246.8469696044922,244.29827880859372,246.2755126953125,236.0837554931641,8734164
2017-01-05,245.54405212402344,248.01275634765625,245.2926025390625,245.71548461914065,235.54693603515625,7845839
2017-01-08,246.18408203125,248.2413330078125,244.8125915527344,246.34408569335935,236.1495056152344,5228980
2017-01-09,246.8698272705078,250.1614227294922,246.8698272705078,249.1213836669922,238.81187438964844,11349916
2017-01-10,250.298583984375,250.4585876464844,247.7841644287109,248.2527618408203,237.97918701171875,11475958
2017-01-11,248.46990966796875,249.2356719970703,246.82411193847656,247.6241607666016,237.3766021728516,4371992
2017-01-12,247.90988159179688,250.8700408935547,247.90988159179688,249.24710083007807,238.9323883056641,7234429
2017-01-15,249.1442413330078,250.05856323242188,245.4869079589844,246.0126495361328,235.83175659179688,12013154
2017-01-16,243.4410858154297,244.1268310546875,237.38363647460935,238.01223754882807,228.16246032714844,39234251
2017-01-17,238.32081604003903,239.55517578125,235.15493774414065,236.0235595703125,226.2560577392578,15867619
2017-01-18,236.6178741455078,238.93800354003903,235.66925048828125,236.28643798828125,226.5080718994141,15284274
2017-01-19,236.3435821533203,237.14361572265625,234.0463104248047,234.48062133789065,224.7769775390625,8784907
2017-01-22,233.56629943847656,235.66925048828125,231.5090484619141,232.2176513671875,222.607666015625,13708502
2017-01-23,232.46908569335935,235.16636657714844,232.46908569335935,234.8235015869141,225.10568237304688,9419288
2017-01-24,235.89784240722656,236.05784606933597,232.27479553222656,232.5376739501953,222.91444396972656,23856654
2017-01-26,233.2119903564453,235.18923950195312,232.9262542724609,234.32061767578125,224.62359619140625,21861796
2017-01-29,234.2863311767578,239.20086669921875,234.2520446777344,238.82369995117188,228.94032287597656,15678126
2017-01-30,239.29229736328125,240.8809509277344,237.79507446289065,238.9151306152344,229.0279693603516,15125194
2017-01-31,239.1208648681641,240.2180633544922,236.6293029785156,239.9323272705078,230.0030670166016,11312284
2017-02-01,240.0123443603516,240.19520568847656,237.3264923095703,238.52655029296875,228.6554718017578,9099129
2017-02-02,239.09800720214844,240.11520385742188,235.46353149414065,236.27500915527344,226.4971160888672,13219481
2017-02-05,237.04075622558597,238.8465576171875,235.9092712402344,238.10366821289065,228.2500762939453,9991907
2017-02-06,238.1836700439453,238.263671875,234.80064392089844,235.6463928222656,225.8945159912109,9905562
2017-02-07,235.6463928222656,237.3264923095703,233.6120147705078,234.33204650878903,224.63455200195312,16230826
2017-02-08,234.98350524902344,236.35501098632807,234.70921325683597,236.06927490234372,226.29991149902344,9861688
2017-02-09,236.5835876464844,236.7093048095703,234.4234771728516,235.47496032714844,225.7301788330078,12518554
2017-02-12,236.1264190673828,236.35501098632807,233.6120147705078,235.4063873291016,225.66444396972656,8565757
2017-02-13,236.5835876464844,240.67523193359372,235.41781616210935,239.96661376953125,230.0359649658203,18244623
2017-02-14,240.67523193359372,241.72671508789065,238.9265594482422,240.3094940185547,230.3646240234375,15236663
2017-02-15,240.59523010253903,244.45828247070312,240.59523010253903,244.01254272460935,233.91444396972656,19655195
2017-02-16,243.78396606445312,246.45838928222656,241.94386291503903,245.84120178222656,235.66741943359372,14847356
2017-02-19,244.709716796875,246.60696411132807,243.78396606445312,245.8183441162109,235.6455078125,11650581
2017-02-20,245.7726287841797,249.3728179931641,245.2811737060547,248.7442169189453,238.4502868652344,14186476
2017-02-21,249.84141540527344,276.9627990722656,249.61282348632807,276.0141906738281,264.5917663574219,127323130
2017-02-22,277.4085388183594,279.3286437988281,269.5795593261719,270.35675048828125,259.1684265136719,62249698
2017-02-26,272.1282653808594,287.2833251953125,272.093994140625,283.19171142578125,271.47222900390625,83422197
2017-02-27,281.6144714355469,285.2718200683594,280.8144226074219,282.9974060058594,271.2859802246094,36111716
2017-02-28,283.46600341796875,284.44891357421875,281.1573181152344,282.1859436035156,270.508056640625,24385665
2017-03-01,282.9631042480469,286.8033142089844,280.4830017089844,282.70025634765625,271.00115966796875,18063590
2017-03-02,283.7974548339844,294.3694152832031,283.7974548339844,287.683349609375,275.7780456542969,84305639
2017-03-05,290.0720520019531,299.901123046875,289.2148742675781,298.38104248046875,286.0329895019531,66724743
2017-03-06,301.4669189453125,303.3298645019531,296.278076171875,298.28961181640625,285.9453125,42071555
2017-03-07,298.918212890625,298.918212890625,293.9808349609375,295.1466064453125,282.9324035644531,43336972
2017-03-08,294.872314453125,296.7009582519531,292.9293518066406,294.12939453125,281.957275390625,31094457
2017-03-09,294.929443359375,296.2438049316406,288.2890930175781,292.963623046875,280.8397521972656,24785585
2017-03-13,301.4440612792969,301.501220703125,293.7865295410156,294.75799560546875,282.5598449707031,27765035
2017-03-14,295.1123046875,300.884033203125,294.9637451171875,298.28961181640625,285.9453125,24107889
2017-03-15,299.4439697265625,299.535400390625,295.6951904296875,296.6209716796875,284.34576416015625,15924023
2017-03-16,298.9867858886719,301.7183532714844,296.71240234375,297.3181457519531,285.0140380859375,22727289
2017-03-19,298.5296325683594,298.5867919921875,292.2093200683594,292.76934814453125,280.6535339355469,12869337
2017-03-20,293.08935546875,293.4779357910156,287.85479736328125,288.8834228515625,276.92840576171875,22596181
2017-03-21,286.1861267089844,289.3634338378906,284.9403686523437,287.9462280273437,276.030029296875,20291685
2017-03-22,288.7348327636719,292.02642822265625,287.5576477050781,291.0549621582031,279.01007080078125,11807911
2017-03-23,291.2378234863281,295.3294677734375,289.9463195800781,294.12939453125,281.957275390625,16282523
2017-03-26,290.55206298828125,292.3007507324219,285.08892822265625,285.9804077148437,274.1455383300781,32452615
2017-03-27,287.5576477050781,288.9291381835937,283.92315673828125,284.75750732421875,272.9732666015625,21707345
2017-03-28,286.1175537109375,288.0148010253906,281.9230651855469,287.2490539550781,275.36163330078125,18924345
2017-03-29,286.87188720703125,291.38641357421875,286.41473388671875,290.44921875,278.42938232421875,27862325
2017-03-30,289.38629150390625,305.7642822265625,289.38629150390625,301.9355163574219,289.4403686523437,45390562
2017-04-02,306.7586364746094,315.55908203125,305.62713623046875,314.22186279296875,301.21826171875,44886623
2017-04-04,318.91925048828125,324.1309509277344,315.4676513671875,323.4451904296875,310.0599060058594,40323877
2017-04-05,322.0736999511719,331.19415283203125,320.51934814453125,328.81689453125,315.20928955078125,50620850
2017-04-06,324.8852844238281,327.78826904296875,320.5993347167969,321.52508544921875,308.21923828125,31875272
2017-04-09,322.3022766113281,325.7081604003906,314.8276062011719,315.7533874511719,302.6863708496094,30768410
2017-04-10,317.2391662597656,320.11932373046875,313.18182373046875,313.6961364746094,300.7143249511719,32249647
2017-04-11,316.0848083496094,316.9191589355469,308.85015869140625,309.5016174316406,296.6933898925781,27448279
2017-04-12,309.5016174316406,313.9361267089844,307.9815368652344,311.9703369140625,299.0599060058594,12713918
2017-04-16,312.0160522460937,318.999267578125,312.0160522460937,318.15350341796875,304.9871826171875,11837502
2017-04-17,320.0050354003906,322.3022766113281,312.47320556640625,313.2046813964844,300.2431945800781,16016414
2017-04-18,312.93035888671875,316.0276794433594,310.3130798339844,312.8846435546875,299.9363708496094,11572557
2017-04-19,315.2162170410156,316.9991455078125,311.810302734375,313.0560913085937,300.1007080078125,8393496
2017-04-20,315.55908203125,324.81671142578125,315.11334228515625,320.5879211425781,307.32086181640625,30230907
2017-04-23,322.0851135253906,328.0168762207031,320.0621643066406,323.9938049316406,310.58575439453125,25512511
2017-04-24,333.7314453125,335.5029602050781,325.98248291015625,327.51397705078125,313.96026611328125,36764315
2017-04-25,328.0168762207031,329.17120361328125,320.6107788085937,323.7766418457031,310.37762451171875,16763153
2017-04-26,323.9023742675781,325.5367431640625,320.51934814453125,322.18798828125,308.8547058105469,12571594
2017-04-27,322.2451477050781,324.6566772460937,317.9591979980469,318.91925048828125,305.7212219238281,11848658
2017-05-01,320.4736022949219,320.4736022949219,312.3132019042969,313.28466796875,300.3198547363281,18591411
2017-05-02,314.7361755371094,315.6162109375,312.0160522460937,313.18182373046875,300.2212219238281,9500038
2017-05-03,314.3018798828125,315.3533630371094,309.5130615234375,310.404541015625,297.55889892578125,14365934
2017-05-04,311.2388610839844,312.55322265625,302.8727111816406,303.6156005859375,291.0509033203125,15598448
2017-05-07,304.015625,306.1871643066406,301.3526306152344,302.0498046875,289.5498962402344,16066733
2017-05-08,302.6441345214844,304.8499450683594,301.78692626953125,304.0956420898437,291.5111083984375,21106150
2017-05-09,305.1128234863281,311.6960144042969,304.1642150878906,310.6673889160156,297.81085205078125,22906024
2017-05-10,311.810302734375,313.101806640625,308.9644470214844,310.770263671875,297.9095153808594,13783848
2017-05-11,310.8845520019531,311.7874450683594,307.22723388671875,308.6901550292969,295.9154663085937,7523427
2017-05-14,310.0502319335937,310.0502319335937,304.815673828125,307.2386474609375,294.5240478515625,6738085
2017-05-15,307.68438720703125,314.7361755371094,306.530029296875,310.0273742675781,297.1973571777344,12655992
2017-05-16,309.2730407714844,312.2331848144531,308.0729675292969,309.2958984375,296.49615478515625,9844573
2017-05-17,306.3586120605469,308.5872802734375,302.6669921875,303.4098815917969,290.8537292480469,9790379
2017-05-18,304.7013854980469,305.31854248046875,299.4439697265625,301.4669189453125,288.9911499023437,12813204
2017-05-21,303.215576171875,304.8385314941406,300.6325988769531,302.67840576171875,290.1525573730469,8801430
2017-05-22,303.03271484375,303.9813537597656,297.61529541015625,298.4267578125,286.07684326171875,9223001
2017-05-23,298.8724975585937,300.28973388671875,296.0380859375,296.63238525390625,284.356689453125,14326531
2017-05-24,297.1581420898437,299.9925537109375,296.3466491699219,297.7181701660156,285.3975524902344,25922008
2017-05-25,298.06103515625,307.3072204589844,297.1581420898437,305.6842956542969,293.0340270996094,21430443
2017-05-28,305.61572265625,312.118896484375,305.2956848144531,310.1645202636719,297.3288269042969,24022633
2017-05-29,309.9359436035156,311.9474792480469,308.2444152832031,310.7245483398437,297.8656616210937,9658309
2017-05-30,312.47320556640625,312.6903686523437,305.3414001464844,306.4614562988281,293.77899169921875,16423338
2017-05-31,304.6328125,306.30145263671875,302.4155578613281,303.6156005859375,291.0509033203125,9534069
2017-06-01,305.1585388183594,306.0043029785156,301.0440368652344,302.8155517578125,290.2839660644531,11495005
2017-06-04,303.158447265625,306.530029296875,300.7811889648437,303.8670349121094,291.2919311523437,10835031
2017-06-05,304.91851806640625,304.91851806640625,299.67254638671875,300.083984375,287.6654357910156,9591064
2017-06-06,299.71826171875,306.7586364746094,299.21539306640625,306.0728759765625,293.4065246582031,11199223
2017-06-07,306.30145263671875,307.3986511230469,303.56988525390625,304.4042053222656,291.806884765625,7903123
2017-06-08,307.4672241210937,309.2615966796875,304.24420166015625,305.31854248046875,292.683349609375,13836547
2017-06-11,303.2270202636719,303.95849609375,301.0440368652344,301.60406494140625,289.12261962890625,8432435
2017-06-12,301.866943359375,303.3298645019531,299.67254638671875,300.43829345703125,288.0050964355469,6025338
2017-06-13,300.7926025390625,310.87310791015625,300.7926025390625,310.3016662597656,297.4602355957031,52939271
2017-06-14,310.87310791015625,318.87353515625,310.6673889160156,316.3476867675781,303.2561340332031,28290813
2017-06-15,317.52490234375,319.056396484375,312.9989318847656,317.4563293457031,304.31884765625,32710880
2017-06-18,317.7763366699219,323.6280517578125,317.7763366699219,322.1308288574219,308.7999572753906,15236956
2017-06-19,322.0736999511719,325.0681457519531,321.7193908691406,322.8394470214844,309.4792175292969,10142474
2017-06-20,321.7994079589844,326.4167785644531,320.9879150390625,325.0452880859375,311.59375,19992472
2017-06-21,326.74822998046875,330.3941345214844,326.34820556640625,327.4797058105469,313.9274597167969,22118609
2017-06-22,328.2454528808594,329.616943359375,327.0111083984375,328.2111511230469,314.6286315917969,31143289
2017-06-26,327.33111572265625,329.84552001953125,325.73101806640625,328.50830078125,314.9135131835937,32591540
2017-06-27,329.1483459472656,329.1483459472656,318.999267578125,319.673583984375,306.4443664550781,15567803
2017-06-28,320.0164489746094,322.3022766113281,317.75347900390625,318.3477783203125,305.1734313964844,12898245
2017-06-29,318.1877746582031,318.2792053222656,314.31329345703125,315.4447937011719,302.3905639648437,7814271
2017-07-02,317.31915283203125,318.8049621582031,313.3875427246094,315.6847839355469,302.62060546875,9195278
2017-07-03,317.7306213378906,326.2110595703125,317.5020446777344,325.0338439941406,311.5828552246094,18816782
2017-07-04,326.74822998046875,330.8627319335937,325.50244140625,329.7655334472656,316.1186828613281,27209010
2017-07-05,331.1484375,331.44561767578125,328.7026062011719,329.74267578125,316.0967712402344,13590313
2017-07-06,329.84552001953125,342.3604431152344,329.1597900390625,340.851806640625,326.7461242675781,35845310
2017-07-09,341.75469970703125,343.0805053710937,340.3832092285156,341.2403869628906,327.1186218261719,3504540
2017-07-10,343.1033630371094,343.8805236816406,339.9031982421875,341.5832824707031,327.4473571777344,20995547
2017-07-11,342.73760986328125,348.58935546875,342.3033142089844,345.4120483398437,331.11767578125,17104482
2017-07-12,344.8748779296875,348.58935546875,344.2805480957031,347.92645263671875,336.1794128417969,23010262
2017-07-13,347.4464416503906,351.103759765625,346.4292297363281,350.5894470214844,338.7524719238281,20530867
2017-07-16,351.33233642578125,356.4983215332031,351.33233642578125,354.7039489746094,342.7281188964844,18749450
2017-07-17,353.57244873046875,354.7153625488281,345.3891906738281,347.423583984375,335.69354248046875,19640167
2017-07-18,345.7549133300781,351.5609436035156,345.7549133300781,350.4065856933594,338.5757751464844,11790198
2017-07-19,351.9609375,354.3039245605469,348.29217529296875,349.4808349609375,337.6812744140625,13626050
2017-07-20,354.3039245605469,363.8358459472656,353.14959716796875,362.3043518066406,350.07183837890625,97142371
2017-07-23,365.7330932617188,371.4248046875,362.3043518066406,369.218994140625,356.7530212402344,43429394
2017-07-24,371.3790893554688,371.4362487792969,365.1844787597656,366.22454833984375,353.85968017578125,20063064
2017-07-25,366.6931457519531,372.5677185058594,365.9845275878906,370.933349609375,358.4095458984375,21954323
2017-07-26,372.1334228515625,372.9334411621094,363.0700988769531,364.5444641113281,352.236328125,18409364
2017-07-27,363.7329711914063,367.0931701660156,360.7042541503906,364.4644470214844,352.1590270996094,14331863
2017-07-30,366.1788330078125,370.0304565429688,364.8187561035156,369.2075500488281,356.74200439453125,16567422
2017-07-31,370.933349609375,370.933349609375,363.7901306152344,366.5559997558594,354.179931640625,12311920
2017-08-01,368.0189208984375,373.89349365234375,367.5845947265625,372.40771484375,359.8340759277344,20786240
2017-08-02,371.87054443359375,380.5681457519531,369.6304321289063,377.1850891113281,364.45013427734375,19707381
2017-08-03,380.1338195800781,380.1338195800781,369.1846923828125,370.7962036132813,358.2770080566406,18579866
2017-08-06,372.956298828125,372.956298828125,368.601806640625,369.4704284667969,356.9960021972656,9537088
2017-08-07,369.84759521484375,370.5447692871094,362.7157897949219,366.3159790039063,353.9480285644531,10961296
2017-08-08,366.0759582519531,370.30474853515625,362.3043518066406,365.4587707519531,353.1197509765625,10436651
2017-08-09,364.1444396972656,367.253173828125,360.6928405761719,362.15576171875,349.92828369140625,10188164
2017-08-10,354.5210876464844,361.1614074707031,350.4179992675781,353.4467468261719,341.5132751464844,16996281
2017-08-13,356.8183288574219,362.1900329589844,356.8183288574219,359.57275390625,347.4324951171875,13440617
2017-08-15,359.332763671875,360.2471008300781,354.3496398925781,357.984130859375,345.8974914550781,13576650
2017-08-16,358.6470031738281,365.1959228515625,356.8526306152344,358.21270751953125,346.11834716796875,15828719
2017-08-17,357.50408935546875,360.6585388183594,355.0239562988281,360.10992431640625,347.9515380859375,7935890
2017-08-20,360.4756774902344,362.1100463867188,356.6469116210937,357.59552001953125,345.5220031738281,7573558
2017-08-21,359.332763671875,361.1385498046875,355.6868591308594,356.6011962890625,344.561279296875,9533641
2017-08-22,357.6983947753906,362.65863037109375,355.0239562988281,361.6300048828125,349.4202575683594,8320052
2017-08-23,363.447265625,364.1558532714844,357.6183776855469,358.4298400878906,346.3281555175781,12654347
2017-08-27,360.94427490234375,361.6071472167969,356.8640441894531,358.08697509765625,345.9968566894531,12316426
2017-08-28,357.0126342773437,358.3041381835937,349.7322692871094,350.2237243652344,338.3991394042969,15164812
2017-08-29,353.743896484375,358.6012878417969,352.3038330078125,357.5269470214844,345.4557189941406,10334911
2017-08-30,360.0184936523437,365.1502075195313,359.7899169921875,364.4758911132813,352.17010498046875,25104625
2017-08-31,365.6987915039063,369.5275573730469,365.5045166015625,368.0417785644531,355.6155090332031,15431918
2017-09-03,369.276123046875,373.9963684082031,364.7844543457031,368.78466796875,356.3333740234375,21560532
2017-09-04,372.590576171875,373.69921875,370.5447692871094,373.1849060058594,360.58502197265625,25216776
2017-09-05,371.7676696777344,377.7337036132813,370.9447937011719,376.1107482910156,363.412109375,48745984
2017-09-06,376.2479248046875,380.5910034179688,372.590576171875,374.0077819824219,361.380126953125,16205339
2017-09-07,374.87640380859375,376.3622131347656,371.2648010253906,373.4591979980469,360.8500671386719,13248413
2017-09-10,375.4707336425781,378.0079956054688,373.2991943359375,373.9163513183594,361.291748046875,12690592
2017-09-11,376.1336059570313,377.1622314453125,373.5049133300781,376.5907897949219,363.87591552734375,6500191
2017-09-12,376.705078125,393.1173400878906,375.7907409667969,388.1342468261719,375.0296630859375,29377106
2017-09-13,391.2429809570313,393.8488159179688,384.93408203125,385.7798156738281,372.7546997070313,11867640
2017-09-14,384.93408203125,389.8943176269531,381.61962890625,384.8426513671875,371.8492126464844,28595395
2017-09-17,388.5914001464844,389.0714416503906,385.43695068359375,386.5570068359375,373.5056457519531,5061995
2017-09-18,387.9971008300781,388.01995849609375,382.6482543945313,383.3796997070313,370.43560791015625,7718697
2017-09-19,391.380126953125,398.8776550292969,386.3512878417969,387.2884826660156,374.2123718261719,24942703
2017-09-20,387.2199096679688,389.36859130859375,382.3053588867188,384.6369018554688,371.6503601074219,12950541
2017-09-21,383.9740295410156,383.9740295410156,371.7676696777344,373.6877746582031,361.0709838867188,12294087
2017-09-24,372.590576171875,378.5108947753906,368.1103515625,375.58502197265625,362.9041748046875,14229631
2017-09-25,375.6535949707031,378.0994262695313,371.3105163574219,374.922119140625,362.26361083984375,10564143
2017-09-26,377.4365539550781,377.4822692871094,363.67584228515625,365.344482421875,353.00933837890625,18448855
2017-09-27,365.5730895996094,367.0588684082031,356.6811828613281,359.5384826660156,347.3993835449219,29547622
2017-09-28,361.9614562988281,362.7157897949219,356.1783142089844,357.001220703125,344.94775390625,16666208
2017-10-02,363.447265625,367.4931640625,359.0355834960937,364.978759765625,352.65594482421875,18345748
2017-10-03,365.3673400878906,377.1393737792969,363.7215576171875,374.3506774902344,361.71142578125,18907611
2017-10-04,377.1622314453125,378.7394714355469,374.2592468261719,376.7736511230469,364.0526123046875,10631751
2017-10-05,376.705078125,383.72259521484375,376.0650329589844,382.6711120605469,369.7509460449219,12997688
2017-10-08,383.56256103515625,383.9283142089844,378.5337524414063,379.7452392578125,366.9239196777344,8850408
2017-10-09,379.9052429199219,387.3570556640625,379.9052429199219,385.482666015625,372.4675903320313,14732024
2017-10-10,386.4427185058594,392.4316101074219,382.1910705566406,384.08831787109375,371.1203308105469,15420644
2017-10-11,384.9797973632813,400.8434753417969,384.9797973632813,398.991943359375,385.520751953125,18642942
2017-10-12,401.98638916015625,407.1980590820313,399.2662353515625,400.6834411621094,387.1551208496094,21509701
2017-10-15,401.8492431640625,407.7923889160156,393.7573852539063,400.8434753417969,387.3097839355469,32009221
2017-10-16,401.3920593261719,404.1350708007813,396.4546508789063,399.7234191894531,386.2275390625,13898844
2017-10-17,401.1177673339844,419.6329956054688,400.02056884765625,418.0786437988281,403.9630126953125,36671941
2017-10-18,418.6729431152344,421.461669921875,412.82122802734375,415.9756774902344,401.93109130859375,8014767
2017-10-22,417.34716796875,431.8850708007813,415.6099243164063,429.6220703125,415.1167297363281,27455320
2017-10-23,433.2565612792969,433.2565612792969,424.3418273925781,427.107666015625,412.6871948242188,13857773
2017-10-24,429.7821044921875,432.43365478515625,424.9361267089844,429.690673828125,415.18304443359375,10011782
2017-10-25,429.73638916015625,437.8739318847656,425.6218872070313,433.1194152832031,418.4959716796875,16840049
2017-10-26,434.30804443359375,437.3710632324219,423.1988830566406,425.09613037109375,410.74359130859375,11498547
2017-10-29,426.9933776855469,432.2736511230469,425.4390258789063,430.8793029785156,416.3315124511719,7823263
2017-10-30,431.9993591308594,432.3650817871094,426.1704711914063,430.1249694824219,415.60260009765625,9504986
2017-10-31,433.2794189453125,437.8739318847656,432.3650817871094,435.4738159179688,420.7708435058594,17571371
2017-11-01,435.5881042480469,437.2796325683594,431.6793212890625,432.753662109375,418.142578125,10277678
2017-11-02,437.0281677246094,437.0281677246094,429.8049621582031,432.1593627929688,417.568359375,4798537
2017-11-05,430.8793029785156,430.8793029785156,424.7075500488281,426.3076171875,411.9141540527344,9757496
2017-11-06,426.69622802734375,427.4505310058594,412.8440856933594,414.5127258300781,400.51751708984375,20447574
2017-11-07,412.5926513671875,414.1927185058594,404.1807861328125,405.8722839355469,392.1687622070313,17752793
2017-11-08,409.0495910644531,415.9756774902344,407.8152465820313,411.6783142089844,397.7787780761719,15007224
2017-11-09,411.884033203125,411.884033203125,401.940673828125,404.0664978027344,390.4239807128906,13923102
2017-11-12,404.59222412109375,407.7466735839844,399.3348083496094,400.1348571777344,386.6251220703125,9088619
2017-11-13,400.02056884765625,409.1638793945313,399.1062316894531,405.3694152832031,391.6828918457031,12481463
2017-11-14,404.3636474609375,407.15234375,401.36920166015625,403.9979248046875,390.3576965332031,15272059
2017-11-15,404.82080078125,414.1927185058594,404.82080078125,413.2098083496094,399.258544921875,15160866
2017-11-16,420.113037109375,422.8331604003906,415.3356323242188,416.8900146484375,402.8144836425781,12219276
2017-11-19,414.2841491699219,422.5817260742188,413.7355651855469,420.9816284179688,406.76800537109375,9231195
2017-11-20,423.7017822265625,429.5763549804688,423.1074523925781,426.3304748535156,411.936279296875,13082246
2017-11-21,428.5705871582031,429.11920166015625,422.1702575683594,425.5075988769531,411.1411437988281,11058315
2017-11-22,425.6218872070313,434.2623291015625,423.6332092285156,432.9365539550781,418.3193054199219,16031638
2017-11-23,434.30804443359375,438.651123046875,433.1194152832031,434.8109130859375,420.1304016113281,13987125
2017-11-26,433.05084228515625,437.7367858886719,431.5650329589844,434.9252014160156,420.2408142089844,10237135
2017-11-27,434.2394714355469,434.9252014160156,428.8677673339844,431.2678833007813,416.7070007324219,10153618
2017-11-28,430.5821228027344,434.30804443359375,430.1935424804688,432.4793701171875,417.8775329589844,8038351
2017-11-29,430.3992614746094,430.3992614746094,420.3644714355469,421.3016662597656,407.07720947265625,20637767
2017-11-30,422.62744140625,425.7361755371094,414.9699096679688,416.0671081542969,402.0194091796875,11114967
2017-12-03,417.6214599609375,417.7586059570313,410.23822021484375,412.1811828613281,398.2646484375,10103208
2017-12-04,411.92974853515625,420.9359130859375,409.36962890625,417.712890625,403.609619140625,18306627
2017-12-05,416.0213928222656,425.3018493652344,415.4727783203125,423.6332092285156,409.3300476074219,24078081
2017-12-06,425.18756103515625,427.90771484375,421.9645385742188,425.8733215332031,411.4945068359375,12095301
2017-12-07,426.9248046875,428.3420104980469,420.1587524414063,421.0502014160156,406.8342590332031,12224184
2017-12-10,421.7131042480469,423.3360595703125,417.6443176269531,418.83294677734375,404.6918640136719,10792248
2017-12-11,418.7415161132813,424.7075500488281,415.1070556640625,418.5815124511719,404.4489440917969,15782031
2017-12-12,419.17584228515625,422.8560180664063,416.3414001464844,418.147216796875,404.029296875,9147866
2017-12-13,420.1358947753906,422.8331604003906,415.4499206542969,421.27880859375,407.05517578125,10983157
2017-12-14,425.6218872070313,426.5133666992188,419.5415649414063,420.478759765625,406.2821044921875,24408414
2017-12-17,416.9128723144531,426.3761901855469,394.3745727539063,421.0502014160156,406.8342590332031,18581421
2017-12-18,422.2388610839844,423.793212890625,420.5930480957031,423.3132019042969,409.0208740234375,8891691
2017-12-19,423.2903442382813,423.97607421875,419.2215576171875,419.7472839355469,405.5753173828125,10443493
2017-12-20,419.8844299316406,422.39886474609375,416.0213928222656,417.3700256347656,403.27838134765625,9071450
2017-12-21,418.147216796875,421.6902465820313,415.7013549804688,420.7759094238281,406.56927490234375,10658428
2017-12-25,422.810302734375,429.2334899902344,419.7472839355469,425.0732727050781,410.7214660644531,11596338
2017-12-26,426.5362243652344,428.5934448242188,420.1358947753906,422.3074340820313,408.049072265625,9520350
2017-12-27,422.9931640625,427.1762390136719,420.1816101074219,422.5131530761719,408.247802734375,15511891
2017-12-28,423.5646362304688,426.2161865234375,419.90728759765625,421.0730590820313,406.85638427734375,11089700
2017-12-31,421.827392578125,421.827392578125,414.8784790039063,415.9071044921875,401.8648376464844,9453202
2018-01-01,417.3928833007813,420.3873291015625,414.3755798339844,416.547119140625,402.4832458496094,9499419
2018-01-02,422.8788757324219,423.3360595703125,417.4157409667969,418.2157897949219,404.0955505371094,13507800
2018-01-03,419.7472839355469,421.41595458984375,418.6272277832031,420.7301940917969,406.5250854492188,9008932
2018-01-04,421.41595458984375,423.74749755859375,420.7073364257813,422.0788269042969,407.828125,7441284
2018-01-07,423.38177490234375,425.6218872070313,422.1931457519531,424.5018310546875,410.1693420410156,8827020
2018-01-08,424.3189392089844,431.5193176269531,422.4217224121094,430.1706848144531,415.6467895507813,14294571
2018-01-09,431.1078796386719,433.1194152832031,427.67913818359375,430.8107299804688,416.2652282714844,11727682
2018-01-10,430.5592651367188,430.9478759765625,427.4505310058594,428.707763671875,414.2332763671875,7849171
2018-01-11,431.1078796386719,435.5881042480469,428.9363403320313,433.8508605957031,419.2027282714844,15071161
2018-01-14,434.30804443359375,438.1939392089844,432.1136474609375,433.91943359375,419.2689208984375,11120925
2018-01-15,433.2565612792969,433.2565612792969,420.5930480957031,421.9416809082031,407.6956787109375,10825151
2018-01-16,423.3360595703125,424.7075500488281,414.6498718261719,422.6502990722656,408.38031005859375,13204016
2018-01-17,424.7075500488281,424.9818420410156,418.3529357910156,420.4559020996094,406.260009765625,9381821
2018-01-18,421.9645385742188,427.1762390136719,421.5531005859375,425.759033203125,411.3840942382813,9973533
2018-01-21,433.3937072753906,445.4171752929688,429.73638916015625,444.1371154785156,429.1417236328125,45700733
2018-01-22,445.7372131347656,453.0289916992188,445.7372131347656,449.5088195800781,434.3320007324219,22526810
2018-01-23,448.8230590820313,448.8230590820313,440.0911865234375,441.78271484375,426.8667602539063,14289485
2018-01-24,442.4913024902344,444.3656921386719,437.1195983886719,441.5769958496094,426.6680603027344,13669901
2018-01-28,441.7141418457031,446.7886657714844,438.5596923828125,440.93695068359375,426.049560546875,9897064
2018-01-29,441.5312805175781,441.5312805175781,433.8508605957031,434.4909057617188,419.8211669921875,9182956
2018-01-30,434.30804443359375,440.93695068359375,430.4449768066406,439.4740295410156,424.6360168457031,12551686
2018-01-31,440.3655090332031,444.6399841308594,428.1820068359375,431.4964599609375,416.92779541015625,16524809
2018-02-01,427.4505310058594,431.5421752929688,411.9068908691406,413.4383850097656,399.47943115234375,28965593
2018-02-04,408.7067260742188,417.164306640625,403.1293029785156,412.4326171875,398.5076293945313,19191099
2018-02-05,400.9349060058594,410.535400390625,398.19189453125,407.8381042480469,394.0682067871094,24062503
2018-02-06,412.6155090332031,413.9184265136719,406.8780517578125,408.88958740234375,395.084228515625,15532284
2018-02-07,410.48968505859375,416.3185424804688,407.952392578125,413.5298156738281,399.5677795410156,13825894
2018-02-08,406.4208984375,412.3640441894531,405.0493774414063,410.4668273925781,396.6082458496094,11580639
2018-02-11,412.82122802734375,419.7701416015625,412.3869018554688,418.5357971191406,404.4047546386719,11877059
2018-02-13,421.9645385742188,430.8793029785156,421.0502014160156,426.8333740234375,412.4222106933594,22247829
2018-02-14,428.66204833984375,432.3650817871094,424.3189392089844,427.7477111816406,413.3056640625,13363743
2018-02-15,429.5534973144531,430.9250183105469,419.7244262695313,421.1873779296875,406.966796875,9628162
2018-02-18,421.0502014160156,426.07904052734375,417.6443176269531,423.793212890625,409.4847106933594,8941900
2018-02-19,424.7075500488281,424.958984375,420.0444641113281,421.0959167480469,406.8783874511719,8458450
2018-02-20,425.1647033691406,426.3076171875,421.5759582519531,424.8675537109375,410.5227355957031,11917390
2018-02-21,421.5073852539063,425.6218872070313,420.5930480957031,422.5817260742188,408.3140869140625,11196908
2018-02-22,423.0617370605469,428.8220520019531,421.8502502441406,427.107666015625,412.6871948242188,10610664
2018-02-25,429.2792053222656,431.97650146484375,428.1820068359375,429.1420593261719,414.6529235839844,8435611
2018-02-26,429.2792053222656,436.9595947265625,428.9820556640625,434.53662109375,419.86529541015625,14021366
2018-02-27,432.4565124511719,437.5539245605469,431.1993103027344,436.3881530761719,421.65435791015625,56650480
2018-02-28,434.1937561035156,438.833984375,432.4565124511719,433.5765686035156,418.9376831054688,8956590
2018-03-04,431.1078796386719,434.3766174316406,421.3245239257813,422.4674377441406,408.2036437988281,12325694
2018-03-05,424.7075500488281,427.9991455078125,413.7812805175781,416.4099731445313,402.3507080078125,16019726
2018-03-06,415.6784973144531,415.6784973144531,405.986572265625,406.7637634277344,393.03021240234375,15853546
2018-03-07,410.3753662109375,418.0786437988281,408.38671875,416.6842651367188,402.61572265625,13283967
2018-03-08,418.2615051269531,420.2958984375,416.50140380859375,417.4385986328125,403.3446044921875,10638527
2018-03-11,420.5930480957031,426.5819396972656,419.4729919433594,425.3018493652344,410.9423522949219,8315150
2018-03-12,426.0333251953125,427.90771484375,421.2102355957031,426.0104675292969,411.6270751953125,11148731
2018-03-13,424.6161193847656,426.1018981933594,420.2273254394531,424.73040771484375,410.3902587890625,14724464
2018-03-14,422.8788757324219,424.9132690429688,416.0213928222656,416.8442687988281,402.7703247070313,12711836
2018-03-15,415.564208984375,415.8842468261719,405.072265625,411.47259521484375,397.580078125,30814962
2018-03-18,411.9068908691406,414.6041564941406,407.7923889160156,409.3924865722656,395.5701599121094,12630833
2018-03-19,408.38671875,413.27838134765625,405.5294189453125,406.78662109375,393.0522766113281,15192983
2018-03-20,409.0953063964844,412.5240478515625,408.38671875,410.0325012207031,396.1885681152344,14715126
2018-03-21,409.6210632324219,416.9128723144531,409.50677490234375,415.1756286621094,401.1580505371094,22129723
2018-03-22,407.15234375,411.44970703125,406.4666137695313,408.6610107421875,394.8633728027344,23469999
2018-03-25,408.6838684082031,413.41552734375,408.0209655761719,411.9526062011719,398.0438537597656,13227705
2018-03-26,414.7413330078125,416.3642578125,410.0782165527344,411.3582763671875,397.4695739746094,15179544
2018-03-27,409.5296325683594,409.552490234375,402.306396484375,403.5407409667969,389.916015625,19160609
2018-04-01,408.2495422363281,411.884033203125,405.2779846191406,408.2266845703125,394.4437255859375,12494499
2018-04-02,407.3352355957031,412.2268981933594,404.7065124511719,411.2439880371094,397.3591613769531,13922126
2018-04-03,413.598388671875,416.8442687988281,407.8152465820313,409.1181640625,395.3050842285156,14214534
2018-04-04,413.7812805175781,416.0213928222656,413.0498046875,415.198486328125,401.1801452636719,8527915
2018-04-05,415.1070556640625,419.90728759765625,413.7355651855469,416.4785461425781,402.4169921875,9664888
2018-04-08,417.1871643066406,420.1358947753906,417.1871643066406,418.7643737792969,404.6256103515625,7813897
2018-04-09,419.861572265625,422.3760070800781,417.9186401367188,419.2444152832031,405.0894165039063,8455132
2018-04-10,421.41595458984375,426.4219055175781,418.7872314453125,425.5533142089844,411.1853332519531,13140816
2018-04-11,425.09613037109375,428.2048645019531,422.5131530761719,424.5704040527344,410.2356262207031,10822592
2018-04-12,426.3990478515625,430.5135498046875,424.5704040527344,429.2106323242188,414.7191467285156,12616816
2018-04-15,427.1990966796875,429.73638916015625,424.4789733886719,428.3877258300781,413.9240417480469,8934275
2018-04-16,429.73638916015625,433.0279846191406,427.90771484375,431.6793212890625,417.1045227050781,9599816
2018-04-17,432.1365051269531,433.4851379394531,427.473388671875,428.8220520019531,414.3436584472656,7360987
2018-04-18,429.3249206542969,432.022216796875,427.4505310058594,430.7878723144531,416.2431640625,9802587
2018-04-19,428.8220520019531,430.5821228027344,421.14166259765625,424.2046508789063,409.8822021484375,7326696
2018-04-22,425.1647033691406,431.72503662109375,424.4789733886719,427.90771484375,413.4602355957031,7674482
2018-04-23,427.8162841796875,446.0572204589844,427.4505310058594,443.4742126464844,428.501220703125,19921115
2018-04-24,445.1200256347656,448.8459167480469,440.5026550292969,443.6799621582031,428.6999816894531,14079382
2018-04-25,444.8228759765625,451.6803588867188,439.9083251953125,445.897216796875,430.8423767089844,34096999
2018-04-26,452.5032653808594,462.1951904296875,450.5374450683594,455.474853515625,440.0965881347656,25518647
2018-04-29,448.9373779296875,453.7833251953125,438.8796997070313,440.3883666992188,425.51947021484375,19406069
2018-05-01,442.0798645019531,447.65728759765625,441.1883850097656,444.6857299804688,429.6717529296875,13381914
2018-05-02,447.06298828125,447.06298828125,438.5368347167969,439.6111755371094,424.76861572265625,8634812
2018-05-03,440.1826171875,441.02838134765625,434.30804443359375,436.1138610839844,421.3893432617188,8302649
2018-05-06,438.3539733886719,444.9371643066406,437.2110595703125,443.9085388183594,428.9208068847656,7683268
2018-05-07,446.880126953125,448.9373779296875,441.2569580078125,442.1255798339844,427.1980895996094,10792648
2018-05-08,441.5769958496094,449.9888305664063,439.9083251953125,446.5143737792969,431.4386901855469,9831044
2018-05-09,448.0230407714844,450.1260070800781,445.3943176269531,448.54876708984375,433.4044494628906,8781584
2018-05-10,448.594482421875,453.1889953613281,446.9944152832031,452.2518310546875,436.9823913574219,8774740
2018-05-13,453.4861755371094,453.4861755371094,446.5143737792969,451.0403137207031,435.8118286132813,5642499
2018-05-14,449.4173889160156,457.1663513183594,446.4915161132813,447.5429992675781,432.4325866699219,10501479
2018-05-15,445.280029296875,445.280029296875,435.4281005859375,437.1195983886719,422.3611145019531,18840763
2018-05-16,438.5825500488281,438.8796997070313,430.422119140625,432.1822204589844,417.5904541015625,10353948
2018-05-17,432.2965087890625,435.9081115722656,426.07904052734375,426.9248046875,412.5104675292969,11440117
2018-05-20,425.5075988769531,427.77056884765625,421.5531005859375,425.7818908691406,411.4062194824219,14491208
2018-05-21,426.6047973632813,426.9933776855469,422.8788757324219,423.6789245605469,409.3742370605469,11310073
2018-05-22,423.3360595703125,423.3360595703125,415.6327819824219,417.0500183105469,402.96917724609375,9991028
2018-05-23,417.85003662109375,421.0502014160156,416.0899658203125,418.69580078125,404.559326171875,11632489
2018-05-24,418.7643737792969,422.14739990234375,418.0557861328125,420.9587707519531,406.7459106445313,17782410
2018-05-27,422.8331604003906,423.793212890625,419.7244262695313,420.7759094238281,406.56927490234375,11369679
2018-05-28,421.27880859375,424.2503662109375,418.0329284667969,419.4272766113281,405.2661743164063,17878384
2018-05-29,418.2386474609375,422.0559692382813,414.4670104980469,418.8100891113281,404.6697998046875,13105124
2018-05-30,421.0502014160156,421.64453125,418.10150146484375,421.2102355957031,406.9888610839844,37080158
2018-05-31,420.5930480957031,427.7934265136719,419.8844299316406,425.4161682128906,411.0528259277344,19174278
2018-06-03,426.7190856933594,431.5650329589844,425.4161682128906,430.1249694824219,415.60260009765625,12250151
2018-06-04,431.0164489746094,436.5938720703125,430.1935424804688,433.2337036132813,418.6064147949219,17436812
2018-06-05,432.9365539550781,437.051025390625,430.9478759765625,436.319580078125,421.5881042480469,9164022
2018-06-06,436.5481567382813,446.1943664550781,436.3424377441406,444.0685424804688,429.075439453125,14999572
2018-06-07,441.78271484375,451.0174560546875,439.1539916992188,450.01171875,434.8179321289063,14289325
2018-06-10,451.2689208984375,457.14349365234375,447.5887145996094,449.2345275878906,434.0670166015625,15018718
2018-06-11,449.577392578125,457.1663513183594,448.1601867675781,455.8634338378906,440.4720764160156,16285583
2018-06-12,457.1663513183594,459.8636474609375,452.3661193847656,458.3092651367188,442.8353271484375,12962502
2018-06-13,456.0005798339844,462.5609130859375,451.4060668945313,460.80084228515625,445.2428283691406,11997529
2018-06-14,459.9093627929688,467.9097595214844,456.823486328125,463.6581115722656,448.0036315917969,24705890
2018-06-17,461.1894226074219,466.5154113769531,460.3665161132813,464.2752990722656,448.5999450683594,12363932
2018-06-18,463.5209655761719,463.9324340820313,454.2633361816406,455.3605651855469,439.9861755371094,13881382
2018-06-19,455.3376770019531,467.6354675292969,454.81195068359375,465.966796875,450.23431396484375,15735681
2018-06-20,467.8869018554688,473.6243591308594,466.9039916992188,471.7728271484375,455.8442993164063,22988909
2018-06-21,470.1498718261719,470.515625,461.0294189453125,462.8809509277344,447.2526550292969,35370008
2018-06-24,462.3780517578125,464.7095947265625,458.21783447265625,459.2007446289063,443.6967468261719,11369371
2018-06-25,459.9093627929688,459.9093627929688,445.85150146484375,447.5429992675781,432.4325866699219,17649122
2018-06-26,447.3372802734375,450.4917297363281,440.1140441894531,441.55413818359375,429.4979248046875,19595831
2018-06-27,439.7940368652344,442.765625,429.87353515625,431.9993591308594,420.2040100097656,18770484
2018-06-28,433.8965759277344,445.9657897949219,433.8508605957031,444.5714111328125,432.4328002929688,17425606
2018-07-01,444.5256958007813,444.5256958007813,437.5082092285156,439.1539916992188,427.163330078125,14570004
2018-07-02,441.16552734375,447.3144226074219,439.0397033691406,444.0456848144531,431.9214172363281,11084063
2018-07-03,444.2742614746094,453.509033203125,443.9085388183594,452.6404113769531,440.2815246582031,10938521
2018-07-04,455.79486083984375,461.0065612792969,438.23968505859375,440.93695068359375,428.8975830078125,40946479
2018-07-05,441.0512390136719,449.39453125,440.93695068359375,446.9029846191406,434.7007141113281,20039239
2018-07-08,451.2689208984375,457.1663513183594,449.62310791015625,455.840576171875,443.3942565917969,11309207
2018-07-09,458.4235534667969,470.1955871582031,457.1663513183594,468.91552734375,456.11224365234375,22846197
2018-07-10,468.5955200195313,475.8644714355469,465.3267822265625,474.9044189453125,461.9376220703125,18953870
2018-07-11,477.4416809082031,502.4258117675781,476.6416320800781,494.8139953613281,481.3035583496094,52736376
2018-07-12,493.96826171875,506.99749755859375,493.7396545410156,502.7915649414063,489.0632934570313,39301408
2018-07-15,502.7915649414063,506.9517822265625,490.5623474121094,492.00244140625,478.56878662109375,14427529
2018-07-16,492.9624938964844,501.0314636230469,488.9851379394531,499.38568115234375,485.75042724609375,14150770
2018-07-17,502.1515197753906,504.9859619140625,492.50531005859375,499.4771118164063,485.8393859863281,10241565
2018-07-18,499.8199768066406,509.740478515625,496.6426696777344,505.1002502441406,491.3089294433594,11885426
2018-07-19,509.009033203125,520.48388671875,508.3232727050781,515.9808349609375,501.8924560546875,17538801
2018-07-22,516.5065307617188,516.5065307617188,508.8718872070313,512.1634521484375,498.1793212890625,12779803
2018-07-23,512.940673828125,515.1121826171875,506.2660217285156,507.8889770507813,494.02154541015625,9775749
2018-07-24,507.4546508789063,513.3978271484375,504.8031005859375,509.8090515136719,495.8891906738281,13014255
2018-07-25,507.5003662109375,512.7120971679688,506.4488830566406,507.7518005371094,493.88812255859375,14053674
2018-07-26,511.7977294921875,519.9810180664062,508.43756103515625,516.5294189453125,502.4260559082031,14610585
2018-07-29,516.5979614257812,529.07861328125,515.6836547851562,526.38134765625,512.009033203125,30344461
2018-07-30,526.198486328125,544.2108154296875,524.4384155273438,542.1992797851562,527.39501953125,30350826
2018-07-31,544.2108154296875,549.9254150390625,541.9249877929688,545.102294921875,530.2188720703125,21227054
2018-08-01,544.7137451171875,544.7137451171875,533.0331420898438,534.1303100585938,519.5463256835938,13668930
2018-08-02,537.1704711914062,541.056396484375,534.6788940429688,538.0619506835938,523.3707275390625,14536058
2018-08-05,537.9476318359375,546.7709350585938,537.3305053710938,545.2166137695312,530.3300170898438,8785462
2018-08-06,546.26806640625,549.2396850585938,538.0847778320312,541.3764038085938,526.5946655273438,8879612
2018-08-07,541.7421264648438,558.8858642578125,541.7421264648438,556.6914672851562,541.491455078125,17307566
2018-08-08,558.4287109375,563.091796875,554.0856323242188,556.8057861328125,541.6027221679688,14976885
2018-08-09,553.6284790039062,555.4571533203125,549.651123046875,550.5197143554688,535.48828125,7833494
2018-08-12,547.4795532226562,548.5767822265625,540.690673828125,542.9765014648438,528.1510009765625,10211072
2018-08-13,544.0279541015625,556.462890625,541.422119140625,553.4456176757812,538.3343505859375,11592139
2018-08-15,550.08544921875,555.914306640625,546.5423583984375,548.96533203125,533.976318359375,13086024
2018-08-16,552.714111328125,555.6400146484375,548.6224975585938,550.3140258789062,535.2882080078125,8379864
2018-08-19,552.2112426757812,565.42333984375,552.096923828125,564.5547485351562,549.14013671875,16639535
2018-08-20,565.6290893554688,572.1436767578125,560.943115234375,570.1778564453125,554.6096801757812,15923396
2018-08-22,569.7664184570312,582.429931640625,566.1548461914062,580.349853515625,564.50390625,17429373
2018-08-23,578.4297485351562,585.1500854492188,576.052490234375,584.030029296875,568.0836791992188,14550512
2018-08-26,584.8986206054688,592.4190063476562,584.6015014648438,590.4303588867188,574.3092041015625,12188510
2018-08-27,592.4876098632812,604.8311157226562,592.0304565429688,603.00244140625,586.5379638671875,19018790
2018-08-28,601.76806640625,607.5740966796875,589.8360595703125,591.6646728515625,575.5098266601562,24230135
2018-08-29,591.390380859375,593.0133666992188,580.8070068359375,582.6356811523438,566.7273559570312,21545859
2018-08-30,580.6012573242188,580.6012573242188,565.3319091796875,567.640625,552.1417236328125,33479841
2018-09-02,569.172119140625,575.069580078125,560.5087890625,561.926025390625,546.5831909179688,26686176
2018-09-03,564.6690063476562,573.65234375,561.8574829101562,567.7777709960938,552.2750854492188,19333815
2018-09-04,568.0291748046875,572.66943359375,552.4855346679688,560.943115234375,545.6270751953125,22584608
2018-09-05,562.3831787109375,578.6354370117188,560.1887817382812,576.6696166992188,560.9242553710938,24487897
2018-09-06,578.2697143554688,585.7901000976562,573.5151977539062,584.5328979492188,568.5726928710938,23389269
2018-09-09,582.8870849609375,583.8014526367188,571.503662109375,574.1323852539062,558.4561767578125,15440786
2018-09-10,575.5724487304688,579.8698120117188,564.257568359375,565.8347778320312,550.3851928710938,23787332
2018-09-11,572.2808227539062,575.435302734375,561.7888793945312,572.6008911132812,556.9666137695312,17642490
2018-09-13,575.7553100585938,583.161376953125,570.3836059570312,572.8980102539062,557.2555541992188,17233514
2018-09-16,571.8008422851562,571.8008422851562,558.4744262695312,560.4402465820312,545.1378784179688,14773803
2018-09-17,560.4859619140625,566.6119995117188,555.1599731445312,556.4400024414062,541.2469482421875,16660044
2018-09-18,559.5715942382812,559.5715942382812,549.0568237304688,553.51416015625,538.4009399414062,24642640
2018-09-20,557.2857666015625,565.6976318359375,541.056396484375,556.6000366210938,541.402587890625,41713856
2018-09-23,555.2056884765625,566.840576171875,550.6568603515625,563.2518310546875,547.8727416992188,22098277
2018-09-24,564.8290405273438,569.172119140625,546.3137817382812,562.5889282226562,547.2279052734375,21250513
2018-09-25,566.4291381835938,573.2637329101562,561.01171875,572.0979614257812,556.477294921875,13992341
2018-09-26,573.7437744140625,577.401123046875,565.7433471679688,573.1723022460938,557.5223999023438,23642923
2018-09-27,575.98388671875,581.3784790039062,570.2235717773438,575.0924072265625,559.3900756835938,24220992
2018-09-30,574.9781494140625,574.9781494140625,550.4282836914062,563.091796875,547.7171020507812,16039441
2018-10-02,562.0860595703125,566.7034301757812,548.6224975585938,550.93115234375,535.8885498046875,16135428
2018-10-03,543.7993774414062,544.2108154296875,505.6259765625,513.054931640625,499.0464477539063,50774608
2018-10-04,502.6544189453125,509.8776245117188,474.6072387695313,479.4989318847656,466.40667724609375,47998260
2018-10-07,480.0246887207031,510.6548156738281,468.8469543457031,507.1803588867188,493.3323059082031,53983473
2018-10-08,512.7806396484375,513.5349731445312,494.2882690429688,498.3341979980469,484.7276611328125,24042005
2018-10-09,500.0942687988281,510.1290893554688,495.7054748535156,503.8430480957031,490.0860900878906,20784941
2018-10-10,486.4250183105469,509.6261901855469,476.8245239257813,497.3055725097656,483.7271118164063,28926389
2018-10-11,505.1459655761719,516.1408081054688,503.7516174316406,515.020751953125,500.9585876464844,19814528
2018-10-14,516.55224609375,524.3240966796875,511.1805725097656,521.0553588867188,506.8284606933594,19406012
2018-10-15,523.9126586914062,533.6959838867188,521.1696166992188,532.0502319335938,517.5231323242188,16358598
2018-10-16,538.9991455078125,539.1591186523438,521.1696166992188,526.3356323242188,511.9645385742188,27967162
2018-10-18,502.8829956054688,507.9118347167969,489.28228759765625,503.477294921875,489.7303466796875,55606079
2018-10-21,507.4546508789063,509.6490478515625,483.3848571777344,485.8078308105469,472.5433044433594,28798142
2018-10-22,481.2818908691406,486.7450256347656,477.1216735839844,482.1733703613281,469.0080871582031,23128845
2018-10-23,491.4081115722656,491.8881530761719,471.5213928222656,478.0817260742188,465.0281677246094,29869514
2018-10-24,473.6243591308594,475.7501831054688,464.6638793945313,471.2470703125,458.3800964355469,30833933
2018-10-25,472.2071228027344,483.224853515625,467.2240295410156,477.693115234375,464.650146484375,20085933
2018-10-28,478.1960144042969,500.0714111328125,478.1960144042969,497.3055725097656,483.7271118164063,16781215
2018-10-29,496.2540893554688,496.2540893554688,480.9847106933594,483.224853515625,470.0308532714844,19263668
2018-10-30,484.13916015625,487.270751953125,478.6531677246094,485.1677856445313,471.9207153320313,35999348
2018-10-31,488.20794677734375,488.20794677734375,480.0246887207031,482.8819580078125,469.6973571777344,20552752
2018-11-01,487.7965087890625,494.1968383789063,486.0364074707031,491.4081115722656,477.9906921386719,36739798
2018-11-04,490.7452392578125,499.5456848144531,486.8821716308594,498.448486328125,484.8388366699219,16585905
2018-11-05,500.1399841308594,508.3689880371094,499.0427856445313,504.7573852539063,490.9754638671875,18886485
2018-11-06,509.740478515625,509.740478515625,505.9460144042969,507.774658203125,493.9103393554688,2808599
2018-11-08,505.74029541015625,509.19189453125,496.0255126953125,499.8885498046875,486.2395324707031,23712291
2018-11-11,501.8315124511719,502.3343811035156,491.24810791015625,493.7396545410156,480.2585754394531,12690610
2018-11-12,490.9966735839844,504.2544860839844,489.19085693359375,502.6315612792969,488.9076843261719,14899604
2018-11-13,505.1916809082031,508.6661376953125,496.2540893554688,501.94580078125,488.24066162109375,17034346
2018-11-14,501.4886474609375,504.2544860839844,496.7112426757813,501.4429321289063,487.7515258789063,14943663
2018-11-15,501.94580078125,516.5751342773438,501.5572204589844,515.4093627929688,501.3365783691406,24131016
2018-11-18,517.9237670898438,526.5184936523438,517.05517578125,525.7413330078125,511.3864440917969,15987574
2018-11-19,523.4555053710938,528.4385986328125,516.5979614257812,519.9810180664062,505.7834167480469,12511640
2018-11-20,520.0267333984375,523.68408203125,506.1060180664063,508.7804260253906,494.888671875,16422494
2018-11-21,509.5119018554688,514.47216796875,502.9287109375,504.1859130859375,490.4196166992188,12670591
2018-11-25,506.99749755859375,510.8833923339844,501.6943664550781,507.3403625488281,493.4879455566406,13969873
2018-11-26,506.4945983886719,516.5979614257812,505.3745422363281,515.7750854492188,501.6922912597656,14896607
2018-11-27,517.718017578125,529.2843627929688,514.906494140625,526.9528198242188,512.5648803710938,17507771
2018-11-28,530.7701416015625,539.4105834960938,530.31298828125,534.1989135742188,519.6131591796875,27640198
2018-11-29,535.9360961914062,542.1992797851562,531.3644409179688,533.7645874023438,519.1907348632812,23443212
2018-12-02,537.124755859375,537.124755859375,525.0555419921875,528.6900634765625,514.254638671875,12182825
2018-12-03,529.3986206054688,529.3986206054688,522.1754150390625,526.7927856445312,512.4091796875,11358720
2018-12-04,522.884033203125,529.764404296875,520.849609375,528.095703125,513.6765747070312,12729759
2018-12-05,525.2841186523438,525.2841186523438,511.2262878417969,513.6950073242188,499.6690368652344,12831451
2018-12-06,516.3465576171875,519.7752685546875,506.7003173828125,518.335205078125,504.1824951171875,15779984
2018-12-09,507.4546508789063,509.4204711914063,495.1568908691406,498.4256286621094,484.8165893554688,20521072
2018-12-10,487.3393249511719,503.8430480957031,482.3105163574219,501.762939453125,488.0627746582031,29518062
2018-12-11,502.4258117675781,509.05474853515625,497.28271484375,507.6832275390625,493.8214111328125,27572962
2018-12-12,515.6836547851562,515.6836547851562,500.6200256347656,506.1060180664063,492.2873229980469,20337275
2018-12-13,504.3002014160156,509.69476318359375,499.13421630859375,508.4604187011719,494.5774230957031,15795834
2018-12-16,510.1748046875,517.969482421875,508.1404113769531,516.55224609375,502.4483337402344,11077711
2018-12-17,513.5349731445312,520.7124633789062,512.2548828125,519.5238647460938,505.3387451171875,12841994
2018-12-18,521.8554077148438,524.5069580078125,518.0609130859375,519.7067260742188,505.5166320800781,16118419
2018-12-19,512.4834594726562,517.7409057617188,510.2662353515625,515.889404296875,501.8035278320313,12609700
2018-12-20,514.3121337890625,517.16943359375,501.0543212890625,502.9744262695313,489.2412109375,18115814
2018-12-23,503.29443359375,504.3459167480469,496.7341003417969,497.9227294921875,484.3274230957031,9065704
2018-12-25,496.3912353515625,502.8829956054688,487.1793212890625,502.128662109375,488.4185180664063,15771193
2018-12-26,506.1745910644531,515.2265014648438,504.711669921875,512.1177368164062,498.13482666015625,27294221
2018-12-27,514.5407104492188,518.9981079101562,512.5748901367188,514.5635986328125,500.5139465332031,16768547
2018-12-30,517.0322875976562,518.3580932617188,510.2890930175781,512.5977783203125,498.6017761230469,15799099
2018-12-31,514.4264526367188,515.3636474609375,507.5003662109375,512.4834594726562,498.4906005859375,9746670
2019-01-01,509.5119018554688,515.2265014648438,503.3401489257813,505.8088684082031,491.9982299804688,15628818
2019-01-02,506.3117370605469,509.5576171875,498.3570556640625,499.5685424804688,485.9282836914063,16288287
2019-01-03,501.6943664550781,504.9173889160156,494.2425537109375,502.2658081054688,488.5519104003906,18516544
2019-01-06,506.0831604003906,511.3177185058594,503.3401489257813,505.0545349121094,491.2644653320313,12060290
2019-01-07,505.2145385742188,507.4317932128906,501.0543212890625,505.0088195800781,491.2200012207031,12304389
2019-01-08,508.3689880371094,510.6548156738281,502.2886657714844,507.7975158691406,493.9325866699219,12614237
2019-01-09,506.426025390625,507.9118347167969,504.2544860839844,506.3117370605469,492.48736572265625,8925160
2019-01-10,506.3574523925781,509.19189453125,497.6712951660156,501.9915161132813,488.2851257324219,14139060
2019-01-13,500.59716796875,503.111572265625,496.66552734375,501.4200744628906,487.7292785644531,8994060
2019-01-14,505.1688232421875,517.5123291015625,505.1688232421875,516.43798828125,502.3371276855469,22011407
2019-01-15,518.8837890625,523.4555053710938,516.7579956054688,519.2952880859375,505.1164245605469,13961606
2019-01-16,523.2040405273438,524.78125,516.5979614257812,518.6323852539062,504.4716796875,16379077
2019-01-17,525.1926879882812,543.9822387695312,518.9981079101562,541.4449462890625,526.6613159179688,56181172
2019-01-20,545.8566284179688,566.8634033203125,543.4107666015625,565.8347778320312,550.3851928710938,48206814
2019-01-21,563.6175537109375,570.0635986328125,557.56005859375,564.6690063476562,549.2513427734375,36207430
2019-01-22,563.8232421875,568.806396484375,558.6572875976562,560.6231079101562,545.3157348632812,19313542
2019-01-23,560.02880859375,572.9208984375,557.7886962890625,570.2921752929688,554.7208862304688,28775487
2019-01-24,571.6636962890625,578.1782836914062,564.7833251953125,569.6292724609375,554.0760498046875,18703992
2019-01-27,571.6865234375,574.1781005859375,558.8401489257812,562.10888671875,546.7609252929688,18744303
2019-01-28,562.7717895507812,563.0689697265625,549.216796875,553.4684448242188,538.3565673828125,20405845
2019-01-29,555.4571533203125,560.02880859375,544.5308227539062,546.6337890625,531.70849609375,17164298
2019-01-30,549.5139770507812,562.177490234375,549.0568237304688,561.01171875,545.69384765625,22279301
2019-01-31,564.143310546875,573.7437744140625,560.9660034179688,571.43505859375,555.8326416015625,20187323
2019-02-03,570.08642578125,592.9219360351562,567.823486328125,590.1560668945312,574.0424194335938,25528059
2019-02-04,590.658935546875,596.3278198242188,584.5328979492188,590.4531860351562,574.3313598632812,20479210
2019-02-05,592.6018676757812,602.38525390625,591.6875610351562,599.002197265625,582.6470947265625,20586783
2019-02-06,599.002197265625,604.0081787109375,587.961669921875,589.927490234375,573.820068359375,20150710
2019-02-07,587.3673095703125,594.5448608398438,581.6298828125,584.1214599609375,568.172607421875,14230054
2019-02-10,583.298583984375,583.3442993164062,571.9151000976562,572.9437255859375,557.2999877929688,16457901
2019-02-11,572.1436767578125,581.6755981445312,572.1436767578125,574.3837890625,558.7008056640625,13998153
2019-02-13,567.3434448242188,567.3434448242188,556.82861328125,559.6630249023438,544.3820190429688,14496604
2019-02-14,562.2003173828125,571.4122314453125,554.9999389648438,568.920654296875,553.3868408203125,20994460
2019-02-17,571.4579467773438,572.6008911132812,555.4571533203125,557.7886962890625,542.5589599609375,21106139
2019-02-18,556.82861328125,566.7491455078125,553.7199096679688,555.9600219726562,540.7801513671875,13658461
2019-02-19,559.5030517578125,566.8862915039062,557.2857666015625,564.3032836914062,548.8955688476562,13776558
2019-02-20,565.0576171875,575.0238647460938,562.0174560546875,570.0407104492188,554.4762573242188,23142949
2019-02-21,568.9892578125,569.3092651367188,560.4859619140625,563.3889770507812,548.006103515625,19152470
2019-02-24,565.0576171875,568.2578125,558.0401000976562,563.3660888671875,547.98388671875,17176522
2019-02-25,552.9426879882812,564.509033203125,551.3426513671875,557.8572387695312,542.62548828125,22160532
2019-02-26,561.4231567382812,569.1264038085938,552.714111328125,559.343017578125,544.0706787109375,24308835
2019-02-27,564.0289916992188,566.8176879882812,560.7373657226562,562.7946166992188,547.4280395507812,24688859
2019-02-28,565.5147705078125,567.9606323242188,558.7716064453125,560.5087890625,545.2046508789062,17329606
2019-03-04,559.2973022460938,566.7948608398438,557.1029052734375,565.8119506835938,550.363037109375,15577500
2019-03-05,566.7948608398438,582.0184936523438,564.6461791992188,578.2239990234375,562.4361572265625,26332276
2019-03-06,577.8582763671875,585.0814819335938,575.183837890625,580.715576171875,564.859619140625,17738092
2019-03-07,578.7954711914062,582.6356811523438,576.9439697265625,579.2755126953125,563.458984375,13211934
2019-03-10,580.6241455078125,599.80224609375,579.6869506835938,596.190673828125,579.9122314453125,21258869
2019-03-11,602.0423583984375,609.8599243164062,600.8308715820312,608.6484375,592.0298461914062,24561597
2019-03-12,611.2314453125,621.7462158203125,607.1626586914062,615.9402465820312,599.1226196289062,24577591
2019-03-13,617.060302734375,622.6605834960938,610.8199462890625,613.3115234375,596.5656127929688,22753310
2019-03-14,614.8887329101562,621.1976318359375,599.4365234375,604.2139282226562,587.7164916992188,34764353
2019-03-17,608.4884033203125,620.80908203125,607.5740966796875,617.1974487304688,600.3455200195312,22104063
2019-03-18,621.7462158203125,630.8895874023438,614.0201416015625,629.3123779296875,612.1295166015625,21448030
2019-03-19,629.8837890625,634.546875,623.5748901367188,628.8094482421875,611.6404418945312,21639437
2019-03-21,627.4608154296875,631.301025390625,611.0942993164062,613.4029541015625,596.6546630859375,25078643
2019-03-24,608.3055419921875,611.162841796875,601.950927734375,605.4939575195312,588.9615478515625,17394088
2019-03-25,608.1683959960938,627.0493774414062,608.03125,625.0607299804688,607.994140625,20734876
2019-03-26,629.952392578125,629.952392578125,614.5458984375,616.8317260742188,599.9896850585938,22079870
2019-03-27,617.2888793945312,626.2265014648438,613.8829956054688,621.7462158203125,604.7701416015625,22930248
2019-03-31,626.3179321289062,643.1416015625,622.9120483398438,636.3070068359375,618.9332885742188,22088854
2019-04-01,639.1185913085938,641.4501342773438,630.935302734375,635.3240966796875,617.9771728515625,17526740
2019-04-02,636.7184448242188,641.4044189453125,627.2322387695312,628.6951904296875,611.529296875,17169813
2019-04-03,630.4324340820312,632.5811157226562,615.9173583984375,618.5689697265625,601.6795043945312,18320845
2019-04-04,622.1805419921875,623.5291748046875,613.9744262695312,618.95751953125,602.0574340820312,14717266
2019-04-07,619.9176025390625,620.6033325195312,605.151123046875,607.6883544921875,591.0960083007812,19081843
2019-04-08,607.5283813476562,612.9229125976562,603.916748046875,610.065673828125,593.4083251953125,20774977
2019-04-09,611.6657104492188,616.26025390625,606.43115234375,608.6712646484375,592.0520629882812,16651949
2019-04-10,609.3798828125,618.5460815429688,607.5740966796875,615.711669921875,598.9002685546875,12558520
2019-04-11,617.174560546875,620.3290405273438,611.0714111328125,614.0201416015625,597.2549438476562,12948769
2019-04-14,614.8887329101562,616.694580078125,610.3170776367188,612.6715087890625,595.9430541992188,9285737
2019-04-15,614.8887329101562,621.7462158203125,612.6029052734375,614.3173217773438,597.5438842773438,17360317
2019-04-17,628.603759765625,635.346923828125,624.0321044921875,633.6097412109375,616.3096313476562,39286534
2019-04-21,621.7462158203125,624.9464111328125,613.1972045898438,615.0487670898438,598.2554321289062,23607922
2019-04-22,616.26025390625,627.6893920898438,615.345947265625,623.50634765625,606.4820556640625,19807450
2019-04-23,626.455078125,637.6556396484375,624.603515625,635.232666015625,617.8882446289062,16101112
2019-04-24,635.0498046875,645.7017822265625,622.9348754882812,627.4151000976562,610.2841796875,30469914
2019-04-25,628.603759765625,638.181396484375,626.637939453125,636.7412719726562,619.3556518554688,15069884
2019-04-29,638.3870849609375,638.3870849609375,624.85498046875,636.7412719726562,619.3556518554688,22348580
2019-05-01,636.3755493164062,646.3875122070312,631.849609375,642.3416137695312,624.8031005859375,18992003
2019-05-02,643.6673583984375,648.0333251953125,641.244384765625,644.0787963867188,626.492919921875,14240262
2019-05-05,639.1185913085938,641.31298828125,630.0209350585938,633.1296997070312,615.8427124023438,15832114
2019-05-06,637.6556396484375,637.7470703125,612.6943359375,614.2030029296875,597.4328002929688,19417647
2019-05-07,612.6029052734375,612.6029052734375,590.7503662109375,594.0648193359375,577.844482421875,31958919
2019-05-08,589.1959838867188,589.1959838867188,572.2579956054688,574.4066772460938,558.7230834960938,42670173
2019-05-09,578.3154296875,584.1214599609375,569.172119140625,571.9837036132812,556.3662109375,24557430
2019-05-12,570.4979248046875,576.3953247070312,561.1716918945312,563.2518310546875,547.8727416992188,17603659
2019-05-13,565.2861938476562,580.3041381835938,563.0003662109375,576.2353515625,560.5018310546875,28438234
2019-05-14,581.9727783203125,584.2586059570312,571.7322387695312,574.6123657226562,558.923095703125,24419559
2019-05-15,576.0067749023438,581.4699096679688,575.1610107421875,578.4754638671875,562.6807250976562,14451308
2019-05-16,579.2297973632812,583.778564453125,572.3722534179688,579.4126586914062,563.5924072265625,17276949
2019-05-19,600.5337524414062,611.5514526367188,595.9163208007812,606.1568603515625,589.6062622070312,26979100
2019-05-20,609.0370483398438,624.9464111328125,608.0541381835938,612.511474609375,595.7874145507812,30343560
2019-05-21,615.1859130859375,621.6090698242188,610.36279296875,612.7857666015625,596.05419921875,24689918
2019-05-22,627.2322387695312,636.3755493164062,605.7454223632812,609.814208984375,593.1638793945312,38766006
2019-05-23,616.26025390625,618.9118041992188,601.8594970703125,611.162841796875,594.4755859375,22269265
2019-05-26,611.2771606445312,611.4600219726562,597.5164184570312,599.18505859375,582.8248901367188,16076686
2019-05-27,603.3681640625,610.2256469726562,600.41943359375,605.1739501953125,588.6502685546875,42594251
2019-05-28,603.916748046875,609.5399169921875,596.2135009765625,600.2822875976562,583.89208984375,15558515
2019-05-29,601.7452392578125,613.5172729492188,601.7452392578125,607.9169921875,591.3184204101562,23494381
2019-05-30,611.6428833007812,613.4715576171875,603.551025390625,608.099853515625,591.496337890625,25724066
2019-06-02,610.3170776367188,625.0607299804688,604.0081787109375,621.8377075195312,604.859130859375,18556942
2019-06-03,620.5804443359375,628.2608642578125,616.3059692382812,617.9288940429688,601.0569458007812,15442761
2019-06-05,622.6148681640625,622.6148681640625,603.9624633789062,606.8197631835938,590.2511596679688,16764835
2019-06-06,606.1797485351562,606.7740478515625,596.8764038085938,601.1280517578125,584.71484375,14722419
2019-06-09,603.8710327148438,606.6597290039062,598.9336547851562,603.0709838867188,586.6047973632812,11768468
2019-06-10,604.3053588867188,610.0885009765625,602.5452880859375,607.6426391601562,591.0514526367188,11492074
2019-06-11,610.179931640625,611.8714599609375,605.7454223632812,609.01416015625,592.3855590820312,10297599
2019-06-12,608.03125,610.179931640625,598.270751953125,606.7740478515625,590.2066650390625,15686169
2019-06-13,604.3281860351562,605.7454223632812,598.6136474609375,602.3395385742188,585.8931274414062,14942768
2019-06-16,603.4595947265625,603.4595947265625,584.4871826171875,586.2244262695312,570.2180786132812,14908257
2019-06-17,584.6700439453125,588.8074340820312,580.1898193359375,585.630126953125,569.6400756835938,16797371
2019-06-18,588.327392578125,595.2305908203125,577.21826171875,583.96142578125,568.0169067382812,14492763
2019-06-19,585.1729125976562,594.3162841796875,584.2586059570312,592.8304443359375,576.643798828125,10748848
2019-06-20,592.4647216796875,592.4876098632812,583.1385498046875,584.9443359375,568.9730224609375,23236832
2019-06-23,581.5841674804688,583.5499877929688,574.703857421875,577.1268310546875,561.368896484375,11267228
2019-06-24,575.5267333984375,593.4019165039062,573.40087890625,592.4190063476562,576.2435913085938,14966899
2019-06-25,590.2017822265625,596.4192504882812,588.075927734375,591.641845703125,575.4876098632812,11593027
2019-06-26,591.1846923828125,592.8990478515625,581.0584106445312,582.49853515625,566.5939331054688,24905533
2019-06-27,583.84716796875,586.4758911132812,570.8407592773438,572.8751831054688,557.2333984375,18942165
2019-06-30,575.1381225585938,581.812744140625,569.8350219726562,580.0755615234375,564.2371826171875,13478857
2019-07-01,582.4071044921875,585.630126953125,577.5382690429688,584.4871826171875,568.5283203125,10146746
2019-07-02,586.4987182617188,588.14453125,582.9099731445312,586.3386840820312,570.329345703125,8806492
2019-07-03,585.81298828125,590.2017822265625,585.1729125976562,587.0015869140625,570.9740600585938,9351405
2019-07-04,587.5044555664062,589.9732055664062,576.0296020507812,577.5610961914062,561.7913208007812,10926753
2019-07-07,575.1152954101562,579.732666015625,570.6350708007812,572.3951416015625,556.7665405273438,14009219
2019-07-08,570.9779052734375,586.7730102539062,569.4006958007812,585.2186279296875,569.23974609375,17535754
2019-07-09,585.19580078125,589.4474487304688,580.0069580078125,584.647216796875,568.6838989257812,12018196
2019-07-10,588.3731079101562,589.6531982421875,584.8529052734375,585.8815307617188,569.8845825195312,8608376
2019-07-11,586.54443359375,594.3162841796875,584.2814331054688,585.4015502929688,569.417724609375,15692436
2019-07-14,587.458740234375,589.5159912109375,580.7612915039062,583.3900146484375,567.4610595703125,10659498
2019-07-15,585.1500854492188,591.9847412109375,583.8242797851562,591.1160888671875,574.9761962890625,10070773
2019-07-16,591.7103881835938,592.9447631835938,585.1729125976562,586.0186767578125,570.0180053710938,9482233
2019-07-17,586.0872802734375,588.0988159179688,575.1152954101562,576.8753662109375,561.1243286132812,11942908
2019-07-18,579.7783813476562,581.9498901367188,568.12060546875,571.0007934570312,555.41015625,16336536
2019-07-21,571.9151000976562,587.2301635742188,561.0802612304688,585.4015502929688,569.417724609375,29092589
2019-07-22,587.458740234375,591.5275268554688,576.2124633789062,582.2242431640625,566.3271484375,20316348
2019-07-23,582.2013549804688,584.6243286132812,573.0808715820312,575.6181640625,559.9014892578125,15189179
2019-07-24,577.8582763671875,580.1669921875,560.943115234375,563.0003662109375,547.628173828125,21805071
2019-07-25,563.0003662109375,568.0291748046875,553.1712646484375,554.9085083007812,539.75732421875,20387504
2019-07-28,556.3257446289062,558.6572875976562,550.93115234375,553.6055908203125,538.4898681640625,17626045
2019-07-29,554.9771118164062,557.7429809570312,537.6047973632812,539.8677368164062,525.127197265625,20853117
2019-07-30,537.5133666992188,541.7421264648438,531.41015625,533.1702880859375,518.612548828125,21229950
2019-07-31,531.8673095703125,543.205078125,525.9013061523438,539.5706176757812,524.8380737304688,22628222
2019-08-01,537.490478515625,547.799560546875,531.2730102539062,541.4449462890625,529.8225708007812,23766807
2019-08-04,533.5131225585938,533.5131225585938,515.6836547851562,522.701171875,511.4811401367188,30399133
2019-08-05,518.76953125,525.5584716796875,512.940673828125,515.82080078125,504.74847412109375,29067994
2019-08-06,514.9979248046875,520.5067749023438,504.3002014160156,507.1803588867188,496.2935180664063,25349369
2019-08-07,506.7003173828125,529.3986206054688,500.73431396484375,526.815673828125,515.50732421875,31198568
2019-08-08,531.1587524414062,537.3990478515625,526.7927856445312,531.2730102539062,519.8690185546875,21970009
2019-08-12,563.7546997070312,595.5963134765625,560.4859619140625,582.7728271484375,570.2633666992188,104827144
2019-08-13,596.1449584960938,596.3506469726562,585.3329467773438,588.944580078125,576.3026733398438,31688983
2019-08-15,590.293212890625,590.5675048828125,581.9727783203125,584.2586059570312,571.7172241210938,21977767
2019-08-18,585.6529541015625,592.8533325195312,585.1729125976562,590.9332275390625,578.2485961914062,16317602
2019-08-19,589.6531982421875,590.9332275390625,581.7899169921875,583.3214111328125,570.8001708984375,14969299
2019-08-20,583.1842651367188,584.5557861328125,579.001220703125,581.0355834960938,568.5634155273438,10677848
2019-08-21,581.0355834960938,581.0584106445312,566.3834228515625,569.97216796875,557.7374877929688,14031953
2019-08-22,566.4291381835938,587.0015869140625,560.7145385742188,583.2756958007812,570.7554321289062,21307915
2019-08-25,591.5732421875,591.5732421875,575.5724487304688,579.1383666992188,566.7069091796875,19202504
2019-08-26,587.458740234375,587.458740234375,576.5781860351562,582.8185424804688,570.3080444335938,28401906
2019-08-27,582.315673828125,585.630126953125,574.2238159179688,577.5382690429688,565.1411743164062,11605488
2019-08-28,574.4066772460938,576.1439208984375,564.7376098632812,567.6863403320312,555.5006713867188,18890222
2019-08-29,569.4006958007812,573.469482421875,558.2001342773438,570.7950439453125,558.5426635742188,24735240
2019-09-02,567.9149169921875,568.2578125,548.599609375,551.5255126953125,539.686767578125,18730619
2019-09-03,548.85107421875,550.999755859375,542.22216796875,549.1253662109375,537.338134765625,32949395
2019-09-04,551.7083740234375,554.6342163085938,545.53662109375,547.9595947265625,536.1974487304688,22995486
2019-09-05,549.9711303710938,561.8574829101562,546.4281005859375,558.8858642578125,546.88916015625,23186819
2019-09-08,558.0401000976562,563.6860961914062,554.6113891601562,558.7487182617188,546.7550659179688,11747929
2019-09-10,558.8858642578125,566.8862915039062,558.8858642578125,564.326171875,552.2127075195312,12127900
2019-09-11,564.6004638671875,567.0919799804688,551.2055053710938,553.331298828125,541.4537963867188,11880005
2019-09-12,554.0856323242188,561.6288452148438,551.7540893554688,560.3031005859375,548.2760009765625,12947715
2019-09-15,543.57080078125,557.3314819335938,542.2449951171875,553.51416015625,541.6326904296875,20547730
2019-09-16,553.6284790039062,553.6284790039062,545.6280517578125,547.433837890625,535.6829223632812,15640772
2019-09-17,550.8626098632812,556.0514526367188,547.319580078125,551.2055053710938,539.3736572265625,14933909
2019-09-18,552.1883544921875,553.0341186523438,536.0961303710938,539.02197265625,527.4517211914062,13766222
2019-09-19,543.0907592773438,580.5555419921875,536.8504638671875,573.4465942382812,561.1373901367188,48165560
2019-09-22,582.49853515625,585.630126953125,564.6004638671875,566.5205688476562,554.3599853515625,21610844
2019-09-23,568.5321044921875,593.7676391601562,568.1434936523438,584.57861328125,572.0303955078125,34958974
2019-09-24,587.0015869140625,592.0304565429688,580.0755615234375,584.9672241210938,572.41064453125,18192270
2019-09-25,590.658935546875,593.7676391601562,586.7730102539062,592.8533325195312,580.1275024414062,18350457
2019-09-26,590.8875122070312,601.1737670898438,587.0015869140625,598.45361328125,585.6076049804688,19058663
2019-09-29,598.887939453125,610.6599731445312,596.853515625,609.0598754882812,595.9862060546875,25263770
2019-09-30,611.2314453125,613.5172729492188,591.2532348632812,596.556396484375,583.7509765625,17920384
2019-10-02,587.9159545898438,601.03662109375,585.7672729492188,599.3679809570312,586.5023803710938,13524851
2019-10-03,603.4138793945312,607.3912353515625,596.0763549804688,598.019287109375,585.1825561523438,14992253
2019-10-06,598.019287109375,603.8253173828125,595.0934448242188,598.9336547851562,586.0772705078125,10061584
2019-10-08,598.2936401367188,608.0084228515625,590.8875122070312,605.631103515625,592.6310424804688,17588647
2019-10-09,605.7454223632812,625.8607177734375,603.916748046875,623.0034790039062,609.6304321289062,35006390
2019-10-10,623.437744140625,624.306396484375,611.0256958007812,618.3632202148438,605.0897827148438,16597126
2019-10-13,624.0092163085938,624.0092163085938,617.5631713867188,620.8319091796875,607.5054931640625,13394275
2019-10-14,622.88916015625,626.3179321289062,619.140380859375,623.6434936523438,610.2567138671875,9672791
2019-10-15,626.272216796875,630.7295532226562,623.437744140625,627.3922729492188,613.9249877929688,19403660
2019-10-16,628.603759765625,639.5757446289062,627.2322387695312,638.4328002929688,624.7286376953125,16038940
2019-10-17,641.861572265625,652.787841796875,639.4385986328125,647.507568359375,633.6085815429688,28121951
2019-10-21,651.4620361328125,656.8794555664062,641.5643920898438,646.5018310546875,632.6244506835938,27786502
2019-10-22,647.4847412109375,651.8963623046875,632.3296508789062,636.5584106445312,622.8944091796875,18446160
2019-10-23,640.4900512695312,658.9595947265625,633.884033203125,656.6965942382812,642.600341796875,22642488
2019-10-24,658.8224487304688,658.982421875,645.176025390625,654.2965087890625,640.251708984375,13539957
2019-10-26,658.7767333984375,660.6054077148438,653.7478637695312,655.6908569335938,641.6162109375,3014841
2019-10-28,660.833984375,676.606201171875,659.2796020507812,670.6859130859375,656.2894287109375,25768505
2019-10-29,676.606201171875,678.6863403320312,667.6000366210938,676.1947631835938,661.6799926757812,16341366
2019-10-30,678.4348754882812,681.0178833007812,668.2400512695312,669.4515380859375,655.0814819335938,19463741
2019-10-31,665.1770629882812,668.2857666015625,658.7767333984375,666.045654296875,651.7487182617188,13904301
2019-11-03,670.16015625,672.49169921875,660.651123046875,666.3885498046875,652.0842895507812,14063434
2019-11-04,668.880126953125,671.5545043945312,658.7767333984375,661.6568603515625,647.4541015625,12685356
2019-11-05,659.5538940429688,661.2682495117188,653.0621337890625,655.9879760742188,641.9069213867188,14625505
2019-11-06,656.0337524414062,668.8343505859375,654.753662109375,666.8228759765625,652.5092163085938,14084039
2019-11-07,662.43408203125,667.3028564453125,658.9138793945312,660.833984375,646.64892578125,12019353
2019-11-10,657.9080810546875,660.2625122070312,650.3419799804688,652.7421264648438,638.7307739257812,11357841
2019-11-12,653.7478637695312,674.7318115234375,653.7478637695312,673.0859985351562,658.6380004882812,25225749
2019-11-13,674.7775268554688,677.337646484375,665.5427856445312,668.7200927734375,654.36572265625,14258133
2019-11-14,670.0458984375,679.7149658203125,668.9029541015625,672.4231567382812,657.9893188476562,15691605
2019-11-17,673.2460327148438,679.3491821289062,665.3599243164062,667.09716796875,652.7776489257812,14076051
2019-11-18,670.6630249023438,692.5613403320312,669.7487182617188,690.2069091796875,675.391357421875,30176255
2019-11-19,710.9165649414062,718.848388671875,705.4991455078125,707.5335083007812,692.3460083007812,43538120
2019-11-20,706.322021484375,711.350830078125,698.8016357421875,702.93896484375,687.85009765625,14897371
2019-11-21,704.9962158203125,717.5225830078125,702.93896484375,707.0077514648438,691.83154296875,22352865
2019-11-24,709.1336059570312,715.3739013671875,709.0650024414062,713.8881225585938,698.564208984375,15146156
2019-11-25,716.882568359375,720.6541748046875,711.350830078125,713.2938232421875,697.9827270507812,35330983
2019-11-26,713.1566772460938,720.265625,711.3965454101562,717.6826171875,702.2772827148438,9642739
2019-11-27,718.962646484375,724.2200927734375,714.9853515625,722.4600219726562,706.9520874023438,13747479
2019-11-28,723.2142944335938,723.2142944335938,707.6249389648438,709.1336059570312,693.9118041992188,18559594
2019-12-01,731.4661865234375,738.0722045898438,720.9513549804688,725.29443359375,709.7257080078125,31225364
2019-12-02,728.1517333984375,728.72314453125,718.9398193359375,721.8199462890625,706.3257446289062,12990426
2019-12-03,719.1226806640625,721.179931640625,701.1788940429688,709.8422241210938,694.605224609375,20987607
2019-12-04,719.579833984375,722.2085571289062,705.8648681640625,708.9964599609375,693.7776489257812,19942460
2019-12-05,709.9793701171875,716.8368530273438,704.5390625,710.8479614257812,695.5892944335938,13085234
2019-12-08,711.41943359375,721.1342163085938,707.0077514648438,718.9398193359375,703.5075073242188,12642677
2019-12-09,718.6883544921875,719.39697265625,710.5050659179688,714.0709838867188,698.7431640625,10173333
2019-12-10,711.16796875,719.8084106445312,708.8821411132812,714.2767333984375,698.9444580078125,12364641
2019-12-11,717.865478515625,719.5112915039062,711.6480102539062,716.9282836914062,701.5390625,10326606
2019-12-12,722.3228149414062,726.89453125,718.848388671875,723.6486206054688,708.115234375,12668303
2019-12-15,727.808837890625,728.6774291992188,715.168212890625,716.1968383789062,700.8233642578125,11892718
2019-12-16,716.265380859375,721.8656616210938,711.1451416015625,714.4138793945312,699.0786743164062,20324601
2019-12-17,714.551025390625,722.3228149414062,714.0938720703125,720.4255981445312,704.9613037109375,14742077
2019-12-18,719.4426879882812,738.2779541015625,718.5740966796875,736.0149536132812,720.2161254882812,20507816
2019-12-19,738.3236694335938,739.4894409179688,729.6832275390625,731.0547485351562,715.3623046875,21271510
2019-12-22,713.2252197265625,721.2027587890625,712.1737670898438,718.3912353515625,702.970703125,25107772
2019-12-23,717.248291015625,718.6883544921875,705.1790771484375,706.9849243164062,691.8092651367188,18048449
2019-12-25,704.79052734375,709.9564819335938,690.3897705078125,692.7899169921875,677.9189453125,29761019
2019-12-26,698.093017578125,706.87060546875,695.4871826171875,705.1105346679688,689.97509765625,17677571
2019-12-29,706.75634765625,707.5335083007812,698.5730590820312,705.956298828125,690.802734375,17123749
2019-12-30,704.9505004882812,705.7277221679688,689.4297485351562,692.1727294921875,677.31494140625,22203005
2019-12-31,693.978515625,698.1387329101562,688.2639770507812,690.1383056640625,675.32421875,14004468
2020-01-01,691.2355346679688,704.4705200195312,691.2355346679688,701.8875122070312,686.8212890625,17710316
2020-01-02,700.8359985351562,704.79052734375,696.2643432617188,702.7332763671875,687.6488647460938,20984698
2020-01-05,694.8928833007812,698.5044555664062,684.835205078125,686.435302734375,671.70068359375,24519177
2020-01-06,694.4356689453125,701.5217895507812,691.9212646484375,696.995849609375,682.0345458984375,16683622
2020-01-07,692.6070556640625,701.4989013671875,690.3212280273438,691.7612915039062,676.912353515625,16047902
2020-01-08,703.3961791992188,708.6078491210938,700.0360107421875,707.6935424804688,692.5026245117188,14982742
2020-01-09,709.4764404296875,712.2423095703125,703.8761596679688,707.5335083007812,692.3460083007812,12478359
2020-01-12,706.3449096679688,712.585205078125,703.3047485351562,705.7277221679688,690.5790405273438,18282382
2020-01-13,704.0361938476562,708.6078491210938,695.7386474609375,699.1902465820312,684.181884765625,15816535
2020-01-14,702.1389770507812,703.990478515625,694.0928344726562,696.6529541015625,681.6990356445312,15817859
2020-01-15,699.0073852539062,705.5676879882812,698.5501708984375,703.0761108398438,687.9843139648438,12847975
2020-01-16,710.2079467773438,724.5858154296875,710.07080078125,722.780029296875,707.2653198242188,29463471
2020-01-19,735.5806884765625,735.5806884765625,697.8187255859375,700.5388793945312,685.5015869140625,32545850
2020-01-20,698.8245239257812,706.7106323242188,695.8071899414062,701.2474975585938,686.1950073242188,18922720
2020-01-21,705.8648681640625,707.1220703125,699.9674072265625,700.9960327148438,685.9488525390625,10322817
2020-01-22,702.4360961914062,704.9276733398438,695.212890625,698.0244750976562,683.0410766601562,11247739
2020-01-23,698.093017578125,702.3675537109375,694.22998046875,695.6015014648438,680.6700439453125,14628445
2020-01-26,692.5613403320312,696.92724609375,688.0353393554688,688.7439575195312,673.9597778320312,13387750
2020-01-27,689.68115234375,690.3212280273438,669.1087036132812,672.8345947265625,658.3919677734375,24532236
2020-01-28,673.8860473632812,683.1893920898438,669.3143920898438,676.5376586914062,662.0154418945312,24746565
2020-01-29,676.1490478515625,676.4690551757812,658.319580078125,660.033935546875,645.865966796875,22402689
2020-01-30,664.2626953125,664.3770141601562,643.3245239257812,645.35888671875,631.5060424804688,34750310
2020-02-02,626.272216796875,640.0100708007812,623.140625,633.4039916992188,619.8076782226562,30712290
2020-02-03,640.0328979492188,654.8908081054688,639.0271606445312,652.1021118164062,638.1045532226562,25383901
2020-02-04,655.9879760742188,664.1712646484375,653.8850708007812,662.2054443359375,647.990966796875,18472100
2020-02-05,664.765625,670.6630249023438,658.3652954101562,666.4570922851562,652.1513671875,15538577
2020-02-06,663.348388671875,663.965576171875,652.970703125,655.4165649414062,641.3478393554688,12209212
2020-02-09,652.8335571289062,660.833984375,644.810302734375,656.3080444335938,642.22021484375,15142476
2020-02-10,661.7025756835938,670.2973022460938,660.6282348632812,664.1484375,649.8921508789062,13999816
2020-02-11,665.7028198242188,674.2518310546875,665.1770629882812,672.1716918945312,657.7432861328125,13533565
2020-02-12,675.5775756835938,675.5775756835938,668.6514892578125,673.9317626953125,659.4655151367188,13565659
2020-02-13,675.3489990234375,686.4124145507812,664.3084106445312,680.0806884765625,665.482421875,21227841
2020-02-16,680.720703125,688.5610961914062,674.0003662109375,675.80615234375,661.2997436523438,13149130
2020-02-17,674.7318115234375,674.7318115234375,666.2742309570312,670.8458862304688,656.4459228515625,11127161
2020-02-18,676.3090209960938,688.6982421875,674.3660888671875,687.4867553710938,672.7295532226562,14084409
2020-02-19,684.3780517578125,689.4068603515625,678.3434448242188,679.3263549804688,664.7443237304688,16892268
2020-02-23,671.9202270507812,675.2346801757812,658.1138305664062,660.58251953125,646.40283203125,21370214
2020-02-24,663.53125,663.53125,644.6045532226562,647.5304565429688,633.6309204101562,27745062
2020-02-25,644.6045532226562,645.6788940429688,634.249755859375,636.3755493164062,622.7155151367188,29362748
2020-02-26,634.546875,637.198486328125,625.8607177734375,633.7468872070312,620.143310546875,25054993
2020-02-27,619.4146728515625,620.374755859375,605.7454223632812,607.4140625,594.3756713867188,39315769
2020-03-01,619.506103515625,625.8607177734375,594.8191528320312,601.6995239257812,588.7837524414062,29500495
2020-03-02,607.8941040039062,618.95751953125,604.3739013671875,613.9058227539062,600.7280883789062,27398798
2020-03-03,618.0889282226562,618.9118041992188,597.9278564453125,612.4657592773438,599.3189086914062,22105261
2020-03-04,618.1803588867188,620.80908203125,597.0592651367188,599.4136962890625,586.547119140625,30510390
2020-03-05,580.6012573242188,588.8988647460938,567.38916015625,581.0584106445312,568.5857543945312,33734039
2020-03-08,566.9091186523438,567.3434448242188,500.59716796875,509.3518981933594,498.41845703125,88187018
2020-03-10,506.5403137207031,538.7476806640625,506.5403137207031,527.3642578125,516.0441284179688,59578576
2020-03-11,496.0255126953125,503.3401489257813,479.4303588867188,485.96783447265625,475.5363159179688,55970485
2020-03-12,456.25201416015625,521.1696166992188,430.8335876464844,505.3059692382813,494.4593811035156,73297403
2020-03-15,484.8477783203125,493.6025085449219,459.4521789550781,464.3438720703125,454.3765258789063,38482258
2020-03-16,478.7674560546875,484.5963439941406,458.6293029785156,460.8236999511719,450.9319458007813,45445979
2020-03-17,468.732666015625,473.5786437988281,439.3368835449219,442.765625,433.261474609375,44730415
2020-03-18,420.6387634277344,442.0798645019531,407.8838195800781,419.5415649414063,410.5359497070313,61404010
2020-03-19,429.5077819824219,473.1214599609375,425.1647033691406,465.37249755859375,455.3830871582031,63360475
2020-03-22,418.8558044433594,434.30804443359375,400.3177185058594,404.1579284667969,395.4825439453125,40670949
2020-03-23,425.1647033691406,443.4513549804688,409.5296325683594,431.2907409667969,422.0329284667969,45734887
2020-03-24,440.616943359375,526.4498901367188,440.3655090332031,494.7682800292969,484.1478576660156,73130298
2020-03-25,500.962890625,510.6091003417969,476.52734375,487.4307556152344,476.9678649902344,45744488
2020-03-26,500.59716796875,506.2203063964844,478.2874450683594,487.1564636230469,476.6994323730469,41657940
2020-03-29,475.7273254394531,491.3623962402344,466.3096923828125,471.0870666503906,460.9749450683594,30229866
2020-03-30,490.9738159179688,516.5065307617188,479.1103515625,509.1690368652344,498.2395324707031,44292810
2020-03-31,513.054931640625,514.1292724609375,477.8302917480469,493.9454040527344,483.3426513671875,41597459
2020-04-02,518.6323852539062,518.6323852539062,482.9048156738281,492.5738830566406,482.0005798339844,41367807
2020-04-06,503.8430480957031,554.9999389648438,502.8829956054688,551.3883666992188,539.5526123046875,54373624
2020-04-07,539.456298828125,561.8574829101562,530.31298828125,545.0108642578125,533.31201171875,49880330
2020-04-08,554.9999389648438,563.5946655273438,545.3994750976562,557.7200927734375,545.7483520507812,33032857
2020-04-12,550.4054565429688,555.4571533203125,539.456298828125,543.639404296875,531.969970703125,23673784
2020-04-14,547.2509765625,565.0576171875,522.5411376953125,525.6727294921875,514.388916015625,35321842
2020-04-15,525.6727294921875,542.8621826171875,523.4555053710938,533.9931640625,522.5308227539062,37455706
2020-04-16,555.914306640625,562.3146362304688,545.2394409179688,559.5715942382812,547.5601196289062,33269335
2020-04-19,560.4859619140625,574.6580810546875,549.5139770507812,568.62353515625,556.4178466796875,36030932
2020-04-20,553.1712646484375,572.3722534179688,532.1416625976562,565.6748046875,553.5324096679688,61371628
2020-04-21,603.4595947265625,633.1296997070312,594.3162841796875,623.3920288085938,610.0105590820312,142683366
2020-04-22,625.1064453125,633.5640258789062,618.6832275390625,626.7293701171875,613.2764282226562,65464502
2020-04-23,617.2431640625,683.4408569335938,615.89453125,647.8047485351562,633.8993530273438,134986308
2020-04-26,655.5765380859375,674.3203735351562,650.5477294921875,653.6336059570312,639.6030883789062,58482901
2020-04-27,662.8912353515625,665.3827514648438,636.4441528320312,652.9021606445312,638.8873901367188,78453401
2020-04-28,660.5596923828125,664.5598754882812,649.1762084960938,652.353515625,638.3504028320312,37494672
2020-04-29,664.697021484375,683.4408569335938,657.4281005859375,670.2058715820312,655.8196411132812,71345899
2020-05-03,658.319580078125,669.7487182617188,648.0104370117188,656.1251831054688,642.0411376953125,53456868
2020-05-04,664.582763671875,676.1490478515625,661.6111450195312,667.760009765625,653.42626953125,44903763
2020-05-05,669.2915649414062,678.8692016601562,660.833984375,667.8057861328125,653.4710693359375,40489094
2020-05-06,665.1770629882812,691.9898681640625,660.6054077148438,688.9268188476562,674.1387329101562,50026966
2020-05-07,706.322021484375,722.277099609375,702.7103881835938,714.00244140625,698.6761474609375,84262770
2020-05-10,722.3228149414062,738.3236694335938,718.8026733398438,720.8599243164062,705.3864135742188,67085063
2020-05-11,715.3739013671875,716.9968872070312,669.7487182617188,676.2633056640625,661.7470703125,100683202
2020-05-12,704.7102661132812,704.7102661132812,671.020751953125,690.6114501953125,675.7871704101562,66430125
2020-05-13,677.9432373046875,690.726806640625,659.9678344726562,662.690673828125,648.4658203125,49266771
2020-05-14,666.40576171875,676.8818359375,653.0684204101562,673.5128784179688,659.0556640625,62152260
2020-05-17,678.40478515625,683.9427490234375,659.0217895507812,664.9058837890625,650.6333618164062,62796089
2020-05-18,672.4052734375,674.5743408203125,647.5996704101562,650.2070922851562,636.2501220703125,42315854
2020-05-19,650.7147827148438,667.7210693359375,642.8692626953125,661.65234375,647.44970703125,55320985
2020-05-20,662.2522583007812,674.4589233398438,657.6372680664062,665.1366577148438,650.8591918945312,39167981
2020-05-21,670.0054931640625,672.8667602539062,658.3295288085938,660.6600952148438,646.4788208007812,37828973
2020-05-25,668.3209838867188,669.0363159179688,653.6221923828125,657.1988525390625,643.091796875,33216635
2020-05-26,660.40625,671.020751953125,651.6377563476562,667.12109375,652.8011474609375,35667956
2020-05-27,671.4822387695312,682.9043579101562,668.7132568359375,679.443115234375,664.8585815429688,40126278
2020-05-28,677.4817504882812,679.3277587890625,670.3977661132812,675.8203735351562,661.3135986328125,40022527
2020-05-31,683.019775390625,709.9483032226562,681.1506958007812,701.6412963867188,686.5802612304688,39943702
2020-06-01,704.248779296875,710.7097778320312,701.8489379882812,708.7252807617188,693.51220703125,22153960
2020-06-02,713.0172729492188,719.9397583007812,707.6407470703125,711.4712524414062,696.1991577148438,25381289
2020-06-03,712.5557250976562,733.5540161132812,711.1712646484375,729.0774536132812,713.427490234375,34202350
2020-06-04,736.0922241210938,746.7067260742188,726.2622680664062,729.9542846679688,714.2855224609375,33076685
2020-06-07,746.891357421875,746.891357421875,722.2472534179688,724.323974609375,708.7760620117188,31414953
2020-06-08,720.0781860351562,730.5542602539062,707.479248046875,709.3944702148438,694.1669921875,25857161
2020-06-09,712.140380859375,728.9620971679688,710.7328491210938,725.5469970703125,709.9728393554688,22132647
2020-06-10,722.708740234375,723.608642578125,706.5562744140625,709.6483154296875,694.4154663085938,20385805
2020-06-11,692.249755859375,735.1692504882812,690.865234375,733.23095703125,717.4918823242188,38548899
2020-06-14,722.2472534179688,750.837158203125,720.4473876953125,745.1145629882812,729.1204223632812,53107403
2020-06-15,758.2442626953125,760.8055419921875,731.6156616210938,746.5682983398438,730.54296875,51187003
2020-06-16,742.2070922851562,754.7598876953125,739.368896484375,745.4837646484375,729.481689453125,41782053
2020-06-17,741.6302490234375,768.397216796875,740.984130859375,764.1975708007812,747.793701171875,40471557
2020-06-18,770.7047119140625,825.5308837890625,767.0127563476562,811.9628295898438,794.5337524414062,105804173
2020-06-21,818.423828125,832.6380004882812,800.7022094726562,805.8479614257812,788.5501098632812,60198705
2020-06-22,807.6246948242188,813.9703369140625,791.9798583984375,794.195068359375,777.1473388671875,37962078
2020-06-23,801.1175537109375,818.1007690429688,789.9492797851562,797.4024658203125,780.2859497070312,51586221
2020-06-24,797.0101928710938,807.1632080078125,790.572265625,792.810546875,775.7926025390625,39679374
2020-06-25,797.8409423828125,808.5477294921875,792.3952026367188,803.7711791992188,786.5179443359375,30921913
2020-06-28,797.4948120117188,802.8943481445312,791.72607421875,795.2334594726562,778.1634521484375,25621946
2020-06-29,801.625244140625,803.47119140625,782.4960327148438,786.44189453125,769.5606079101562,30276420
2020-06-30,793.7797241210938,807.1632080078125,788.2647705078125,801.902099609375,784.6890258789062,28464103
2020-07-01,804.3942260742188,815.7471313476562,800.7252807617188,812.4012451171875,798.19775390625,28789533
2020-07-02,821.3773803710938,827.46923828125,815.9317016601562,825.1155395507812,810.689697265625,29434266
2020-07-05,833.0072021484375,857.4666748046875,827.0538330078125,854.6054077148438,839.6640625,47016185
2020-07-06,858.3897094726562,860.397216796875,833.607177734375,841.5218505859375,826.8092651367188,35189589
2020-07-07,841.7987670898438,846.8291015625,826.084716796875,829.7767333984375,815.2694702148438,26204095
2020-07-08,834.8532104492188,846.8521728515625,824.3540649414062,841.8910522460938,827.171875,36418942
2020-07-09,843.8524780273438,869.7426147460938,841.8910522460938,866.7197875976562,851.5665893554688,43759967
2020-07-12,878.3956909179688,898.8632202148438,876.8496704101562,893.002197265625,877.3894653320312,69608392
2020-07-13,892.5407104492188,896.09423828125,870.9886474609375,884.6951904296875,869.227783203125,67331128
2020-07-14,894.3635864257812,913.2158813476562,829.7767333984375,851.0056762695312,836.1271362304688,139669773
2020-07-15,852.3901977539062,862.543212890625,836.4453735351562,850.7288208007812,835.8551635742188,60961724
2020-07-16,851.4672241210938,886.0797119140625,848.2366943359375,882.249267578125,866.8245849609375,49726765
2020-07-19,885.0643920898438,891.61767578125,876.6881713867188,886.0335083007812,870.5426635742188,36592938
2020-07-20,894.8482055664062,912.3851928710938,893.6944580078125,909.8699951171876,893.9623413085938,42173371
2020-07-21,915.1541748046876,927.6146850585938,904.8627319335938,924.845703125,908.6762084960938,59771457
2020-07-22,924.8225708007812,959.7811889648438,919.0076904296876,949.6743774414062,933.0709228515624,58333751
2020-07-23,949.7666625976562,998.22412109375,949.6743774414062,990.4478759765624,973.1315307617188,120597372
2020-07-26,1005.515869140625,1014.745849609375,982.0255126953124,995.0859375,977.6885375976562,80304827
2020-07-27,995.0859375,1012.5306396484376,992.5245971679688,1005.0081787109376,987.4373168945312,55114422
2020-07-28,1005.1005249023438,1007.36181640625,955.5123291015624,967.6036376953124,950.6867065429688,72663399
2020-07-29,968.6881713867188,987.47119140625,956.2276611328124,973.2339477539062,956.218505859375,72857444
2020-07-30,975.8414306640624,982.5331420898438,947.3668823242188,953.96630859375,937.2877807617188,74958061
2020-08-02,946.6746215820312,949.30517578125,924.4302978515624,927.1531982421876,910.9434204101562,46715383
2020-08-03,932.506591796875,1000.0701293945312,923.1150512695312,992.5015258789062,975.1492309570312,92041055
2020-08-04,1000.9931640625,1013.45361328125,977.5950927734376,981.3563232421876,964.1988525390624,74549993
2020-08-05,995.4551391601562,1000.3931884765624,972.7493286132812,984.8867797851562,967.6676635742188,49322975
2020-08-06,982.90234375,995.8243408203124,978.4719848632812,990.5863037109376,973.2674560546876,32984416
2020-08-09,996.42431640625,999.1471557617188,972.8878173828124,978.3104248046876,961.2062377929688,26958997
2020-08-10,985.2098388671876,996.8396606445312,969.3111572265624,984.7483520507812,967.5315551757812,46828306
2020-08-11,978.8411254882812,989.9171752929688,972.287841796875,981.8870239257812,964.7203369140624,30264617
2020-08-12,982.0716552734376,987.1019897460938,973.7646484375,979.3257446289062,962.2037963867188,24830322
2020-08-13,979.5564575195312,995.4551391601562,964.1885375976562,975.5183715820312,958.4630126953124,33224635
2020-08-16,971.4571533203124,971.4571533203124,955.350830078125,965.15771484375,948.2835083007812,30979066
2020-08-17,962.2271728515624,984.9791259765624,961.0042114257812,977.7105102539062,960.6167602539062,30547672
2020-08-18,988.0711669921876,994.0706787109376,979.002685546875,983.7099609375,966.5113525390624,34087543
2020-08-19,978.379638671875,980.1795043945312,963.6116333007812,967.7882080078124,950.8679809570312,22537845
2020-08-20,977.4566650390624,979.3026733398438,958.53515625,960.7734375,943.975830078125,25280895
2020-08-23,965.1807861328124,971.2263793945312,955.535400390625,967.1882934570312,950.278564453125,32717218
2020-08-24,971.9186401367188,974.3646240234376,958.9966430664062,960.8887939453124,944.0892333984376,19388008
2020-08-25,962.2271728515624,991.278564453125,944.690185546875,986.3635864257812,969.1185302734376,59870421
2020-08-26,991.3016357421876,992.2246704101562,970.6495361328124,974.0415649414062,957.0120239257812,28085062
2020-08-27,978.379638671875,984.3330078125,972.0340576171876,976.6029052734376,959.5285034179688,27166900
2020-08-30,1003.3006591796876,1003.3006591796876,950.8511962890624,960.2427368164062,943.4544677734376,62076132
2020-08-31,969.149658203125,979.4872436523438,951.7972412109376,963.2655639648438,946.4244384765624,38616258
2020-09-01,965.4576416015624,986.6866455078124,962.2271728515624,982.1639404296876,964.992431640625,26949439
2020-09-02,982.0716552734376,987.0327758789062,970.5341796875,974.7338256835938,957.6922607421876,18586429
2020-09-03,961.5579833984376,967.7420654296876,956.3199462890624,958.6505126953124,941.8900756835938,28475945
2020-09-06,961.7656860351562,971.8032836914062,943.4210205078124,961.1426391601562,944.338623046875,21926473
2020-09-07,965.4576416015624,978.8411254882812,960.150390625,972.4263305664062,955.425048828125,27397082
2020-09-08,962.2271728515624,1000.4393310546876,960.5888061523438,997.462646484375,980.0236206054688,55310877
2020-09-09,1007.5003051757812,1082.194091796875,1003.9236450195312,1067.91064453125,1049.2398681640625,140304404
2020-09-10,1066.9876708984375,1078.9173583984375,1055.496337890625,1070.564208984375,1051.84716796875,59470807
2020-09-13,1072.9871826171875,1089.1396484375,1053.142578125,1062.62646484375,1044.0482177734375,44063445
2020-09-14,1066.964599609375,1073.333251953125,1055.9808349609375,1070.14892578125,1051.4390869140625,27178393
2020-09-15,1070.6795654296875,1093.45458984375,1066.3184814453125,1072.7794189453125,1054.0234375,33952295
2020-09-16,1070.6795654296875,1077.002197265625,1057.6883544921875,1060.872802734375,1042.3253173828125,25828669
2020-09-17,1068.0260009765625,1070.42578125,1050.62744140625,1064.0802001953125,1045.4765625,33074915
2020-09-20,1061.4495849609375,1078.0635986328125,1037.151611328125,1041.074462890625,1022.8729858398438,33627381
2020-09-21,1050.8350830078125,1050.8350830078125,1016.0149536132812,1020.4453735351562,1002.6045532226562,34792254
2020-09-22,1042.9896240234375,1050.7197265625,1017.74560546875,1029.5137939453125,1011.514404296875,42988708
2020-09-23,1018.9454956054688,1027.298583984375,1004.2467041015624,1006.6234741210938,989.0242919921876,29826318
2020-09-24,1010.22314453125,1021.2068481445312,1000.2086181640624,1016.0841674804688,998.319580078125,28374935
2020-09-27,1027.7601318359375,1032.836669921875,1018.55322265625,1022.7990112304688,1004.9170532226562,19666849
2020-09-28,1026.837158203125,1044.8355712890625,1022.7990112304688,1036.0902099609375,1017.9758911132812,25842539
2020-09-29,1042.9896240234375,1046.2200927734375,1026.837158203125,1031.1522216796875,1013.1241455078124,24465159
2020-09-30,1044.7432861328125,1044.7432861328125,1021.7606201171876,1026.9525146484375,1008.9979248046876,20783227
2020-10-04,1035.6055908203125,1037.9822998046875,1018.0686645507812,1020.929931640625,1003.0806274414062,18922799
2020-10-05,1026.9525146484375,1030.9444580078125,1016.0610961914062,1020.076171875,1002.2417602539062,18412175
2020-10-06,1031.4521484375,1065.6031494140625,1024.5296630859375,1041.8359375,1023.6210327148438,53170865
2020-10-07,1042.528076171875,1046.681640625,1025.498779296875,1033.4134521484375,1015.345947265625,21077808
2020-10-08,1031.4521484375,1039.7591552734375,1023.1912841796876,1030.73681640625,1012.7161254882812,18545499
2020-10-11,1031.4521484375,1041.0281982421875,1027.4140625,1032.398193359375,1014.348388671875,14226473
2020-10-12,1029.4215087890625,1054.873291015625,1027.2293701171875,1052.542724609375,1034.1407470703125,23112012
2020-10-13,1051.7120361328125,1063.295654296875,1046.912353515625,1055.680908203125,1037.2239990234375,26742011
2020-10-14,1056.8345947265625,1056.8345947265625,1012.9921264648438,1018.2993774414062,1000.4960327148438,20036197
2020-10-15,1022.22216796875,1030.29833984375,1002.6776123046876,1004.13134765625,986.5757446289062,21583600
2020-10-18,1010.7077026367188,1028.544677734375,994.6013793945312,1004.31591796875,986.757080078125,31200385
2020-10-19,1005.608154296875,1012.0691528320312,993.2630004882812,994.947509765625,977.5524291992188,18482288
2020-10-20,1000.5316772460938,1011.607666015625,968.1112670898438,980.5025634765624,963.360107421875,34082321
2020-10-21,981.7947387695312,984.1483764648438,964.9961547851562,972.3570556640624,955.35693359375,30802210
2020-10-22,971.9186401367188,985.3021240234376,967.48828125,975.1722412109376,958.1229858398438,23422125
2020-10-25,970.049560546875,970.049560546875,931.5374145507812,936.4293212890624,920.0573120117188,37324416
2020-10-26,939.1060180664062,950.6204223632812,925.3071899414062,938.9214477539062,922.505859375,36478896
2020-10-27,942.2903442382812,949.6282348632812,926.414794921875,928.2838745117188,912.0542602539062,29924017
2020-10-28,921.6151733398438,942.3826904296876,918.84619140625,935.4140014648438,919.059814453125,30655304
2020-10-29,938.4598999023438,953.0433349609376,933.0603637695312,948.1514282226562,931.5745239257812,34021563
2020-11-01,935.4601440429688,935.4601440429688,857.9974365234375,866.44287109375,851.2945556640625,99366895
2020-11-02,872.2346801757812,881.003173828125,846.8983764648438,853.9592895507812,839.0292358398438,88691623
2020-11-03,847.7752075195312,890.2332153320312,847.7752075195312,882.9414672851562,867.5046997070312,80180117
2020-11-04,902.2091064453124,904.9780883789062,891.61767578125,902.232177734375,886.4581909179688,37205373
2020-11-05,918.3847045898438,941.4596557617188,912.9158935546876,936.452392578125,920.0800170898438,66674086
2020-11-08,951.6588134765624,954.8431396484376,939.6136474609376,946.397705078125,929.8515014648438,35838510
2020-11-09,958.53515625,964.53466796875,942.0134887695312,962.0194702148438,945.2001342773438,36934242
2020-11-10,964.0731811523438,966.8421630859376,912.892822265625,921.7074584960938,905.5928344726562,56724780
2020-11-11,914.231201171875,926.8993530273438,906.84716796875,913.7696533203124,897.7938232421875,40046527
2020-11-12,914.6926879882812,939.9136352539062,914.5773315429688,921.3382568359376,905.2301025390624,45388670
2020-11-13,929.8760375976562,930.0606079101562,920.8536987304688,924.0610961914062,907.9053344726562,5226220
2020-11-16,962.2271728515624,962.2271728515624,916.0771484375,919.884521484375,903.8018188476562,46542562
2020-11-17,919.884521484375,925.9994506835938,904.5858154296876,917.0924682617188,901.05859375,30402290
2020-11-18,917.0924682617188,927.8223266601562,908.323974609375,910.6083984375,894.6878662109375,27796343
2020-11-19,911.462158203125,915.5233764648438,874.5421752929688,876.6189575195312,861.2926635742188,57471248
2020-11-22,900.3861694335938,909.1546630859376,888.9640502929688,900.2477416992188,884.5083618164062,45327567
2020-11-23,906.3856811523438,911.0006713867188,891.61767578125,906.4087524414062,890.5617065429688,30936268
2020-11-24,913.7696533203124,919.74609375,896.3250122070312,898.9093627929688,883.1932983398438,32637879
2020-11-25,901.332275390625,906.84716796875,890.7177734375,901.1245727539062,885.369873046875,25838637
2020-11-26,895.5404052734375,902.7398071289062,886.7257690429688,890.6023559570312,875.0316162109375,47336811
2020-11-30,895.47119140625,907.424072265625,890.7177734375,902.18603515625,886.4127807617188,19750687
2020-12-01,903.847412109375,905.4627075195312,893.002197265625,903.6859130859376,887.886474609375,22188887
2020-12-02,910.0776977539062,914.27734375,903.9166259765624,906.4087524414062,890.5617065429688,27785372
2020-12-03,908.6931762695312,908.6931762695312,895.3096923828125,898.4248046875,882.7173461914062,18464552
2020-12-06,895.5866088867188,906.84716796875,895.5866088867188,903.708984375,887.9090576171875,18242188
2020-12-07,905.0704345703124,929.5760498046876,899.9246826171875,920.1152954101562,904.028564453125,43403061
2020-12-08,927.5916137695312,938.598388671875,922.653564453125,935.4370727539062,919.0824584960938,29175254
2020-12-09,932.9680786132812,936.1524047851562,923.461181640625,926.2301635742188,910.0365600585938,16065507
2020-12-10,928.9991455078124,940.5366821289062,911.1160278320312,925.6763916015624,909.4924926757812,26944202
2020-12-13,926.6685791015624,929.9221801757812,916.7001953125,918.984619140625,902.9176635742188,17312747
2020-12-14,918.2462158203124,918.2462158203124,905.0473022460938,911.1622314453124,895.2319946289062,18551265
2020-12-15,917.461669921875,920.6691284179688,907.1702270507812,912.177490234375,896.2294921875,18561011
2020-12-16,915.846435546875,925.3071899414062,912.4544067382812,916.3540649414062,900.3331298828125,20252358
2020-12-17,913.8158569335938,925.2610473632812,906.84716796875,919.0999755859376,903.0309448242188,18466344
2020-12-20,927.6146850585938,933.1526489257812,856.1975708007812,895.1712036132812,879.5205078125,44135540
2020-12-21,899.4631958007812,904.0320434570312,871.5193481445312,893.7867431640625,878.1602783203125,28140001
2020-12-22,890.6947021484375,900.5938720703125,886.379638671875,897.0864868164062,881.40234375,19501410
2020-12-23,898.5401611328125,922.4458618164062,898.0325317382812,920.2999267578124,904.2100219726562,20776988
2020-12-27,926.0917358398438,931.3067016601562,920.8306274414062,924.5226440429688,908.3588256835938,17221499
2020-12-28,927.1531982421876,928.6761474609376,914.9464721679688,918.4077758789062,902.3509521484376,18611939
2020-12-29,920.8075561523438,926.3224487304688,911.7160034179688,920.9229125976562,904.822021484375,22043630
2020-12-30,919.9999389648438,928.4915161132812,913.1235961914062,916.2156372070312,900.1970825195312,18781189
2020-12-31,917.461669921875,921.6151733398438,914.6926879882812,917.23095703125,901.1946411132812,10015175
2021-01-03,920.7383422851562,922.4920043945312,908.231689453125,918.7769775390624,902.7137451171876,24513534
2021-01-04,908.6931762695312,915.4310913085938,902.6936645507812,907.3548583984376,891.4912109375,24123091
2021-01-05,907.2625122070312,907.3086547851562,879.2264404296875,883.4260864257812,867.9807739257812,46401468
2021-01-06,886.3104248046875,897.6171875,879.2264404296875,881.9954223632812,866.5750732421875,32325918
2021-01-07,885.1566772460938,894.5712890625,882.433837890625,892.4022216796875,876.7999877929688,27540187
2021-01-10,894.755859375,894.755859375,873.388427734375,875.58056640625,860.2724609375,33307825
2021-01-11,878.2341918945312,904.5396728515624,876.8035278320312,903.1782836914062,887.3876953125,41161546
2021-01-12,906.177978515625,911.4390869140624,885.3643798828125,894.755859375,879.1124877929688,26619458
2021-01-13,897.6171875,907.7240600585938,894.8712768554688,904.8165893554688,888.997314453125,21553242
2021-01-14,904.8165893554688,910.9083862304688,886.102783203125,894.1328735351562,878.5004272460938,20593268
2021-01-17,899.5093383789062,921.6151733398438,887.625732421875,915.5925903320312,899.5849609375,35100458
2021-01-18,920.5306396484376,937.30615234375,920.5306396484376,930.5682983398438,914.298828125,32006615
2021-01-19,932.8757934570312,949.7666625976562,923.645751953125,948.2437133789062,931.6652221679688,30924537
2021-01-20,960.8426513671876,978.379638671875,957.6121826171876,968.8727416992188,951.9335327148438,39087742
2021-01-21,974.2261352539062,976.2337036132812,939.2213745117188,945.8900756835938,929.3527221679688,30532660
2021-01-24,939.1290893554688,939.1290893554688,891.61767578125,895.7711791992188,880.1100463867188,54207104
2021-01-26,888.38720703125,888.38720703125,871.3117065429688,874.5421752929688,859.252197265625,42370131
2021-01-27,867.6889038085938,887.6026611328125,863.0046997070312,866.0275268554688,850.886474609375,34067814
2021-01-28,874.2191162109375,882.8953247070312,844.544677734375,850.0596313476562,835.1976928710938,43712383
2021-01-31,858.11279296875,879.1571655273438,852.8516845703125,874.6806640625,859.3883056640625,34180952
2021-02-01,883.4260864257812,895.3096923828125,856.0591430664062,888.7564086914062,873.2178955078125,41470034
2021-02-02,889.91015625,900.84765625,876.8496704101562,890.9946899414062,875.4171752929688,30301696
2021-02-03,887.9256591796875,895.3096923828125,879.1571655273438,888.0641479492188,872.5377807617188,25626981
2021-02-04,890.7177734375,897.4556884765625,886.0797119140625,887.810302734375,872.2883911132812,20248046
2021-02-07,892.1022338867188,908.6931762695312,890.2562866210938,900.5938720703125,884.848388671875,21183400
2021-02-08,905.4396362304688,918.2000732421876,900.9861450195312,902.7628784179688,886.9795532226562,19604141
2021-02-09,901.6553344726562,915.9617919921876,889.4486083984375,911.1390991210938,895.2092895507812,21234156
2021-02-10,913.7696533203124,952.6279907226562,910.1930541992188,948.7052001953124,932.11865234375,42539278
2021-02-11,948.6129150390624,958.9966430664062,930.1067504882812,942.1980590820312,925.7252197265624,30497029
2021-02-14,945.1747436523438,951.2896118164062,934.5371704101562,938.0445556640624,921.6443481445312,15791099
2021-02-15,941.3442993164062,959.6427612304688,939.1521606445312,950.4589233398438,933.8417358398438,21421660
2021-02-16,950.6896362304688,967.2805786132812,946.3515625,961.4195556640624,944.6107177734376,23742994
2021-02-17,962.2271728515624,973.0262451171876,950.2742919921876,954.2432250976562,937.5598754882812,18646877
2021-02-18,949.30517578125,971.43408203125,947.5975952148438,960.05810546875,943.2730102539062,23403483
2021-02-21,959.919677734375,964.488525390625,920.6691284179688,926.73779296875,910.5352783203124,23804335
2021-02-22,945.1516723632812,947.4130249023438,929.2760620117188,933.8218383789062,917.4954833984376,25644108
2021-02-23,936.8446655273438,953.112548828125,935.06787109375,951.1511840820312,934.5218505859376,10807663
2021-02-24,958.0736694335938,993.1476440429688,956.6891479492188,989.6171875,972.3153686523438,34855693
2021-02-25,976.9951782226562,984.7944946289062,955.627685546875,962.5963745117188,945.7669677734376,37481215
2021-02-28,973.85693359375,974.6876831054688,951.8433837890624,969.9342041015624,952.9765014648438,17680764
2021-03-01,979.3026733398438,982.99462890625,964.1193237304688,971.9186401367188,954.9262084960938,17150760
2021-03-02,978.8642578125,1024.4835205078125,972.4724731445312,1016.268798828125,998.5009765625,31924461
2021-03-03,1006.0696411132812,1010.6615600585938,995.7781982421876,1004.1544189453124,986.5983276367188,21435754
2021-03-04,994.99365234375,1020.8145751953124,993.6322021484376,1005.4696655273438,987.890625,25511666
2021-03-07,1000.7623901367188,1030.021484375,1000.5316772460938,1011.1923217773438,993.5132446289062,19506841
2021-03-08,1015.2996215820312,1021.6683349609376,990.6555786132812,1011.169189453125,993.4906005859376,15154484
2021-03-09,1018.5301513671876,1022.268310546875,1001.5700073242188,1006.9695434570312,989.3642578125,11519358
2021-03-11,1012.9921264648438,1018.2532348632812,980.1795043945312,986.5020751953124,969.2546997070312,16864952
2021-03-14,987.6327514648438,991.7169799804688,960.150390625,973.2570190429688,956.2412109375,16698099
2021-03-15,975.6106567382812,981.148681640625,967.0729370117188,969.4265747070312,952.477783203125,13873801
2021-03-16,968.249755859375,970.5341796875,939.1983032226562,948.543701171875,931.9599609375,19210236
2021-03-17,956.6430053710938,962.1348876953124,923.461181640625,927.1993408203124,910.9888305664062,20647480
2021-03-18,918.84619140625,967.2344360351562,915.0618896484376,960.8426513671876,944.0438842773438,41787429
2021-03-21,955.7661743164062,957.150634765625,938.3214721679688,951.7972412109376,935.1566772460938,18572478
2021-03-22,951.589599609375,973.626220703125,948.8436889648438,963.3809204101562,946.5377807617188,17421165
2021-03-23,959.8042602539062,959.8042602539062,941.644287109375,944.82861328125,928.309814453125,16822814
2021-03-24,947.920654296875,947.920654296875,916.0771484375,919.0538330078124,902.9857177734376,22001648
2021-03-25,928.5376586914062,929.3222045898438,910.8622436523438,920.5306396484376,904.4367065429688,20180202
2021-03-29,926.691650390625,945.5670166015624,919.0999755859376,936.5216064453124,920.1480102539062,20441701
2021-03-30,931.3067016601562,946.0285034179688,922.5381469726562,924.4302978515624,908.26806640625,16250796
2021-03-31,931.3067016601562,936.8446655273438,924.453369140625,933.0834350585938,916.7698974609376,11723312
2021-04-04,934.5140991210938,934.5371704101562,905.5088500976562,919.5845947265624,903.5072021484376,14875099
2021-04-05,924.845703125,925.2841186523438,908.6931762695312,915.754150390625,899.7437133789062,14009194
2021-04-06,922.9996948242188,944.64404296875,919.9076538085938,924.31494140625,908.1548461914062,24266353
2021-04-07,928.076171875,933.1526489257812,919.7691650390624,925.4686889648438,909.2883911132812,15369188
2021-04-08,922.2843627929688,925.93017578125,913.7696533203124,914.7157592773438,898.7234497070312,14037885
2021-04-11,904.0781860351562,905.185791015625,876.965087890625,881.9954223632812,866.5750732421875,20901482
2021-04-12,887.9256591796875,895.5866088867188,885.0874633789062,891.525390625,875.9385375976562,19411189
2021-04-14,888.9871215820312,905.0011596679688,882.8491821289062,897.2941284179688,881.6063232421875,19723716
2021-04-15,893.7406005859375,899.8785400390625,889.0563354492188,891.663818359375,876.0745239257812,15656948
2021-04-18,878.6956787109375,884.4182739257812,872.2346801757812,877.6342163085938,862.290283203125,18478808
2021-04-19,881.6954345703125,885.6181640625,872.4423828125,877.3804321289062,862.0408325195312,17203668
2021-04-21,873.2730712890625,883.5183715820312,866.0967407226562,879.8032836914062,864.4213256835938,14490954
2021-04-22,879.6187133789062,885.572021484375,874.7037353515625,878.8572387695312,863.4918823242188,11828857
2021-04-25,886.0797119140625,905.4627075195312,882.1569213867188,894.3174438476562,878.6817626953125,20846778
2021-04-26,895.3096923828125,921.7074584960938,894.5020751953125,917.7616577148438,901.7161254882812,19992524
2021-04-27,922.0074462890624,926.691650390625,913.8389282226562,921.7536010742188,905.6382446289062,17122437
2021-04-28,933.5679931640624,943.5364379882812,926.36865234375,934.0987548828124,917.7675170898438,17412606
2021-04-29,926.9224243164062,939.6136474609376,917.2540283203124,920.46142578125,904.36865234375,19828769
2021-05-02,907.3086547851562,913.3081665039062,896.7403564453125,904.1012573242188,888.2945556640625,23640186
2021-05-03,899.9246826171875,908.139404296875,881.9262084960938,884.5105590820312,869.0463256835938,21849830
2021-05-04,887.625732421875,894.617431640625,880.5647583007812,886.1258544921875,870.6334228515625,12393609
2021-05-05,886.9334716796875,893.002197265625,879.8955688476562,891.1561889648438,875.5758056640625,14624666
2021-05-06,894.2713012695312,902.5321655273438,888.8486938476562,891.5023193359375,875.9158935546875,12288548
2021-05-09,894.8482055664062,898.4478759765625,886.5181274414062,888.9409790039062,873.3992919921875,13941237
2021-05-10,883.772216796875,894.6405029296875,881.4646606445312,892.1484375,876.5506591796875,13478264
2021-05-11,890.7408447265625,892.0330200195312,880.0802001953125,882.9183959960938,867.4819946289062,13177961
2021-05-13,889.7947387695312,896.232666015625,879.6187133789062,894.0636596679688,878.432373046875,13291616
2021-05-16,894.0636596679688,906.1318359375,890.8792724609375,904.7012329101562,888.884033203125,11873078
2021-05-17,914.231201171875,924.1995849609376,910.3084106445312,917.4385986328124,901.398681640625,12064918
2021-05-18,913.7696533203124,930.5913696289062,910.0776977539062,921.6382446289062,905.5248413085938,16317002
2021-05-19,922.030517578125,928.030029296875,914.231201171875,916.2617797851562,900.242431640625,11422532
2021-05-20,919.3076782226562,927.4300537109376,916.5386962890624,924.176513671875,908.0188598632812,10785605
2021-05-23,926.691650390625,927.5223999023438,914.6926879882812,916.3771362304688,900.3557739257812,8551760
2021-05-24,921.3382568359376,921.6151733398438,904.5396728515624,905.993408203125,890.153564453125,14780102
2021-05-25,911.462158203125,913.5389404296876,906.9856567382812,909.177734375,893.2821655273438,7480204
2021-05-26,909.2931518554688,919.7691650390624,905.5780639648438,911.9698486328124,896.0255126953125,26819294
2021-05-27,918.3847045898438,971.4571533203124,918.3847045898438,966.7498779296876,949.8477783203124,56469931
2021-05-30,970.0726318359376,1011.4691772460938,962.250244140625,996.9780883789062,979.5475463867188,59124142
2021-05-31,999.608642578125,1016.22265625,990.609375,1000.947021484375,983.447021484375,28013832
2021-06-01,995.4551391601562,1019.6838989257812,995.4551391601562,1015.8765258789062,998.1156005859376,24630162
2021-06-02,1024.9910888671875,1038.3746337890625,1013.4998168945312,1019.7531127929688,1001.9243774414062,23974257
2021-06-03,1022.1298217773438,1022.8912963867188,1008.031005859375,1010.9154052734376,993.2411499023438,14468646
2021-06-06,1016.22265625,1034.6826171875,1008.3771362304688,1027.9447021484375,1009.9727783203124,16336573
2021-06-07,1027.5755615234375,1027.829345703125,1014.4458618164062,1022.0375366210938,1004.1689453125,9674735
2021-06-08,1024.068115234375,1024.9910888671875,995.8935546875,1003.7621459960938,986.2130126953124,11409161
2021-06-09,1012.2537231445312,1029.1446533203125,1004.93896484375,1007.4541625976562,989.8405151367188,14155653
2021-06-10,1007.4080200195312,1028.2216796875,1006.1157836914062,1021.3683471679688,1007.0098266601562,13762778
2021-06-13,1022.22216796875,1042.1820068359375,1013.0151977539062,1036.02099609375,1021.45654296875,20332436
2021-06-14,1043.451171875,1049.865966796875,1033.8980712890625,1038.3746337890625,1023.7771606445312,15174215
2021-06-15,1036.02099609375,1037.01318359375,1017.9993896484376,1020.6530151367188,1006.3045043945312,10797349
2021-06-16,1015.2996215820312,1031.4521484375,1006.0234985351562,1022.5220947265624,1008.1473999023438,15745975
2021-06-17,1027.06787109375,1031.4521484375,1008.0771484375,1027.1370849609375,1012.697509765625,29369026
2021-06-20,1016.9149169921876,1037.2208251953125,1015.368896484375,1032.490478515625,1017.9756469726562,12186448
2021-06-21,1040.2205810546875,1043.451171875,1024.2296142578125,1027.1832275390625,1012.742919921875,12871913
2021-06-22,1038.3746337890625,1038.6514892578125,1016.0841674804688,1017.7686767578124,1003.4608154296876,16653951
2021-06-23,1018.4609375,1022.0375366210938,987.6096801757812,993.8399047851562,979.8683471679688,91461975
2021-06-24,993.8399047851562,993.8399047851562,960.4273071289062,971.2033081054688,957.5499877929688,55355022
2021-06-27,979.3026733398438,981.37939453125,960.3811645507812,962.6886596679688,949.1550903320312,20277042
2021-06-28,964.3038940429688,973.3031616210938,961.8118286132812,963.5193481445312,949.97412109375,27144063
2021-06-29,967.4190063476562,979.6026000976562,965.0192260742188,974.0646362304688,960.3711547851562,19762858
2021-06-30,977.4566650390624,979.8333740234376,966.8421630859376,968.20361328125,954.592529296875,12534407
2021-07-01,967.76513671875,984.3330078125,965.8960571289062,982.5562133789062,968.7432861328124,14086620
2021-07-04,985.9713134765624,993.8629760742188,983.6868896484376,992.3169555664062,978.3668212890624,11702287
2021-07-05,989.8941040039062,991.7169799804688,978.4719848632812,980.5948486328124,966.8095703125,10070124
2021-07-06,981.956298828125,981.956298828125,968.2266845703124,973.7877197265624,960.0980834960938,10454892
2021-07-07,976.9721069335938,976.9721069335938,960.3811645507812,965.7345581054688,952.1581420898438,11185460
2021-07-08,963.6116333007812,965.3192138671876,953.5048217773438,955.8584594726562,942.4209594726562,9037675
2021-07-11,959.8042602539062,969.8419189453124,957.3814086914062,961.8118286132812,948.2905883789062,8585292
2021-07-12,969.149658203125,970.5572509765624,963.6347045898438,969.01123046875,955.3887939453124,6717133
2021-07-13,969.3111572265624,972.3109130859376,960.4965209960938,962.6886596679688,949.1550903320312,8532544
2021-07-14,966.8421630859376,966.8421630859376,959.2274169921876,961.0042114257812,947.4943237304688,9448356
2021-07-15,963.4962768554688,975.956787109375,963.4270629882812,974.8722534179688,961.1674194335938,8828185
2021-07-18,969.149658203125,980.2256469726562,965.5730590820312,968.6651000976562,955.0474853515624,8354449
2021-07-19,968.9188842773438,972.8416748046876,961.7656860351562,966.288330078125,952.7041625976562,6741464
2021-07-21,977.9181518554688,980.1795043945312,968.2958984375,978.7026977539062,964.9440307617188,7972397
2021-07-22,985.04833984375,985.04833984375,970.095703125,971.7802124023438,958.1187744140624,9937030
2021-07-25,972.8416748046876,978.8411254882812,955.8123168945312,958.4659423828124,944.99169921875,12389668
2021-07-26,958.44287109375,961.627197265625,942.3826904296876,948.3821411132812,935.0496826171876,10824523
2021-07-27,949.7666625976562,949.7666625976562,930.4990234375,940.2366943359376,927.0187377929688,12897848
2021-07-28,947.920654296875,957.3352661132812,943.0287475585938,947.5745239257812,934.25341796875,13765738
2021-07-29,949.7666625976562,954.3585815429688,937.352294921875,939.2906494140624,926.0859985351562,11350608
2021-08-01,948.0591430664062,959.6427612304688,941.9904174804688,956.4584350585938,943.012451171875,10925104
2021-08-02,964.53466796875,964.9961547851562,952.6279907226562,963.4962768554688,949.9513549804688,11817299
2021-08-03,966.5652465820312,975.6106567382812,963.150146484375,970.8803100585938,957.2315673828124,13169800
2021-08-04,975.7490844726562,994.4398193359376,971.1110229492188,984.9560546875,971.109375,21252078
2021-08-05,982.9715576171876,990.8170776367188,959.3427734375,964.0962524414062,950.5429077148438,16620987
2021-08-08,960.3811645507812,964.4423828125,953.6893920898438,958.6043701171876,945.1281127929688,7494143
2021-08-09,960.8426513671876,975.149169921875,957.0352783203124,963.6347045898438,950.0877685546876,11919198
2021-08-10,967.7420654296876,978.379638671875,961.48876953125,977.1336059570312,963.39697265625,9184963
2021-08-11,980.6409912109376,981.240966796875,971.4571533203124,973.9954223632812,960.3028564453124,8137612
2021-08-12,977.1336059570312,992.1785278320312,973.2800903320312,990.2171020507812,976.2965087890624,12780901
2021-08-15,991.9246826171876,1016.6841430664062,982.140869140625,1003.0698852539062,988.9686279296876,21935444
2021-08-16,1000.9239501953124,1008.4694213867188,991.232421875,998.801025390625,984.759765625,12658169
2021-08-17,1003.3006591796876,1009.2078247070312,993.424560546875,1002.6776123046876,988.5818481445312,10075860
2021-08-19,988.994140625,1002.3776245117188,986.2251586914062,991.4170532226562,977.4796142578124,9426282
2021-08-22,1003.3006591796876,1003.3006591796876,984.0560913085938,997.9241943359376,983.895263671875,9854395
2021-08-23,999.1702270507812,1011.607666015625,994.8090209960938,1007.7772216796876,993.6097412109376,11864472
2021-08-24,1008.561767578125,1024.5296630859375,1006.1157836914062,1016.49951171875,1002.20947265625,13380559
2021-08-25,1018.9916381835938,1036.02099609375,1017.6071166992188,1029.352294921875,1014.8814697265624,18589616
2021-08-26,1032.3751220703125,1035.02880859375,1022.7067260742188,1027.9447021484375,1013.4937744140624,10480636
2021-08-29,1038.3746337890625,1050.304443359375,1032.2828369140625,1047.719970703125,1032.990966796875,14027062
2021-08-30,1050.7889404296875,1053.9501953125,1034.7979736328125,1042.1358642578125,1027.4853515625,26485463
2021-08-31,1048.9891357421875,1058.1729736328125,1044.3741455078125,1046.2662353515625,1031.5577392578125,11145486
2021-09-01,1040.68212890625,1065.04931640625,1040.68212890625,1058.865234375,1043.9796142578125,9956770
2021-09-02,1066.0645751953125,1105.2921142578125,1062.6033935546875,1102.2923583984375,1086.796142578125,30664428
2021-09-05,1113.59912109375,1144.5196533203125,1113.1375732421875,1119.4140625,1103.67724609375,33641710
2021-09-06,1121.444580078125,1134.3665771484375,1113.1375732421875,1126.4749755859375,1110.6387939453125,17349882
2021-09-07,1131.59765625,1132.5206298828125,1110.6685791015625,1122.067626953125,1106.29345703125,14301651
2021-09-08,1120.4754638671875,1125.0673828125,1115.02978515625,1119.4140625,1103.67724609375,8963249
2021-09-12,1122.8291015625,1122.8291015625,1092.854736328125,1094.469970703125,1079.083984375,16311160
2021-09-13,1096.0621337890625,1104.83056640625,1091.9085693359375,1093.039306640625,1077.67333984375,8908356
2021-09-14,1093.0623779296875,1105.63818359375,1093.0623779296875,1097.5850830078125,1082.1551513671875,9071075
2021-09-15,1099.0849609375,1124.5596923828125,1092.3701171875,1120.6138916015625,1104.860107421875,13448882
2021-09-16,1128.82861328125,1133.3743896484375,1096.3389892578125,1103.2384033203125,1087.72900390625,34882133
2021-09-19,1094.7237548828125,1116.068115234375,1093.754638671875,1104.9921875,1089.4580078125,11779819
2021-09-20,1109.9071044921875,1115.260498046875,1100.215576171875,1109.7686767578125,1094.16748046875,9915736
2021-09-21,1111.2916259765625,1126.9825439453125,1106.7919921875,1121.6754150390625,1105.9068603515625,10995912
2021-09-22,1129.4747314453125,1152.3651123046875,1128.597900390625,1149.0885009765625,1132.934326171875,15748397
2021-09-23,1155.387939453125,1156.2647705078125,1140.82763671875,1145.765625,1129.6583251953125,15192163
2021-09-26,1147.7501220703125,1167.5484619140625,1142.3505859375,1165.033203125,1148.655029296875,15373834
2021-09-27,1169.4405517578125,1183.700927734375,1159.65673828125,1175.9246826171875,1159.3934326171875,18035258
2021-09-28,1186.0545654296875,1186.0545654296875,1163.002685546875,1166.6024169921875,1150.2022705078125,9719875
2021-09-29,1165.287109375,1169.717529296875,1153.9111328125,1162.6334228515625,1146.2889404296875,13590654
2021-09-30,1154.6495361328125,1172.1173095703125,1151.442138671875,1164.6871337890625,1148.31396484375,8958928
2021-10-03,1178.2091064453125,1188.2928466796875,1170.84814453125,1179.662841796875,1163.0789794921875,10918552
2021-10-04,1179.17822265625,1205.4376220703125,1175.6015625,1204.1453857421875,1187.2174072265625,13533634
2021-10-05,1209.1064453125,1209.1064453125,1177.332275390625,1181.370361328125,1164.7625732421875,10258881
2021-10-06,1197.592041015625,1199.32275390625,1184.9931640625,1187.1622314453125,1170.4730224609375,6336665
2021-10-07,1193.0924072265625,1238.8502197265625,1191.36181640625,1232.781494140625,1215.450927734375,15772493
2021-10-10,1246.6956787109375,1255.279541015625,1220.82861328125,1224.197509765625,1206.987548828125,14768666
2021-10-11,1220.6671142578125,1238.2041015625,1218.9364013671875,1231.189208984375,1213.881103515625,6682011
2021-10-12,1236.3580322265625,1255.048828125,1231.8814697265625,1243.718994140625,1226.234619140625,9959762
2021-10-13,1246.2110595703125,1254.102783203125,1240.142333984375,1246.234130859375,1228.71435546875,8623469
2021-10-17,1231.5584716796875,1266.8170166015625,1228.6510009765625,1249.5570068359375,1231.9906005859375,13594479
2021-10-18,1257.033203125,1269.74755859375,1249.7415771484375,1260.748291015625,1243.024658203125,8833409
2021-10-19,1265.7786865234375,1265.7786865234375,1242.1268310546875,1246.234130859375,1228.71435546875,12710570
2021-10-20,1258.6947021484375,1258.9715576171875,1201.3763427734375,1210.2833251953125,1193.26904296875,20831669
2021-10-21,1209.1295166015625,1229.8509521484375,1205.206787109375,1212.544677734375,1195.49853515625,11027475
2021-10-24,1236.819580078125,1236.819580078125,1186.0545654296875,1200.730224609375,1183.850341796875,17198417
2021-10-25,1207.791259765625,1231.6968994140625,1201.353271484375,1228.0740966796875,1210.8096923828125,9750178
2021-10-26,1223.8975830078125,1235.3427734375,1209.1064453125,1212.544677734375,1195.49853515625,9896298
2021-10-27,1209.1295166015625,1217.4134521484375,1195.515380859375,1199.25341796875,1182.3941650390625,9886181
2021-10-28,1198.122802734375,1198.122802734375,1154.5341796875,1170.47900390625,1154.0244140625,14233025
2021-10-31,1170.47900390625,1179.5936279296875,1151.0267333984375,1171.1943359375,1154.7294921875,15481114
2021-11-01,1174.51708984375,1175.901611328125,1151.5574951171875,1154.1187744140625,1137.89404296875,10569130
2021-11-02,1156.5416259765625,1162.9796142578125,1135.7510986328125,1146.1810302734375,1130.06787109375,11989430
2021-11-03,1150.4959716796875,1156.010986328125,1149.1346435546875,1153.2188720703125,1137.0067138671875,1705656
2021-11-07,1162.70263671875,1162.9796142578125,1133.628173828125,1154.6495361328125,1138.4173583984375,20337183
2021-11-08,1156.05712890625,1167.0869140625,1147.773193359375,1163.76416015625,1147.40380859375,15682497
2021-11-09,1161.4566650390625,1180.5166015625,1155.43408203125,1176.7784423828125,1160.235107421875,10253470
2021-11-10,1172.232666015625,1186.2852783203125,1170.1558837890625,1178.9244384765625,1162.35107421875,10722478
2021-11-11,1182.7779541015625,1199.32275390625,1180.0550537109375,1196.7152099609375,1179.8917236328125,8712341
2021-11-14,1199.8995361328125,1200.9149169921875,1186.0545654296875,1189.654296875,1172.9300537109375,4803269
2021-11-15,1187.0006103515625,1188.362060546875,1151.442138671875,1162.010498046875,1145.6748046875,11337581
2021-11-16,1153.2650146484375,1153.2650146484375,1135.7510986328125,1137.1356201171875,1121.149658203125,10202029
2021-11-17,1135.28955078125,1148.673095703125,1130.6976318359375,1141.427490234375,1125.381103515625,8505625
2021-11-21,1124.259765625,1130.213134765625,1084.986083984375,1090.8702392578125,1075.5345458984375,24124307
2021-11-22,1076.7021484375,1108.176513671875,1065.6031494140625,1101.0693359375,1085.5904541015625,25326999
2021-11-23,1098.36962890625,1112.16845703125,1081.5479736328125,1085.1707763671875,1069.9154052734375,16820296
2021-11-24,1095.13916015625,1154.672607421875,1087.8243408203125,1150.4959716796875,1134.322265625,42401936
2021-11-25,1138.8892822265625,1143.4119873046875,1108.2918701171875,1113.41455078125,1097.761962890625,15763138
2021-11-28,1125.644287109375,1153.7496337890625,1107.1842041015625,1126.7518310546875,1110.9119873046875,24325354
2021-11-29,1138.9815673828125,1142.62744140625,1102.453857421875,1110.0916748046875,1094.4857177734375,32172299
2021-11-30,1122.8291015625,1141.7506103515625,1119.1832275390625,1138.5201416015625,1122.5147705078125,10104610
2021-12-01,1139.76611328125,1151.995849609375,1136.0279541015625,1145.8348388671875,1129.7265625,12720411
2021-12-02,1153.01123046875,1153.057373046875,1107.599609375,1111.406982421875,1095.7825927734375,19222481
2021-12-05,1114.983642578125,1119.1370849609375,1087.8243408203125,1090.3394775390625,1075.011474609375,10332254
2021-12-06,1096.5928955078125,1109.445556640625,1089.1396484375,1099.223388671875,1083.7703857421875,11235122
2021-12-07,1118.7218017578125,1122.2752685546875,1110.507080078125,1115.9527587890625,1100.2646484375,8744178
2021-12-08,1123.7520751953125,1142.1658935546875,1119.1370849609375,1133.6512451171875,1117.71435546875,13213547
2021-12-09,1126.1749267578125,1138.05859375,1121.6060791015625,1134.8050537109375,1118.851806640625,8364414
2021-12-12,1141.5198974609375,1141.7967529296875,1109.445556640625,1112.0531005859375,1096.419677734375,12901733
2021-12-13,1098.36962890625,1110.36865234375,1095.32373046875,1098.4388427734375,1082.9969482421875,12991523
2021-12-14,1100.215576171875,1109.9071044921875,1089.647216796875,1095.2314453125,1079.8345947265625,9366969
2021-12-15,1110.2301025390625,1114.7528076171875,1093.131591796875,1109.3994140625,1093.8033447265625,9761279
2021-12-16,1106.69970703125,1111.2916259765625,1070.6795654296875,1080.1173095703125,1064.9329833984375,21049821
2021-12-19,1069.6873779296875,1069.6873779296875,1037.0362548828125,1050.9967041015625,1036.2216796875,14325846
2021-12-20,1066.6876220703125,1082.6785888671875,1057.8499755859375,1066.6414794921875,1051.646484375,12836561
2021-12-21,1072.94091796875,1094.6314697265625,1071.6026611328125,1091.9547119140625,1076.60400390625,17658543
2021-12-22,1095.6005859375,1098.36962890625,1088.23974609375,1091.5625,1076.2171630859375,9072401
2021-12-23,1093.754638671875,1103.9075927734375,1078.7789306640625,1095.046875,1079.652587890625,7886494
2021-12-26,1089.85498046875,1097.4466552734375,1083.6478271484375,1093.8699951171875,1078.4923095703125,4017223
2021-12-27,1096.3389892578125,1109.837890625,1095.1622314453125,1106.8612060546875,1091.30078125,6374613
2021-12-28,1103.4461669921875,1116.3681640625,1099.3387451171875,1108.75341796875,1093.16650390625,15425312
2021-12-29,1107.599609375,1109.884033203125,1082.4940185546875,1088.7242431640625,1073.4188232421875,29333171
2021-12-30,1095.13916015625,1100.16943359375,1089.1396484375,1092.90087890625,1077.5367431640625,9477290
2022-01-02,1091.4471435546875,1111.2685546875,1090.7779541015625,1109.3763427734375,1093.780517578125,5421611
2022-01-03,1114.9375,1135.7510986328125,1109.445556640625,1134.4127197265625,1118.4649658203125,10847728
2022-01-04,1136.212646484375,1143.1351318359375,1122.8060302734375,1139.719970703125,1123.6976318359375,11643813
2022-01-05,1131.2283935546875,1132.5206298828125,1111.7530517578125,1115.21435546875,1099.53662109375,14447422
2022-01-06,1121.883056640625,1134.3896484375,1112.929931640625,1124.213623046875,1108.4091796875,13112115
2022-01-09,1131.59765625,1133.9051513671875,1115.0067138671875,1125.1365966796875,1109.3193359375,9246731
2022-01-10,1124.213623046875,1142.18896484375,1123.7520751953125,1133.2359619140625,1117.3048095703125,16205164
2022-01-11,1140.5045166015625,1165.2640380859375,1137.5970458984375,1163.4871826171875,1147.130859375,14800442
2022-01-12,1163.5565185546875,1172.671142578125,1157.626220703125,1170.04052734375,1153.5919189453125,11856712
2022-01-13,1169.902099609375,1184.8084716796875,1165.6793212890625,1171.748046875,1155.275390625,19930176
2022-01-16,1171.28662109375,1183.7470703125,1170.8250732421875,1177.8629150390625,1161.304443359375,8036453
2022-01-17,1179.0167236328125,1182.5240478515625,1161.0181884765625,1163.810302734375,1147.4493408203125,6215029
2022-01-18,1167.5946044921875,1173.132568359375,1157.903076171875,1163.718017578125,1147.3582763671875,9755485
2022-01-19,1153.772705078125,1158.341552734375,1132.9820556640625,1143.3427734375,1127.2696533203125,16494486
2022-01-20,1131.59765625,1154.7879638671875,1131.59765625,1143.52734375,1127.4515380859375,13338594
2022-01-23,1142.2120361328125,1155.9417724609375,1086.8782958984375,1097.4005126953125,1081.9730224609375,21868937
2022-01-24,1084.31689453125,1102.361572265625,1063.757080078125,1095.2545166015625,1079.8572998046875,24510205
2022-01-26,1078.0635986328125,1087.3397216796875,1066.5491943359375,1079.03271484375,1063.8636474609375,20020431
2022-01-27,1091.4471435546875,1096.4774169921875,1074.5562744140625,1077.994384765625,1062.83984375,14667727
2022-01-30,1089.23193359375,1110.55322265625,1087.3858642578125,1101.41552734375,1085.9317626953125,12143683
2022-01-31,1111.2916259765625,1117.1064453125,1083.186279296875,1097.7696533203125,1082.3370361328125,13200509
2022-02-01,1110.830078125,1110.830078125,1096.1082763671875,1100.0079345703125,1084.5439453125,10017691
2022-02-02,1103.9075927734375,1108.268798828125,1083.232421875,1085.793701171875,1070.529541015625,9572839
2022-02-03,1080.37109375,1083.809326171875,1071.187255859375,1075.89453125,1060.7694091796875,11061241
2022-02-06,1080.8326416015625,1087.662841796875,1063.757080078125,1069.34130859375,1054.3084716796875,10714467
2022-02-07,1075.5946044921875,1089.1396484375,1066.0645751953125,1087.316650390625,1072.031005859375,12060849
2022-02-08,1094.2852783203125,1101.6923828125,1088.2166748046875,1099.98486328125,1084.5211181640625,11486225
2022-02-09,1105.6151123046875,1105.6151123046875,1091.4932861328125,1098.854248046875,1083.4063720703125,12464491
2022-02-10,1095.2545166015625,1100.4464111328125,1081.8017578125,1096.708251953125,1081.2906494140625,15943370
2022-02-13,1080.0250244140625,1086.80908203125,1067.4490966796875,1079.240478515625,1064.068359375,10719633
2022-02-14,1085.078369140625,1118.6295166015625,1077.9251708984375,1115.883544921875,1100.1964111328125,11212671
2022-02-15,1121.444580078125,1122.8291015625,1105.7305908203125,1113.5760498046875,1097.92138671875,10392840
2022-02-16,1116.875732421875,1132.9359130859375,1112.214599609375,1127.6748046875,1111.82177734375,12853252
2022-02-17,1128.0902099609375,1133.628173828125,1116.8988037109375,1118.8602294921875,1103.131103515625,6775458
2022-02-20,1113.1375732421875,1124.9058837890625,1100.4925537109375,1107.553466796875,1091.9833984375,11107193
2022-02-21,1085.8629150390625,1105.70751953125,1083.2093505859375,1102.5230712890625,1087.023681640625,13494914
2022-02-22,1108.1072998046875,1110.6224365234375,1092.8316650390625,1095.6236572265625,1080.2213134765625,7310110
2022-02-23,1063.757080078125,1079.863525390625,1035.3287353515625,1041.0281982421875,1026.393310546875,24846650
2022-02-24,1052.2657470703125,1065.1185302734375,1050.489013671875,1054.0426025390625,1039.224853515625,14570089
2022-02-27,1035.1441650390625,1092.5316162109375,1035.1441650390625,1088.931884765625,1073.6234130859375,21297446
2022-03-01,1077.3482666015625,1108.0611572265625,1074.9254150390625,1106.930419921875,1091.369140625,21471786
2022-03-02,1107.599609375,1114.452880859375,1093.7777099609375,1097.5850830078125,1082.1551513671875,10186748
2022-03-03,1085.9090576171875,1091.1240234375,1070.8411865234375,1073.240966796875,1058.1531982421875,10805667
2022-03-06,1051.61962890625,1067.0338134765625,1025.45263671875,1033.552001953125,1019.022216796875,17983310
2022-03-07,1020.6068725585938,1036.5286865234375,1006.0696411132812,1031.682861328125,1017.1793212890624,21289374
2022-03-08,1031.9136962890625,1092.3701171875,1031.059814453125,1086.416748046875,1071.1436767578125,20414228
2022-03-09,1107.599609375,1109.9071044921875,1089.1396484375,1104.02294921875,1088.50244140625,17980493
2022-03-10,1096.546630859375,1112.6761474609375,1096.546630859375,1107.207275390625,1091.64208984375,12257423
2022-03-13,1101.553955078125,1118.8602294921875,1095.6005859375,1116.298828125,1100.605712890625,8340678
2022-03-14,1120.49853515625,1120.49853515625,1080.3018798828125,1090.7318115234375,1075.398193359375,15925769
2022-03-15,1099.2926025390625,1111.2454833984375,1097.03125,1109.1456298828125,1093.55322265625,11149828
2022-03-16,1122.7137451171875,1152.5496826171875,1114.5682373046875,1145.30419921875,1129.2032470703125,21422098
2022-03-20,1127.9056396484375,1146.3656005859375,1125.59814453125,1138.7047119140625,1122.6966552734375,11999466
2022-03-21,1135.335693359375,1169.8790283203125,1132.3360595703125,1168.1253662109375,1151.7037353515625,22557065
2022-03-22,1164.3641357421875,1183.6778564453125,1164.3641357421875,1171.84033203125,1155.366455078125,15462187
2022-03-23,1158.3646240234375,1192.5848388671875,1158.3646240234375,1190.0465087890625,1173.3167724609375,13168266
2022-03-24,1191.8233642578125,1207.2835693359375,1189.2850341796875,1197.984375,1181.1429443359375,14222488
2022-03-27,1204.5145263671875,1213.629150390625,1193.6693115234375,1210.029541015625,1193.018798828125,9891424
2022-03-28,1217.4365234375,1217.4365234375,1203.314697265625,1210.306396484375,1193.291748046875,8684065
2022-03-29,1218.3134765625,1240.5115966796875,1207.791259765625,1233.5660400390625,1216.2244873046875,15811550
2022-03-30,1229.8740234375,1232.066162109375,1213.0985107421875,1215.9366455078125,1198.8428955078125,13223718
2022-03-31,1216.5135498046875,1229.96630859375,1210.0526123046875,1225.67431640625,1208.4437255859375,7922880
2022-04-03,1225.48974609375,1234.5120849609375,1219.12109375,1229.297119140625,1212.015625,7929162
2022-04-04,1223.482177734375,1232.158447265625,1209.45263671875,1211.921630859375,1194.8841552734375,13149870
2022-04-05,1193.9462890625,1215.8212890625,1193.9462890625,1208.691162109375,1191.6993408203125,12257215
2022-04-06,1197.63818359375,1202.6685791015625,1184.6700439453125,1187.369873046875,1170.677734375,15496499
2022-04-07,1181.4395751953125,1211.4371337890625,1181.4395751953125,1207.1220703125,1190.1522216796875,15152495
2022-04-10,1199.8995361328125,1217.6904296875,1192.0540771484375,1204.60693359375,1187.6724853515625,9254209
2022-04-11,1193.9000244140625,1201.0994873046875,1179.316650390625,1181.9241943359375,1165.30859375,13217742
2022-04-12,1188.13134765625,1196.4844970703125,1174.747802734375,1177.5860595703125,1161.0313720703125,10354235
2022-04-17,1168.9791259765625,1181.3472900390625,1163.810302734375,1173.986328125,1157.4822998046875,9974224
2022-04-18,1180.5166015625,1231.2816162109375,1177.3092041015625,1218.728759765625,1201.5955810546875,26141820
2022-04-19,1226.251220703125,1261.7406005859375,1222.5592041015625,1254.564208984375,1236.9273681640625,25072240
2022-04-20,1269.5399169921875,1287.123046875,1260.8175048828125,1283.938720703125,1265.8890380859375,21708633
2022-04-21,1273.23193359375,1293.12255859375,1266.4478759765625,1273.185791015625,1255.287109375,15054154
2022-04-24,1265.6171875,1273.0010986328125,1229.2740478515625,1243.7420654296875,1226.2574462890625,17063215
2022-04-25,1250.66455078125,1289.89208984375,1249.6031494140625,1280.9620361328125,1262.9541015625,12227666
2022-04-26,1271.8243408203125,1305.12158203125,1271.455078125,1282.2081298828125,1264.1826171875,19338945
2022-04-27,1296.79150390625,1315.736083984375,1285.78466796875,1301.3603515625,1283.065673828125,25614076
2022-04-28,1318.11279296875,1318.11279296875,1281.7235107421875,1287.699951171875,1269.597412109375,18214862
2022-05-01,1274.66259765625,1294.73779296875,1272.839599609375,1283.17724609375,1265.13818359375,9467006
2022-05-03,1285.277099609375,1287.5845947265625,1235.112060546875,1243.1190185546875,1225.64306640625,19247660
2022-05-04,1256.894775390625,1259.89453125,1214.6676025390625,1218.77490234375,1201.6412353515625,17210669
2022-05-05,1205.5299072265625,1227.1280517578125,1196.9228515625,1209.4295654296875,1192.42724609375,19649948
2022-05-08,1188.3389892578125,1198.561279296875,1156.9801025390625,1162.195068359375,1145.8568115234375,18083752
2022-05-09,1151.442138671875,1166.0255126953125,1134.3665771484375,1142.050537109375,1125.9954833984375,19511677
2022-05-10,1141.1275634765625,1146.8040771484375,1117.7294921875,1130.3515625,1114.4609375,16643899
2022-05-11,1120.2908935546875,1123.682861328125,1093.754638671875,1107.32275390625,1091.755859375,20490321
2022-05-12,1119.5986328125,1143.5965576171875,1114.68359375,1119.87548828125,1104.132080078125,19308778
2022-05-15,1123.498291015625,1144.9810791015625,1115.2835693359375,1120.1524658203125,1104.4051513671875,13437911
2022-05-16,1123.7982177734375,1172.1634521484375,1122.3675537109375,1167.2022705078125,1150.793701171875,16551828
2022-05-17,1172.048095703125,1186.0545654296875,1157.5570068359375,1171.4481201171875,1154.979736328125,17276788
2022-05-18,1146.3656005859375,1159.518310546875,1138.0816650390625,1144.4503173828125,1128.361572265625,14699118
2022-05-19,1159.518310546875,1220.39013671875,1154.672607421875,1211.1832275390625,1194.1561279296875,21793091
2022-05-22,1214.436767578125,1224.6129150390625,1196.6690673828125,1203.083984375,1186.1708984375,15252755
2022-05-23,1203.130126953125,1217.4365234375,1198.838134765625,1207.21435546875,1190.2431640625,13527818
2022-05-24,1216.0521240234375,1226.066650390625,1200.591796875,1205.4376220703125,1188.491455078125,12714544
2022-05-25,1211.16015625,1216.0059814453125,1175.901611328125,1193.9462890625,1177.16162109375,17882023
2022-05-26,1196.692138671875,1202.2762451171875,1172.2557373046875,1188.408203125,1171.701416015625,16521973
2022-05-29,1206.822021484375,1234.050537109375,1197.222900390625,1229.8048095703125,1212.51611328125,13853398
2022-05-30,1219.005615234375,1236.2657470703125,1207.1451416015625,1214.967529296875,1197.887451171875,70620653
2022-05-31,1215.72900390625,1225.3743896484375,1207.3758544921875,1215.35986328125,1198.2742919921875,9776989
2022-06-01,1215.590576171875,1261.0252685546875,1215.590576171875,1257.2640380859375,1239.5892333984375,22126569
2022-06-02,1266.3555908203125,1300.20654296875,1265.4324951171875,1282.73876953125,1264.7059326171875,23939791
2022-06-05,1282.9696044921875,1298.6605224609375,1269.9552001953125,1277.223876953125,1259.2685546875,11093152
2022-06-06,1278.308349609375,1288.0921630859375,1270.0706787109375,1279.6236572265625,1261.634521484375,12358255
2022-06-07,1279.6236572265625,1283.4310302734375,1253.572021484375,1257.148681640625,1239.4755859375,12479250
2022-06-08,1250.66455078125,1293.583984375,1250.66455078125,1291.6226806640625,1273.4649658203125,17278305
2022-06-09,1279.2314453125,1287.5384521484375,1246.7418212890625,1252.6259765625,1235.016357421875,18093057
2022-06-12,1222.974609375,1233.4967041015625,1207.4219970703125,1228.9278564453125,1211.6513671875,17620803
2022-06-13,1222.9976806640625,1233.058349609375,1206.106689453125,1212.86767578125,1195.8170166015625,14714312
2022-06-14,1207.9989013671875,1217.113525390625,1192.7001953125,1198.1920166015625,1181.3475341796875,11195535
2022-06-15,1210.5140380859375,1227.151123046875,1178.6705322265625,1181.4395751953125,1164.8309326171875,17111475
2022-06-16,1181.4395751953125,1211.3677978515625,1179.6397705078125,1195.2845458984375,1178.481201171875,24457187
2022-06-19,1202.20703125,1207.791259765625,1163.4871826171875,1173.6171875,1157.118408203125,12066797
2022-06-20,1181.4395751953125,1196.8536376953125,1166.81005859375,1192.561767578125,1175.796630859375,11720049
2022-06-21,1180.562744140625,1180.655029296875,1154.2110595703125,1156.333984375,1140.078125,10617206
2022-06-22,1160.6951904296875,1165.287109375,1128.3670654296875,1137.573974609375,1121.581787109375,19446323
2022-06-23,1144.5196533203125,1158.8260498046875,1138.9815673828125,1153.772705078125,1137.5528564453125,14240234
2022-06-26,1174.4940185546875,1174.4940185546875,1145.23486328125,1150.3575439453125,1134.185791015625,15474529
2022-06-27,1145.48876953125,1169.41748046875,1145.48876953125,1166.5330810546875,1150.1339111328125,13572847
2022-06-28,1157.0723876953125,1198.51513671875,1154.2110595703125,1190.73876953125,1173.9993896484375,19205146
2022-06-29,1190.6695556640625,1207.2374267578125,1184.2086181640625,1197.89208984375,1181.052001953125,23112959
2022-06-30,1188.31591796875,1196.20751953125,1091.4471435546875,1111.6146240234375,1095.987548828125,81997149
2022-07-03,1097.885009765625,1126.9825439453125,1091.9547119140625,1113.922119140625,1098.262451171875,41857728
2022-07-04,1118.214111328125,1137.5509033203125,1115.4912109375,1122.9444580078125,1107.1580810546875,17647327
2022-07-05,1116.875732421875,1126.95947265625,1102.0616455078125,1113.068359375,1097.420654296875,23943726
2022-07-06,1119.552490234375,1122.9444580078125,1096.0621337890625,1102.1077880859375,1086.6141357421875,23301033
2022-07-07,1115.9066162109375,1115.9066162109375,1099.54638671875,1103.6307373046875,1088.1158447265625,19010108
2022-07-10,1096.75439453125,1120.8907470703125,1093.754638671875,1118.6295166015625,1102.9036865234375,13847467
2022-07-11,1109.445556640625,1125.921142578125,1109.445556640625,1117.0372314453125,1101.333740234375,10778989
2022-07-12,1120.1986083984375,1123.2906494140625,1095.13916015625,1097.2388916015625,1081.8138427734375,14224132
2022-07-13,1102.0616455078125,1123.267578125,1096.9620361328125,1106.2843017578125,1090.7320556640625,16970315
2022-07-14,1114.5220947265625,1114.5220947265625,1099.80029296875,1108.4302978515625,1092.847900390625,9603210
2022-07-17,1117.2911376953125,1119.1370849609375,1104.0460205078125,1117.8680419921875,1102.1529541015625,15160908
2022-07-18,1107.738037109375,1129.2901611328125,1107.738037109375,1124.7213134765625,1108.909912109375,16439888
2022-07-19,1172.2095947265625,1173.36328125,1147.4039306640625,1155.134033203125,1138.89501953125,23924246
2022-07-20,1150.9805908203125,1153.7496337890625,1138.6585693359375,1147.427001953125,1131.29638671875,16523230
2022-07-21,1153.7496337890625,1161.2720947265625,1151.442138671875,1155.1802978515625,1138.940673828125,10969995
2022-07-24,1138.727783203125,1138.727783203125,1108.984130859375,1117.01416015625,1101.31103515625,23110452
2022-07-25,1117.3372802734375,1127.8594970703125,1112.837646484375,1117.5218505859375,1101.8116455078125,11303288
2022-07-26,1116.8065185546875,1120.06005859375,1108.5225830078125,1116.46044921875,1100.76513671875,8655086
2022-07-27,1124.213623046875,1138.95849609375,1117.2911376953125,1133.9512939453125,1118.010009765625,12496073
2022-07-28,1142.0736083984375,1161.6412353515625,1137.1356201171875,1158.1107177734375,1141.829833984375,15130683
2022-07-31,1162.5872802734375,1194.2462158203125,1157.2569580078125,1188.2928466796875,1171.5877685546875,15700044
2022-08-01,1187.2083740234375,1203.499267578125,1182.1549072265625,1192.8155517578125,1176.0467529296875,13917913
2022-08-02,1199.8995361328125,1204.5145263671875,1184.8778076171875,1202.830078125,1185.920654296875,14250977
2022-08-03,1204.5145263671875,1208.0911865234375,1169.902099609375,1186.931396484375,1170.245361328125,14467127
2022-08-04,1188.8236083984375,1190.11572265625,1166.18701171875,1169.4405517578125,1153.0003662109375,13942438
2022-08-07,1168.0560302734375,1192.307861328125,1168.0560302734375,1184.7392578125,1168.083984375,10165178
2022-08-09,1189.2388916015625,1195.2384033203125,1180.078125,1191.8233642578125,1175.068603515625,10724688
2022-08-10,1201.3302001953125,1204.4683837890625,1190.7618408203125,1195.792236328125,1178.9815673828125,8198226
2022-08-11,1195.4229736328125,1218.9825439453125,1191.6849365234375,1215.1290283203125,1198.046630859375,12650587
2022-08-15,1221.2208251953125,1226.343505859375,1212.49853515625,1223.574462890625,1206.3734130859375,6607378
2022-08-16,1229.8970947265625,1235.388916015625,1225.535888671875,1229.96630859375,1212.67529296875,6595965
2022-08-17,1227.589599609375,1231.7430419921875,1218.451904296875,1228.1895751953125,1214.87451171875,7410035
2022-08-18,1222.974609375,1228.3741455078125,1202.1839599609375,1206.2913818359375,1193.2137451171875,9460724
2022-08-21,1207.7451171875,1214.344482421875,1193.4385986328125,1202.9454345703125,1189.904052734375,9471680
2022-08-22,1197.130615234375,1224.451416015625,1195.9075927734375,1221.497802734375,1208.2552490234375,9678484
2022-08-23,1218.40576171875,1232.20458984375,1216.213623046875,1218.244140625,1205.0369873046875,10369622
2022-08-24,1222.489990234375,1228.9278564453125,1210.3294677734375,1214.690673828125,1201.52197265625,7871946
2022-08-25,1215.1290283203125,1222.974609375,1203.130126953125,1208.20654296875,1195.108154296875,10742038
2022-08-28,1192.97705078125,1225.2821044921875,1189.7696533203125,1198.8150634765625,1185.8184814453125,19838975
2022-08-29,1206.360595703125,1220.782470703125,1189.1004638671875,1217.4134521484375,1204.2152099609375,23139054
2022-08-31,1191.892578125,1202.1839599609375,1177.1475830078125,1181.6241455078125,1168.8138427734375,19909939
2022-09-01,1181.6241455078125,1188.5235595703125,1165.610107421875,1167.8253173828125,1155.1646728515625,12999345
2022-09-04,1168.0560302734375,1191.36181640625,1168.0560302734375,1185.9622802734375,1173.1051025390625,11327815
2022-09-05,1187.4390869140625,1202.6685791015625,1186.9775390625,1198.44580078125,1185.453125,10899618
2022-09-06,1188.362060546875,1197.5458984375,1186.0545654296875,1191.4771728515625,1178.56005859375,7488501
2022-09-07,1194.4769287109375,1198.9765625,1186.51611328125,1193.16162109375,1180.226318359375,7057077
2022-09-08,1204.5145263671875,1204.5145263671875,1183.2855224609375,1185.7315673828125,1172.8768310546875,8314850
2022-09-11,1186.308349609375,1205.4376220703125,1186.308349609375,1198.9996337890625,1186.0009765625,7435419
2022-09-12,1208.20654296875,1213.6060791015625,1200.361083984375,1209.01416015625,1195.9071044921875,8888657
2022-09-13,1188.362060546875,1204.5145263671875,1187.32373046875,1194.5230712890625,1181.572998046875,8678219
2022-09-14,1192.0540771484375,1201.537841796875,1179.939697265625,1182.6856689453125,1169.864013671875,10365600
2022-09-15,1173.940185546875,1178.2091064453125,1149.5960693359375,1153.38037109375,1140.8763427734375,20217708
2022-09-18,1153.38037109375,1164.2255859375,1145.142578125,1154.8802490234375,1142.35986328125,7580254
2022-09-19,1164.1102294921875,1171.148193359375,1151.3035888671875,1155.0648193359375,1142.54248046875,8411448
2022-09-20,1152.249755859375,1168.9791259765625,1151.442138671875,1158.249267578125,1145.6925048828125,9207309
2022-09-21,1147.28857421875,1155.134033203125,1140.873779296875,1147.334716796875,1134.896240234375,10308170
2022-09-22,1146.8271484375,1151.8804931640625,1124.259765625,1125.828857421875,1113.62353515625,9528051
2022-09-25,1104.8536376953125,1115.8143310546875,1096.13134765625,1097.1466064453125,1085.252197265625,12479523
2022-09-26,1104.83056640625,1119.5986328125,1089.185791015625,1105.8690185546875,1093.8800048828125,16154822
2022-09-27,1089.3011474609375,1097.4466552734375,1073.956298828125,1076.42529296875,1064.755615234375,16997059
2022-09-28,1089.1396484375,1092.600830078125,1067.4490966796875,1073.1256103515625,1061.49169921875,14671827
2022-09-29,1066.526123046875,1108.5225830078125,1066.526123046875,1097.331298828125,1085.434814453125,18613024
2022-10-02,1103.6768798828125,1115.4219970703125,1090.524169921875,1093.52392578125,1081.6688232421875,11852723
2022-10-03,1106.5843505859375,1115.9066162109375,1103.0538330078125,1113.69140625,1101.6175537109375,8948850
2022-10-05,1120.983154296875,1130.674560546875,1115.975830078125,1117.7987060546875,1105.6802978515625,13352162
2022-10-06,1114.360595703125,1127.8594970703125,1114.360595703125,1122.5291748046875,1110.359619140625,7714340
2022-10-09,1109.9071044921875,1115.7220458984375,1102.0616455078125,1110.2763671875,1098.2396240234375,6329527
2022-10-10,1114.060546875,1114.060546875,1085.0322265625,1088.17041015625,1076.373291015625,9215177
2022-10-11,1085.4476318359375,1099.1541748046875,1081.3402099609375,1096.177490234375,1084.2935791015625,7417103
2022-10-12,1094.4007568359375,1104.83056640625,1089.185791015625,1099.661865234375,1087.7401123046875,7328492
2022-10-13,1114.5220947265625,1115.1451416015625,1093.3392333984375,1094.07763671875,1082.216552734375,9106089
2022-10-16,1086.8321533203125,1114.060546875,1081.571044921875,1111.6376953125,1099.586181640625,16729355
2022-10-17,1117.7525634765625,1136.674072265625,1116.8988037109375,1131.25146484375,1118.9873046875,12415820
2022-10-18,1132.7513427734375,1166.6024169921875,1126.8441162109375,1150.9344482421875,1138.4569091796875,19247142
2022-10-19,1146.8271484375,1162.51806640625,1146.8271484375,1154.0264892578125,1141.5155029296875,8717053
2022-10-20,1157.3031005859375,1161.5028076171875,1138.5201416015625,1140.6429443359375,1128.2769775390625,8243452
2022-10-23,1135.28955078125,1154.9033203125,1133.12060546875,1144.4503173828125,1132.0430908203125,3370033
2022-10-24,1153.2880859375,1153.2880859375,1125.1365966796875,1126.77490234375,1114.559326171875,12233241
2022-10-26,1134.3665771484375,1139.1893310546875,1122.73681640625,1131.205322265625,1118.9415283203125,12513059
2022-10-27,1137.5970458984375,1169.902099609375,1135.0357666015625,1165.81787109375,1153.178955078125,17609592
2022-10-30,1172.671142578125,1181.8780517578125,1168.60986328125,1176.6400146484375,1163.8837890625,12419943
2022-10-31,1199.8995361328125,1199.8995361328125,1157.441650390625,1167.525390625,1154.8680419921875,13963166
2022-11-01,1168.656005859375,1176.9168701171875,1160.672119140625,1174.8170166015625,1162.08056640625,8981896
2022-11-02,1167.525390625,1181.23193359375,1165.3101806640625,1179.2012939453125,1166.417236328125,6693449
2022-11-03,1178.6243896484375,1199.8995361328125,1177.332275390625,1196.5537109375,1183.5816650390625,12575815
2022-11-06,1195.74609375,1204.653076171875,1187.900634765625,1202.9454345703125,1189.904052734375,11789748
2022-11-08,1204.653076171875,1210.029541015625,1195.3076171875,1201.74560546875,1188.7171630859375,11254205
2022-11-09,1195.2845458984375,1198.307373046875,1182.8240966796875,1187.2083740234375,1174.3375244140625,5966242
2022-11-10,1199.8995361328125,1216.5135498046875,1194.361572265625,1214.5753173828125,1201.407958984375,12310132
2022-11-13,1214.0906982421875,1219.2825927734375,1202.2762451171875,1208.691162109375,1195.58740234375,9043112
2022-11-14,1210.1910400390625,1212.0831298828125,1195.2845458984375,1203.2685546875,1190.2237548828125,7086433
2022-11-15,1204.5145263671875,1207.260498046875,1191.2926025390625,1196.369140625,1183.3990478515625,9716161
2022-11-16,1192.9539794921875,1205.8990478515625,1190.6695556640625,1199.461181640625,1186.45751953125,6661451
2022-11-17,1203.0146484375,1204.0531005859375,1186.562255859375,1198.8150634765625,1185.8184814453125,5303197
2022-11-20,1194.361572265625,1194.361572265625,1173.6402587890625,1177.239990234375,1164.4771728515625,6390268
2022-11-21,1174.51708984375,1185.3623046875,1170.5943603515625,1183.7701416015625,1170.9366455078125,6611488
2022-11-22,1188.362060546875,1189.700439453125,1177.8629150390625,1180.078125,1167.28466796875,6413408
2022-11-23,1184.2086181640625,1197.130615234375,1175.993896484375,1190.2542724609375,1177.3504638671875,9389439
2022-11-24,1194.8231201171875,1211.390869140625,1191.638671875,1208.02197265625,1194.925537109375,7349922
2022-11-27,1204.0069580078125,1255.76416015625,1154.672607421875,1249.533935546875,1235.9874267578125,31527484
2022-11-28,1247.8724365234375,1260.656005859375,1243.280517578125,1251.6798095703125,1238.1099853515625,11058913
2022-11-29,1251.818359375,1267.0247802734375,1245.2188720703125,1260.517578125,1246.8519287109375,26164986
2022-11-30,1265.3402099609375,1271.4320068359375,1253.43359375,1256.802490234375,1243.1771240234375,9485801
2022-12-01,1259.89453125,1268.2015380859375,1246.326416015625,1256.271728515625,1242.6522216796875,11589592
2022-12-04,1251.5875244140625,1253.7796630859375,1235.8966064453125,1237.9501953125,1224.5294189453125,14828536
2022-12-05,1229.9432373046875,1244.6650390625,1228.051025390625,1241.52685546875,1228.067138671875,8594245
2022-12-06,1239.1270751953125,1243.7420654296875,1219.351806640625,1223.205322265625,1209.9442138671875,8462111
2022-12-07,1227.589599609375,1229.8970947265625,1218.40576171875,1222.62841796875,1209.3736572265625,7757008
2022-12-08,1221.1285400390625,1227.589599609375,1200.7532958984375,1204.0992431640625,1191.04541015625,12655763
2022-12-11,1193.2078857421875,1210.5140380859375,1192.97705078125,1205.9451904296875,1192.871337890625,9479842
2022-12-12,1205.9451904296875,1215.1290283203125,1202.9915771484375,1211.4371337890625,1198.3037109375,8333348
2022-12-13,1217.2750244140625,1217.875,1204.97607421875,1207.0528564453125,1193.967041015625,7268947
2022-12-14,1201.0533447265625,1206.822021484375,1186.51611328125,1189.9080810546875,1177.0079345703125,8688551
2022-12-15,1186.51611328125,1208.5758056640625,1180.5858154296875,1184.02392578125,1171.1876220703125,15837349
2022-12-18,1191.131103515625,1201.74560546875,1184.5316162109375,1199.5765380859375,1186.5716552734375,7729933
2022-12-19,1192.469482421875,1211.8985595703125,1184.2086181640625,1209.9603271484375,1196.8428955078125,7467588
2022-12-20,1209.591064453125,1215.1290283203125,1188.8697509765625,1192.746337890625,1179.8155517578125,8527550
2022-12-21,1198.9765625,1202.0455322265625,1184.5546875,1189.654296875,1176.757080078125,7451122
2022-12-22,1182.9625244140625,1195.515380859375,1150.1729736328125,1154.764892578125,1142.2459716796875,10257115
2022-12-25,1160.5567626953125,1173.132568359375,1150.2421875,1164.8486328125,1152.22021484375,5990242
2022-12-26,1167.5946044921875,1176.270751953125,1160.7874755859375,1174.378662109375,1161.6468505859375,5763271
2022-12-27,1171.28662109375,1176.7322998046875,1163.671875,1174.2633056640625,1161.5328369140625,7459393
2022-12-28,1166.2100830078125,1176.31689453125,1165.517822265625,1173.7325439453125,1161.0079345703125,6930648
2022-12-29,1174.563232421875,1189.2850341796875,1172.71728515625,1175.5323486328125,1162.7880859375,7289476
2023-01-01,1176.8245849609375,1190.2081298828125,1175.993896484375,1188.7774658203125,1175.8896484375,5316175
2023-01-02,1183.7701416015625,1187.4390869140625,1175.809326171875,1180.078125,1167.28466796875,7658932
2023-01-03,1180.0550537109375,1181.9241943359375,1160.2105712890625,1162.3104248046875,1149.7095947265625,9264891
2023-01-04,1164.5948486328125,1170.5482177734375,1155.5955810546875,1160.233642578125,1147.6552734375,13637099
2023-01-05,1166.048583984375,1175.8785400390625,1162.195068359375,1170.7789306640625,1158.0863037109375,6349597
2023-01-08,1174.655517578125,1200.8226318359375,1173.755615234375,1198.4227294921875,1185.430419921875,10722753
2023-01-09,1202.6685791015625,1202.6685791015625,1174.9786376953125,1180.701171875,1167.90087890625,8047142
2023-01-10,1177.9783935546875,1180.5166015625,1163.4871826171875,1165.81787109375,1153.178955078125,11509553
2023-01-11,1165.2178955078125,1168.748291015625,1137.5970458984375,1140.6429443359375,1128.2769775390625,17688773
2023-01-12,1134.5511474609375,1141.242919921875,1123.5675048828125,1138.7969970703125,1126.4510498046875,20618583
2023-01-15,1141.150634765625,1144.3580322265625,1120.06005859375,1127.9517822265625,1115.723388671875,13623855
2023-01-16,1134.3665771484375,1145.904052734375,1130.9515380859375,1143.9658203125,1131.56396484375,10751000
2023-01-17,1141.5198974609375,1149.6422119140625,1135.451171875,1142.0736083984375,1129.692138671875,13448286
2023-01-18,1141.242919921875,1145.05029296875,1133.7435302734375,1140.8507080078125,1128.482421875,11940054
2023-01-19,1142.2120361328125,1142.2120361328125,1124.79052734375,1127.2825927734375,1115.0614013671875,14930286
2023-01-22,1130.213134765625,1138.15087890625,1119.1370849609375,1121.5830078125,1109.4237060546875,10954118
2023-01-23,1126.0595703125,1127.7440185546875,1101.7615966796875,1114.9605712890625,1102.873046875,16488755
2023-01-24,1113.3453369140625,1114.3836669921875,1098.36962890625,1099.54638671875,1087.6259765625,12385018
2023-01-26,1100.4002685546875,1101.7615966796875,1066.8260498046875,1078.6866455078125,1066.992431640625,25830975
2023-01-29,1076.0792236328125,1094.6314697265625,1061.9111328125,1089.0242919921875,1077.218017578125,21772103
2023-01-30,1099.2926025390625,1101.900146484375,1080.37109375,1086.3013916015625,1074.5245361328125,22691594
2023-01-31,1098.3465576171875,1098.3465576171875,1063.757080078125,1079.863525390625,1068.156494140625,19347800
2023-02-01,1069.756591796875,1083.6015625,1066.526123046875,1073.8870849609375,1062.244873046875,13662663
2023-02-02,1084.0631103515625,1084.0631103515625,1058.2191162109375,1074.8331298828125,1063.1805419921875,24699575
2023-02-05,1068.3720703125,1071.14111328125,1064.1263427734375,1066.7337646484375,1055.1690673828125,14837879
2023-02-06,1066.9876708984375,1074.0947265625,1058.2191162109375,1064.1724853515625,1052.6356201171875,15135435
2023-02-07,1067.4490966796875,1089.093505859375,1064.68017578125,1085.424560546875,1073.6572265625,21160332
2023-02-08,1086.1168212890625,1094.1468505859375,1077.140625,1087.316650390625,1075.5289306640625,13172763
2023-02-09,1086.7860107421875,1086.7860107421875,1071.279541015625,1078.3636474609375,1066.6728515625,10790445
2023-02-12,1080.001953125,1084.524658203125,1067.7030029296875,1072.2257080078125,1060.6014404296875,10352493
2023-02-13,1075.2716064453125,1099.2464599609375,1072.3641357421875,1097.4927978515625,1085.5947265625,14321920
2023-02-14,1096.5235595703125,1124.7674560546875,1095.13916015625,1122.344482421875,1110.1768798828125,33503591
2023-02-15,1130.4207763671875,1137.0433349609375,1119.16015625,1121.4676513671875,1109.3095703125,17264487
2023-02-16,1116.82958984375,1129.5208740234375,1112.491455078125,1126.15185546875,1113.9429931640625,11809520
2023-02-19,1128.3670654296875,1130.5592041015625,1112.2607421875,1114.2452392578125,1102.16552734375,8836937
2023-02-20,1118.6756591796875,1129.19775390625,1113.299072265625,1123.3367919921875,1111.158447265625,13311592
2023-02-21,1119.5755615234375,1121.444580078125,1096.085205078125,1097.8619384765625,1085.959716796875,11024335
2023-02-22,1097.4466552734375,1105.1767578125,1089.7626953125,1092.600830078125,1080.755615234375,9851910
2023-02-23,1094.6776123046875,1105.8228759765625,1092.8316650390625,1100.0771484375,1088.1510009765625,9434053
2023-02-26,1099.2926025390625,1102.8231201171875,1085.3092041015625,1092.7623291015625,1080.91552734375,11199715
2023-02-27,1087.3397216796875,1092.3701171875,1067.7491455078125,1071.8564453125,1060.2362060546875,21994038
2023-02-28,1081.755615234375,1082.4478759765625,1072.179443359375,1081.70947265625,1069.982421875,11551145
2023-03-01,1078.525146484375,1085.2861328125,1071.41796875,1073.4716796875,1061.833984375,9333535
2023-03-02,1084.13232421875,1104.5767822265625,1080.625,1100.8616943359375,1088.927001953125,14643807
2023-03-05,1107.599609375,1118.9525146484375,1107.599609375,1111.6146240234375,1099.5633544921875,10171916
2023-03-07,1111.6146240234375,1116.3681640625,1100.6771240234375,1115.606689453125,1103.5120849609375,15782657
2023-03-08,1114.983642578125,1115.39892578125,1086.8782958984375,1088.79345703125,1076.98974609375,16235128
2023-03-09,1080.6019287109375,1081.755615234375,1068.3951416015625,1071.9256591796875,1060.3046875,13334091
2023-03-12,1074.8331298828125,1081.755615234375,1049.912109375,1054.29638671875,1042.8665771484375,12771592
2023-03-13,1052.2196044921875,1063.7340087890625,1047.166259765625,1050.3505859375,1038.9635009765625,16027522
2023-03-14,1054.11181640625,1060.6650390625,1027.9447021484375,1032.398193359375,1021.2056884765624,21728555
2023-03-15,1035.1441650390625,1040.2205810546875,1016.31494140625,1027.25244140625,1016.1157836914062,18363159
2023-03-16,1035.9517822265625,1039.2745361328125,1021.1607055664062,1025.9603271484375,1014.837646484375,34014213
2023-03-19,1022.22216796875,1024.5296630859375,1006.0696411132812,1015.8765258789062,1004.8632202148438,19524589
2023-03-20,1024.0450439453125,1049.45068359375,1023.1451416015624,1047.4661865234375,1036.1102294921875,21400360
2023-03-21,1054.527099609375,1057.5037841796875,1047.6046142578125,1050.6505126953125,1039.26025390625,10920094
2023-03-22,1046.681640625,1047.5584716796875,1035.167236328125,1037.359375,1026.1131591796875,16249370
2023-03-23,1036.1824951171875,1038.3746337890625,1014.3766479492188,1016.8225708007812,1005.7989501953124,12375945
2023-03-26,1023.3759155273438,1040.2205810546875,1015.3919677734376,1032.62890625,1021.4340209960938,14054323
2023-03-27,1036.067138671875,1041.3743896484375,1032.3751220703125,1037.45166015625,1026.2044677734375,12576424
2023-03-28,1033.298095703125,1035.974853515625,1020.4223022460938,1031.313720703125,1020.133056640625,18804065
2023-03-30,1040.68212890625,1081.5018310546875,1040.543701171875,1075.7791748046875,1064.116455078125,28171201
2023-04-02,1082.2171630859375,1084.0631103515625,1068.3720703125,1075.9637451171875,1064.299072265625,10293043
2023-04-04,1083.6015625,1083.6015625,1065.3955078125,1073.37939453125,1061.74267578125,16262928
2023-04-05,1069.8258056640625,1086.37060546875,1069.8258056640625,1080.5787353515625,1068.8638916015625,18435046
2023-04-09,1084.524658203125,1084.709228515625,1071.3948974609375,1072.9178466796875,1061.2861328125,12961408
2023-04-10,1077.140625,1080.37109375,1072.5487060546875,1078.22509765625,1066.535888671875,10542367
2023-04-11,1078.22509765625,1092.7392578125,1075.3177490234375,1082.9786376953125,1071.2379150390625,18179087
2023-04-12,1085.9090576171875,1091.8162841796875,1080.8326416015625,1087.0628662109375,1075.2777099609375,12378208
2023-04-16,1119.114013671875,1119.114013671875,1084.086181640625,1092.5777587890625,1080.73291015625,17929479
2023-04-17,1096.985107421875,1096.985107421875,1073.4486083984375,1080.0711669921875,1068.3619384765625,10405576
2023-04-18,1079.47119140625,1088.17041015625,1076.3099365234375,1085.4476318359375,1073.68017578125,12273475
2023-04-19,1086.416748046875,1088.6781005859375,1076.2637939453125,1082.70166015625,1070.9637451171875,7007330
2023-04-20,1084.8245849609375,1089.60107421875,1078.2481689453125,1084.0631103515625,1072.310546875,7647317
2023-04-23,1096.0621337890625,1098.784912109375,1083.6015625,1088.2166748046875,1076.4190673828125,12936186
2023-04-24,1091.9085693359375,1098.646484375,1084.75537109375,1096.546630859375,1084.6588134765625,9236126
2023-04-25,1097.9080810546875,1101.184814453125,1086.3936767578125,1090.1087646484375,1078.290771484375,8617834
2023-04-26,1096.0621337890625,1100.215576171875,1090.985595703125,1097.0081787109375,1085.1153564453125,9167125
2023-04-27,1099.2926025390625,1118.6295166015625,1099.17724609375,1117.060302734375,1104.9500732421875,15565210
2023-05-01,1124.305908203125,1128.736328125,1120.5677490234375,1126.544189453125,1114.3310546875,12981805
2023-05-02,1128.3670654296875,1128.3670654296875,1113.6221923828125,1116.875732421875,1104.7674560546875,7061872
2023-05-03,1117.3603515625,1131.9898681640625,1114.3375244140625,1129.7515869140625,1117.503662109375,8635233
2023-05-04,1126.5211181640625,1135.91259765625,1124.213623046875,1126.8671875,1114.650634765625,8746585
2023-05-07,1130.674560546875,1146.2041015625,1127.974853515625,1140.781494140625,1128.4139404296875,9153782
2023-05-08,1142.2120361328125,1147.6578369140625,1136.7894287109375,1144.3118896484375,1131.9061279296875,6464721
2023-05-09,1149.1346435546875,1153.680419921875,1145.0733642578125,1152.1805419921875,1139.6895751953125,10872255
2023-05-10,1153.2650146484375,1158.1337890625,1142.9273681640625,1144.6580810546875,1132.2486572265625,10557860
2023-05-11,1139.812255859375,1147.9346923828125,1133.67431640625,1146.527099609375,1134.0972900390625,6955341
2023-05-14,1149.0885009765625,1155.849365234375,1141.3582763671875,1148.7884521484375,1136.3341064453125,6833343
2023-05-15,1150.9805908203125,1153.56494140625,1130.7437744140625,1132.4283447265625,1120.1514892578125,8717229
2023-05-16,1136.674072265625,1137.5970458984375,1120.983154296875,1125.736572265625,1113.5322265625,8798967
2023-05-17,1130.4669189453125,1133.9051513671875,1120.1292724609375,1123.313720703125,1111.1357421875,10525531
2023-05-18,1123.313720703125,1128.8055419921875,1116.298828125,1126.95947265625,1114.7418212890625,8050447
2023-05-21,1123.7520751953125,1138.05859375,1122.5291748046875,1132.9820556640625,1120.69921875,7434906
2023-05-22,1135.589599609375,1138.9815673828125,1131.34375,1132.7744140625,1120.49365234375,6092034
2023-05-23,1128.782470703125,1137.1356201171875,1123.0367431640625,1126.1749267578125,1113.9658203125,8112254
2023-05-24,1123.2445068359375,1130.213134765625,1115.0067138671875,1126.0364990234375,1113.8289794921875,11487863
2023-05-25,1134.3665771484375,1157.903076171875,1131.020751953125,1156.7493896484375,1144.2088623046875,12626260
2023-05-28,1163.4410400390625,1167.5946044921875,1157.0723876953125,1163.2564697265625,1150.6453857421875,10010304
2023-05-29,1163.2564697265625,1171.148193359375,1160.3720703125,1162.95654296875,1150.3486328125,11342504
2023-05-30,1153.7496337890625,1158.29541015625,1135.7510986328125,1139.8583984375,1127.5009765625,27107927
2023-05-31,1144.5888671875,1146.781005859375,1134.3665771484375,1136.7894287109375,1124.4652099609375,14592692
2023-06-01,1140.3660888671875,1145.8348388671875,1131.1361083984375,1133.0743408203125,1120.7904052734375,15800644
2023-06-04,1138.6124267578125,1146.250244140625,1134.57421875,1143.25048828125,1130.856201171875,10908682
2023-06-05,1146.11181640625,1148.0731201171875,1136.212646484375,1144.2196044921875,1131.81494140625,7493309
2023-06-06,1147.7501220703125,1153.7496337890625,1141.1044921875,1152.8958740234375,1140.3970947265625,10312545
2023-06-07,1156.5185546875,1161.52587890625,1149.5960693359375,1153.5880126953125,1141.081787109375,12071109
2023-06-08,1156.9801025390625,1157.6954345703125,1143.5965576171875,1145.4195556640625,1133.0018310546875,5877018
2023-06-11,1142.44287109375,1148.765380859375,1137.5970458984375,1146.434814453125,1134.006103515625,6391969
2023-06-12,1151.442138671875,1164.57177734375,1147.4039306640625,1163.371826171875,1150.759521484375,11248016
2023-06-13,1163.4410400390625,1179.132080078125,1161.5950927734375,1177.6783447265625,1164.910888671875,13277380
2023-06-14,1177.6552734375,1182.616455078125,1170.1328125,1178.00146484375,1165.2303466796875,11813494
2023-06-15,1181.5318603515625,1191.7772216796875,1181.5318603515625,1189.4697265625,1176.574462890625,24171579
2023-06-18,1192.515625,1192.515625,1173.4326171875,1177.6552734375,1164.8880615234375,6798554
2023-06-19,1175.6939697265625,1183.2855224609375,1169.902099609375,1180.1011962890625,1167.3074951171875,6921096
2023-06-20,1180.0550537109375,1185.9853515625,1175.901611328125,1183.424072265625,1170.5943603515625,6961603
2023-06-21,1179.5936279296875,1187.5775146484375,1168.517578125,1170.1328125,1157.4471435546875,7619166
2023-06-22,1167.0869140625,1169.1636962890625,1159.28759765625,1160.5567626953125,1147.974853515625,6628570
2023-06-25,1156.9801025390625,1160.856689453125,1148.53466796875,1151.6959228515625,1139.210205078125,12641159
2023-06-26,1152.157470703125,1158.1337890625,1147.588623046875,1152.111328125,1139.62109375,9689466
2023-06-27,1159.7491455078125,1171.2174072265625,1152.75732421875,1167.3638916015625,1154.708251953125,11354006
2023-06-29,1175.1632080078125,1179.8935546875,1169.186767578125,1176.93994140625,1164.1805419921875,11151555
2023-07-02,1180.5396728515625,1210.0526123046875,1179.2935791015625,1207.1451416015625,1194.0582275390625,12154387
2023-07-03,1211.4371337890625,1211.4371337890625,1187.554443359375,1194.707763671875,1181.7557373046875,8061643
2023-07-04,1204.0531005859375,1204.0531005859375,1188.7313232421875,1192.746337890625,1179.8155517578125,10248062
2023-07-05,1188.8466796875,1220.4132080078125,1188.8466796875,1217.78271484375,1204.5804443359375,19117987
2023-07-06,1216.0521240234375,1229.8740234375,1212.821533203125,1215.406005859375,1202.2294921875,13375267
2023-07-09,1240.9268798828125,1271.8935546875,1234.5120849609375,1262.22509765625,1248.541015625,33240016
2023-07-10,1270.462890625,1278.3544921875,1263.4019775390625,1275.9085693359375,1262.076171875,20069348
2023-07-11,1276.64697265625,1293.12255859375,1274.5009765625,1277.316162109375,1263.468505859375,18733835
2023-07-12,1284.7694091796875,1291.738037109375,1263.240478515625,1265.89404296875,1252.170166015625,14682934
2023-07-13,1269.12451171875,1274.1549072265625,1257.6331787109375,1264.8326416015625,1251.1202392578125,15124144
2023-07-16,1267.7401123046875,1299.1451416015625,1258.9715576171875,1290.6766357421875,1276.6842041015625,22220040
2023-07-17,1300.0450439453125,1309.482666015625,1288.968994140625,1301.63720703125,1287.5257568359375,25867313
2023-07-18,1306.0445556640625,1318.0435791015625,1290.8150634765625,1311.5133056640625,1297.2950439453125,39122156
2023-07-19,1290.0,1315.4749755859375,1290.0,1309.925048828125,1295.7237548828125,38717624
2023-07-20,1304.5,1307.449951171875,1261.800048828125,1269.375,1255.613525390625,30249238
2023-07-23,1240.5,1257.4749755859375,1234.6500244140625,1243.699951171875,1230.2166748046875,23727866
2023-07-24,1247.0,1252.5999755859375,1240.0,1242.9000244140625,1229.425537109375,12026020
2023-07-25,1242.5,1273.5,1242.5,1263.0999755859375,1249.4063720703125,12911012
2023-07-26,1267.0250244140625,1268.824951171875,1245.175048828125,1251.3499755859375,1237.7838134765625,17226898
2023-07-27,1256.0250244140625,1271.425048828125,1250.2750244140625,1263.925048828125,1250.2225341796875,20827852
2023-07-30,1263.925048828125,1276.949951171875,1258.9749755859375,1274.625,1260.8065185546875,8551174
2023-07-31,1277.5,1279.5,1252.6500244140625,1256.5999755859375,1242.9769287109375,9536632
2023-08-01,1254.5999755859375,1256.0,1231.800048828125,1243.175048828125,1229.697509765625,12748214
2023-08-02,1237.6500244140625,1250.449951171875,1229.0250244140625,1237.949951171875,1224.5291748046875,10168350
2023-08-03,1249.4000244140625,1258.0,1235.800048828125,1254.7750244140625,1241.1717529296875,22885610
2023-08-06,1260.5,1264.199951171875,1252.5,1261.925048828125,1248.2442626953125,5982870
2023-08-07,1264.0,1267.2249755859375,1249.7750244140625,1254.324951171875,1240.7264404296875,9844072
2023-08-08,1252.425048828125,1264.5,1240.550048828125,1262.5999755859375,1248.9119873046875,11486586
2023-08-09,1262.4749755859375,1275.0,1254.2249755859375,1268.2249755859375,1254.475830078125,15470598
2023-08-10,1266.2249755859375,1279.425048828125,1256.175048828125,1273.574951171875,1259.767822265625,22179330
2023-08-13,1269.5,1291.1500244140625,1262.5,1288.625,1274.6546630859375,9575812
2023-08-15,1275.5,1291.4000244140625,1275.5,1287.574951171875,1273.6160888671875,10203112
2023-08-16,1283.550048828125,1289.050048828125,1266.425048828125,1269.0,1255.2425537109375,13673744
2023-08-17,1265.625,1288.800048828125,1254.2750244140625,1278.4000244140625,1264.5406494140625,18639978
2023-08-20,1269.9749755859375,1277.7249755859375,1257.824951171875,1260.0,1250.74267578125,9221746
2023-08-21,1258.449951171875,1268.9749755859375,1249.5,1259.699951171875,1250.44482421875,7713044
2023-08-22,1262.0999755859375,1271.425048828125,1258.4749755859375,1261.0999755859375,1251.8345947265625,9517952
2023-08-23,1269.949951171875,1269.949951171875,1235.5,1239.9000244140625,1230.7904052734375,14140020
2023-08-24,1228.0,1252.5,1221.300048828125,1234.175048828125,1225.1075439453125,22222400
2023-08-27,1236.0,1242.0,1215.550048828125,1221.875,1212.8978271484375,12580826
2023-08-28,1226.0250244140625,1226.7249755859375,1204.074951171875,1210.175048828125,1201.2838134765625,16876644
2023-08-29,1216.0,1221.5,1207.5,1209.0250244140625,1200.1422119140625,12168946
2023-08-30,1211.5,1212.5,1199.949951171875,1203.5,1194.65771484375,21638600
2023-08-31,1203.2750244140625,1212.824951171875,1200.824951171875,1206.324951171875,1197.4619140625,18112842
2023-09-03,1206.324951171875,1211.824951171875,1202.6500244140625,1205.3499755859375,1196.494140625,9347626
2023-09-04,1210.0,1216.9749755859375,1206.2249755859375,1211.800048828125,1202.8968505859375,8675876
2023-09-05,1210.550048828125,1218.074951171875,1208.625,1214.3499755859375,1205.4281005859375,8200370
2023-09-06,1210.8499755859375,1219.125,1205.5,1216.0,1207.06591796875,13652572
2023-09-07,1220.0,1228.0,1211.4749755859375,1224.0999755859375,1215.1064453125,23109288
2023-09-10,1226.0,1238.425048828125,1226.0,1237.300048828125,1228.20947265625,13271074
2023-09-11,1241.5,1241.5,1217.9749755859375,1219.425048828125,1210.4659423828125,16255666
2023-09-12,1220.0,1231.324951171875,1213.125,1225.5250244140625,1216.52099609375,12803338
2023-09-13,1230.0,1232.9000244140625,1222.5,1226.6500244140625,1217.6376953125,9209636
2023-09-14,1234.0,1234.0,1224.75,1228.925048828125,1219.8961181640625,25468592
2023-09-17,1220.0250244140625,1225.5,1216.0250244140625,1218.2249755859375,1209.274658203125,7516300
2023-09-19,1211.5250244140625,1213.800048828125,1177.5,1191.074951171875,1182.323974609375,57081884
2023-09-20,1187.4749755859375,1195.050048828125,1180.0,1182.4000244140625,1173.712890625,12226182
2023-09-21,1188.0,1191.2249755859375,1175.0,1177.4749755859375,1168.8240966796875,19176786
2023-09-24,1175.199951171875,1180.3499755859375,1167.550048828125,1170.2249755859375,1161.6273193359375,14254884
2023-09-25,1169.2750244140625,1175.0999755859375,1167.800048828125,1171.25,1162.6446533203125,10087782
2023-09-26,1171.75,1185.9000244140625,1169.25,1184.449951171875,1175.7476806640625,11722778
2023-09-27,1191.5,1191.5,1162.5,1167.050048828125,1158.4755859375,14518346
2023-09-28,1170.9000244140625,1184.550048828125,1167.050048828125,1172.5,1163.8856201171875,12342014
2023-10-02,1164.9749755859375,1167.800048828125,1158.0,1159.074951171875,1150.55908203125,8859056
2023-10-03,1154.5,1159.5,1147.550048828125,1157.074951171875,1148.5738525390625,10286386
2023-10-04,1159.625,1164.699951171875,1154.5,1157.050048828125,1148.549072265625,10953682
2023-10-05,1158.5250244140625,1162.4000244140625,1156.0250244140625,1159.0,1150.4847412109375,5431026
2023-10-08,1154.050048828125,1155.9749755859375,1147.5,1149.125,1140.6822509765625,7576878
2023-10-09,1153.2750244140625,1158.949951171875,1151.875,1154.199951171875,1145.719970703125,10236032
2023-10-10,1157.2249755859375,1174.8499755859375,1156.5,1172.5250244140625,1163.910400390625,9814118
2023-10-11,1171.925048828125,1179.675048828125,1169.074951171875,1174.699951171875,1166.0693359375,12554450
2023-10-12,1170.0,1178.75,1164.574951171875,1174.6500244140625,1166.0198974609375,10150316
2023-10-15,1172.5,1177.2750244140625,1168.0,1172.0250244140625,1163.4140625,5929036
2023-10-16,1178.0,1179.8499755859375,1170.6500244140625,1177.625,1168.972900390625,7928180
2023-10-17,1177.625,1183.5,1160.5,1162.0,1153.4627685546875,8918320
2023-10-18,1156.0,1160.9000244140625,1150.5,1153.074951171875,1144.603271484375,12032556
2023-10-19,1150.0,1157.3499755859375,1148.1500244140625,1149.550048828125,1141.104248046875,8913312
2023-10-22,1145.0,1153.125,1127.625,1131.5999755859375,1123.2861328125,7853962
2023-10-24,1125.0250244140625,1140.5999755859375,1121.5,1128.9749755859375,1120.6802978515625,11620688
2023-10-25,1125.5,1129.0,1110.1500244140625,1113.25,1105.0709228515625,15222534
2023-10-26,1120.0,1136.75,1117.9749755859375,1132.9000244140625,1124.5765380859375,11771084
2023-10-29,1137.0,1162.5,1134.9749755859375,1156.25,1147.7548828125,16813304
2023-10-30,1164.0,1164.0,1141.449951171875,1143.949951171875,1135.5452880859375,12808438
2023-10-31,1144.574951171875,1158.75,1137.5999755859375,1148.699951171875,1140.2603759765625,10309190
2023-11-01,1156.9749755859375,1162.1500244140625,1153.9749755859375,1160.0999755859375,1151.57666015625,10562104
2023-11-02,1163.5999755859375,1167.4749755859375,1157.875,1159.8499755859375,1151.3284912109375,8850156
2023-11-05,1166.1500244140625,1170.0,1162.800048828125,1169.5,1160.9075927734375,10647304
2023-11-06,1167.0250244140625,1169.550048828125,1159.7750244140625,1161.9000244140625,1153.3634033203125,6960204
2023-11-07,1166.0,1170.5,1160.875,1167.949951171875,1159.368896484375,7884494
2023-11-08,1167.925048828125,1167.949951171875,1152.0999755859375,1155.2750244140625,1146.787109375,14513610
2023-11-09,1152.7750244140625,1158.175048828125,1149.0250244140625,1157.449951171875,1148.946044921875,7734954
2023-11-12,1161.449951171875,1162.300048828125,1155.8499755859375,1157.300048828125,1148.7972412109375,3854810
2023-11-14,1170.0,1180.9749755859375,1163.5,1178.2249755859375,1169.5684814453125,12220648
2023-11-15,1175.550048828125,1187.074951171875,1173.4749755859375,1180.3499755859375,1171.6778564453125,13134910
2023-11-16,1176.449951171875,1186.625,1176.0250244140625,1177.7750244140625,1169.121826171875,7758634
2023-11-19,1174.2750244140625,1179.199951171875,1168.199951171875,1174.675048828125,1166.044677734375,4490186
2023-11-20,1183.0,1194.0,1180.0999755859375,1189.449951171875,1180.7109375,8214450
2023-11-21,1187.5,1197.2249755859375,1186.0999755859375,1194.0999755859375,1185.326904296875,8534814
2023-11-22,1194.0999755859375,1200.0,1194.0999755859375,1197.75,1188.9500732421875,8531542
2023-11-23,1195.800048828125,1201.300048828125,1195.5250244140625,1196.949951171875,1188.1558837890625,6749486
2023-11-27,1196.949951171875,1199.8499755859375,1187.625,1197.199951171875,1188.404052734375,13792174
2023-11-28,1204.0,1205.9749755859375,1199.0250244140625,1200.3499755859375,1191.5308837890625,12531306
2023-11-29,1197.3499755859375,1200.3499755859375,1184.949951171875,1188.7249755859375,1179.9913330078125,28439984
2023-11-30,1189.0,1198.199951171875,1188.800048828125,1197.1500244140625,1188.3544921875,14342842
2023-12-03,1225.0,1225.0,1199.300048828125,1210.0999755859375,1201.209228515625,15590990
2023-12-04,1219.5,1220.425048828125,1210.824951171875,1218.875,1209.9197998046875,12693624
2023-12-05,1223.550048828125,1236.4749755859375,1217.5,1230.550048828125,1221.5091552734375,16422442
2023-12-06,1230.0,1230.4749755859375,1221.0,1228.5250244140625,1219.4990234375,8142096
2023-12-07,1231.925048828125,1238.3499755859375,1222.5,1227.875,1218.853759765625,10204894
2023-12-10,1228.0,1233.800048828125,1226.199951171875,1229.675048828125,1220.6405029296875,7066138
2023-12-11,1230.0,1232.4749755859375,1210.074951171875,1212.0250244140625,1203.1202392578125,9197124
2023-12-12,1211.0,1219.175048828125,1203.1500244140625,1216.9749755859375,1208.03369140625,10031182
2023-12-13,1227.0,1237.4749755859375,1221.324951171875,1232.074951171875,1223.0228271484375,16972354
2023-12-14,1239.0,1250.0,1235.0250244140625,1247.800048828125,1238.6324462890625,15932152
2023-12-17,1247.800048828125,1267.449951171875,1245.4749755859375,1260.5,1251.239013671875,14165188
2023-12-18,1277.5,1286.949951171875,1262.5999755859375,1279.050048828125,1269.6527099609375,16820604
2023-12-19,1285.5250244140625,1299.425048828125,1260.0,1263.574951171875,1254.2913818359375,17736722
2023-12-20,1263.5,1286.75,1259.125,1281.2750244140625,1271.8614501953125,13765454
2023-12-21,1279.800048828125,1290.449951171875,1273.824951171875,1282.5250244140625,1273.1021728515625,16541784
2023-12-25,1284.0,1295.9749755859375,1281.3499755859375,1289.0250244140625,1279.554443359375,7465664
2023-12-26,1291.0,1299.949951171875,1286.550048828125,1293.425048828125,1283.922119140625,9204156
2023-12-27,1294.9000244140625,1306.0,1293.425048828125,1302.7750244140625,1293.203369140625,12302636
2023-12-28,1305.550048828125,1307.0,1289.6500244140625,1292.4749755859375,1282.9791259765625,10864584
2023-12-31,1290.2750244140625,1303.425048828125,1286.574951171875,1295.125,1285.6097412109375,4030540
2024-01-01,1292.5,1307.5,1286.5,1305.8499755859375,1296.255859375,7448800
2024-01-02,1305.0,1317.0,1288.5999755859375,1291.6500244140625,1282.16015625,9037536
2024-01-03,1294.0,1304.925048828125,1289.550048828125,1298.324951171875,1288.7860107421875,9612778
2024-01-04,1301.449951171875,1309.925048828125,1299.0,1303.8499755859375,1294.2705078125,8086406
2024-01-07,1305.0,1315.9749755859375,1284.4749755859375,1293.675048828125,1284.17041015625,7734652
2024-01-08,1300.0,1303.4000244140625,1288.5999755859375,1290.25,1280.7703857421875,5403074
2024-01-09,1288.5,1329.5,1287.5250244140625,1325.050048828125,1315.3148193359375,11102740
2024-01-10,1329.5,1362.5,1328.5,1359.9000244140625,1349.9088134765625,23725852
2024-01-11,1359.9000244140625,1373.324951171875,1345.75,1370.7249755859375,1360.6541748046875,15012164
2024-01-14,1375.0,1396.449951171875,1366.0,1394.125,1383.8822021484375,8610594
2024-01-15,1389.9749755859375,1396.300048828125,1370.5,1374.625,1364.5255126953125,9069024
2024-01-16,1359.5,1386.2750244140625,1355.0250244140625,1361.574951171875,1351.5714111328125,12197382
2024-01-17,1351.4000244140625,1371.0,1351.25,1367.949951171875,1357.8995361328125,10279438
2024-01-18,1376.0,1376.0,1359.0,1367.449951171875,1357.4031982421875,10422704
2024-01-22,1371.75,1371.75,1322.550048828125,1328.574951171875,1318.8138427734375,20055420
2024-01-23,1335.2249755859375,1349.5,1323.925048828125,1343.875,1334.00146484375,21919128
2024-01-24,1342.949951171875,1364.1500244140625,1335.199951171875,1353.074951171875,1343.1337890625,11808872
2024-01-28,1364.5,1452.5,1360.175048828125,1448.050048828125,1437.4111328125,23893438
2024-01-29,1459.949951171875,1459.9749755859375,1404.425048828125,1407.625,1397.2830810546875,14093978
2024-01-30,1404.0,1434.25,1402.5,1426.625,1416.1434326171875,15130226
2024-01-31,1435.0,1443.3499755859375,1418.050048828125,1426.6500244140625,1416.1683349609375,13349362
2024-02-01,1433.175048828125,1474.9000244140625,1433.175048828125,1457.699951171875,1446.990234375,19652588
2024-02-04,1460.75,1470.5,1431.5250244140625,1439.0250244140625,1428.452392578125,8814432
2024-02-05,1441.8499755859375,1441.8499755859375,1419.824951171875,1427.800048828125,1417.3099365234375,9047984
2024-02-06,1435.925048828125,1449.5,1429.25,1442.1500244140625,1431.554443359375,9296568
2024-02-07,1450.0,1459.4749755859375,1427.5250244140625,1450.125,1439.4708251953125,14694634
2024-02-08,1454.0,1471.9749755859375,1450.949951171875,1460.75,1450.0177001953125,12556798
2024-02-11,1460.75,1461.0,1442.3499755859375,1452.3499755859375,1441.679443359375,6674430
2024-02-12,1455.5,1479.0,1454.0,1465.0999755859375,1454.335693359375,7715594
2024-02-13,1457.5,1483.6500244140625,1457.5,1481.375,1470.4912109375,7117888
2024-02-14,1483.3499755859375,1484.7249755859375,1466.5250244140625,1470.5999755859375,1459.79541015625,10006782
2024-02-15,1476.4749755859375,1477.0,1458.550048828125,1460.574951171875,1449.843994140625,9767498
2024-02-18,1462.050048828125,1479.5,1453.5250244140625,1474.0,1463.17041015625,6729828
2024-02-19,1475.0250244140625,1475.5,1461.800048828125,1471.0250244140625,1460.21728515625,7117496
2024-02-20,1474.0,1488.5250244140625,1457.550048828125,1467.699951171875,1456.916748046875,12720292
2024-02-21,1468.1500244140625,1484.949951171875,1458.0,1481.75,1470.863525390625,18493728
2024-02-22,1489.5,1497.550048828125,1483.3499755859375,1493.625,1482.6512451171875,14438584
2024-02-25,1493.550048828125,1494.5250244140625,1482.5,1487.324951171875,1476.3974609375,7513106
2024-02-26,1483.0250244140625,1499.949951171875,1478.050048828125,1485.6500244140625,1474.73486328125,10826044
2024-02-27,1483.0,1491.2750244140625,1450.175048828125,1455.625,1444.930419921875,8647950
2024-02-28,1465.0,1478.9749755859375,1454.5250244140625,1460.800048828125,1450.0675048828125,23628976
2024-02-29,1463.5,1500.0,1462.5,1492.125,1481.1622314453125,12132926
2024-03-03,1490.4749755859375,1512.449951171875,1487.2249755859375,1507.4000244140625,1496.3250732421875,10024420
2024-03-04,1505.7750244140625,1507.4000244140625,1486.050048828125,1500.199951171875,1489.177978515625,7107668
2024-03-05,1493.449951171875,1509.0,1478.5,1503.0,1491.957275390625,7805676
2024-03-06,1502.9749755859375,1503.0999755859375,1475.550048828125,1478.925048828125,1468.059326171875,8315726
2024-03-10,1489.0,1489.0,1463.5,1466.5999755859375,1455.8248291015625,11277130
2024-03-11,1466.5999755859375,1488.0,1465.0250244140625,1475.425048828125,1464.5849609375,9432678
2024-03-12,1479.7750244140625,1483.0999755859375,1427.7750244140625,1432.175048828125,1421.6527099609375,13522134
2024-03-13,1439.699951171875,1448.5250244140625,1425.5,1431.4749755859375,1420.957763671875,18571102
2024-03-14,1425.949951171875,1433.2249755859375,1412.9000244140625,1418.2249755859375,1407.80517578125,19223818
2024-03-17,1420.0,1441.7249755859375,1416.5250244140625,1439.4749755859375,1428.899169921875,9169392
2024-03-18,1428.75,1437.5999755859375,1417.25,1425.25,1414.778564453125,8275764
2024-03-19,1427.949951171875,1445.0,1424.0250244140625,1443.75,1433.1427001953125,8488806
2024-03-20,1452.5250244140625,1457.9000244140625,1444.675048828125,1450.9749755859375,1440.3145751953125,13006936
2024-03-21,1449.9749755859375,1460.0,1447.3499755859375,1455.0250244140625,1444.3348388671875,19527608
2024-03-25,1445.0,1452.4000244140625,1439.0,1441.574951171875,1430.983642578125,11415906
2024-03-26,1448.0,1500.0,1447.0,1492.8499755859375,1481.8818359375,16326644
2024-03-27,1492.875,1505.949951171875,1478.6500244140625,1485.8499755859375,1474.933349609375,21854364
2024-03-31,1492.4749755859375,1493.9749755859375,1482.5,1484.7750244140625,1473.8662109375,5013880
2024-04-01,1484.0,1494.0,1475.0,1486.949951171875,1476.025146484375,8910166
2024-04-02,1482.074951171875,1484.449951171875,1468.9000244140625,1471.5999755859375,1460.7880859375,7008292
2024-04-03,1479.75,1479.75,1450.0,1462.925048828125,1452.1767578125,14490272
2024-04-04,1460.875,1470.800048828125,1456.0,1460.0999755859375,1449.3724365234375,7442298
2024-04-07,1462.9749755859375,1490.9749755859375,1461.0,1485.9749755859375,1475.057373046875,8357118
2024-04-08,1489.0,1489.800048828125,1462.5,1463.6500244140625,1452.896484375,7071414
2024-04-09,1466.3499755859375,1487.0,1466.3499755859375,1479.574951171875,1468.7044677734375,9138330
2024-04-11,1475.875,1486.4749755859375,1463.074951171875,1467.1500244140625,1456.370849609375,15551012
2024-04-14,1461.0,1482.125,1446.324951171875,1464.824951171875,1454.062744140625,12902062
2024-04-15,1453.3499755859375,1471.175048828125,1450.925048828125,1465.75,1454.98095703125,9366184
2024-04-17,1463.5,1486.0,1459.3499755859375,1464.324951171875,1453.5665283203125,19005692
2024-04-18,1456.7750244140625,1474.0,1443.0250244140625,1470.125,1459.323974609375,15741778
2024-04-21,1472.449951171875,1482.824951171875,1467.800048828125,1479.8499755859375,1468.9774169921875,10350362
2024-04-22,1479.0,1493.5,1455.550048828125,1459.324951171875,1448.603271484375,14605554
2024-04-23,1463.5,1468.550048828125,1449.5,1450.175048828125,1439.5205078125,10462776
2024-04-24,1442.5,1467.9749755859375,1441.5,1459.9749755859375,1449.2484130859375,15943926
2024-04-25,1463.949951171875,1465.0,1450.0,1452.550048828125,1441.8780517578125,9413848
2024-04-28,1450.0,1467.9000244140625,1450.0,1465.0250244140625,1454.2613525390625,7247974
2024-04-29,1468.0,1483.074951171875,1462.875,1467.0,1456.221923828125,11474262
2024-05-01,1472.0,1477.324951171875,1464.125,1466.550048828125,1455.775146484375,14512646
2024-05-02,1471.0,1474.949951171875,1416.1500244140625,1434.0,1423.46435546875,17226958
2024-05-05,1435.5,1440.0,1418.0,1419.5250244140625,1409.095703125,7394208
2024-05-06,1415.9749755859375,1420.75,1392.0,1401.4749755859375,1391.17822265625,14517472
2024-05-07,1397.5,1432.949951171875,1397.5,1418.550048828125,1408.1278076171875,9439002
2024-05-08,1413.0,1423.75,1390.0,1394.125,1383.8822021484375,11009612
2024-05-09,1396.75,1410.0,1388.074951171875,1407.425048828125,1397.0845947265625,10505096
2024-05-12,1399.9000244140625,1406.9749755859375,1384.0,1402.699951171875,1392.394287109375,8456620
2024-05-13,1400.9749755859375,1427.074951171875,1400.0250244140625,1420.074951171875,1409.6416015625,7188300
2024-05-14,1420.5,1429.9749755859375,1413.0250244140625,1416.2750244140625,1405.86962890625,5046534
2024-05-15,1418.550048828125,1427.5,1398.0250244140625,1425.3499755859375,1414.8778076171875,14711774
2024-05-16,1423.050048828125,1437.199951171875,1413.25,1435.699951171875,1425.15185546875,10916476
2024-05-20,1425.5999755859375,1441.824951171875,1425.5999755859375,1436.125,1425.57373046875,11176128
2024-05-21,1436.2750244140625,1468.7750244140625,1436.2750244140625,1460.6500244140625,1449.91845703125,10281604
2024-05-22,1458.550048828125,1492.2249755859375,1455.0,1486.050048828125,1475.1319580078125,14608260
2024-05-23,1483.625,1488.5,1476.0999755859375,1480.25,1469.37451171875,7094776
2024-05-26,1480.2249755859375,1484.9000244140625,1461.550048828125,1466.25,1455.4774169921875,6629010
2024-05-27,1468.0,1478.5,1452.75,1456.199951171875,1445.501220703125,7820162
2024-05-28,1446.5,1458.0,1438.449951171875,1440.7750244140625,1430.1895751953125,7383556
2024-05-29,1435.5,1440.4000244140625,1420.0999755859375,1424.8499755859375,1414.3814697265625,13206858
2024-05-30,1431.300048828125,1442.25,1422.25,1430.4000244140625,1419.8907470703125,31069832
2024-06-02,1483.0,1514.5,1459.0,1510.324951171875,1499.228515625,21527942
2024-06-03,1498.050048828125,1498.050048828125,1359.300048828125,1397.2750244140625,1387.0091552734375,36709098
2024-06-04,1422.0,1431.1500244140625,1384.0999755859375,1420.75,1410.3116455078125,17464890
2024-06-05,1435.0,1443.699951171875,1421.3499755859375,1431.5999755859375,1421.0819091796875,17855722
2024-06-06,1428.5,1472.0,1426.5,1469.949951171875,1459.1500244140625,18558696
2024-06-09,1469.949951171875,1493.3499755859375,1468.074951171875,1471.4000244140625,1460.5894775390625,9251760
2024-06-10,1469.0,1473.675048828125,1454.675048828125,1456.675048828125,1445.9727783203125,11774902
2024-06-11,1457.5,1476.0,1455.175048828125,1463.324951171875,1452.57373046875,10081742
2024-06-12,1472.0,1472.25,1460.0999755859375,1465.25,1454.4847412109375,9181160
2024-06-13,1470.0,1479.675048828125,1457.2249755859375,1477.550048828125,1466.6944580078125,8157998
2024-06-17,1487.3499755859375,1487.4000244140625,1471.3499755859375,1481.0250244140625,1470.1439208984375,7196766
2024-06-18,1487.5,1487.5,1456.0,1458.6500244140625,1447.9332275390625,8725874
2024-06-19,1459.0,1482.8499755859375,1450.0999755859375,1473.699951171875,1462.87255859375,16113776
2024-06-20,1473.625,1474.699951171875,1440.574951171875,1454.199951171875,1443.515869140625,31170360
2024-06-23,1445.5250244140625,1449.5,1437.5,1441.4749755859375,1430.88427734375,8878386
2024-06-24,1443.0,1455.925048828125,1441.0,1454.1500244140625,1443.46630859375,7045386
2024-06-25,1446.050048828125,1518.9749755859375,1445.125,1514.0250244140625,1502.9013671875,22014882
2024-06-26,1513.75,1537.5,1506.0,1530.550048828125,1519.3050537109375,28383030
2024-06-27,1531.0250244140625,1581.0,1531.0250244140625,1565.4000244140625,1553.89892578125,28957336
2024-06-30,1562.5250244140625,1579.4000244140625,1555.675048828125,1560.1500244140625,1548.6875,7724306
2024-07-01,1569.5,1573.5,1557.0,1565.175048828125,1553.675537109375,7749246
2024-07-02,1566.324951171875,1575.0,1542.7750244140625,1552.425048828125,1541.019287109375,9049620
2024-07-03,1557.0,1567.5,1550.800048828125,1554.0250244140625,1542.6075439453125,6837176
2024-07-04,1553.824951171875,1598.5,1548.0,1588.625,1576.9532470703125,12269710
2024-07-07,1589.0,1608.800048828125,1582.5250244140625,1600.9000244140625,1589.1380615234375,9500806
2024-07-08,1597.5999755859375,1600.5,1580.5,1590.2750244140625,1578.5911865234375,6960002
2024-07-09,1595.0,1597.5,1563.1500244140625,1584.2249755859375,1572.5855712890625,7134578
2024-07-10,1587.5,1604.25,1570.5,1580.6500244140625,1569.036865234375,11940946
2024-07-11,1584.5,1605.1500244140625,1574.5,1596.7249755859375,1584.9937744140625,12924784
2024-07-14,1604.449951171875,1605.8499755859375,1585.5,1597.2249755859375,1585.4901123046875,5329688
2024-07-15,1593.5,1600.0,1569.125,1576.25,1564.669189453125,9386838
2024-07-17,1576.0,1593.9000244140625,1557.824951171875,1586.675048828125,1575.0177001953125,12298374
2024-07-18,1586.0,1589.9749755859375,1552.800048828125,1555.1500244140625,1543.7242431640625,13140390
2024-07-21,1537.25,1537.5,1499.2750244140625,1500.675048828125,1489.6495361328125,19674376
2024-07-22,1501.0,1505.75,1463.0,1487.9000244140625,1476.96826171875,18052044
2024-07-23,1485.0,1509.5,1476.4000244140625,1495.699951171875,1484.7109375,11913362
2024-07-24,1481.0,1500.4749755859375,1477.074951171875,1492.4000244140625,1481.435302734375,12519876
2024-07-25,1492.4000244140625,1512.425048828125,1490.3499755859375,1509.0250244140625,1497.9381103515625,9859940
2024-07-28,1511.949951171875,1527.5,1511.7750244140625,1520.0999755859375,1508.931640625,7538550
2024-07-29,1517.0250244140625,1525.0,1510.0,1513.1500244140625,1502.0328369140625,8228208
2024-07-30,1504.0,1510.449951171875,1501.1500244140625,1505.425048828125,1494.364501953125,10057346
2024-07-31,1512.0,1518.0,1504.300048828125,1515.300048828125,1504.1671142578125,10764222
2024-08-01,1505.0,1509.324951171875,1493.2750244140625,1499.324951171875,1488.309326171875,10268248
2024-08-04,1480.0,1483.9000244140625,1433.25,1447.324951171875,1436.69140625,17046704
2024-08-05,1455.1500244140625,1477.5,1451.324951171875,1456.050048828125,1445.352294921875,10236186
2024-08-06,1469.0,1472.5,1461.5,1464.824951171875,1454.062744140625,8174568
2024-08-07,1457.5250244140625,1465.0,1445.925048828125,1449.125,1438.4781494140625,12387192
2024-08-08,1460.0,1476.5,1456.0,1474.300048828125,1463.46826171875,6249776
2024-08-11,1470.0,1473.0,1457.75,1460.625,1449.8936767578125,8184584
2024-08-12,1460.75,1470.074951171875,1458.0,1463.625,1452.8717041015625,6265064
2024-08-13,1463.550048828125,1472.0,1453.699951171875,1461.8499755859375,1451.109619140625,6267466
2024-08-15,1468.6500244140625,1480.4000244140625,1458.050048828125,1478.199951171875,1467.339599609375,9416902
2024-08-18,1482.5,1498.300048828125,1480.5,1488.4000244140625,1482.4791259765625,13797742
2024-08-19,1497.2249755859375,1503.925048828125,1490.0250244140625,1495.949951171875,1489.9990234375,8411808
2024-08-20,1493.25,1507.875,1490.0,1498.675048828125,1492.7132568359375,7769996
2024-08-21,1503.0,1506.5,1490.6500244140625,1498.125,1492.1654052734375,10445782
2024-08-22,1503.75,1511.324951171875,1498.425048828125,1499.9749755859375,1494.008056640625,9249654
2024-08-25,1506.9749755859375,1523.0,1503.0,1512.5999755859375,1506.5828857421875,8816114
2024-08-26,1510.5,1513.4749755859375,1499.449951171875,1500.449951171875,1494.481201171875,6251156
2024-08-27,1505.0,1507.4749755859375,1493.0,1498.300048828125,1492.33984375,9610286
2024-08-28,1503.0999755859375,1537.0,1494.0,1520.925048828125,1514.874755859375,38335358
2024-08-29,1534.0,1539.7249755859375,1503.324951171875,1509.625,1503.6197509765625,41620730
2024-09-01,1510.875,1526.800048828125,1506.625,1516.25,1510.2183837890625,11240852
2024-09-02,1521.25,1523.0,1507.5,1509.125,1503.1217041015625,10923800
2024-09-03,1500.699951171875,1517.5,1499.5,1514.550048828125,1508.525146484375,11983304
2024-09-04,1519.050048828125,1525.7750244140625,1487.050048828125,1492.9749755859375,1487.035888671875,16264168
2024-09-05,1492.5,1497.0,1461.625,1464.824951171875,1458.997802734375,19394228
2024-09-08,1466.5,1469.925048828125,1455.5999755859375,1462.449951171875,1456.63232421875,9010298
2024-09-09,1460.5,1472.050048828125,1457.574951171875,1461.5250244140625,1455.7110595703125,10768260
2024-09-10,1463.050048828125,1468.75,1447.550048828125,1451.5,1445.7259521484375,9760202
2024-09-11,1457.0,1486.0,1445.875,1479.800048828125,1473.913330078125,22349376
2024-09-12,1476.4000244140625,1483.1500244140625,1469.5,1472.625,1466.766845703125,8711328
2024-09-15,1477.550048828125,1480.9000244140625,1464.75,1471.3499755859375,1465.4969482421875,5481774
2024-09-16,1474.0,1477.4749755859375,1466.625,1472.300048828125,1466.4432373046875,5935328
2024-09-17,1470.0,1482.0,1460.550048828125,1463.449951171875,1457.6282958984375,8574714
2024-09-18,1466.25,1476.5,1455.550048828125,1469.675048828125,1463.82861328125,16955902
2024-09-19,1474.0,1495.0,1471.375,1485.925048828125,1480.0140380859375,30897320
2024-09-22,1491.0,1501.5,1488.949951171875,1493.375,1487.434326171875,8832314
2024-09-23,1488.5,1500.5,1487.875,1489.375,1483.4501953125,17137444
2024-09-24,1483.9000244140625,1496.5,1480.199951171875,1493.949951171875,1488.0069580078125,7069002
2024-09-25,1490.6500244140625,1504.0,1488.050048828125,1497.949951171875,1491.9910888671875,18818998
2024-09-26,1499.0,1533.4749755859375,1492.0,1526.175048828125,1520.1038818359375,20597478
2024-09-29,1519.4000244140625,1524.9749755859375,1474.4000244140625,1476.574951171875,1470.701171875,27008814
2024-09-30,1480.6500244140625,1487.949951171875,1462.824951171875,1464.824951171875,1458.997802734375,16431642
2024-10-02,1436.574951171875,1449.4000244140625,1402.074951171875,1406.9749755859375,1401.3780517578125,37757294
2024-10-03,1403.925048828125,1417.3499755859375,1381.7750244140625,1386.5250244140625,1381.0093994140625,37072876
2024-10-06,1393.5,1396.5,1361.375,1370.7249755859375,1365.272216796875,22181340
2024-10-07,1372.9749755859375,1401.0,1365.0999755859375,1397.3499755859375,1391.791259765625,17020808
2024-10-08,1397.5250244140625,1400.9749755859375,1372.5,1374.5999755859375,1369.1318359375,14310610
2024-10-09,1380.0250244140625,1386.0,1369.425048828125,1371.050048828125,1365.595947265625,22358646
2024-10-10,1370.0,1383.2750244140625,1368.824951171875,1372.0999755859375,1366.6417236328125,7980122
2024-10-13,1379.449951171875,1380.074951171875,1368.25,1372.5250244140625,1367.0650634765625,12221432
2024-10-14,1358.5250244140625,1371.699951171875,1340.699951171875,1344.0250244140625,1338.678466796875,33762794
2024-10-15,1340.0,1364.0,1337.625,1354.074951171875,1348.6884765625,20034438
2024-10-16,1365.699951171875,1368.449951171875,1352.050048828125,1356.425048828125,1351.0291748046875,15543660
2024-10-17,1352.175048828125,1368.425048828125,1341.324951171875,1359.300048828125,1353.8927001953125,12082452
2024-10-20,1367.125,1374.0,1357.7249755859375,1369.199951171875,1363.7532958984375,14067408
2024-10-21,1369.199951171875,1376.0,1340.2249755859375,1343.3499755859375,1338.006103515625,15831960
2024-10-22,1337.5,1357.4749755859375,1335.0,1338.5250244140625,1333.2003173828125,17214742
2024-10-23,1335.2750244140625,1343.699951171875,1323.125,1339.800048828125,1334.4703369140625,22155934
2024-10-24,1343.5,1344.3499755859375,1322.0,1327.8499755859375,1322.5677490234375,18597496
2024-10-27,1337.0,1353.0,1322.0999755859375,1334.3499755859375,1329.0418701171875,10824350
2024-10-28,1328.0999755859375,1343.199951171875,1320.300048828125,1340.0,1334.66943359375,12008361
2024-10-29,1335.0,1350.0,1325.3499755859375,1343.9000244140625,1338.553955078125,11984423
2024-10-30,1340.0,1343.0,1326.1500244140625,1332.050048828125,1326.7510986328125,9331650
2024-10-31,1333.050048828125,1341.949951171875,1333.0,1338.6500244140625,1333.3248291015625,2127335
2024-11-03,1337.8499755859375,1340.0,1285.0999755859375,1302.1500244140625,1296.9700927734375,19796890
2024-11-04,1293.0,1309.550048828125,1286.1500244140625,1305.300048828125,1300.1075439453125,16267479
2024-11-05,1310.0,1328.300048828125,1300.199951171875,1325.3499755859375,1320.0777587890625,21625209
2024-11-06,1324.0,1324.0,1302.5999755859375,1305.6500244140625,1300.4561767578125,9611974
2024-11-07,1297.6500244140625,1301.6500244140625,1275.0,1283.75,1278.6431884765625,19814406
2024-11-10,1278.949951171875,1286.0,1267.0,1272.699951171875,1267.6370849609375,9056552
2024-11-11,1275.550048828125,1289.300048828125,1267.5,1274.25,1269.1810302734375,10671091
2024-11-12,1270.25,1275.449951171875,1249.5,1252.050048828125,1247.0693359375,14633633
2024-11-13,1253.5999755859375,1272.5999755859375,1251.0999755859375,1267.5999755859375,1262.5574951171875,12612633
2024-11-17,1267.5999755859375,1272.9000244140625,1243.9000244140625,1260.75,1255.7347412109375,13620611
2024-11-18,1260.75,1281.5,1235.1500244140625,1241.6500244140625,1236.710693359375,14183746
2024-11-20,1241.6500244140625,1243.949951171875,1217.25,1223.0,1218.1348876953125,19433843
2024-11-21,1229.4000244140625,1268.8499755859375,1222.449951171875,1265.4000244140625,1260.3662109375,20471957
2024-11-24,1290.0,1304.449951171875,1282.449951171875,1287.0,1281.8802490234375,28923341
2024-11-25,1294.949951171875,1297.8499755859375,1284.199951171875,1295.699951171875,1290.545654296875,9247557
2024-11-26,1293.5,1303.8499755859375,1286.0,1293.199951171875,1288.0555419921875,9572746
2024-11-27,1289.949951171875,1296.5999755859375,1269.050048828125,1270.800048828125,1265.7447509765625,15027412
2024-11-28,1280.0,1299.5,1275.25,1292.199951171875,1287.0595703125,13202307
2024-12-01,1288.0,1311.3499755859375,1277.050048828125,1309.1500244140625,1303.9422607421875,11024152
2024-12-02,1317.0,1326.800048828125,1307.0,1323.300048828125,1318.035888671875,16869482
2024-12-03,1326.0,1328.4000244140625,1304.050048828125,1308.949951171875,1303.742919921875,19608540
2024-12-04,1314.3499755859375,1329.949951171875,1306.1500244140625,1322.050048828125,1316.7908935546875,16858723
2024-12-05,1323.9000244140625,1323.9000244140625,1310.0,1311.550048828125,1306.3326416015625,9037514
2024-12-08,1303.0,1315.0,1293.0999755859375,1295.1500244140625,1289.9979248046875,14650002
2024-12-09,1289.25,1294.9000244140625,1280.199951171875,1284.8499755859375,1279.73876953125,16043729
2024-12-10,1285.0,1290.0,1276.050048828125,1278.199951171875,1273.115234375,11724373
2024-12-11,1270.0,1278.199951171875,1260.5999755859375,1262.9000244140625,1257.876220703125,20906813
2024-12-12,1260.0,1275.199951171875,1239.5999755859375,1272.8499755859375,1267.78662109375,28630222
2024-12-15,1275.0,1281.0,1266.550048828125,1268.300048828125,1263.2547607421875,9486781
2024-12-16,1261.050048828125,1263.9000244140625,1242.800048828125,1245.300048828125,1240.34619140625,17462791
2024-12-17,1240.6500244140625,1259.949951171875,1240.6500244140625,1253.25,1248.2645263671875,12670179
2024-12-18,1239.0,1244.9000244140625,1229.0,1230.449951171875,1225.55517578125,14244653
2024-12-19,1224.0,1239.5,1201.5,1205.300048828125,1200.50537109375,20312896
2024-12-22,1215.0,1227.199951171875,1213.199951171875,1222.300048828125,1217.437744140625,10052824
2024-12-23,1222.300048828125,1233.550048828125,1221.0,1222.75,1217.8858642578125,6734917
2024-12-25,1224.25,1227.699951171875,1214.25,1216.550048828125,1211.7105712890625,10016178
2024-12-26,1218.300048828125,1227.9000244140625,1217.0,1221.050048828125,1216.1927490234375,7000397
2024-12-29,1216.4000244140625,1223.199951171875,1208.0999755859375,1210.699951171875,1205.8837890625,8818766
2024-12-30,1208.0,1219.0999755859375,1206.1500244140625,1215.449951171875,1210.6148681640625,6405475
2024-12-31,1214.8499755859375,1226.300048828125,1211.5999755859375,1221.25,1216.391845703125,5892590
2025-01-01,1221.25,1244.449951171875,1220.0,1241.800048828125,1236.860107421875,15486276
2025-01-02,1243.9000244140625,1262.050048828125,1235.5,1251.1500244140625,1246.1729736328125,15521102
2025-01-05,1253.949951171875,1262.0,1215.0,1218.0,1213.15478515625,14816766
2025-01-06,1222.0,1244.5,1221.25,1240.8499755859375,1235.913818359375,10070505
2025-01-07,1249.0,1271.050048828125,1245.3499755859375,1265.5,1260.4658203125,19346579
2025-01-08,1267.0,1269.75,1248.050048828125,1254.75,1249.758544921875,12794704
2025-01-09,1253.8499755859375,1256.75,1236.0,1241.9000244140625,1236.959716796875,8120332
2025-01-12,1230.0,1245.25,1226.4000244140625,1239.8499755859375,1234.9178466796875,13764861
2025-01-13,1244.0999755859375,1253.3499755859375,1227.25,1238.75,1233.822265625,13095266
2025-01-14,1244.949951171875,1257.0,1241.8499755859375,1252.199951171875,1247.2186279296875,9578856
2025-01-15,1258.9000244140625,1275.0,1251.300048828125,1266.449951171875,1261.4119873046875,14117603
2025-01-16,1322.25,1326.0,1285.0,1302.3499755859375,1297.169189453125,29366277
2025-01-19,1316.0,1316.0,1300.25,1305.449951171875,1300.2568359375,14040244
2025-01-20,1310.5,1313.0,1270.199951171875,1273.699951171875,1268.6331787109375,14562976
2025-01-21,1278.300048828125,1282.9000244140625,1268.699951171875,1277.0999755859375,1272.0196533203125,10273590
2025-01-22,1270.0,1277.3499755859375,1261.5999755859375,1263.6500244140625,1258.6231689453125,8720682
2025-01-23,1266.0,1273.0,1243.5,1246.300048828125,1241.34228515625,14235970
2025-01-26,1239.0999755859375,1240.449951171875,1220.0,1229.3499755859375,1224.4595947265625,9536019
2025-01-27,1238.0,1244.75,1218.5,1234.4000244140625,1229.4896240234375,10568025
2025-01-28,1236.0,1242.75,1228.050048828125,1235.5,1230.585205078125,5928156
2025-01-29,1235.550048828125,1257.0,1232.4000244140625,1253.050048828125,1248.0654296875,9269259
2025-01-30,1255.8499755859375,1267.0,1249.0,1265.0999755859375,1260.0673828125,6584612
2025-01-31,1265.0999755859375,1270.550048828125,1241.0,1264.5999755859375,1259.5693359375,7118453
2025-02-02,1251.0,1256.0,1237.550048828125,1245.9000244140625,1240.94384765625,9252345
2025-02-03,1248.050048828125,1288.800048828125,1246.5999755859375,1285.199951171875,1280.08740234375,16691069
2025-02-04,1282.6500244140625,1290.5,1276.699951171875,1278.199951171875,1273.115234375,10112028
2025-02-05,1273.699951171875,1288.0,1270.3499755859375,1281.550048828125,1276.4520263671875,9956001
2025-02-06,1276.1500244140625,1283.699951171875,1262.0,1266.699951171875,1261.6610107421875,8764283
2025-02-09,1264.5,1266.5,1245.550048828125,1253.6500244140625,1248.6629638671875,6970972
2025-02-10,1264.550048828125,1264.550048828125,1230.0999755859375,1234.8499755859375,1229.937744140625,8859714
2025-02-11,1219.449951171875,1226.9000244140625,1193.3499755859375,1216.550048828125,1211.7105712890625,21131654
2025-02-12,1217.050048828125,1228.0,1212.0,1216.0999755859375,1211.2623291015625,8511216
2025-02-13,1219.0,1224.0,1205.449951171875,1217.25,1212.40771484375,10298145
2025-02-16,1211.0999755859375,1227.5,1204.5,1224.9000244140625,1220.02734375,8166683
2025-02-17,1224.8499755859375,1229.9000244140625,1216.0999755859375,1225.4000244140625,1220.525390625,6673250
2025-02-18,1219.5,1232.75,1217.550048828125,1227.449951171875,1222.567138671875,6217338
2025-02-19,1223.949951171875,1239.3499755859375,1222.0,1233.0,1228.0950927734375,7795582
2025-02-20,1228.699951171875,1240.0,1222.1500244140625,1228.1500244140625,1223.264404296875,6904025
2025-02-23,1216.550048828125,1223.25,1210.5,1214.550048828125,1209.718505859375,7172498
2025-02-24,1211.0,1221.0,1201.5,1204.0,1199.21044921875,11552182
2025-02-26,1212.800048828125,1215.0,1200.6500244140625,1207.0999755859375,1202.298095703125,11509215
2025-02-27,1202.0,1217.3499755859375,1193.300048828125,1200.0999755859375,1195.325927734375,23007298
2025-03-02,1204.0,1206.449951171875,1156.0,1171.25,1166.5906982421875,17944938
2025-03-03,1162.199951171875,1174.0,1159.550048828125,1161.9000244140625,1157.2779541015625,11377373
2025-03-04,1161.0,1183.0,1157.0,1175.5999755859375,1170.9234619140625,8664095
2025-03-05,1197.0,1213.949951171875,1185.1500244140625,1209.5999755859375,1204.7882080078125,14468014
2025-03-06,1216.0,1254.800048828125,1212.0,1249.800048828125,1244.828369140625,16474965
2025-03-09,1245.0,1258.0,1235.4000244140625,1238.4000244140625,1233.4736328125,11931051
2025-03-10,1240.0,1249.5,1229.75,1247.300048828125,1242.3382568359375,10089838
2025-03-11,1258.0,1263.0,1244.0,1257.050048828125,1252.0494384765625,11977555
2025-03-12,1260.050048828125,1264.1500244140625,1243.8499755859375,1247.9000244140625,1242.9359130859375,9505270
2025-03-16,1242.1500244140625,1257.4000244140625,1233.0999755859375,1238.8499755859375,1233.9217529296875,16640917
2025-03-18,1241.050048828125,1253.25,1238.800048828125,1247.1500244140625,1242.1888427734375,16162399
2025-03-19,1251.8499755859375,1273.0,1250.050048828125,1269.1500244140625,1264.101318359375,15971477
2025-03-20,1275.0,1281.0,1270.0999755859375,1276.3499755859375,1271.2725830078125,21780769
2025-03-23,1291.0,1306.0,1284.25,1302.0999755859375,1296.920166015625,20299319
2025-03-24,1307.699951171875,1307.699951171875,1282.5999755859375,1285.449951171875,1280.33642578125,13713899
2025-03-25,1291.0,1293.800048828125,1268.75,1273.050048828125,1267.98583984375,12074747
2025-03-26,1278.1500244140625,1285.0,1271.300048828125,1278.199951171875,1273.115234375,15028056
2025-03-27,1280.0,1295.75,1269.0,1275.0999755859375,1270.027587890625,18147129
2025-03-31,1264.5999755859375,1277.9000244140625,1249.300048828125,1252.5999755859375,1247.6170654296875,12099648
2025-04-01,1247.550048828125,1255.550048828125,1243.9000244140625,1251.1500244140625,1246.1729736328125,10142590
2025-04-02,1233.050048828125,1251.800048828125,1233.050048828125,1248.699951171875,1243.732666015625,7434366
2025-04-03,1241.0999755859375,1245.449951171875,1193.1500244140625,1204.699951171875,1199.9075927734375,17908652
2025-04-06,1132.199951171875,1171.25,1114.8499755859375,1165.699951171875,1161.062744140625,22156106
2025-04-07,1172.0,1196.5999755859375,1163.300048828125,1182.199951171875,1177.4971923828125,19555040
2025-04-08,1169.5,1189.800048828125,1168.0,1185.3499755859375,1180.6346435546875,10223104
2025-04-10,1195.1500244140625,1222.6500244140625,1195.1500244140625,1218.949951171875,1214.1009521484375,11224242
2025-04-14,1251.0,1251.0,1237.0999755859375,1240.0999755859375,1235.1668701171875,13378535
2025-04-15,1234.0999755859375,1240.9000244140625,1229.0,1239.300048828125,1234.3701171875,8248464
2025-04-16,1240.199951171875,1280.199951171875,1227.5999755859375,1274.5,1269.4300537109375,15398401
2025-04-20,1270.0,1300.9000244140625,1267.0,1295.5,1290.346435546875,10429964
2025-04-21,1300.0,1303.9000244140625,1286.300048828125,1291.199951171875,1286.0635986328125,13051707
2025-04-22,1297.0,1306.0,1285.4000244140625,1300.0,1294.82861328125,10480888
2025-04-23,1292.4000244140625,1304.5,1290.300048828125,1301.5999755859375,1296.4222412109375,10468940
2025-04-24,1303.5,1325.199951171875,1288.0999755859375,1300.4000244140625,1295.22705078125,14431012
2025-04-27,1340.0,1374.5999755859375,1320.199951171875,1368.800048828125,1363.35498046875,31104496
2025-04-28,1371.0,1410.9000244140625,1370.0,1399.699951171875,1394.1319580078125,32538970
2025-04-29,1402.0,1412.4000244140625,1369.0,1405.0,1399.410888671875,25480745
2025-05-01,1414.0,1426.699951171875,1409.0999755859375,1419.800048828125,1414.152099609375,13007841
2025-05-04,1431.0,1439.5,1426.9000244140625,1431.300048828125,1425.6063232421875,12685649
2025-05-05,1431.0,1432.0,1410.5999755859375,1420.9000244140625,1415.2476806640625,14084117
2025-05-06,1420.9000244140625,1424.4000244140625,1402.699951171875,1406.0,1400.4068603515625,13440169
2025-05-07,1404.0999755859375,1420.800048828125,1398.0,1407.0,1401.4029541015625,16106175
2025-05-08,1385.5,1394.800048828125,1374.5,1377.199951171875,1371.721435546875,13668904
2025-05-11,1400.0,1439.0,1400.0,1436.5,1430.7855224609375,10674081
2025-05-12,1433.5,1447.699951171875,1412.4000244140625,1415.699951171875,1410.0682373046875,11407896
2025-05-13,1420.0,1429.9000244140625,1415.5,1424.4000244140625,1418.7337646484375,5570160
2025-05-14,1425.0,1461.4000244140625,1412.699951171875,1454.199951171875,1448.4151611328125,20177211
2025-05-15,1453.199951171875,1461.0,1447.300048828125,1456.4000244140625,1450.6064453125,9036695
2025-05-18,1452.0999755859375,1454.5999755859375,1438.199951171875,1440.800048828125,1435.0684814453125,6195791
2025-05-19,1438.199951171875,1445.0,1421.800048828125,1424.5999755859375,1418.932861328125,11270560
2025-05-20,1423.9000244140625,1436.199951171875,1418.0999755859375,1429.199951171875,1423.5145263671875,6136364
2025-05-21,1421.199951171875,1423.800048828125,1396.9000244140625,1409.4000244140625,1403.79345703125,12134466
2025-05-22,1406.5999755859375,1433.800048828125,1406.5999755859375,1426.800048828125,1421.124267578125,6474883
2025-05-25,1432.0,1441.0,1425.0999755859375,1434.800048828125,1429.0924072265625,4842944
2025-05-26,1426.0999755859375,1437.0,1413.9000244140625,1422.0999755859375,1416.44287109375,12640414
2025-05-27,1420.0999755859375,1422.5999755859375,1410.699951171875,1412.9000244140625,1407.279541015625,5944611
2025-05-28,1412.0999755859375,1420.0,1408.5999755859375,1417.800048828125,1412.1600341796875,13771917
2025-05-29,1418.0,1430.5999755859375,1409.699951171875,1420.9000244140625,1415.2476806640625,13788484
2025-06-01,1412.0999755859375,1417.5,1395.5999755859375,1413.699951171875,1408.0762939453125,8098668
2025-06-02,1422.300048828125,1426.5,1403.4000244140625,1405.5,1399.908935546875,11252626
2025-06-03,1414.699951171875,1425.699951171875,1406.0999755859375,1423.5,1417.8372802734375,8126827
2025-06-04,1428.0,1454.699951171875,1423.5999755859375,1442.4000244140625,1436.662109375,13716817
2025-06-05,1441.0,1451.5,1437.0,1443.5,1437.7576904296875,8182161
2025-06-08,1457.0,1457.5,1445.300048828125,1448.800048828125,1443.0367431640625,7885125
2025-06-09,1450.0,1453.9000244140625,1436.0,1438.5,1432.777587890625,7913181
2025-06-10,1445.800048828125,1468.5999755859375,1443.0999755859375,1448.9000244140625,1443.13623046875,8195700
2025-06-11,1453.5,1457.0,1434.4000244140625,1441.5999755859375,1435.865234375,8828114
2025-06-12,1424.0,1435.5,1414.300048828125,1427.9000244140625,1422.2198486328125,9757276
2025-06-15,1426.9000244140625,1442.4000244140625,1424.4000244140625,1437.800048828125,1432.0804443359375,8458093
2025-06-16,1448.0,1448.0,1425.800048828125,1431.199951171875,1425.506591796875,10366599
2025-06-17,1430.0,1442.800048828125,1425.699951171875,1430.0999755859375,1424.4110107421875,6681735
2025-06-18,1430.0999755859375,1439.9000244140625,1425.699951171875,1433.300048828125,1427.598388671875,10007230
2025-06-19,1431.0,1471.0,1428.0999755859375,1466.199951171875,1460.367431640625,29010635
2025-06-22,1453.0,1463.800048828125,1442.0,1456.800048828125,1451.0048828125,5989078
2025-06-23,1465.0,1475.0,1443.0999755859375,1450.800048828125,1445.0286865234375,16402744
2025-06-24,1464.0,1472.4000244140625,1460.5,1467.300048828125,1461.463134765625,7525851
2025-06-25,1469.0999755859375,1498.800048828125,1465.0999755859375,1495.300048828125,1489.3516845703125,14657893
2025-06-26,1499.4000244140625,1522.0,1496.9000244140625,1515.4000244140625,1509.3717041015625,11117052
2025-06-29,1513.800048828125,1524.800048828125,1496.0,1500.5999755859375,1494.630615234375,8409527
2025-06-30,1500.5999755859375,1531.4000244140625,1500.0999755859375,1528.4000244140625,1522.320068359375,10368523
2025-07-01,1528.4000244140625,1530.0,1508.699951171875,1518.800048828125,1512.75830078125,6361002
2025-07-02,1520.800048828125,1531.9000244140625,1513.0,1517.800048828125,1511.76220703125,11283291
2025-07-03,1524.0,1530.0,1517.199951171875,1527.300048828125,1521.2244873046875,6603501
2025-07-06,1526.5999755859375,1544.800048828125,1525.0,1541.5,1535.367919921875,7251074
2025-07-07,1536.0,1544.9000244140625,1530.199951171875,1537.5999755859375,1531.4833984375,7171261
2025-07-08,1536.699951171875,1551.0,1510.0999755859375,1519.0,1512.9573974609375,8870660
2025-07-09,1519.699951171875,1524.699951171875,1507.5,1517.199951171875,1511.16455078125,10047129
2025-07-10,1512.0,1515.0,1490.300048828125,1495.199951171875,1489.2520751953125,7234991
2025-07-13,1492.199951171875,1500.0,1479.0999755859375,1483.699951171875,1477.7977294921875,10311846
2025-07-14,1486.199951171875,1496.5,1482.4000244140625,1485.4000244140625,1479.4910888671875,8132454
2025-07-15,1473.0,1491.0,1471.5,1485.5999755859375,1479.690185546875,10409983
2025-07-16,1487.4000244140625,1489.5999755859375,1473.9000244140625,1476.4000244140625,1470.52685546875,11854613
2025-07-17,1484.800048828125,1484.800048828125,1469.0999755859375,1476.0,1470.12841796875,10296318
2025-07-20,1465.0,1476.0,1423.0999755859375,1428.5999755859375,1422.9169921875,22442744
2025-07-21,1427.4000244140625,1431.9000244140625,1410.699951171875,1412.800048828125,1407.179931640625,20396320
2025-07-22,1426.0,1426.0,1414.4000244140625,1424.5999755859375,1418.932861328125,8354596
2025-07-23,1419.199951171875,1423.0,1396.0,1402.9000244140625,1397.3192138671875,14740507
2025-07-24,1398.9000244140625,1401.0,1384.0999755859375,1391.699951171875,1386.1636962890625,11854722
2025-07-27,1392.300048828125,1407.800048828125,1385.0,1387.5999755859375,1382.080078125,7748361
2025-07-28,1383.0,1420.199951171875,1383.0,1417.0999755859375,1411.4627685546875,10750072
2025-07-29,1418.0999755859375,1423.300048828125,1401.300048828125,1410.0999755859375,1404.4906005859375,7209849
2025-07-30,1388.0999755859375,1402.5999755859375,1382.199951171875,1390.199951171875,1384.669677734375,17065827
2025-07-31,1386.9000244140625,1405.9000244140625,1384.300048828125,1393.699951171875,1388.15576171875,10321171
2025-08-03,1395.0999755859375,1416.0999755859375,1391.699951171875,1411.5,1405.885009765625,6312820
2025-08-04,1411.0,1411.0,1388.0999755859375,1391.699951171875,1386.1636962890625,9315972
2025-08-05,1391.9000244140625,1395.9000244140625,1383.300048828125,1392.800048828125,1387.259521484375,5834312
2025-08-06,1387.699951171875,1393.699951171875,1366.0,1389.4000244140625,1383.8729248046875,9976705
2025-08-07,1385.0,1397.199951171875,1365.0,1367.800048828125,1362.35888671875,8793606
2025-08-10,1370.0,1388.0,1361.199951171875,1386.199951171875,1380.6856689453125,9997486
2025-08-11,1381.9000244140625,1401.9000244140625,1375.199951171875,1380.4000244140625,1374.9088134765625,12244664
2025-08-12,1388.0,1391.800048828125,1377.5,1382.5999755859375,1377.0999755859375,7457021
2025-08-13,1377.300048828125,1380.699951171875,1370.0999755859375,1373.800048828125,1373.800048828125,7126128
2025-08-17,1390.0,1394.9000244140625,1377.0,1381.699951171875,1381.699951171875,11785109
2025-08-18,1390.0,1421.0,1389.0999755859375,1420.0999755859375,1420.0999755859375,14384719
2025-08-19,1413.0,1424.9000244140625,1410.0,1413.0,1413.0,8725641
2025-08-20,1425.0,1431.9000244140625,1420.300048828125,1424.800048828125,1424.800048828125,11021323
2025-08-21,1420.0,1423.4000244140625,1407.9000244140625,1409.199951171875,1409.199951171875,5818868
2025-08-24,1414.699951171875,1419.5,1405.699951171875,1412.5999755859375,1412.5999755859375,5979407
2025-08-25,1408.0,1410.0,1381.5999755859375,1384.9000244140625,1384.9000244140625,12145259
2025-08-27,1389.9000244140625,1392.199951171875,1366.5,1385.9000244140625,1385.9000244140625,13161813
2025-08-28,1381.0999755859375,1403.5,1350.0,1357.199951171875,1357.199951171875,18758842
2025-08-31,1356.0,1363.199951171875,1340.5999755859375,1353.9000244140625,1353.9000244140625,11232238
2025-09-01,1354.800048828125,1384.5,1354.5,1366.5,1366.5,11517006
2025-09-02,1369.699951171875,1376.5,1360.5,1372.5999755859375,1372.5999755859375,7847563
2025-09-03,1371.800048828125,1374.0,1357.0999755859375,1359.300048828125,1359.300048828125,13223177
2025-09-04,1363.0,1381.0,1359.300048828125,1375.0,1375.0,5777575
2025-09-07,1380.0,1386.0,1372.4000244140625,1378.5,1378.5,6986720
2025-09-08,1376.5999755859375,1381.199951171875,1368.699951171875,1376.199951171875,1376.199951171875,9754452
2025-09-09,1383.9000244140625,1388.5,1374.0999755859375,1377.0,1377.0,7790815
2025-09-10,1376.0,1385.5,1375.0,1383.300048828125,1383.300048828125,9766072
2025-09-11,1383.300048828125,1396.300048828125,1380.5,1395.0,1395.0,7403368
2025-09-14,1393.0,1400.800048828125,1388.5999755859375,1399.300048828125,1399.300048828125,5396697
2025-09-15,1404.699951171875,1408.0,1398.199951171875,1405.300048828125,1405.300048828125,8686961
2025-09-16,1407.0,1416.199951171875,1406.9000244140625,1413.800048828125,1413.800048828125,7519417
2025-09-17,1420.4000244140625,1422.0,1410.699951171875,1415.0,1415.0,9332642
2025-09-18,1414.9000244140625,1417.0,1403.5999755859375,1407.4000244140625,1407.4000244140625,13461373
2025-09-21,1403.9000244140625,1410.699951171875,1388.0,1390.5999755859375,1390.5999755859375,7757970
2025-09-22,1391.0,1395.0,1376.800048828125,1389.800048828125,1389.800048828125,14014702
2025-09-23,1385.300048828125,1396.0,1380.4000244140625,1383.0,1383.0,5922759
2025-09-24,1381.300048828125,1384.5,1369.0,1372.4000244140625,1372.4000244140625,11411143
2025-09-25,1372.0,1382.699951171875,1366.0,1377.5999755859375,1377.5999755859375,9879109
2025-09-28,1381.5999755859375,1389.0,1368.0,1372.800048828125,1372.800048828125,14231999
2025-09-29,1377.0999755859375,1377.0999755859375,1362.800048828125,1364.0,1364.0,14604684
2025-09-30,1367.0,1378.5999755859375,1362.699951171875,1368.699951171875,1368.699951171875,12045916
2025-10-02,1363.199951171875,1371.5999755859375,1356.9000244140625,1363.4000244140625,1363.4000244140625,12842347
2025-10-05,1360.0,1377.4000244140625,1359.0,1375.0,1375.0,12396580
2025-10-06,1376.0,1395.9000244140625,1375.9000244140625,1384.800048828125,1384.800048828125,11244040
2025-10-07,1384.800048828125,1389.0,1364.5,1367.4000244140625,1367.4000244140625,8525081
2025-10-08,1374.0,1380.0,1369.0999755859375,1377.800048828125,1377.800048828125,8826633
2025-10-09,1377.800048828125,1388.0,1375.0999755859375,1381.699951171875,1381.699951171875,6373084
2025-10-12,1376.9000244140625,1377.699951171875,1367.800048828125,1375.0,1375.0,7600682
2025-10-13,1380.0,1388.0,1370.0999755859375,1375.9000244140625,1375.9000244140625,9768174
2025-10-14,1383.0,1384.0,1372.699951171875,1374.300048828125,1374.300048828125,10882743
2025-10-15,1375.0999755859375,1400.5,1375.0,1398.300048828125,1398.300048828125,12315932
2025-10-16,1401.0,1423.300048828125,1399.0999755859375,1416.800048828125,1416.800048828125,19335561
2025-10-19,1440.0,1473.800048828125,1433.300048828125,1466.800048828125,1466.800048828125,24721978
2025-10-20,1468.0,1474.0,1460.0,1465.199951171875,1465.199951171875,2066169
2025-10-22,1475.0,1482.9000244140625,1444.5999755859375,1448.4000244140625,1448.4000244140625,18707090
2025-10-23,1450.0,1459.800048828125,1441.0,1451.5999755859375,1451.5999755859375,9700837
2025-10-26,1463.0,1485.0,1458.0,1484.0999755859375,1484.0999755859375,14113867
2025-10-27,1484.0999755859375,1492.0,1477.5999755859375,1486.9000244140625,1486.9000244140625,17631577
2025-10-28,1490.0,1508.300048828125,1488.0999755859375,1504.199951171875,1504.199951171875,11884745
2025-10-29,1500.0,1503.0999755859375,1484.0,1488.5,1488.5,9318663
2025-10-30,1490.4000244140625,1497.5,1482.300048828125,1486.4000244140625,1486.4000244140625,8758053
2025-11-02,1486.0,1495.0,1479.300048828125,1484.699951171875,1484.699951171875,8452085
2025-11-03,1483.9000244140625,1492.800048828125,1470.0999755859375,1473.0999755859375,1473.0999755859375,10007806
2025-11-05,1484.0,1501.5999755859375,1476.199951171875,1496.0999755859375,1496.0999755859375,16772678
2025-11-06,1494.5999755859375,1498.4000244140625,1475.9000244140625,1478.0,1478.0,7821765
2025-11-09,1477.9000244140625,1501.0,1475.5,1489.300048828125,1489.300048828125,7068438
2025-11-10,1497.0,1498.800048828125,1480.199951171875,1493.4000244140625,1493.4000244140625,7127506
2025-11-11,1505.0,1524.699951171875,1500.0,1511.5,1511.5,12384459
2025-11-12,1515.0,1522.0999755859375,1506.800048828125,1510.9000244140625,1510.9000244140625,7196443
2025-11-13,1505.5,1520.9000244140625,1505.5,1518.9000244140625,1518.9000244140625,7682823
2025-11-16,1520.9000244140625,1523.699951171875,1511.5,1518.300048828125,1518.300048828125,5871416
2025-11-17,1521.699951171875,1527.800048828125,1510.5,1519.4000244140625,1519.4000244140625,11045042
2025-11-18,1517.4000244140625,1522.300048828125,1512.0,1518.9000244140625,1518.9000244140625,5692366
2025-11-19,1530.0,1550.9000244140625,1526.699951171875,1549.0999755859375,1549.0999755859375,18171724
2025-11-20,1541.0,1557.800048828125,1540.0999755859375,1546.5999755859375,1546.5999755859375,9615271
2025-11-23,1550.0,1550.0,1531.800048828125,1535.9000244140625,1535.9000244140625,18433951
2025-11-24,1535.9000244140625,1559.5999755859375,1525.0999755859375,1539.699951171875,1539.699951171875,15033482
2025-11-25,1542.300048828125,1571.5999755859375,1540.5,1569.9000244140625,1569.9000244140625,14054299
2025-11-26,1575.0,1575.5,1556.0,1563.4000244140625,1563.4000244140625,9794643
2025-11-27,1568.0,1581.300048828125,1563.0,1567.5,1567.5,8959508
2025-11-30,1575.0,1577.5,1563.5999755859375,1566.0999755859375,1566.0999755859375,8920233
2025-12-01,1561.0999755859375,1567.5,1542.0,1546.300048828125,1546.300048828125,11389150
2025-12-02,1545.199951171875,1552.4000244140625,1533.0,1538.800048828125,1538.800048828125,6090883
2025-12-03,1536.0,1560.5,1517.5999755859375,1535.5999755859375,1535.5999755859375,11867930
2025-12-04,1530.4000244140625,1545.800048828125,1520.5999755859375,1540.5999755859375,1540.5999755859375,10183266
2025-12-07,1539.199951171875,1551.0,1535.0,1543.0,1543.0,11301491
2025-12-08,1540.300048828125,1542.5,1520.0999755859375,1529.4000244140625,1529.4000244140625,11503971
2025-12-09,1534.0,1547.5,1531.4000244140625,1536.9000244140625,1536.9000244140625,7991629
2025-12-10,1536.9000244140625,1550.0,1524.0,1545.0,1545.0,4706197
2025-12-11,1550.800048828125,1559.800048828125,1546.0999755859375,1556.5,1556.5,5106655
2025-12-14,1551.199951171875,1558.5999755859375,1546.5,1556.199951171875,1556.199951171875,5774543
2025-12-15,1545.0,1551.699951171875,1538.800048828125,1542.300048828125,1542.300048828125,11731856
2025-12-16,1550.0,1550.0,1539.300048828125,1544.4000244140625,1544.4000244140625,7116649
2025-12-17,1535.199951171875,1551.5,1535.199951171875,1544.4000244140625,1544.4000244140625,6580829
2025-12-18,1554.4000244140625,1574.199951171875,1551.0,1565.0999755859375,1565.0999755859375,13937275
2025-12-21,1573.5,1577.5,1565.300048828125,1575.4000244140625,1575.4000244140625,10184852
2025-12-22,1580.9000244140625,1580.9000244140625,1568.0999755859375,1570.699951171875,1570.699951171875,7506564
2025-12-23,1572.699951171875,1575.699951171875,1553.5999755859375,1558.199951171875,1558.199951171875,8815745
2025-12-25,1554.699951171875,1561.0,1554.300048828125,1559.199951171875,1559.199951171875,2311495
2025-12-28,1554.9000244140625,1558.0999755859375,1543.5999755859375,1545.5999755859375,1545.5999755859375,5972105
2025-12-29,1547.0,1553.5999755859375,1537.800048828125,1539.800048828125,1539.800048828125,8815884
2025-12-30,1541.0,1577.0,1541.0,1570.4000244140625,1570.4000244140625,5771830
2025-12-31,1573.699951171875,1592.5,1571.0999755859375,1575.5999755859375,1575.5999755859375,6408128
2026-01-01,1580.0,1594.5999755859375,1578.199951171875,1592.300048828125,1592.300048828125,6602230
2026-01-04,1593.0,1611.800048828125,1575.300048828125,1578.0999755859375,1578.0999755859375,8704973
2026-01-05,1569.0,1569.0,1496.300048828125,1507.5999755859375,1507.5999755859375,27417125
2026-01-06,1510.0,1520.0,1498.0,1504.199951171875,1504.199951171875,11199340
2026-01-07,1500.0,1503.9000244140625,1468.800048828125,1470.5999755859375,1470.5999755859375,16518684
2026-01-08,1465.0,1479.9000244140625,1465.0,1475.300048828125,1475.300048828125,8335311
