date,close,open,high,low,volume
2007-09-16,4494.6499023,4518.4501953,4549.0498047,4482.8500977,0.0
2007-09-17,4546.2001953,4494.1000977,4551.7998047,4481.5498047,0.0
2007-09-18,4732.3500977,4550.25,4739.0,4550.25,0.0
2007-09-19,4747.5498047,4734.8500977,4760.8500977,4721.1499023,0.0
2007-09-20,4837.5498047,4752.9501953,4855.7001953,4733.7001953,0.0
2007-09-23,4932.2001953,4837.1499023,4941.1499023,4837.1499023,0.0
2007-09-24,4938.8500977,4939.1000977,4953.8999023,4878.1499023,0.0
2007-09-25,4940.5,4937.6000977,4980.8500977,4930.3500977,0.0
2007-09-26,5000.5498047,4942.7001953,5016.3999023,4942.7001953,0.0
2007-09-27,5021.3500977,4996.4501953,5055.7998047,4996.4501953,0.0
2007-09-30,5068.9501953,5021.5,5089.2998047,5001.3500977,0.0
2007-10-02,5210.7998047,5069.0,5261.3500977,5034.1499023,0.0
2007-10-03,5208.6499023,5211.6499023,5233.1000977,5126.0498047,0.0
2007-10-04,5185.8500977,5208.1499023,5248.5498047,5164.5,0.0
2007-10-07,5085.1000977,5186.25,5249.2998047,5024.75,0.0
2007-10-08,5327.25,5062.6499023,5348.7001953,5000.9501953,0.0
2007-10-09,5441.4501953,5328.1499023,5454.7001953,5328.1499023,0.0
2007-10-10,5524.8500977,5438.8999023,5532.75,5424.25,0.0
2007-10-11,5428.25,5525.2998047,5549.2998047,5402.6000977,0.0
2007-10-14,5670.3999023,5428.3500977,5682.6499023,5419.8999023,0.0
2007-10-15,5668.0498047,5670.6499023,5708.3500977,5578.4501953,0.0
2007-10-16,5559.2998047,5658.8999023,5658.8999023,5107.2998047,0.0
2007-10-17,5351.0,5551.1000977,5736.7998047,5269.6499023,0.0
2007-10-18,5215.2998047,5360.3500977,5390.8500977,5101.75,0.0
2007-10-21,5184.0,5202.75,5247.3999023,5070.8999023,0.0
2007-10-22,5473.7001953,5185.2998047,5488.5,5176.8500977,0.0
2007-10-23,5496.1499023,5477.6000977,5577.8999023,5419.3999023,0.0
2007-10-24,5568.9501953,5499.0498047,5605.9501953,5469.2998047,0.0
2007-10-25,5702.2998047,5564.25,5716.8999023,5513.3500977,0.0
2007-10-28,5905.8999023,5708.8999023,5922.5,5708.8999023,0.0
2007-10-29,5868.75,5917.5498047,5976.0,5833.8999023,0.0
2007-10-30,5900.6499023,5868.8999023,5952.25,5861.2998047,0.0
2007-10-31,5866.4501953,5903.7998047,6011.9501953,5837.2001953,0.0
2007-11-01,5932.3999023,5854.8500977,5944.75,5714.25,0.0
2007-11-04,5847.2998047,5931.8999023,5948.5498047,5819.6000977,0.0
2007-11-05,5786.5,5847.1000977,5957.2001953,5759.9501953,0.0
2007-11-06,5782.3500977,5782.3999023,5861.3500977,5744.2998047,0.0
2007-11-07,5698.75,5779.2998047,5780.7998047,5646.75,0.0
2007-11-11,5617.1000977,5660.6000977,5660.6000977,5477.5,0.0
2007-11-12,5695.3999023,5612.3500977,5758.8500977,5591.6000977,0.0
2007-11-13,5937.8999023,5703.9501953,5950.2001953,5700.0498047,0.0
2007-11-14,5912.1000977,5942.7001953,5966.9501953,5895.6499023,0.0
2007-11-15,5906.8500977,5913.1499023,5948.0498047,5817.3999023,0.0
2007-11-18,5907.6499023,5908.0498047,5981.7998047,5893.7998047,0.0
2007-11-19,5780.8999023,5911.25,5923.7001953,5755.7998047,0.0
2007-11-20,5561.0498047,5778.7998047,5790.0498047,5530.8500977,0.0
2007-11-21,5519.3500977,5564.6499023,5608.6499023,5394.3500977,0.0
2007-11-22,5608.6000977,5524.2998047,5638.6000977,5514.75,0.0
2007-11-25,5731.7001953,5611.2998047,5772.5498047,5608.9501953,0.0
2007-11-26,5698.1499023,5729.25,5743.5498047,5655.6000977,0.0
2007-11-27,5617.5498047,5699.5498047,5749.9501953,5595.5,0.0
2007-11-28,5634.6000977,5617.7998047,5725.0,5612.1000977,0.0
2007-11-29,5762.75,5633.8999023,5782.5498047,5632.6499023,0.0
2007-12-02,5865.0,5765.4501953,5878.7998047,5754.6000977,0.0
2007-12-03,5858.3500977,5870.2001953,5897.25,5840.2998047,0.0
2007-12-04,5940.0,5861.8999023,5949.2998047,5859.9501953,0.0
2007-12-05,5954.7001953,5941.0498047,6027.0498047,5919.7998047,0.0
2007-12-06,5974.2998047,5963.6000977,6042.1000977,5894.7998047,0.0
2007-12-09,5960.6000977,5974.0,6015.2998047,5923.3500977,0.0
2007-12-10,6097.25,5960.3999023,6111.2001953,5960.3999023,0.0
2007-12-11,6159.2998047,6067.0498047,6175.6499023,6005.4501953,0.0
2007-12-12,6058.1000977,6159.25,6185.3999023,6040.3999023,0.0
2007-12-13,6047.7001953,6056.2001953,6078.5498047,6015.0498047,0.0
2007-12-16,5777.0,6037.9501953,6039.9501953,5740.6000977,0.0
2007-12-17,5742.2998047,5777.6000977,5874.6000977,5710.6000977,0.0
2007-12-18,5751.1499023,5730.25,5840.7998047,5676.7001953,0.0
2007-12-19,5766.5,5751.75,5799.5,5742.75,0.0
2007-12-23,5985.1000977,5771.2998047,6001.0498047,5771.2998047,0.0
2007-12-25,6070.75,5988.4501953,6085.25,5988.4501953,0.0
2007-12-26,6081.5,6069.0,6110.8500977,6060.2001953,0.0
2007-12-27,6079.7001953,6079.5498047,6098.6000977,6021.8999023,0.0
2007-12-30,6138.6000977,6095.0,6167.75,6095.0,0.0
2007-12-31,6144.3500977,6136.75,6165.3500977,6109.8500977,0.0
2008-01-01,6179.3999023,6144.7001953,6197.0,6060.8500977,0.0
2008-01-02,6178.5498047,6184.25,6230.1499023,6126.3999023,0.0
2008-01-03,6274.2998047,6179.1000977,6300.0498047,6179.1000977,0.0
2008-01-06,6279.1000977,6271.0,6289.7998047,6193.3500977,0.0
2008-01-07,6287.8500977,6282.4501953,6357.1000977,6221.6000977,0.0
2008-01-08,6272.0,6287.5498047,6338.2998047,6231.25,0.0
2008-01-09,6156.9501953,6278.1000977,6347.0,6142.8999023,0.0
2008-01-10,6200.1000977,6166.6499023,6224.2001953,6112.5498047,0.0
2008-01-13,6206.7998047,6208.7998047,6244.1499023,6172.0,0.0
2008-01-14,6074.25,6226.3500977,6260.4501953,6053.2998047,0.0
2008-01-15,5935.75,6065.0,6065.0,5825.75,0.0
2008-01-16,5913.2001953,5937.9501953,6013.1499023,5880.2998047,0.0
2008-01-17,5705.2998047,5907.75,5908.75,5677.0,0.0
2008-01-20,5208.7998047,5705.0,5705.0,4977.1000977,0.0
2008-01-21,4899.2998047,5203.3500977,5203.3500977,4448.5,0.0
2008-01-22,5203.3999023,4903.0498047,5328.0498047,4891.6000977,0.0
2008-01-23,5033.4501953,5208.0,5357.2001953,4995.7998047,0.0
2008-01-24,5383.3500977,5035.0498047,5399.25,5035.0498047,0.0
2008-01-27,5274.1000977,5380.9501953,5380.9501953,5071.0,0.0
2008-01-28,5280.7998047,5279.5498047,5391.6000977,5225.25,0.0
2008-01-29,5167.6000977,5283.75,5314.2998047,5142.25,0.0
2008-01-30,5137.4501953,5172.25,5251.6499023,5071.1499023,0.0
2008-01-31,5317.25,5140.6000977,5339.9501953,5090.75,0.0
2008-02-03,5463.5,5315.5498047,5545.2001953,5315.5498047,0.0
2008-02-04,5483.8999023,5463.75,5500.6000977,5412.9501953,0.0
2008-02-05,5322.5498047,5470.3999023,5470.3999023,5257.0498047,0.0
2008-02-06,5133.25,5322.5498047,5344.6000977,5113.8500977,0.0
2008-02-07,5120.3500977,5132.1000977,5173.8500977,5034.25,0.0
2008-02-10,4857.0,5120.5498047,5126.3999023,4803.6000977,0.0
2008-02-11,4838.25,4877.8500977,4949.6000977,4820.4501953,0.0
2008-02-12,4929.4501953,4836.5498047,4986.5498047,4836.5498047,0.0
2008-02-13,5202.0,4944.6499023,5220.25,4944.6499023,0.0
2008-02-14,5302.8999023,5202.8500977,5315.3999023,5104.75,0.0
2008-02-17,5276.8999023,5304.4501953,5348.6000977,5224.0,0.0
2008-02-18,5280.7998047,5278.3999023,5368.4501953,5262.0,0.0
2008-02-19,5154.4501953,5267.1499023,5267.1499023,5116.2998047,0.0
2008-02-20,5191.7998047,5156.8999023,5241.3500977,5120.0498047,0.0
2008-02-21,5110.75,5183.3999023,5184.0,5092.7998047,0.0
2008-02-24,5200.7001953,5112.25,5212.3500977,5055.1499023,0.0
2008-02-25,5270.0498047,5200.7998047,5281.2001953,5200.7998047,0.0
2008-02-26,5268.3999023,5271.3999023,5368.1499023,5249.75,0.0
2008-02-27,5285.1000977,5266.3500977,5302.8500977,5227.1499023,0.0
2008-02-28,5223.5,5285.0,5290.7998047,5098.3500977,0.0
2008-03-02,4953.0,5222.7998047,5222.7998047,4936.0498047,0.0
2008-03-03,4864.25,4958.5498047,4976.7001953,4812.9501953,0.0
2008-03-04,4921.3999023,4866.8500977,4936.75,4847.25,0.0
2008-03-06,4771.6000977,4918.2998047,4918.2998047,4672.25,0.0
2008-03-09,4800.3999023,4767.7998047,4814.9501953,4620.5,0.0
2008-03-10,4865.8999023,4796.2998047,4888.5,4732.8500977,0.0
2008-03-11,4872.0,4869.75,5019.2001953,4854.75,0.0
2008-03-12,4623.6000977,4868.7001953,4868.7998047,4580.1499023,0.0
2008-03-13,4745.7998047,4623.7998047,4758.9501953,4607.5498047,0.0
2008-03-16,4503.1000977,4745.4501953,4745.4501953,4482.1000977,0.0
2008-03-17,4533.0,4519.8999023,4617.9501953,4468.5498047,0.0
2008-03-18,4573.9501953,4534.75,4718.3999023,4533.8999023,0.0
2008-03-23,4609.8500977,4576.7998047,4649.4501953,4539.7998047,0.0
2008-03-24,4877.5,4616.7998047,4896.7998047,4616.7998047,0.0
2008-03-25,4828.8500977,4878.7001953,4912.2998047,4808.6499023,0.0
2008-03-26,4830.25,4828.7998047,4863.75,4769.6000977,0.0
2008-03-27,4942.0,4830.0,4970.7998047,4796.3500977,0.0
2008-03-30,4734.5,4942.1499023,4947.0,4703.8500977,0.0
2008-03-31,4739.5498047,4735.6499023,4800.75,4628.75,0.0
2008-04-01,4754.2001953,4741.3999023,4916.75,4741.3999023,0.0
2008-04-02,4771.6000977,4753.8999023,4833.25,4738.2001953,0.0
2008-04-03,4647.0,4766.7001953,4791.7001953,4632.7001953,0.0
2008-04-06,4761.2001953,4631.3500977,4798.5498047,4628.7998047,0.0
2008-04-07,4709.6499023,4760.6499023,4769.5498047,4677.7998047,0.0
2008-04-08,4747.0498047,4707.0498047,4758.25,4667.5,0.0
2008-04-09,4733.0,4747.5498047,4799.5,4720.8999023,0.0
2008-04-10,4777.7998047,4734.3500977,4817.3999023,4727.25,0.0
2008-04-14,4879.6499023,4779.9501953,4917.1000977,4708.2998047,0.0
2008-04-15,4887.2998047,4881.6499023,4951.3999023,4874.0498047,0.0
2008-04-16,4958.3999023,4890.6000977,4984.9501953,4889.6499023,0.0
2008-04-20,5037.0,4955.8999023,5053.3999023,4955.8999023,0.0
2008-04-21,5049.2998047,5037.0498047,5074.25,4994.0498047,0.0
2008-04-22,5022.7998047,5044.3500977,5083.5,5003.5498047,0.0
2008-04-23,4999.8500977,5022.8999023,5072.7001953,4991.3500977,0.0
2008-04-24,5111.7001953,4999.1499023,5117.7001953,4999.1499023,0.0
2008-04-27,5089.6499023,5112.5,5147.4501953,5079.1499023,0.0
2008-04-28,5195.5,5092.3999023,5210.8999023,5082.1499023,0.0
2008-04-29,5165.8999023,5198.3500977,5230.75,5155.8500977,0.0
2008-05-01,5228.2001953,5265.2998047,5298.8500977,5197.6000977,0.0
2008-05-04,5192.25,5227.25,5254.5,5182.6000977,0.0
2008-05-05,5144.6499023,5192.3500977,5206.5,5110.8999023,0.0
2008-05-06,5135.5,5156.7001953,5159.0498047,5101.25,0.0
2008-05-07,5081.7001953,5135.7998047,5143.0498047,5062.4501953,0.0
2008-05-08,4982.6000977,5070.8500977,5087.6499023,4969.3999023,0.0
2008-05-11,5012.6499023,4981.0,5021.75,4913.7998047,0.0
2008-05-12,4957.7998047,5008.6000977,5066.0,4943.75,0.0
2008-05-13,5011.75,4958.4501953,5026.1000977,4932.0498047,0.0
2008-05-14,5115.25,5010.8999023,5118.5498047,4999.6000977,0.0
2008-05-15,5157.7001953,5115.6499023,5167.3999023,5106.3999023,0.0
2008-05-19,5104.9501953,5157.0,5160.0498047,5072.3999023,0.0
2008-05-20,5117.6499023,5105.7001953,5135.5498047,5048.7001953,0.0
2008-05-21,5025.4501953,5117.0,5118.8999023,5010.7001953,0.0
2008-05-22,4946.5498047,5026.5498047,5059.0498047,4940.7001953,0.0
2008-05-25,4875.0498047,4953.6000977,4953.6000977,4858.0,0.0
2008-05-26,4859.7998047,4877.1499023,4932.0,4846.2001953,0.0
2008-05-27,4918.3500977,4862.7001953,4926.8999023,4835.6499023,0.0
2008-05-28,4835.2998047,4926.2998047,4957.3999023,4801.8999023,0.0
2008-05-29,4870.1000977,4844.0498047,4908.8500977,4833.4501953,0.0
2008-06-01,4739.6000977,4869.25,4908.7998047,4713.0,0.0
2008-06-02,4715.8999023,4739.2998047,4739.2998047,4634.0,0.0
2008-06-03,4585.6000977,4718.7001953,4731.5,4564.5,0.0
2008-06-04,4676.9501953,4586.9501953,4690.6000977,4536.25,0.0
2008-06-05,4627.7998047,4680.5498047,4746.2998047,4614.25,0.0
2008-06-08,4500.9501953,4626.4501953,4626.4501953,4411.6000977,0.0
2008-06-09,4449.7998047,4522.0,4522.5498047,4369.7998047,0.0
2008-06-10,4523.6000977,4469.6499023,4541.0498047,4468.0498047,0.0
2008-06-11,4539.3500977,4524.3999023,4550.0,4392.0,0.0
2008-06-12,4517.1000977,4539.5,4563.3500977,4491.3500977,0.0
2008-06-15,4572.5,4536.2998047,4617.7001953,4536.2998047,0.0
2008-06-16,4653.0,4572.5,4664.0498047,4561.75,0.0
2008-06-17,4582.3999023,4652.7998047,4679.75,4569.8999023,0.0
2008-06-18,4504.25,4582.5498047,4585.7001953,4488.9501953,0.0
2008-06-19,4347.5498047,4504.2001953,4532.0,4333.6000977,0.0
2008-06-22,4266.3999023,4351.1499023,4351.1499023,4225.5,0.0
2008-06-23,4191.1000977,4271.0498047,4305.8999023,4156.1000977,0.0
2008-06-24,4252.6499023,4189.6000977,4264.5498047,4093.1999512,0.0
2008-06-25,4315.8500977,4252.6000977,4324.75,4230.0,0.0
2008-06-26,4136.6499023,4315.2998047,4315.2998047,4119.2001953,0.0
2008-06-29,4040.5500488,4136.25,4163.0,4021.6999512,0.0
2008-06-30,3896.75,4039.75,4075.3999023,3878.1999512,0.0
2008-07-01,4093.3500977,3895.3000488,4107.1499023,3848.25,0.0
2008-07-02,3925.75,4094.6000977,4097.3500977,3874.8500977,0.0
2008-07-03,4016.0,3926.6499023,4033.5,3896.3999023,0.0
2008-07-06,4030.0,4002.0,4114.5,4002.0,0.0
2008-07-07,3988.5500488,4028.6999512,4028.6999512,3896.0500488,0.0
2008-07-08,4157.1000977,3990.8999023,4169.3999023,3990.8999023,0.0
2008-07-09,4162.2001953,4155.6499023,4187.9501953,4110.3999023,0.0
2008-07-10,4049.0,4166.0,4215.5,4014.4499512,0.0
2008-07-13,4039.6999512,4047.4499512,4118.1000977,4004.25,0.0
2008-07-14,3861.1000977,4039.3000488,4040.6999512,3835.5,0.0
2008-07-15,3816.6999512,3861.5500488,3920.0500488,3790.1999512,0.0
2008-07-16,3947.1999512,3823.1499023,3968.75,3823.1499023,0.0
2008-07-17,4092.25,3962.9499512,4110.5498047,3926.3000488,0.0
2008-07-20,4159.5,4092.1999512,4168.1499023,4072.75,0.0
2008-07-21,4240.1000977,4158.4501953,4262.4501953,4137.9501953,0.0
2008-07-22,4476.7998047,4246.7001953,4491.5498047,4246.7001953,0.0
2008-07-23,4433.5498047,4476.2001953,4539.4501953,4385.8500977,0.0
2008-07-24,4311.8500977,4440.8500977,4440.8500977,4297.1499023,0.0
2008-07-27,4332.1000977,4282.25,4352.6499023,4282.25,0.0
2008-07-28,4189.8500977,4332.2001953,4332.2001953,4159.1499023,0.0
2008-07-29,4313.5498047,4191.2001953,4327.0,4191.2001953,0.0
2008-07-30,4332.9501953,4314.3500977,4342.0,4285.5498047,0.0
2008-07-31,4413.5498047,4331.6000977,4422.9501953,4235.7001953,0.0
2008-08-03,4395.3500977,4426.1000977,4436.1499023,4362.8999023,0.0
2008-08-04,4502.8500977,4395.7998047,4515.1499023,4376.0,0.0
2008-08-05,4517.5498047,4506.25,4615.8999023,4503.8999023,0.0
2008-08-06,4523.8500977,4515.25,4580.1499023,4493.7001953,0.0
2008-08-07,4529.5,4518.3500977,4546.3500977,4464.0,0.0
2008-08-10,4620.3999023,4529.3500977,4625.2001953,4529.3500977,0.0
2008-08-11,4552.25,4620.9501953,4649.8500977,4525.75,0.0
2008-08-12,4529.0498047,4548.0498047,4572.6499023,4497.25,0.0
2008-08-13,4430.7001953,4524.2001953,4529.7998047,4421.25,0.0
2008-08-17,4393.0498047,4430.7001953,4447.3999023,4379.8500977,0.0
2008-08-18,4368.25,4393.1000977,4393.7001953,4316.5498047,0.0
2008-08-19,4415.75,4365.4501953,4434.8999023,4365.4501953,0.0
2008-08-20,4283.8500977,4416.2001953,4418.5498047,4271.2998047,0.0
2008-08-21,4327.4501953,4283.8500977,4337.0,4248.0,0.0
2008-08-24,4335.3500977,4317.9501953,4398.7998047,4317.9501953,0.0
2008-08-25,4337.5,4335.2001953,4345.0498047,4283.2998047,0.0
2008-08-26,4292.1000977,4336.8500977,4364.25,4282.6499023,0.0
2008-08-27,4214.0,4290.75,4304.5,4201.8500977,0.0
2008-08-28,4360.0,4230.6000977,4368.7998047,4230.6000977,0.0
2008-08-31,4348.6499023,4356.1000977,4365.0,4281.3500977,0.0
2008-09-01,4504.0,4358.8500977,4522.3999023,4343.1000977,0.0
2008-09-03,4447.75,4512.9501953,4514.6000977,4419.4501953,0.0
2008-09-04,4352.2998047,4444.7001953,4444.7001953,4328.8999023,0.0
2008-09-07,4482.2998047,4358.2998047,4558.0,4358.2998047,0.0
2008-09-08,4468.7001953,4485.1499023,4497.5,4418.9501953,0.0
2008-09-09,4400.25,4467.5,4467.5,4382.3500977,0.0
2008-09-10,4290.2998047,4397.25,4399.2998047,4272.75,0.0
2008-09-11,4228.4501953,4291.6000977,4323.8999023,4200.1499023,0.0
2008-09-14,4072.8999023,4231.9501953,4237.25,3955.3999023,0.0
2008-09-15,4074.8999023,4072.5500488,4090.1000977,3919.3500977,0.0
2008-09-16,4008.25,4074.8000488,4116.7001953,3974.6000977,0.0
2008-09-17,4038.1499023,4005.25,4050.1000977,3799.5500488,0.0
2008-09-18,4245.25,4040.8000488,4262.6499023,4040.8000488,0.0
2008-09-21,4223.0498047,4248.9501953,4303.25,4202.3999023,0.0
2008-09-22,4126.8999023,4223.8999023,4224.7001953,4117.8999023,0.0
2008-09-23,4161.25,4125.75,4207.9501953,4115.8500977,0.0
2008-09-24,4110.5498047,4162.1499023,4172.6000977,4077.5,0.0
2008-09-25,3985.25,4108.75,4110.7001953,3970.3500977,0.0
2008-09-28,3850.0500488,3990.1999512,3997.5500488,3777.3000488,0.0
2008-09-29,3921.1999512,3848.6999512,3966.8500977,3715.0500488,0.0
2008-09-30,3950.75,3921.8500977,4000.5,3861.25,0.0
2008-10-02,3818.3000488,3953.5500488,3969.5500488,3804.8500977,0.0
2008-10-05,3602.3500977,3817.3000488,3820.8500977,3581.6000977,0.0
2008-10-06,3606.6000977,3606.9499512,3732.6499023,3537.0,0.0
2008-10-07,3513.6499023,3604.3999023,3604.3999023,3329.4499512,0.0
2008-10-09,3279.9499512,3502.0500488,3502.0500488,3198.9499512,0.0
2008-10-12,3490.6999512,3272.8999023,3510.1999512,3272.8999023,0.0
2008-10-13,3518.6499023,3494.1000977,3648.25,3491.5,0.0
2008-10-14,3338.3999023,3517.8999023,3518.5,3324.5500488,0.0
2008-10-15,3269.3000488,3333.8500977,3333.8500977,3099.8999023,0.0
2008-10-16,3074.3500977,3269.0500488,3335.9499512,3046.6000977,0.0
2008-10-19,3122.8000488,3108.1999512,3238.3999023,3058.9499512,0.0
2008-10-20,3234.8999023,3125.3999023,3254.8500977,3117.3500977,0.0
2008-10-21,3065.1499023,3234.6999512,3235.75,3051.8000488,0.0
2008-10-22,2943.1499023,3064.8000488,3085.1000977,2917.1499023,0.0
2008-10-23,2584.0,2936.25,2936.25,2525.0500488,0.0
2008-10-26,2524.1999512,2583.75,2585.3000488,2252.75,0.0
2008-10-28,2697.0500488,2685.3000488,2781.25,2631.8999023,0.0
2008-10-30,2885.6000977,2696.3000488,2921.3500977,2696.3000488,0.0
2008-11-02,3043.8500977,2885.3999023,3062.0500488,2885.3999023,0.0
2008-11-03,3142.1000977,3050.25,3152.3000488,2985.0,0.0
2008-11-04,2994.9499512,3155.75,3240.5500488,2971.0,0.0
2008-11-05,2892.6499023,2998.4499512,3007.8000488,2860.25,0.0
2008-11-06,2973.0,2893.25,3010.0,2860.1000977,0.0
2008-11-09,3148.25,2973.3000488,3161.25,2973.3000488,0.0
2008-11-10,2938.6499023,3147.1999512,3147.1999512,2919.4499512,0.0
2008-11-11,2848.4499512,2937.8999023,2975.1999512,2794.9499512,0.0
2008-11-13,2810.3500977,2848.0,2938.8000488,2778.8000488,0.0
2008-11-16,2799.5500488,2813.3999023,2835.6999512,2694.5,0.0
2008-11-17,2683.1499023,2802.4499512,2802.4499512,2664.3000488,0.0
2008-11-18,2635.0,2682.75,2772.3999023,2617.8999023,0.0
2008-11-19,2553.1499023,2634.1999512,2634.1999512,2502.8999023,0.0
2008-11-20,2693.4499512,2553.6000977,2718.6000977,2539.8000488,0.0
2008-11-23,2708.25,2690.8500977,2740.3500977,2633.8000488,0.0
2008-11-24,2654.0,2708.3000488,2790.6999512,2638.1999512,0.0
2008-11-25,2752.25,2652.4499512,2762.6000977,2643.3500977,0.0
2008-11-27,2755.1000977,2745.6999512,2779.0,2690.3000488,0.0
2008-11-30,2682.8999023,2755.1499023,2832.8500977,2669.5,0.0
2008-12-01,2657.8000488,2672.8999023,2672.8999023,2570.6999512,0.0
2008-12-02,2656.4499512,2657.5,2693.6499023,2611.9499512,0.0
2008-12-03,2788.0,2656.5,2793.8000488,2646.3500977,0.0
2008-12-04,2714.3999023,2786.6499023,2821.1499023,2701.3500977,0.0
2008-12-07,2784.0,2714.6999512,2861.5500488,2714.6999512,0.0
2008-12-09,2928.25,2785.6999512,2940.1499023,2785.6999512,0.0
2008-12-10,2920.1499023,2934.0500488,2945.3000488,2861.5500488,0.0
2008-12-11,2921.3500977,2915.3500977,2936.8000488,2812.5500488,0.0
2008-12-14,2981.1999512,2917.8999023,3012.1000977,2917.8999023,0.0
2008-12-15,3041.75,2983.6000977,3052.5500488,2963.3000488,0.0
2008-12-16,2954.3500977,3040.4499512,3076.1999512,2943.5,0.0
2008-12-17,3060.75,2955.3500977,3072.5500488,2922.6499023,0.0
2008-12-18,3077.5,3063.0,3106.8000488,3036.3000488,0.0
2008-12-21,3039.3000488,3077.25,3110.4499512,3027.8000488,0.0
2008-12-22,2968.6499023,3039.25,3040.0,2957.0500488,0.0
2008-12-23,2916.8500977,2967.3999023,2968.0,2900.4499512,0.0
2008-12-25,2857.25,2919.8500977,2960.9499512,2844.8000488,0.0
2008-12-28,2922.1999512,2857.1499023,2931.8000488,2812.8999023,0.0
2008-12-29,2979.5,2922.5500488,2999.1499023,2899.75,0.0
2008-12-30,2959.1499023,2979.8000488,3002.6499023,2937.3500977,0.0
2009-01-01,3046.75,3034.6000977,3079.8500977,3021.8000488,0.0
2009-01-04,3121.4499512,3058.75,3131.9499512,3056.4499512,0.0
2009-01-05,3112.8000488,3121.5,3141.8000488,3056.1000977,0.0
2009-01-06,2920.3999023,3112.8000488,3147.1999512,2888.1999512,0.0
2009-01-08,2873.0,2919.9499512,2929.8500977,2810.25,0.0
2009-01-11,2773.1000977,2868.8500977,2869.1999512,2748.5500488,0.0
2009-01-12,2744.9499512,2775.0,2802.6000977,2720.8000488,0.0
2009-01-13,2835.3000488,2748.3999023,2853.25,2748.3999023,0.0
2009-01-14,2736.6999512,2832.3000488,2832.3000488,2701.75,0.0
2009-01-15,2828.4499512,2737.0,2835.6499023,2724.1999512,0.0
2009-01-18,2846.1999512,2828.6999512,2868.1999512,2819.8999023,0.0
2009-01-19,2796.6000977,2842.8999023,2842.8999023,2758.0,0.0
2009-01-20,2706.1499023,2777.3999023,2787.3000488,2690.1999512,0.0
2009-01-21,2713.8000488,2714.6999512,2744.8500977,2681.3999023,0.0
2009-01-22,2678.5500488,2705.4499512,2765.5500488,2661.6499023,0.0
2009-01-26,2771.3500977,2686.0500488,2777.3000488,2685.25,0.0
2009-01-27,2849.5,2771.1000977,2855.3999023,2765.6000977,0.0
2009-01-28,2823.9499512,2849.3500977,2873.8500977,2795.3500977,0.0
2009-01-29,2874.8000488,2824.0500488,2881.0,2774.1000977,0.0
2009-02-01,2766.6499023,2872.3500977,2873.4499512,2760.6999512,0.0
2009-02-02,2783.8999023,2773.5,2831.6999512,2752.8999023,0.0
2009-02-03,2803.0500488,2780.6999512,2842.1999512,2780.6999512,0.0
2009-02-04,2780.0500488,2802.75,2816.8000488,2754.8500977,0.0
2009-02-05,2843.1000977,2779.3500977,2852.5,2778.6499023,0.0
2009-02-08,2919.8999023,2843.0500488,2926.75,2840.1499023,0.0
2009-02-09,2934.5,2919.6999512,2957.3999023,2891.75,0.0
2009-02-10,2925.6999512,2933.0,2937.5,2877.6000977,0.0
2009-02-11,2893.0500488,2927.3999023,2939.0,2886.5500488,0.0
2009-02-12,2948.3500977,2896.9499512,2969.75,2896.8500977,0.0
2009-02-15,2848.5,2948.25,2953.1999512,2839.1000977,0.0
2009-02-16,2770.5,2853.8500977,2854.6499023,2757.3000488,0.0
2009-02-17,2776.1499023,2755.1499023,2806.5,2736.6499023,0.0
2009-02-18,2789.3500977,2776.6999512,2802.1499023,2767.6000977,0.0
2009-02-19,2736.4499512,2789.3000488,2789.3000488,2709.3000488,0.0
2009-02-23,2733.8999023,2737.25,2746.1999512,2677.5500488,0.0
2009-02-24,2762.5,2733.4499512,2789.3500977,2733.4499512,0.0
2009-02-25,2785.6499023,2762.1999512,2797.8000488,2731.8999023,0.0
2009-02-26,2763.6499023,2785.6999512,2787.1999512,2708.4499512,0.0
2009-03-01,2674.6000977,2764.6000977,2764.6000977,2659.5500488,0.0
2009-03-02,2622.3999023,2672.1499023,2688.5,2611.5500488,0.0
2009-03-03,2645.1999512,2611.9499512,2655.6999512,2611.9499512,0.0
2009-03-04,2576.6999512,2645.8999023,2663.8999023,2564.1000977,0.0
2009-03-05,2620.1499023,2576.75,2628.1000977,2539.4499512,0.0
2009-03-08,2573.1499023,2620.1000977,2621.25,2555.6000977,0.0
2009-03-11,2617.4499512,2574.5,2646.1000977,2574.5,0.0
2009-03-12,2719.25,2616.6000977,2726.1499023,2616.6000977,0.0
2009-03-15,2777.25,2716.0500488,2781.9499512,2701.9499512,0.0
2009-03-16,2757.4499512,2776.3500977,2805.6000977,2738.6999512,0.0
2009-03-17,2794.6999512,2757.6499023,2836.0500488,2752.25,0.0
2009-03-18,2807.1499023,2797.0500488,2822.25,2771.3500977,0.0
2009-03-19,2807.0500488,2807.3500977,2816.1000977,2773.6499023,0.0
2009-03-22,2939.8999023,2807.25,2949.75,2807.25,0.0
2009-03-23,2938.6999512,2923.8000488,3017.3999023,2914.5,0.0
2009-03-24,2984.3500977,2938.8000488,2996.5,2923.3000488,0.0
2009-03-25,3082.25,2982.25,3103.3500977,2982.25,0.0
2009-03-26,3108.6499023,3079.3999023,3123.3500977,3055.8999023,0.0
2009-03-29,2978.1499023,3108.75,3110.1999512,2962.3999023,0.0
2009-03-30,3020.9499512,2981.6999512,3054.3000488,2966.3999023,0.0
2009-03-31,3060.3500977,3023.8500977,3069.3000488,2965.6999512,0.0
2009-04-01,3211.0500488,3061.0500488,3228.75,3061.0500488,0.0
2009-04-05,3256.6000977,3211.3500977,3303.8999023,3211.3500977,0.0
2009-04-07,3342.9499512,3255.3500977,3357.0500488,3149.25,0.0
2009-04-08,3342.0500488,3346.0,3401.1499023,3307.0500488,0.0
2009-04-12,3382.6000977,3342.1999512,3417.8000488,3334.1499023,0.0
2009-04-14,3484.1499023,3381.4499512,3497.5500488,3311.8000488,0.0
2009-04-15,3369.5,3484.3500977,3511.25,3354.1999512,0.0
2009-04-16,3384.3999023,3369.5,3489.8500977,3359.25,0.0
2009-04-19,3377.1000977,3384.75,3441.1000977,3339.4499512,0.0
2009-04-20,3365.3000488,3376.8500977,3414.6999512,3309.3500977,0.0
2009-04-21,3330.3000488,3364.6000977,3401.1000977,3296.8999023,0.0
2009-04-22,3423.6999512,3330.5,3439.8999023,3310.5,0.0
2009-04-23,3480.75,3423.6000977,3491.3500977,3402.8999023,0.0
2009-04-26,3470.0,3481.3000488,3517.25,3435.3000488,0.0
2009-04-27,3362.3500977,3469.5,3471.9499512,3351.5,0.0
2009-04-28,3473.9499512,3371.6499023,3486.3999023,3366.6999512,0.0
2009-05-03,3654.0,3478.6999512,3664.5,3478.6999512,0.0
2009-05-04,3661.8999023,3664.5,3682.1999512,3618.75,0.0
2009-05-05,3625.0500488,3662.0,3717.0500488,3608.6499023,0.0
2009-05-06,3683.8999023,3617.1499023,3692.0500488,3617.1499023,0.0
2009-05-07,3620.6999512,3681.8000488,3711.25,3582.8500977,0.0
2009-05-10,3554.6000977,3615.75,3660.1999512,3534.5500488,0.0
2009-05-11,3681.1000977,3554.6499023,3691.6499023,3534.1999512,0.0
2009-05-12,3635.25,3668.75,3709.6000977,3610.1999512,0.0
2009-05-13,3593.4499512,3631.8999023,3631.8999023,3537.6000977,0.0
2009-05-14,3671.6499023,3597.8500977,3686.25,3597.8500977,0.0
2009-05-17,4323.1499023,3673.1499023,4384.2998047,3673.1499023,0.0
2009-05-18,4318.4501953,4324.9501953,4509.3999023,4167.6499023,0.0
2009-05-19,4270.2998047,4318.75,4362.8500977,4244.7001953,0.0
2009-05-20,4210.8999023,4270.3500977,4319.0,4199.2001953,0.0
2009-05-21,4238.5,4211.8500977,4249.5,4155.8500977,0.0
2009-05-24,4237.5498047,4238.1000977,4270.0498047,4205.1000977,0.0
2009-05-25,4116.7001953,4239.5498047,4256.0498047,4092.25,0.0
2009-05-26,4276.0498047,4117.2998047,4286.4501953,4115.25,0.0
2009-05-27,4337.1000977,4276.1499023,4354.8500977,4254.8500977,0.0
2009-05-28,4448.9501953,4340.75,4488.0498047,4340.75,0.0
2009-05-31,4529.8999023,4450.3999023,4545.3999023,4450.3999023,0.0
2009-06-01,4525.25,4530.4501953,4586.3999023,4451.2998047,0.0
2009-06-02,4530.7001953,4525.5,4574.8999023,4478.6000977,0.0
2009-06-03,4572.6499023,4530.2998047,4582.2001953,4453.4501953,0.0
2009-06-04,4586.8999023,4573.2998047,4636.8500977,4561.9501953,0.0
2009-06-07,4429.8999023,4582.3500977,4611.3999023,4404.6499023,0.0
2009-06-08,4550.9501953,4427.75,4562.4501953,4365.1000977,0.0
2009-06-09,4655.25,4551.7001953,4688.9501953,4551.7001953,0.0
2009-06-10,4637.7001953,4657.3999023,4679.5498047,4586.1499023,0.0
2009-06-11,4583.3999023,4637.5498047,4693.2001953,4566.1499023,0.0
2009-06-14,4484.0,4584.6499023,4601.0498047,4469.6000977,0.0
2009-06-15,4517.7998047,4478.1000977,4537.9501953,4405.9501953,0.0
2009-06-16,4356.1499023,4515.3500977,4517.7998047,4332.7998047,0.0
2009-06-17,4251.3999023,4352.9501953,4375.2998047,4222.1499023,0.0
2009-06-18,4313.6000977,4251.1000977,4326.2001953,4206.7001953,0.0
2009-06-21,4235.25,4314.2001953,4352.25,4221.8999023,0.0
2009-06-22,4247.0,4223.2998047,4267.4501953,4143.25,0.0
2009-06-23,4292.9501953,4247.2998047,4307.0,4218.25,0.0
2009-06-24,4241.8500977,4293.8500977,4337.9501953,4221.1499023,0.0
2009-06-25,4375.5,4243.9501953,4383.75,4243.9501953,0.0
2009-06-28,4390.9501953,4375.3999023,4439.9501953,4350.8999023,0.0
2009-06-29,4291.1000977,4391.5,4426.75,4267.3500977,0.0
2009-06-30,4340.8999023,4292.2998047,4362.2998047,4249.7001953,0.0
2009-07-01,4348.8500977,4373.5,4383.6499023,4288.75,0.0
2009-07-02,4424.25,4347.2998047,4434.4501953,4298.9501953,0.0
2009-07-05,4165.7001953,4429.6000977,4479.7998047,4133.7001953,0.0
2009-07-06,4202.1499023,4166.0,4231.7998047,4155.5,0.0
2009-07-07,4078.8999023,4201.8500977,4201.8500977,4061.1000977,0.0
2009-07-08,4080.9499512,4078.75,4114.8999023,4039.8500977,0.0
2009-07-09,4003.8999023,4081.3999023,4129.9501953,3976.8000488,0.0
2009-07-12,3974.0500488,4003.3999023,4003.3999023,3918.75,0.0
2009-07-13,4111.3999023,3974.1000977,4128.8999023,3974.1000977,0.0
2009-07-14,4233.5,4120.7998047,4249.5498047,4118.75,0.0
2009-07-15,4231.3999023,4223.5,4305.0,4205.5,0.0
2009-07-16,4374.9501953,4231.4501953,4390.3999023,4230.1499023,0.0
2009-07-19,4502.25,4377.8999023,4510.2998047,4377.8999023,0.0
2009-07-20,4469.1000977,4501.5,4524.0,4436.6000977,0.0
2009-07-21,4398.8999023,4469.2998047,4557.9501953,4380.4501953,0.0
2009-07-22,4523.75,4409.7001953,4532.3999023,4405.9501953,0.0
2009-07-23,4568.5498047,4524.7998047,4578.75,4504.8500977,0.0
2009-07-26,4572.2998047,4568.6499023,4596.75,4528.5,0.0
2009-07-27,4564.1000977,4572.7998047,4599.8999023,4529.1499023,0.0
2009-07-28,4513.5,4565.7998047,4573.8500977,4420.7998047,0.0
2009-07-29,4571.4501953,4513.1000977,4582.3500977,4474.5,0.0
2009-07-30,4636.4501953,4571.6000977,4669.75,4571.6000977,0.0
2009-08-02,4711.3999023,4633.7998047,4723.75,4617.75,0.0
2009-08-03,4680.5,4706.25,4731.4501953,4642.6000977,0.0
2009-08-04,4694.1499023,4680.9501953,4717.2001953,4629.8500977,0.0
2009-08-05,4585.5,4694.3500977,4718.1499023,4559.2001953,0.0
2009-08-06,4481.3999023,4591.8999023,4591.8999023,4463.9501953,0.0
2009-08-09,4437.6499023,4486.5,4562.5,4399.8500977,0.0
2009-08-10,4471.3500977,4435.0,4510.7998047,4398.8999023,0.0
2009-08-11,4457.5,4473.7998047,4473.7998047,4359.3999023,0.0
2009-08-12,4605.0,4458.5498047,4614.1499023,4458.5498047,0.0
2009-08-13,4580.0498047,4605.1499023,4619.0,4559.3500977,0.0
2009-08-16,4387.8999023,4578.7998047,4578.7998047,4374.6000977,0.0
2009-08-17,4458.8999023,4389.5,4491.4501953,4372.6499023,0.0
2009-08-18,4394.1000977,4457.75,4477.5498047,4353.4501953,0.0
2009-08-19,4453.4501953,4394.3500977,4492.7998047,4394.3500977,0.0
2009-08-20,4528.7998047,4453.4501953,4538.7001953,4400.8999023,0.0
2009-08-23,4642.7998047,4536.9501953,4656.2998047,4536.9501953,0.0
2009-08-24,4659.3500977,4641.6499023,4672.8999023,4582.5,0.0
2009-08-25,4680.8500977,4659.4501953,4697.7998047,4659.1000977,0.0
2009-08-26,4688.2001953,4679.0,4707.8999023,4645.1499023,0.0
2009-08-27,4732.3500977,4688.3999023,4743.75,4651.3999023,0.0
2009-08-30,4662.1000977,4730.8500977,4730.8500977,4635.0,0.0
2009-08-31,4625.3500977,4662.2001953,4735.8999023,4600.6499023,0.0
2009-09-01,4608.3500977,4624.0,4650.4501953,4576.6000977,0.0
2009-09-02,4593.5498047,4608.75,4647.3500977,4581.0498047,0.0
2009-09-03,4680.3999023,4608.7001953,4697.2001953,4580.3500977,0.0
2009-09-06,4782.8999023,4682.3999023,4790.0,4679.2998047,0.0
2009-09-07,4805.25,4782.8500977,4842.2001953,4782.6499023,0.0
2009-09-08,4814.25,4804.8999023,4825.0498047,4783.5,0.0
2009-09-09,4819.3999023,4814.3500977,4889.0498047,4807.8999023,0.0
2009-09-10,4829.5498047,4819.3999023,4856.1499023,4791.5498047,0.0
2009-09-13,4808.6000977,4830.3500977,4832.25,4786.25,0.0
2009-09-14,4892.1000977,4808.3500977,4899.4501953,4808.3500977,0.0
2009-09-15,4958.3999023,4894.6499023,4966.2998047,4894.6499023,0.0
2009-09-16,4965.5498047,4958.5498047,5003.0498047,4944.1499023,0.0
2009-09-17,4976.0498047,4963.9501953,4980.8500977,4931.8999023,0.0
2009-09-21,5020.2001953,4977.1000977,5036.2998047,4977.1000977,0.0
2009-09-22,4969.9501953,5019.9501953,5030.75,4957.0498047,0.0
2009-09-23,4986.5498047,4977.1499023,5016.7001953,4904.0498047,0.0
2009-09-24,4958.9501953,4985.1000977,4994.3500977,4931.25,0.0
2009-09-28,5006.8500977,4959.1499023,5020.25,4959.1000977,0.0
2009-09-29,5083.9501953,5007.6499023,5087.6000977,5004.3500977,0.0
2009-09-30,5083.3999023,5087.2001953,5110.5,5057.0498047,0.0
2009-10-04,5003.2001953,5076.0498047,5076.0498047,4991.9501953,0.0
2009-10-05,5027.3999023,5003.6499023,5034.7001953,4921.0498047,0.0
2009-10-06,4985.75,5031.7001953,5077.0,4972.9501953,0.0
2009-10-07,5002.25,5011.25,5035.1000977,4980.7001953,0.0
2009-10-08,4945.2001953,4993.0,5032.6000977,4934.5498047,0.0
2009-10-11,5054.25,4945.4501953,5068.0498047,4945.4501953,0.0
2009-10-13,5118.2001953,5054.3500977,5127.3999023,5054.3500977,0.0
2009-10-14,5108.8500977,5118.5498047,5152.25,5077.1000977,0.0
2009-10-15,5142.1499023,5108.6499023,5149.6499023,5093.2001953,0.0
2009-10-19,5114.4501953,5145.6000977,5181.9501953,5102.6499023,0.0
2009-10-20,5063.6000977,5114.8500977,5117.4501953,5051.6499023,0.0
2009-10-21,4988.6000977,5063.3500977,5064.25,4968.4501953,0.0
2009-10-22,4997.0498047,4986.5498047,5054.9501953,4983.25,0.0
2009-10-25,4970.8999023,4997.1499023,5033.75,4961.3500977,0.0
2009-10-26,4846.7001953,4970.5498047,4970.5498047,4829.5,0.0
2009-10-27,4826.1499023,4846.5498047,4867.0,4784.1000977,0.0
2009-10-28,4750.5498047,4826.1000977,4826.1000977,4738.3999023,0.0
2009-10-29,4711.7001953,4751.1000977,4853.6499023,4687.5,0.0
2009-11-02,4563.8999023,4712.25,4729.8500977,4538.5,0.0
2009-11-03,4710.7998047,4567.2998047,4717.7998047,4565.0,0.0
2009-11-04,4765.5498047,4711.6499023,4776.3500977,4610.6000977,0.0
2009-11-05,4796.1499023,4767.5,4836.2001953,4764.8500977,0.0
2009-11-08,4898.3999023,4796.1499023,4905.25,4789.8999023,0.0
2009-11-09,4881.7001953,4898.8999023,4947.7001953,4860.1000977,0.0
2009-11-10,5003.9501953,4882.2998047,5016.7001953,4870.0498047,0.0
2009-11-11,4952.6499023,5004.3999023,5014.3999023,4924.75,0.0
2009-11-12,4998.9501953,4952.3500977,5017.8999023,4942.6499023,0.0
2009-11-15,5058.0498047,4996.5,5073.2001953,4994.0,0.0
2009-11-16,5062.25,5058.9501953,5074.0,5010.1499023,0.0
2009-11-17,5054.7001953,5061.5,5079.2998047,5041.6499023,0.0
2009-11-18,4989.0,5043.9501953,5053.4501953,4963.7001953,0.0
2009-11-19,5052.4501953,4988.75,5063.2998047,4932.7998047,0.0
2009-11-22,5103.5498047,5052.9501953,5113.1000977,5052.1000977,0.0
2009-11-23,5090.5498047,5105.0,5112.8500977,5053.5,0.0
2009-11-24,5108.1499023,5091.5498047,5138.0,5078.3500977,0.0
2009-11-25,5005.5498047,5116.4501953,5116.4501953,4986.0498047,0.0
2009-11-26,4941.75,5005.0498047,5005.0498047,4806.7001953,0.0
2009-11-29,5032.7001953,4942.25,5066.3500977,4942.25,0.0
2009-11-30,5122.0,5039.7001953,5130.3500977,5038.8500977,0.0
2009-12-01,5123.25,5122.75,5161.75,5111.75,0.0
2009-12-02,5131.7001953,5124.5498047,5181.0,5106.6000977,0.0
2009-12-03,5108.8999023,5131.7001953,5161.7998047,5081.8500977,0.0
2009-12-06,5066.7001953,5108.8500977,5131.2998047,5051.5498047,0.0
2009-12-07,5147.9501953,5068.5498047,5152.5498047,5058.8999023,0.0
2009-12-08,5112.0,5147.6499023,5147.6499023,5090.6000977,0.0
2009-12-09,5134.6499023,5112.3999023,5146.4501953,5084.6499023,0.0
2009-12-10,5117.2998047,5136.0498047,5182.5498047,5088.3999023,0.0
2009-12-13,5105.7001953,5117.4501953,5156.7001953,5090.1499023,0.0
2009-12-14,5033.0498047,5105.75,5129.4501953,5018.25,0.0
2009-12-15,5042.0498047,5032.9501953,5067.25,5001.7998047,0.0
2009-12-16,5041.75,5046.6499023,5064.2001953,5013.1499023,0.0
2009-12-17,4987.7001953,5042.0,5043.3999023,4979.0498047,0.0
2009-12-20,4952.6000977,4983.6499023,4997.8500977,4943.9501953,0.0
2009-12-21,4985.8500977,4953.3500977,4997.2998047,4953.3500977,0.0
2009-12-22,5144.6000977,4990.0498047,5150.6000977,4990.0498047,0.0
2009-12-23,5178.3999023,5144.7998047,5197.8999023,5129.0498047,0.0
2009-12-28,5187.9501953,5180.75,5214.6000977,5175.8500977,0.0
2009-12-29,5169.4501953,5188.75,5197.0498047,5160.1000977,0.0
2009-12-30,5201.0498047,5171.2001953,5221.8500977,5168.75,0.0
2010-01-03,5232.2001953,5200.8999023,5238.4501953,5167.1000977,0.0
2010-01-04,5277.8999023,5277.1499023,5288.3500977,5242.3999023,0.0
2010-01-05,5281.7998047,5278.1499023,5310.8500977,5260.0498047,0.0
2010-01-06,5263.1000977,5281.7998047,5302.5498047,5244.75,0.0
2010-01-07,5244.75,5264.25,5276.75,5234.7001953,0.0
2010-01-10,5249.3999023,5263.7998047,5287.2001953,5227.7998047,0.0
2010-01-11,5210.3999023,5251.1000977,5300.5,5200.9501953,0.0
2010-01-12,5233.9501953,5212.6000977,5239.2001953,5169.5498047,0.0
2010-01-13,5259.8999023,5234.5,5272.8500977,5232.5,0.0
2010-01-14,5252.2001953,5259.8999023,5279.8500977,5242.4501953,0.0
2010-01-17,5274.8500977,5253.6499023,5292.5,5228.9501953,0.0
2010-01-18,5225.6499023,5274.2001953,5287.7998047,5218.6499023,0.0
2010-01-19,5221.7001953,5226.1000977,5256.7001953,5201.3999023,0.0
2010-01-20,5094.1499023,5220.2001953,5220.3500977,5085.4501953,0.0
2010-01-21,5036.0,5094.1499023,5094.1499023,4954.8500977,0.0
2010-01-24,5007.8999023,5034.5498047,5035.7001953,4983.0498047,0.0
2010-01-26,4853.1000977,5008.5,5008.5,4833.0498047,0.0
2010-01-27,4867.25,4863.0,4929.8999023,4824.9501953,0.0
2010-01-28,4882.0498047,4866.1499023,4893.7001953,4766.0,0.0
2010-01-31,4899.7001953,4882.0498047,4918.7998047,4827.1499023,0.0
2010-02-01,4830.1000977,4907.8500977,4951.1499023,4814.1000977,0.0
2010-02-02,4931.8500977,4831.0,4949.1499023,4831.0,0.0
2010-02-03,4845.3500977,4931.2998047,4931.2998047,4832.3500977,0.0
2010-02-04,4718.6499023,4819.6499023,4827.0,4692.3500977,0.0
2010-02-07,4760.3999023,4755.3500977,4799.0498047,4675.3999023,0.0
2010-02-08,4792.6499023,4760.5498047,4810.3999023,4739.3500977,0.0
2010-02-09,4757.2001953,4793.0,4826.8500977,4748.1000977,0.0
2010-02-10,4826.8500977,4757.25,4843.7998047,4757.25,0.0
2010-02-14,4801.9501953,4827.8999023,4845.6000977,4783.8999023,0.0
2010-02-15,4855.75,4801.7998047,4880.0,4791.3500977,0.0
2010-02-16,4914.0,4858.6499023,4929.7001953,4857.6000977,0.0
2010-02-17,4887.75,4915.1000977,4922.0498047,4873.7001953,0.0
2010-02-18,4844.8999023,4887.2998047,4887.2998047,4805.5498047,0.0
2010-02-21,4856.3999023,4849.3500977,4912.0498047,4845.8999023,0.0
2010-02-22,4870.0498047,4856.6000977,4884.1000977,4833.1499023,0.0
2010-02-23,4858.6000977,4869.5498047,4880.5498047,4834.6499023,0.0
2010-02-24,4859.75,4859.0,4880.1499023,4835.6000977,0.0
2010-02-25,4922.2998047,4858.5,4992.0,4858.4501953,0.0
2010-03-01,5017.0,4935.6000977,5029.4501953,4935.3500977,0.0
2010-03-02,5088.1000977,5015.7998047,5093.25,5015.1000977,0.0
2010-03-03,5080.25,5096.9501953,5096.9501953,5049.0,0.0
2010-03-04,5088.7001953,5080.5498047,5118.6499023,5068.0498047,0.0
2010-03-07,5124.0,5092.1499023,5147.1000977,5092.1499023,0.0
2010-03-08,5101.5,5121.0498047,5131.7998047,5094.3500977,0.0
2010-03-09,5116.25,5101.6000977,5137.3999023,5092.0498047,0.0
2010-03-10,5133.3999023,5116.3500977,5152.6000977,5102.1000977,0.0
2010-03-11,5137.0,5131.7998047,5158.1000977,5122.1000977,0.0
2010-03-14,5128.8999023,5134.4501953,5151.0498047,5101.2001953,0.0
2010-03-15,5198.1000977,5128.9501953,5209.25,5125.7001953,0.0
2010-03-16,5231.8999023,5198.4501953,5260.5,5177.1499023,0.0
2010-03-17,5245.8999023,5232.5498047,5255.6499023,5214.3999023,0.0
2010-03-18,5262.7998047,5246.7998047,5269.9501953,5237.1000977,0.0
2010-03-21,5205.2001953,5260.9501953,5260.9501953,5187.0498047,0.0
2010-03-22,5225.2998047,5205.8500977,5243.6000977,5193.3999023,0.0
2010-03-24,5260.3999023,5225.2998047,5267.2998047,5202.9501953,0.0
2010-03-25,5282.0,5260.5498047,5293.75,5260.5498047,0.0
2010-03-28,5302.8500977,5283.8999023,5329.5498047,5242.1499023,0.0
2010-03-29,5262.4501953,5302.9501953,5325.0,5251.3500977,0.0
2010-03-30,5249.1000977,5260.3999023,5293.8999023,5235.1499023,0.0
2010-03-31,5290.5,5249.2001953,5298.6000977,5249.2001953,0.0
2010-04-04,5368.3999023,5291.3999023,5377.5498047,5291.3999023,0.0
2010-04-05,5366.0,5369.6499023,5388.6499023,5351.7001953,0.0
2010-04-06,5374.6499023,5365.7001953,5399.6499023,5345.0498047,0.0
2010-04-07,5304.4501953,5376.2998047,5383.6499023,5290.25,0.0
2010-04-08,5361.75,5302.3999023,5377.4501953,5302.25,0.0
2010-04-11,5339.7001953,5354.1499023,5382.1499023,5324.8999023,0.0
2010-04-12,5322.9501953,5340.8500977,5356.5,5301.7001953,0.0
2010-04-14,5273.6000977,5323.2998047,5373.1499023,5265.2998047,0.0
2010-04-15,5262.6000977,5273.3999023,5283.0498047,5237.5498047,0.0
2010-04-18,5203.6499023,5279.0498047,5279.0498047,5160.8999023,0.0
2010-04-19,5230.1000977,5208.2998047,5257.25,5208.2998047,0.0
2010-04-20,5244.8999023,5230.2998047,5266.2998047,5230.2998047,0.0
2010-04-21,5269.3500977,5248.6000977,5331.7998047,5221.1000977,0.0
2010-04-22,5304.1000977,5269.6499023,5311.0498047,5269.6499023,0.0
2010-04-25,5322.4501953,5299.3500977,5342.3500977,5299.3500977,0.0
2010-04-26,5308.3500977,5322.1000977,5330.5498047,5301.3999023,0.0
2010-04-27,5215.4501953,5308.2001953,5308.25,5202.4501953,0.0
2010-04-28,5254.1499023,5215.25,5264.75,5214.7998047,0.0
2010-04-29,5278.0,5254.2001953,5294.7998047,5254.2001953,0.0
2010-05-02,5222.75,5278.3999023,5278.7001953,5210.0498047,0.0
2010-05-03,5148.5,5223.8999023,5250.1499023,5134.8500977,0.0
2010-05-04,5124.8999023,5148.3500977,5148.3500977,5056.5,0.0
2010-05-05,5090.8500977,5124.3999023,5124.8999023,5037.75,0.0
2010-05-06,5018.0498047,5072.2998047,5085.6499023,4984.6000977,0.0
2010-05-09,5193.6000977,5026.6000977,5203.2998047,5026.6000977,0.0
2010-05-10,5136.1499023,5189.75,5206.7001953,5126.5,0.0
2010-05-11,5156.6499023,5133.75,5172.8500977,5098.7998047,0.0
2010-05-12,5178.8999023,5157.5498047,5212.7001953,5147.9501953,0.0
2010-05-13,5093.5,5180.5498047,5192.75,5070.9501953,0.0
2010-05-16,5059.8999023,5093.8999023,5094.5498047,4966.25,0.0
2010-05-17,5066.2001953,5059.5498047,5105.2001953,5024.25,0.0
2010-05-18,4919.6499023,5065.1000977,5065.1000977,4908.1499023,0.0
2010-05-19,4947.6000977,4924.2998047,4980.25,4924.2998047,0.0
2010-05-20,4931.1499023,4946.7001953,4946.7001953,4842.2998047,0.0
2010-05-23,4943.9501953,4944.2998047,5029.5498047,4923.4501953,0.0
2010-05-24,4806.75,4945.2998047,4946.6000977,4786.4501953,0.0
2010-05-25,4917.3999023,4807.2998047,4925.4501953,4807.2998047,0.0
2010-05-26,5003.1000977,4915.1499023,5016.6000977,4897.6000977,0.0
2010-05-27,5066.5498047,5005.6000977,5077.25,5005.6000977,0.0
2010-05-30,5086.2998047,5076.1000977,5097.6000977,5038.5498047,0.0
2010-05-31,4970.2001953,5086.25,5086.9501953,4961.0498047,0.0
2010-06-01,5019.8500977,4970.75,5031.2001953,4967.0498047,0.0
2010-06-02,5110.5,5020.1499023,5125.7001953,5020.1499023,0.0
2010-06-03,5135.5,5112.6000977,5147.8999023,5091.6000977,0.0
2010-06-06,5034.0,5132.9501953,5132.9501953,5004.25,0.0
2010-06-07,4987.1000977,5036.7001953,5071.3500977,4967.2998047,0.0
2010-06-08,5000.2998047,4985.0498047,5050.6000977,4980.1000977,0.0
2010-06-09,5078.6000977,4999.6000977,5085.2001953,4997.6000977,0.0
2010-06-10,5119.3500977,5078.75,5139.0498047,5078.75,0.0
2010-06-13,5197.7001953,5120.1499023,5201.25,5120.1499023,0.0
2010-06-14,5222.3500977,5201.2998047,5231.4501953,5171.0498047,0.0
2010-06-15,5233.3500977,5225.0498047,5255.6499023,5214.8999023,0.0
2010-06-16,5274.8500977,5233.6499023,5285.5498047,5206.5498047,0.0
2010-06-17,5262.6000977,5274.9501953,5302.2998047,5245.5,0.0
2010-06-20,5353.2998047,5266.5,5366.75,5266.5,0.0
2010-06-21,5316.5498047,5353.9501953,5354.3500977,5311.0498047,0.0
2010-06-22,5323.1499023,5316.1499023,5333.2998047,5288.1499023,0.0
2010-06-23,5320.6000977,5323.25,5348.2998047,5284.5498047,0.0
2010-06-24,5269.0498047,5320.5,5320.5,5259.8999023,0.0
2010-06-27,5333.5,5271.1000977,5339.4501953,5270.75,0.0
2010-06-28,5256.1499023,5333.5498047,5334.1499023,5235.7998047,0.0
2010-06-29,5312.5,5254.25,5320.3500977,5210.0,0.0
2010-06-30,5251.3999023,5312.0498047,5312.5498047,5232.1000977,0.0
2010-07-01,5237.1000977,5251.25,5277.25,5225.6000977,0.0
2010-07-04,5235.8999023,5237.0,5252.75,5225.8500977,0.0
2010-07-05,5289.0498047,5236.1000977,5297.4501953,5231.5,0.0
2010-07-06,5241.1000977,5293.1000977,5296.75,5233.4501953,0.0
2010-07-07,5296.8500977,5242.0,5320.5,5242.0,0.0
2010-07-08,5352.4501953,5297.2001953,5359.0498047,5297.2001953,0.0
2010-07-11,5383.0,5352.25,5402.7001953,5351.6000977,0.0
2010-07-12,5400.6499023,5370.2001953,5406.2001953,5357.8500977,0.0
2010-07-13,5386.1499023,5402.0,5453.4501953,5371.7001953,0.0
2010-07-14,5378.75,5387.1000977,5399.2001953,5360.6000977,0.0
2010-07-15,5393.8999023,5376.6499023,5401.3500977,5374.3999023,0.0
2010-07-18,5386.4501953,5392.7001953,5409.1000977,5361.5,0.0
2010-07-19,5368.0,5387.0,5416.4501953,5353.6000977,0.0
2010-07-20,5399.3500977,5368.8500977,5409.1000977,5368.8500977,0.0
2010-07-21,5441.9501953,5399.1499023,5447.1499023,5372.2001953,0.0
2010-07-22,5449.1000977,5441.8999023,5477.5,5435.1499023,0.0
2010-07-25,5418.6000977,5446.5498047,5466.25,5409.2001953,0.0
2010-07-26,5430.6000977,5420.2001953,5450.9501953,5407.2001953,0.0
2010-07-27,5397.5498047,5436.1000977,5447.8500977,5386.25,0.0
2010-07-28,5408.8999023,5397.8500977,5415.8500977,5381.5498047,0.0
2010-07-29,5367.6000977,5408.3999023,5413.25,5349.2001953,0.0
2010-08-01,5431.6499023,5369.5498047,5438.8500977,5351.2998047,0.0
2010-08-02,5439.5498047,5432.5,5459.2001953,5426.3999023,0.0
2010-08-03,5467.8500977,5441.3500977,5481.8999023,5428.3999023,0.0
2010-08-04,5447.1000977,5470.1499023,5487.1499023,5443.1000977,0.0
2010-08-05,5439.25,5448.25,5471.8999023,5431.3500977,0.0
2010-08-08,5486.1499023,5439.7998047,5492.2998047,5433.25,0.0
2010-08-09,5460.7001953,5486.7998047,5491.4501953,5445.3500977,0.0
2010-08-10,5420.6000977,5460.7001953,5474.6000977,5412.0,0.0
2010-08-11,5416.4501953,5418.7001953,5431.1000977,5372.4501953,0.0
2010-08-12,5452.1000977,5420.6499023,5476.5,5415.5,0.0
2010-08-15,5418.2998047,5452.1000977,5465.25,5397.3999023,0.0
2010-08-16,5414.1499023,5422.1499023,5443.5498047,5408.7998047,0.0
2010-08-17,5479.1499023,5416.25,5487.9501953,5416.25,0.0
2010-08-18,5540.2001953,5478.25,5544.7001953,5478.1000977,0.0
2010-08-19,5530.6499023,5540.7998047,5546.6000977,5513.3500977,0.0
2010-08-22,5543.5,5531.1499023,5549.7998047,5519.3999023,0.0
2010-08-23,5505.1000977,5541.1000977,5547.25,5488.4501953,0.0
2010-08-24,5462.3500977,5505.2998047,5506.1499023,5452.5498047,0.0
2010-08-25,5477.8999023,5462.1000977,5486.5498047,5454.7001953,0.0
2010-08-26,5408.7001953,5489.6000977,5495.2001953,5391.9501953,0.0
2010-08-29,5415.4501953,5408.8999023,5469.0,5390.3500977,0.0
2010-08-30,5402.3999023,5413.5498047,5413.8999023,5348.8999023,0.0
2010-08-31,5471.8500977,5403.0498047,5478.6000977,5403.0498047,0.0
2010-09-01,5486.1499023,5471.8999023,5513.9501953,5471.8500977,0.0
2010-09-02,5479.3999023,5486.2998047,5510.3999023,5473.6499023,0.0
2010-09-05,5576.9501953,5479.5498047,5589.3999023,5479.5498047,0.0
2010-09-06,5604.0,5575.8999023,5625.5,5571.6499023,0.0
2010-09-07,5607.8500977,5604.25,5625.2998047,5567.75,0.0
2010-09-08,5640.0498047,5608.2998047,5647.4501953,5608.1000977,0.0
2010-09-12,5760.0,5639.2001953,5770.6000977,5639.2001953,0.0
2010-09-13,5795.5498047,5760.2998047,5838.4501953,5760.2998047,0.0
2010-09-14,5860.9501953,5795.25,5869.4501953,5792.2001953,0.0
2010-09-15,5828.7001953,5861.1000977,5901.6499023,5815.7998047,0.0
2010-09-16,5884.9501953,5828.7001953,5898.3999023,5828.7001953,0.0
2010-09-19,5980.4501953,5885.0498047,5989.5,5885.0498047,0.0
2010-09-20,6009.0498047,5980.5,6032.7998047,5961.8500977,0.0
2010-09-21,5991.0,6008.3999023,6037.3999023,5946.4501953,0.0
2010-09-22,5959.5498047,5991.0498047,6006.7998047,5932.3999023,0.0
2010-09-23,6018.2998047,5959.4501953,6029.1000977,5951.2001953,0.0
2010-09-26,6035.6499023,6018.2998047,6073.5,6018.2998047,0.0
2010-09-27,6029.5,6036.0498047,6049.7998047,5991.2998047,0.0
2010-09-28,5991.2998047,6029.1499023,6071.5498047,5979.6499023,0.0
2010-09-29,6029.9501953,5991.3500977,6048.4501953,5963.6000977,0.0
2010-09-30,6143.3999023,6030.2998047,6153.1000977,6030.2998047,0.0
2010-10-03,6159.4501953,6144.7001953,6222.1000977,6144.7001953,0.0
2010-10-04,6145.7998047,6159.4501953,6188.3500977,6118.0498047,0.0
2010-10-05,6186.4501953,6150.9501953,6223.3999023,6148.6000977,0.0
2010-10-06,6120.2998047,6186.8500977,6199.4501953,6107.5,0.0
2010-10-07,6103.4501953,6121.3999023,6148.6000977,6067.0,0.0
2010-10-10,6135.8500977,6105.9501953,6187.75,6105.9501953,0.0
2010-10-11,6090.8999023,6135.9501953,6144.9501953,6057.9501953,0.0
2010-10-12,6233.8999023,6091.4501953,6240.25,6089.75,0.0
2010-10-13,6177.3500977,6234.2998047,6284.1000977,6157.8999023,0.0
2010-10-14,6062.6499023,6175.8999023,6200.6000977,6050.3500977,0.0
2010-10-17,6075.9501953,6112.75,6115.1000977,5985.1000977,0.0
2010-10-18,6027.2998047,6114.4501953,6127.0498047,6008.1499023,0.0
2010-10-19,5982.1000977,6002.9501953,6038.1000977,5966.75,0.0
2010-10-20,6101.5,6008.8999023,6113.5,5984.8999023,0.0
2010-10-21,6066.0498047,6113.3999023,6121.1000977,6041.3500977,0.0
2010-10-24,6105.7998047,6101.25,6151.2998047,6094.6000977,0.0
2010-10-25,6082.0,6116.2998047,6120.25,6074.6499023,0.0
2010-10-26,6012.6499023,6075.4501953,6075.9501953,5987.5498047,0.0
2010-10-27,5987.7001953,6039.9501953,6071.1000977,5968.1000977,0.0
2010-10-28,6017.7001953,6021.1499023,6032.6499023,5937.1000977,0.0
2010-10-31,6117.5498047,6092.2998047,6132.3999023,6084.75,0.0
2010-11-01,6119.0,6127.5498047,6138.1000977,6094.3999023,0.0
2010-11-02,6160.5,6150.6000977,6182.5,6146.7998047,0.0
2010-11-03,6281.7998047,6209.6000977,6290.1499023,6199.3500977,0.0
2010-11-07,6273.2001953,6335.25,6335.8999023,6265.3500977,0.0
2010-11-08,6301.5498047,6281.0,6310.8999023,6243.5498047,0.0
2010-11-09,6275.7001953,6303.2001953,6307.6499023,6269.25,0.0
2010-11-10,6194.25,6286.3500977,6296.5498047,6179.5,0.0
2010-11-11,6071.6499023,6182.2998047,6202.5,6056.75,0.0
2010-11-14,6121.6000977,6079.8999023,6128.75,6039.3999023,0.0
2010-11-15,5988.7001953,6143.4501953,6144.0498047,5970.6000977,0.0
2010-11-17,5998.7998047,6075.9501953,6076.2001953,5906.75,0.0
2010-11-18,5890.2998047,6011.2998047,6013.25,5863.9501953,0.0
2010-11-21,6010.0,5920.8999023,6020.25,5905.1499023,0.0
2010-11-22,5934.75,5971.5498047,5973.3500977,5824.9501953,0.0
2010-11-23,5865.75,5946.7998047,5976.6499023,5833.6000977,0.0
2010-11-24,5799.75,5883.9501953,5907.1000977,5780.3500977,0.0
2010-11-25,5751.9501953,5828.5498047,5838.5,5690.3500977,0.0
2010-11-28,5830.0,5789.9501953,5843.1499023,5754.7001953,0.0
2010-11-29,5862.7001953,5811.6000977,5892.25,5768.3500977,0.0
2010-11-30,5960.8999023,5871.0,5971.0,5865.5498047,0.0
2010-12-01,6011.7001953,6023.0498047,6029.5,5980.6000977,0.0
2010-12-02,5992.7998047,6013.3500977,6025.3999023,5964.25,0.0
2010-12-05,5992.25,6033.6499023,6069.4501953,5981.7001953,0.0
2010-12-06,5976.5498047,5995.0498047,6001.0,5939.7001953,0.0
2010-12-07,5903.7001953,5954.3999023,5960.0,5878.6000977,0.0
2010-12-08,5766.5,5924.25,5927.2998047,5742.2998047,0.0
2010-12-09,5857.3500977,5761.0,5865.5,5721.1499023,0.0
2010-12-12,5907.6499023,5882.6499023,5913.7998047,5795.8999023,0.0
2010-12-13,5944.1000977,5928.7001953,5953.9501953,5888.75,0.0
2010-12-14,5892.2998047,5931.1499023,5942.75,5865.7998047,0.0
2010-12-15,5948.75,5910.5498047,5956.1499023,5855.0498047,0.0
2010-12-19,5947.0498047,5926.8500977,5985.0,5900.25,0.0
2010-12-20,6000.6499023,5960.3999023,6007.4501953,5960.0498047,0.0
2010-12-21,5984.3999023,6019.0,6023.7998047,5958.0,0.0
2010-12-22,5980.0,6005.8999023,6006.4501953,5964.6000977,0.0
2010-12-23,6011.6000977,5940.25,6017.3500977,5940.25,0.0
2010-12-26,5998.1000977,6013.2998047,6045.75,5991.1000977,0.0
2010-12-27,5996.0,6005.3500977,6010.8999023,5982.25,0.0
2010-12-28,6060.3500977,6005.1499023,6067.5498047,6002.8500977,0.0
2010-12-29,6101.8500977,6062.3500977,6106.3999023,6062.3500977,0.0
2010-12-30,6134.5,6105.1000977,6147.2998047,6103.5498047,0.0
2011-01-02,6157.6000977,6177.4501953,6178.5498047,6147.2001953,0.0
2011-01-03,6146.3500977,6172.75,6181.0498047,6124.3999023,0.0
2011-01-04,6079.7998047,6141.3500977,6141.3500977,6062.3500977,0.0
2011-01-05,6048.25,6107.0,6116.1499023,6022.2998047,0.0
2011-01-06,5904.6000977,6030.8999023,6051.2001953,5883.6000977,0.0
2011-01-09,5762.8500977,5901.2998047,5907.25,5740.9501953,0.0
2011-01-10,5754.1000977,5767.9501953,5842.6000977,5698.2001953,0.0
2011-01-11,5863.25,5800.0498047,5874.2001953,5711.2998047,0.0
2011-01-12,5751.8999023,5850.75,5857.75,5736.7001953,0.0
2011-01-13,5654.5498047,5752.1000977,5833.6499023,5639.6499023,0.0
2011-01-16,5654.75,5648.7998047,5696.1499023,5624.1499023,0.0
2011-01-17,5724.0498047,5682.5498047,5730.5,5671.25,0.0
2011-01-18,5691.0498047,5737.3500977,5747.6499023,5662.5498047,0.0
2011-01-19,5711.6000977,5656.0,5729.4501953,5634.5,0.0
2011-01-20,5696.5,5692.0498047,5717.5498047,5674.5,0.0
2011-01-23,5743.25,5717.1000977,5756.0,5697.75,0.0
2011-01-24,5687.3999023,5763.2998047,5801.5498047,5680.6499023,0.0
2011-01-26,5604.2998047,5725.2998047,5726.1000977,5594.9501953,0.0
2011-01-27,5512.1499023,5614.0,5614.3999023,5459.5498047,0.0
2011-01-30,5505.8999023,5452.5498047,5526.8500977,5416.6499023,0.0
2011-01-31,5417.2001953,5537.2998047,5539.1499023,5402.0,0.0
2011-02-01,5432.0,5469.5498047,5490.6000977,5415.6499023,0.0
2011-02-02,5526.75,5430.4501953,5532.6499023,5418.0,0.0
2011-02-03,5395.75,5519.8999023,5556.2998047,5369.0498047,0.0
2011-02-06,5396.0,5430.1499023,5440.3500977,5376.9501953,0.0
2011-02-07,5312.5498047,5432.3500977,5432.3500977,5303.3999023,0.0
2011-02-08,5253.5498047,5293.0498047,5339.4501953,5225.6499023,0.0
2011-02-09,5225.7998047,5246.0498047,5272.6000977,5196.7998047,0.0
2011-02-10,5310.0,5219.6499023,5319.4501953,5177.7001953,0.0
2011-02-13,5456.0,5340.25,5463.7998047,5340.25,0.0
2011-02-14,5481.0,5467.75,5506.5,5408.3500977,0.0
2011-02-15,5481.7001953,5467.6000977,5504.7998047,5460.3500977,0.0
2011-02-16,5546.4501953,5501.7001953,5553.0,5463.3999023,0.0
2011-02-17,5458.9501953,5557.5498047,5599.25,5441.9501953,0.0
2011-02-20,5518.6000977,5456.6000977,5526.25,5413.1000977,0.0
2011-02-21,5469.2001953,5504.3999023,5519.4501953,5437.2998047,0.0
2011-02-22,5437.3500977,5452.4501953,5495.2001953,5427.5498047,0.0
2011-02-23,5262.7001953,5408.75,5423.3999023,5242.5,0.0
2011-02-24,5303.5498047,5321.0498047,5338.2001953,5232.75,0.0
2011-02-27,5333.25,5330.1499023,5477.0,5308.6000977,0.0
2011-02-28,5522.2998047,5382.0,5533.0498047,5373.5498047,0.0
2011-03-02,5536.2001953,5478.4501953,5570.75,5468.25,0.0
2011-03-03,5538.75,5586.2001953,5608.2001953,5524.1000977,0.0
2011-03-06,5463.1499023,5490.0498047,5491.25,5408.4501953,0.0
2011-03-07,5520.7998047,5466.1000977,5530.5498047,5464.75,0.0
2011-03-08,5531.0,5542.3999023,5563.2998047,5477.4501953,0.0
2011-03-09,5494.3999023,5516.1000977,5516.2998047,5468.4501953,0.0
2011-03-10,5445.4501953,5456.1499023,5502.7001953,5411.5498047,0.0
2011-03-13,5531.5,5436.5,5537.2998047,5434.25,0.0
2011-03-14,5449.6499023,5420.0,5497.8500977,5373.6499023,0.0
2011-03-15,5511.1499023,5475.9501953,5535.1000977,5475.9501953,0.0
2011-03-16,5446.6499023,5455.3999023,5510.0498047,5435.2998047,0.0
2011-03-17,5373.7001953,5475.3500977,5483.0498047,5366.3999023,0.0
2011-03-20,5364.75,5408.75,5413.2998047,5348.2001953,0.0
2011-03-21,5413.8500977,5390.8500977,5428.1499023,5376.1499023,0.0
2011-03-22,5480.25,5411.3999023,5484.9501953,5401.9501953,0.0
2011-03-23,5522.3999023,5501.7998047,5529.0,5496.1000977,0.0
2011-03-24,5654.25,5588.6499023,5667.1000977,5560.9501953,0.0
2011-03-27,5687.25,5645.25,5709.1000977,5643.2001953,0.0
2011-03-28,5736.3500977,5686.5,5770.3500977,5680.7001953,0.0
2011-03-29,5787.6499023,5755.7998047,5803.1499023,5753.8999023,0.0
2011-03-30,5833.75,5803.0498047,5872.0,5778.6499023,0.0
2011-03-31,5826.0498047,5835.0,5860.2001953,5810.3999023,0.0
2011-04-03,5908.4501953,5842.0,5918.7001953,5833.2001953,0.0
2011-04-04,5910.0498047,5923.8500977,5928.6499023,5855.8500977,0.0
2011-04-05,5891.75,5908.0,5944.4501953,5868.7998047,0.0
2011-04-06,5885.7001953,5888.5498047,5906.1000977,5866.25,0.0
2011-04-07,5842.0,5886.75,5926.9501953,5822.0,0.0
2011-04-10,5785.7001953,5805.3500977,5830.2998047,5777.8999023,0.0
2011-04-12,5911.5,5747.9501953,5923.6000977,5735.5498047,0.0
2011-04-14,5824.5498047,5898.75,5907.3500977,5806.4501953,0.0
2011-04-17,5729.1000977,5824.3500977,5897.8999023,5722.25,0.0
2011-04-18,5740.75,5716.0,5762.9501953,5693.25,0.0
2011-04-19,5851.6499023,5786.0498047,5857.3500977,5759.6499023,0.0
2011-04-20,5884.7001953,5882.8500977,5912.8999023,5864.3500977,0.0
2011-04-24,5874.5,5859.6000977,5906.6000977,5857.0,0.0
2011-04-25,5868.3999023,5876.8500977,5893.2001953,5791.5498047,0.0
2011-04-26,5833.8999023,5884.2001953,5892.3500977,5819.9501953,0.0
2011-04-27,5785.4501953,5851.3500977,5856.3999023,5776.9501953,0.0
2011-04-28,5749.5,5782.5,5804.2998047,5706.0498047,0.0
2011-05-01,5701.2998047,5766.8999023,5775.25,5687.7001953,0.0
2011-05-02,5565.25,5689.7001953,5710.7998047,5554.8500977,0.0
2011-05-03,5537.1499023,5567.7001953,5578.7998047,5503.0,0.0
2011-05-04,5459.8500977,5531.6000977,5560.2998047,5443.6499023,0.0
2011-05-05,5551.4501953,5477.6499023,5564.3999023,5472.4501953,0.0
2011-05-08,5551.1000977,5575.2001953,5586.0498047,5502.3999023,0.0
2011-05-09,5541.25,5555.5498047,5592.8999023,5514.5498047,0.0
2011-05-10,5565.0498047,5547.2001953,5574.7001953,5525.0,0.0
2011-05-11,5486.1499023,5537.7998047,5572.5,5476.2998047,0.0
2011-05-12,5544.75,5492.3500977,5605.0,5472.1499023,0.0
2011-05-15,5499.0,5541.7001953,5541.7998047,5487.6499023,0.0
2011-05-16,5438.9501953,5496.1000977,5523.8500977,5421.0498047,0.0
2011-05-17,5420.6000977,5448.2001953,5460.5,5401.25,0.0
2011-05-18,5428.1000977,5448.1499023,5452.6000977,5411.25,0.0
2011-05-19,5486.3500977,5450.6499023,5517.5498047,5432.75,0.0
2011-05-22,5386.5498047,5456.7001953,5456.7001953,5373.0,0.0
2011-05-23,5394.8500977,5385.1000977,5422.6000977,5367.4501953,0.0
2011-05-24,5348.9501953,5389.1000977,5389.1000977,5328.7001953,0.0
2011-05-25,5412.3500977,5372.75,5422.2001953,5356.3500977,0.0
2011-05-26,5476.1000977,5413.7001953,5485.7998047,5413.6000977,0.0
2011-05-29,5473.1000977,5493.75,5509.2998047,5458.6000977,0.0
2011-05-31,5592.0,5561.0498047,5597.3500977,5559.4501953,0.0
2011-06-01,5550.3500977,5529.8999023,5568.2001953,5521.9501953,0.0
2011-06-02,5516.75,5565.7001953,5604.9501953,5507.2001953,0.0
2011-06-05,5532.0498047,5504.2998047,5542.6499023,5479.8500977,0.0
2011-06-06,5556.1499023,5509.1499023,5570.1000977,5507.7998047,0.0
2011-06-07,5526.8500977,5535.25,5556.6000977,5514.8999023,0.0
2011-06-08,5521.0498047,5523.5498047,5540.1000977,5502.0498047,0.0
2011-06-09,5485.7998047,5518.0498047,5521.4501953,5457.4501953,0.0
2011-06-12,5482.7998047,5469.8500977,5496.7001953,5436.9501953,0.0
2011-06-13,5500.5,5485.6000977,5520.1499023,5484.2001953,0.0
2011-06-14,5447.5,5494.4501953,5499.3500977,5438.9501953,0.0
2011-06-15,5396.75,5419.6499023,5447.5,5389.7998047,0.0
2011-06-16,5366.3999023,5412.5,5421.1499023,5355.8500977,0.0
2011-06-19,5257.8999023,5372.2001953,5377.3999023,5195.8999023,0.0
2011-06-20,5275.8500977,5280.7998047,5322.4501953,5257.0,0.0
2011-06-21,5278.2998047,5304.6499023,5310.5,5262.5,0.0
2011-06-22,5320.0,5269.1000977,5330.6000977,5252.25,0.0
2011-06-23,5471.25,5343.3999023,5477.8500977,5343.3999023,0.0
2011-06-26,5526.6000977,5441.2001953,5552.6499023,5434.25,0.0
2011-06-27,5545.2998047,5548.8500977,5558.2998047,5496.3500977,0.0
2011-06-28,5600.4501953,5566.5,5608.6499023,5566.5,0.0
2011-06-29,5647.3999023,5614.5,5657.8999023,5606.1000977,0.0
2011-06-30,5627.2001953,5705.75,5705.7998047,5609.75,0.0
2011-07-03,5650.5,5679.5498047,5679.6499023,5633.1000977,0.0
2011-07-04,5632.1000977,5659.8500977,5659.8500977,5612.2998047,0.0
2011-07-05,5625.4501953,5622.7001953,5655.3999023,5610.75,0.0
2011-07-06,5728.9501953,5633.3500977,5737.1499023,5632.9501953,0.0
2011-07-07,5660.6499023,5734.6499023,5740.3999023,5651.0498047,0.0
2011-07-10,5616.1000977,5648.0498047,5652.8999023,5601.7001953,0.0
2011-07-11,5526.1499023,5556.8999023,5580.25,5496.9501953,0.0
2011-07-12,5585.4501953,5542.0498047,5596.1499023,5541.3999023,0.0
2011-07-13,5512.299805,5512.299805,5512.299805,5512.299805,0.0
2011-07-14,5581.1000977,5602.9501953,5631.7001953,5562.75,0.0
2011-07-17,5567.0498047,5581.75,5596.6000977,5550.9501953,0.0
2011-07-18,5613.5498047,5569.8500977,5627.6499023,5557.2001953,0.0
2011-07-19,5567.0498047,5642.0498047,5645.3999023,5555.1000977,0.0
2011-07-20,5541.6000977,5554.6000977,5578.8999023,5532.7001953,0.0
2011-07-21,5633.9501953,5576.9501953,5642.2001953,5567.1000977,0.0
2011-07-24,5680.2998047,5633.7998047,5700.5498047,5616.7001953,0.0
2011-07-25,5574.8500977,5688.4501953,5702.25,5560.1499023,0.0
2011-07-26,5546.7998047,5588.5498047,5591.7001953,5521.5,0.0
2011-07-27,5487.75,5492.3999023,5512.1000977,5475.6499023,0.0
2011-07-28,5482.0,5479.0,5520.2998047,5453.9501953,0.0
2011-07-31,5516.7998047,5527.5,5551.8999023,5486.4501953,0.0
2011-08-01,5456.5498047,5493.2001953,5496.2998047,5433.6499023,0.0
2011-08-02,5404.7998047,5402.0,5422.6000977,5378.8500977,0.0
2011-08-03,5331.7998047,5412.3999023,5434.5,5323.1499023,0.0
2011-08-04,5211.25,5204.3500977,5229.6499023,5116.4501953,0.0
2011-08-07,5118.5,5083.8500977,5204.2001953,5054.0498047,0.0
2011-08-08,5072.8500977,4947.8999023,5167.0,4946.4501953,0.0
2011-08-09,5161.0,5196.5498047,5197.9501953,5123.3500977,0.0
2011-08-10,5138.2998047,5128.0,5184.9501953,5121.0,0.0
2011-08-11,5072.9501953,5194.3999023,5194.4501953,5053.3500977,0.0
2011-08-15,5035.7998047,5125.75,5132.2001953,5015.3999023,0.0
2011-08-16,5056.6000977,5030.2998047,5112.1499023,5017.25,0.0
2011-08-17,4944.1499023,5077.9501953,5078.6000977,4932.1499023,0.0
2011-08-18,4845.6499023,4859.2998047,4893.6000977,4796.1000977,0.0
2011-08-21,4898.7998047,4843.7001953,4910.0498047,4808.75,0.0
2011-08-22,4948.8999023,4925.1499023,4965.7998047,4863.7998047,0.0
2011-08-23,4888.8999023,4934.3500977,4962.3999023,4875.2998047,0.0
2011-08-24,4839.6000977,4914.6499023,4915.8500977,4825.0498047,0.0
2011-08-25,4747.7998047,4839.25,4872.0,4720.0,0.0
2011-08-28,4919.6000977,4806.2001953,4934.3999023,4806.0498047,0.0
2011-08-29,5001.0,4973.25,5016.25,4927.5498047,0.0
2011-09-01,5040.0,5109.7998047,5113.7001953,4993.3500977,0.0
2011-09-04,5017.2001953,4998.8999023,5030.2998047,4964.4501953,0.0
2011-09-05,5064.2998047,4993.3500977,5072.8999023,4942.8999023,0.0
2011-09-06,5124.6499023,5080.1499023,5154.5,5076.2998047,0.0
2011-09-07,5153.25,5139.2001953,5169.25,5098.25,0.0
2011-09-08,5059.4501953,5161.2998047,5163.75,5046.7998047,0.0
2011-09-11,4946.7998047,4981.7001953,4985.6000977,4911.25,0.0
2011-09-12,4940.9501953,4977.7998047,5030.1499023,4911.0498047,0.0
2011-09-13,5012.5498047,4965.0498047,5026.1499023,4917.3999023,0.0
2011-09-14,5075.7001953,5062.3500977,5091.4501953,4967.4501953,0.0
2011-09-15,5084.25,5123.3500977,5143.6000977,5068.1000977,0.0
2011-09-18,5031.9501953,5068.3999023,5068.3999023,5019.25,0.0
2011-09-19,5140.2001953,5042.5498047,5149.8999023,5035.25,0.0
2011-09-20,5133.25,5153.75,5168.3999023,5109.8500977,0.0
2011-09-21,4923.6499023,5054.4501953,5059.8500977,4907.75,0.0
2011-09-22,4867.75,4873.75,4930.25,4829.6000977,0.0
2011-09-25,4835.3999023,4878.6000977,4879.7998047,4758.8500977,0.0
2011-09-26,4971.25,4905.1499023,4982.9501953,4905.1499023,0.0
2011-09-27,4945.8999023,5005.5,5006.0498047,4918.4501953,0.0
2011-09-28,5015.4501953,4924.2001953,5034.25,4906.0,0.0
2011-09-29,4943.25,4990.1499023,5025.5498047,4924.2998047,0.0
2011-10-02,4849.5,4874.3999023,4879.1499023,4823.8999023,0.0
2011-10-03,4772.1499023,4823.5,4869.75,4728.2998047,0.0
2011-10-04,4751.2998047,4791.2998047,4827.7998047,4741.0,0.0
2011-10-06,4888.0498047,4883.6499023,4922.6000977,4861.2001953,0.0
2011-10-09,4979.6000977,4886.8500977,4991.1499023,4882.0498047,0.0
2011-10-10,4974.3500977,5019.8999023,5045.1000977,4964.0,0.0
2011-10-11,5099.3999023,5011.2001953,5109.7998047,4997.6499023,0.0
2011-10-12,5077.8500977,5130.7998047,5136.9501953,5067.6499023,0.0
2011-10-13,5132.2998047,5057.3500977,5141.3999023,5056.6000977,0.0
2011-10-16,5118.25,5156.2001953,5160.2001953,5084.5,0.0
2011-10-17,5037.5,5049.4501953,5057.5,5011.0498047,0.0
2011-10-18,5139.1499023,5080.4501953,5148.0498047,5075.2998047,0.0
2011-10-19,5091.8999023,5086.5498047,5099.0,5033.9501953,0.0
2011-10-20,5049.9501953,5106.6000977,5120.75,5037.9501953,0.0
2011-10-23,5098.3500977,5114.7001953,5145.6499023,5084.75,0.0
2011-10-24,5191.6000977,5137.8999023,5211.0,5085.5498047,0.0
2011-10-27,5360.7001953,5341.8999023,5399.7001953,5322.7998047,0.0
2011-10-30,5326.6000977,5358.8999023,5360.25,5314.6000977,0.0
2011-10-31,5257.9501953,5278.6000977,5310.8500977,5238.2998047,0.0
2011-11-01,5258.4501953,5216.75,5300.1000977,5204.9501953,0.0
2011-11-02,5265.75,5241.5498047,5281.6000977,5201.8500977,0.0
2011-11-03,5284.2001953,5325.3999023,5326.4501953,5256.7998047,0.0
2011-11-07,5289.3500977,5292.25,5304.25,5252.0,0.0
2011-11-08,5221.0498047,5309.7001953,5317.5,5211.75,0.0
2011-11-10,5168.8500977,5159.75,5198.6000977,5142.25,0.0
2011-11-13,5148.3500977,5217.3500977,5228.8999023,5140.5498047,0.0
2011-11-14,5068.5,5131.2001953,5158.75,5052.8500977,0.0
2011-11-15,5030.4501953,5059.1000977,5065.2001953,4989.5,0.0
2011-11-16,4934.75,5027.1000977,5036.7998047,4919.4501953,0.0
2011-11-17,4905.7998047,4899.1499023,4915.8999023,4837.9501953,0.0
2011-11-20,4778.3500977,4873.7998047,4873.7998047,4764.7998047,0.0
2011-11-21,4812.3500977,4794.8500977,4854.0,4782.5498047,0.0
2011-11-22,4706.4501953,4779.5,4779.5,4640.9501953,0.0
2011-11-24,4710.0498047,4731.2998047,4767.2998047,4693.1000977,0.0
2011-11-27,4851.2998047,4769.2998047,4859.1000977,4766.3999023,0.0
2011-11-28,4805.1000977,4864.2001953,4866.1000977,4787.1000977,0.0
2011-11-29,4832.0498047,4766.1499023,4851.5498047,4754.7998047,0.0
2011-11-30,4936.8500977,4970.8500977,5011.8999023,4916.7001953,0.0
2011-12-01,5050.1499023,4940.8500977,5062.5498047,4918.3999023,0.0
2011-12-04,5039.1499023,5036.5,5055.3999023,5002.5498047,0.0
2011-12-06,5062.6000977,5050.1000977,5099.25,5032.25,0.0
2011-12-07,4943.6499023,5037.3999023,5049.0498047,4921.4501953,0.0
2011-12-08,4866.7001953,4870.75,4918.3500977,4841.75,0.0
2011-12-11,4764.6000977,4906.8500977,4910.25,4755.5498047,0.0
2011-12-12,4800.6000977,4733.6000977,4824.7001953,4728.5,0.0
2011-12-13,4763.25,4788.7001953,4839.5498047,4750.3999023,0.0
2011-12-14,4746.3500977,4712.7998047,4768.6499023,4673.8500977,0.0
2011-12-15,4651.6000977,4752.5,4818.8500977,4628.2001953,0.0
2011-12-18,4613.1000977,4623.1499023,4623.1499023,4555.8999023,0.0
2011-12-19,4544.2001953,4635.7998047,4637.25,4531.1499023,0.0
2011-12-20,4693.1499023,4636.4501953,4707.3500977,4601.9501953,0.0
2011-12-21,4733.8500977,4636.8999023,4740.6000977,4632.9501953,0.0
2011-12-22,4714.0,4763.2001953,4763.4501953,4693.2001953,0.0
2011-12-26,4750.5,4780.2001953,4800.5,4723.6499023,0.0
2011-12-27,4705.7998047,4756.2001953,4756.2001953,4685.6499023,0.0
2011-12-28,4646.25,4681.1499023,4701.7998047,4639.0498047,0.0
2011-12-29,4624.2998047,4659.9501953,4690.4501953,4608.8999023,0.0
2012-01-02,4765.2998047,4675.7998047,4773.1000977,4675.7998047,0.0
2012-01-03,4749.6499023,4774.9501953,4782.8500977,4728.8500977,0.0
2012-01-04,4749.9501953,4749.0,4779.7998047,4730.1499023,0.0
2012-01-05,4754.1000977,4724.1499023,4794.8999023,4686.8500977,0.0
2012-01-08,4742.7998047,4747.5498047,4758.7001953,4695.4501953,0.0
2012-01-09,4849.5498047,4771.8500977,4855.8999023,4768.25,0.0
2012-01-10,4860.9501953,4863.1499023,4877.2001953,4841.6000977,0.0
2012-01-11,4831.25,4840.9501953,4869.2001953,4803.8999023,0.0
2012-01-12,4866.0,4861.9501953,4898.8500977,4834.2001953,0.0
2012-01-15,4873.8999023,4844.0,4880.7998047,4827.0498047,0.0
2012-01-16,4967.2998047,4904.5,4975.5498047,4904.0,0.0
2012-01-17,4955.7998047,4977.75,4980.6499023,4931.0498047,0.0
2012-01-18,5018.3999023,4995.0,5023.7998047,4991.3999023,0.0
2012-01-19,5048.6000977,5044.8500977,5064.1499023,5004.2998047,0.0
2012-01-22,5046.25,5025.3500977,5059.5498047,5021.3500977,0.0
2012-01-23,5127.3500977,5064.7998047,5141.0498047,5049.7998047,0.0
2012-01-24,5158.2998047,5151.5,5174.1499023,5130.25,0.0
2012-01-26,5204.7001953,5216.75,5217.0,5162.3999023,0.0
2012-01-29,5087.2998047,5163.5498047,5166.1499023,5076.7001953,0.0
2012-01-30,5199.25,5125.25,5215.3999023,5120.1499023,0.0
2012-01-31,5235.7001953,5198.1499023,5244.6000977,5159.0,0.0
2012-02-01,5269.8999023,5272.1000977,5289.9501953,5225.75,0.0
2012-02-02,5325.8500977,5276.1000977,5334.8500977,5255.5498047,0.0
2012-02-05,5361.6499023,5379.4501953,5390.0498047,5327.25,0.0
2012-02-06,5335.1499023,5412.9501953,5413.3500977,5322.9501953,0.0
2012-02-07,5368.1499023,5343.7998047,5396.8999023,5325.2001953,0.0
2012-02-08,5412.3500977,5343.0498047,5423.3999023,5338.8999023,0.0
2012-02-09,5381.6000977,5399.7998047,5427.75,5341.0498047,0.0
2012-02-12,5390.2001953,5382.1000977,5421.0498047,5351.3999023,0.0
2012-02-13,5416.0498047,5380.7998047,5428.0498047,5377.9501953,0.0
2012-02-14,5531.9501953,5460.6000977,5542.1000977,5460.6000977,0.0
2012-02-15,5521.9501953,5513.75,5531.3999023,5483.75,0.0
2012-02-16,5564.2998047,5574.2001953,5606.7001953,5545.2001953,0.0
2012-02-20,5607.1499023,5561.8999023,5621.5,5561.75,0.0
2012-02-21,5505.3500977,5609.75,5629.9501953,5491.3500977,0.0
2012-02-22,5483.2998047,5490.0498047,5537.3999023,5460.7998047,0.0
2012-02-23,5429.2998047,5479.1499023,5521.3999023,5405.8999023,0.0
2012-02-26,5281.2001953,5448.1000977,5449.7998047,5268.1499023,0.0
2012-02-27,5375.5,5310.5,5391.1000977,5306.4501953,0.0
2012-02-28,5385.2001953,5424.9501953,5458.7998047,5352.25,0.0
2012-02-29,5339.75,5366.0,5372.4501953,5297.5,0.0
2012-03-01,5359.3500977,5369.4501953,5392.5498047,5315.0498047,0.0
2012-03-04,5280.3500977,5342.5498047,5344.5,5265.7001953,0.0
2012-03-05,5222.3999023,5266.0,5382.0498047,5206.3999023,0.0
2012-03-06,5220.4501953,5207.0498047,5243.8500977,5171.4501953,0.0
2012-03-08,5333.5498047,5294.1000977,5342.2998047,5291.6000977,0.0
2012-03-11,5359.5498047,5420.1000977,5421.8999023,5327.2998047,0.0
2012-03-12,5429.5,5391.0498047,5438.6499023,5390.7998047,0.0
2012-03-13,5463.8999023,5490.5498047,5499.3999023,5437.7998047,0.0
2012-03-14,5380.5,5462.5,5462.5,5362.2998047,0.0
2012-03-15,5317.8999023,5380.3500977,5445.6499023,5305.0,0.0
2012-03-18,5257.0498047,5337.3500977,5340.7001953,5238.5498047,0.0
2012-03-19,5274.8500977,5257.1499023,5297.3500977,5233.25,0.0
2012-03-20,5364.9501953,5267.2001953,5372.3500977,5256.0,0.0
2012-03-21,5228.4501953,5361.1000977,5385.9501953,5205.6499023,0.0
2012-03-22,5278.2001953,5255.6499023,5312.0,5220.0,0.0
2012-03-25,5184.25,5274.3500977,5274.9501953,5174.8999023,0.0
2012-03-26,5243.1499023,5242.9501953,5277.9501953,5184.6499023,0.0
2012-03-27,5194.75,5231.7001953,5236.5498047,5169.6000977,0.0
2012-03-28,5178.8500977,5145.9501953,5194.2998047,5135.9501953,0.0
2012-03-29,5295.5498047,5206.6000977,5307.1000977,5203.6499023,0.0
2012-04-01,5317.8999023,5296.3500977,5331.5498047,5278.7998047,0.0
2012-04-02,5358.5,5353.2001953,5378.75,5344.4501953,0.0
2012-04-03,5322.8999023,5328.6499023,5338.3999023,5305.2998047,0.0
2012-04-08,5234.3999023,5282.5,5287.8999023,5228.0,0.0
2012-04-09,5243.6000977,5254.1000977,5255.7998047,5211.8500977,0.0
2012-04-10,5226.8500977,5209.4501953,5263.6499023,5190.7998047,0.0
2012-04-11,5276.8500977,5246.75,5290.6000977,5246.75,0.0
2012-04-12,5207.4501953,5255.7001953,5306.75,5185.3999023,0.0
2012-04-15,5226.2001953,5190.6000977,5233.5,5183.5,0.0
2012-04-16,5289.7001953,5266.6000977,5298.2001953,5208.3500977,0.0
2012-04-17,5300.0,5320.7001953,5342.0,5293.4501953,0.0
2012-04-18,5332.3999023,5320.6000977,5342.4501953,5291.2998047,0.0
2012-04-19,5290.8500977,5313.9501953,5336.1499023,5245.4501953,0.0
2012-04-22,5200.6000977,5277.3999023,5310.5498047,5187.1499023,0.0
2012-04-23,5222.6499023,5215.8999023,5232.3500977,5180.3500977,0.0
2012-04-24,5202.0,5222.2001953,5236.1000977,5160.6499023,0.0
2012-04-25,5189.0,5214.75,5215.6000977,5179.0498047,0.0
2012-04-26,5190.6000977,5189.0,5223.0498047,5154.2998047,0.0
2012-04-29,5248.1499023,5201.4501953,5262.1499023,5201.4501953,0.0
2012-05-01,5239.1499023,5254.2998047,5279.6000977,5226.4501953,0.0
2012-05-02,5188.3999023,5211.2001953,5217.2998047,5180.6499023,0.0
2012-05-03,5086.8500977,5166.6499023,5177.2001953,5070.6000977,0.0
2012-05-06,5114.1499023,5017.7998047,5124.75,4988.0,0.0
2012-05-07,4999.9501953,5114.7001953,5119.9501953,4983.6000977,0.0
2012-05-08,4974.7998047,4967.8999023,5016.25,4956.4501953,0.0
2012-05-09,4965.7001953,4984.1499023,5039.2998047,4950.2998047,0.0
2012-05-10,4928.8999023,4938.8500977,4976.25,4906.1499023,0.0
2012-05-13,4907.7998047,4934.3500977,4957.2001953,4874.5,0.0
2012-05-14,4942.7998047,4869.8500977,4955.2001953,4868.5498047,0.0
2012-05-15,4858.25,4875.2998047,4882.25,4837.0498047,0.0
2012-05-16,4870.2001953,4878.6000977,4922.25,4850.2001953,0.0
2012-05-17,4891.4501953,4796.3999023,4908.5,4788.9501953,0.0
2012-05-21,4860.5,4954.7001953,4956.3500977,4849.8999023,0.0
2012-05-22,4835.6499023,4843.0,4853.75,4803.9501953,0.0
2012-05-23,4921.3999023,4863.3999023,4931.8999023,4830.1499023,0.0
2012-05-24,4920.3999023,4905.9501953,4935.7998047,4889.3500977,0.0
2012-05-27,4985.6499023,4931.7001953,4994.9501953,4931.2998047,0.0
2012-05-28,4990.1000977,5005.3500977,5020.1499023,4982.1499023,0.0
2012-05-29,4950.75,4964.25,4982.25,4944.8999023,0.0
2012-05-30,4924.25,4896.1000977,4924.25,4894.4501953,0.0
2012-05-31,4841.6000977,4910.8500977,4925.0,4831.75,0.0
2012-06-03,4848.1499023,4797.2998047,4858.2998047,4770.3500977,0.0
2012-06-04,4863.2998047,4869.4501953,4898.9501953,4847.7001953,0.0
2012-06-05,4997.1000977,4886.6499023,5010.4501953,4886.1499023,0.0
2012-06-06,5049.6499023,5035.3500977,5059.6499023,5007.75,0.0
2012-06-07,5068.3500977,5044.25,5084.4501953,4994.7998047,0.0
2012-06-10,5054.1000977,5096.7001953,5124.4501953,5040.7001953,0.0
2012-06-11,5115.8999023,5015.5,5128.8999023,5015.1499023,0.0
2012-06-12,5121.4501953,5117.5498047,5144.8999023,5095.4501953,0.0
2012-06-13,5054.75,5105.1000977,5130.0,5047.6000977,0.0
2012-06-14,5139.0498047,5069.5498047,5146.2001953,5069.1499023,0.0
2012-06-17,5064.25,5174.0,5190.2001953,5041.7001953,0.0
2012-06-18,5103.8500977,5050.7998047,5113.6000977,5048.1000977,0.0
2012-06-19,5120.5498047,5114.5498047,5141.7001953,5100.7001953,0.0
2012-06-20,5165.0,5097.3500977,5170.3999023,5093.4501953,0.0
2012-06-21,5146.0498047,5101.75,5159.7998047,5094.0,0.0
2012-06-24,5114.6499023,5158.5,5194.6000977,5105.6499023,0.0
2012-06-25,5120.7998047,5107.4501953,5134.5498047,5095.5,0.0
2012-06-26,5141.8999023,5149.4501953,5160.1000977,5129.25,0.0
2012-06-27,5149.1499023,5148.9501953,5159.0498047,5125.2998047,0.0
2012-06-28,5278.8999023,5191.25,5286.25,5189.0,0.0
2012-07-01,5278.6000977,5283.8500977,5302.1499023,5263.3500977,0.0
2012-07-02,5287.9501953,5298.8500977,5317.0,5265.9501953,0.0
2012-07-03,5302.5498047,5310.3999023,5317.6499023,5273.2998047,0.0
2012-07-04,5327.2998047,5297.0498047,5333.6499023,5288.8500977,0.0
2012-07-05,5316.9501953,5324.7001953,5327.2001953,5287.75,0.0
2012-07-08,5275.1499023,5283.7001953,5300.6000977,5257.75,0.0
2012-07-09,5345.3500977,5286.6000977,5348.5498047,5284.5498047,0.0
2012-07-10,5306.2998047,5315.25,5336.4501953,5300.25,0.0
2012-07-11,5235.25,5240.0,5261.75,5217.7001953,0.0
2012-07-12,5227.25,5242.75,5267.1499023,5216.8500977,0.0
2012-07-15,5197.25,5232.3500977,5246.8500977,5190.4501953,0.0
2012-07-16,5192.8500977,5228.0498047,5236.7001953,5181.7001953,0.0
2012-07-17,5216.2998047,5199.1000977,5222.8500977,5169.0498047,0.0
2012-07-18,5242.7001953,5249.8500977,5257.75,5233.1499023,0.0
2012-07-19,5205.1000977,5233.5498047,5238.7001953,5197.5,0.0
2012-07-22,5117.9501953,5163.25,5164.2001953,5108.1000977,0.0
2012-07-23,5128.2001953,5128.7998047,5144.0,5103.25,0.0
2012-07-24,5109.6000977,5118.3999023,5121.6000977,5076.6000977,0.0
2012-07-25,5043.0,5126.2998047,5126.2998047,5032.3999023,0.0
2012-07-26,5099.8500977,5124.2998047,5149.9501953,5077.5,0.0
2012-07-29,5199.7998047,5129.75,5206.6000977,5129.75,0.0
2012-07-30,5229.0,5214.8500977,5234.5498047,5154.0498047,0.0
2012-07-31,5240.5,5220.7001953,5246.3500977,5212.6499023,0.0
2012-08-01,5227.75,5233.1000977,5236.8999023,5209.9501953,0.0
2012-08-02,5215.7001953,5195.6000977,5220.2001953,5164.6499023,0.0
2012-08-05,5282.5498047,5260.8500977,5293.2001953,5260.8500977,0.0
2012-08-06,5336.7001953,5295.3999023,5350.1000977,5281.6499023,0.0
2012-08-07,5338.0,5345.25,5377.6000977,5331.0498047,0.0
2012-08-08,5322.9501953,5348.2998047,5368.2001953,5312.1000977,0.0
2012-08-09,5320.3999023,5308.2001953,5330.1000977,5294.1000977,0.0
2012-08-12,5347.8999023,5316.3500977,5352.4501953,5309.0498047,0.0
2012-08-13,5380.3500977,5343.25,5387.0498047,5328.7998047,0.0
2012-08-15,5362.9501953,5385.9501953,5390.6499023,5356.6499023,0.0
2012-08-16,5366.2998047,5368.6000977,5399.9501953,5341.7001953,0.0
2012-08-20,5421.0,5368.7001953,5425.1499023,5368.7001953,0.0
2012-08-21,5412.8500977,5395.75,5433.3500977,5394.7998047,0.0
2012-08-22,5415.3500977,5426.1499023,5448.6000977,5393.8500977,0.0
2012-08-23,5386.7001953,5392.6000977,5399.6499023,5371.0,0.0
2012-08-26,5350.25,5387.8500977,5399.1499023,5346.6499023,0.0
2012-08-28,5287.7998047,5343.8500977,5345.5,5282.7001953,0.0
2012-08-29,5315.0498047,5268.6000977,5342.7998047,5255.0498047,0.0
2012-08-30,5258.5,5298.2001953,5303.25,5238.8999023,0.0
2012-09-02,5253.75,5276.5,5295.7998047,5243.1499023,0.0
2012-09-03,5274.0,5249.1499023,5278.3500977,5233.2001953,0.0
2012-09-04,5225.7001953,5243.8999023,5259.5,5215.7001953,0.0
2012-09-05,5238.3999023,5217.6499023,5260.6000977,5217.6499023,0.0
2012-09-06,5342.1000977,5309.4501953,5347.1499023,5309.2001953,0.0
2012-09-09,5363.4501953,5361.8999023,5375.4501953,5349.1000977,0.0
2012-09-10,5390.0,5336.1000977,5393.3500977,5332.1000977,0.0
2012-09-11,5431.0,5404.4501953,5435.5498047,5393.9501953,0.0
2012-09-12,5435.3500977,5435.2001953,5447.4501953,5421.8500977,0.0
2012-09-13,5577.6499023,5528.3500977,5586.6499023,5526.9501953,0.0
2012-09-16,5610.0,5631.75,5652.2001953,5585.1499023,0.0
2012-09-17,5600.0498047,5602.3999023,5620.5498047,5586.4501953,0.0
2012-09-19,5554.25,5536.9501953,5581.3500977,5534.8999023,0.0
2012-09-20,5691.1499023,5577.0,5720.0,5575.4501953,0.0
2012-09-23,5669.6000977,5691.9501953,5709.8500977,5662.75,0.0
2012-09-24,5673.8999023,5674.8999023,5702.7001953,5652.4501953,0.0
2012-09-25,5663.4501953,5653.3999023,5672.7998047,5638.6499023,0.0
2012-09-26,5649.5,5673.75,5693.7001953,5639.7001953,0.0
2012-09-27,5703.2998047,5684.7998047,5735.1499023,5683.4501953,0.0
2012-09-30,5718.7998047,5704.75,5722.9501953,5694.0,0.0
2012-10-02,5731.25,5727.7001953,5743.25,5715.7998047,0.0
2012-10-03,5787.6000977,5751.5498047,5807.25,5751.3500977,0.0
2012-10-04,5746.9501953,5815.0,5815.3500977,4888.2001953,0.0
2012-10-07,5676.0,5751.8500977,5751.8500977,5666.2001953,0.0
2012-10-08,5704.6000977,5708.1499023,5728.6499023,5677.8999023,0.0
2012-10-09,5652.1499023,5671.1499023,5686.5,5647.0498047,0.0
2012-10-10,5708.0498047,5663.5,5721.1000977,5636.9501953,0.0
2012-10-11,5676.0498047,5681.7001953,5725.0,5659.3500977,0.0
2012-10-14,5687.25,5674.25,5693.7001953,5651.0498047,0.0
2012-10-15,5648.0,5705.6000977,5714.0,5635.6000977,0.0
2012-10-16,5660.25,5681.1000977,5684.3500977,5633.8999023,0.0
2012-10-17,5718.7001953,5675.2998047,5722.5,5650.5498047,0.0
2012-10-18,5684.25,5703.2998047,5711.7001953,5660.0,0.0
2012-10-21,5717.1499023,5667.6000977,5721.5498047,5658.0498047,0.0
2012-10-22,5691.3999023,5715.6499023,5720.7998047,5681.4501953,0.0
2012-10-24,5705.2998047,5688.7998047,5718.75,5685.7001953,0.0
2012-10-28,5665.6000977,5665.2001953,5698.2998047,5645.1000977,0.0
2012-10-29,5597.8999023,5656.3500977,5689.8999023,5589.8999023,0.0
2012-10-30,5619.7001953,5596.75,5624.3999023,5583.0498047,0.0
2012-10-31,5645.0498047,5609.8500977,5649.75,5601.9501953,0.0
2012-11-01,5697.7001953,5696.3500977,5711.2998047,5682.5498047,0.0
2012-11-04,5704.2001953,5693.0498047,5709.2001953,5679.5,0.0
2012-11-05,5724.3999023,5694.1000977,5730.7998047,5693.6499023,0.0
2012-11-06,5760.1000977,5718.6000977,5777.2998047,5711.3999023,0.0
2012-11-07,5738.75,5709.0,5744.5,5693.9501953,0.0
2012-11-08,5686.25,5731.1000977,5751.7001953,5677.75,0.0
2012-11-11,5683.7001953,5688.4501953,5718.8999023,5665.75,0.0
2012-11-14,5631.0,5650.3500977,5651.6499023,5603.5498047,0.0
2012-11-15,5574.0498047,5624.7998047,5650.1499023,5559.7998047,0.0
2012-11-18,5571.3999023,5577.2998047,5592.75,5549.25,0.0
2012-11-19,5571.5498047,5604.7998047,5613.7001953,5548.3500977,0.0
2012-11-20,5614.7998047,5582.5,5620.2001953,5561.3999023,0.0
2012-11-21,5627.75,5628.6000977,5643.3500977,5608.0,0.0
2012-11-22,5626.6000977,5635.4501953,5637.75,5593.5498047,0.0
2012-11-25,5635.8999023,5648.6499023,5649.2001953,5623.4501953,0.0
2012-11-26,5727.4501953,5658.5,5733.2001953,5658.0,0.0
2012-11-28,5825.0,5736.7001953,5833.5,5736.1000977,0.0
2012-11-29,5879.8500977,5836.0,5885.25,5827.8500977,0.0
2012-12-02,5870.9501953,5878.25,5899.1499023,5854.6000977,0.0
2012-12-03,5889.25,5866.7998047,5894.9501953,5859.0,0.0
2012-12-04,5900.5,5906.6000977,5917.7998047,5891.3500977,0.0
2012-12-05,5930.8999023,5926.2998047,5942.5498047,5838.8999023,0.0
2012-12-06,5907.3999023,5934.0,5949.8500977,5888.6499023,0.0
2012-12-09,5908.8999023,5916.0498047,5919.9501953,5888.1000977,0.0
2012-12-10,5898.7998047,5923.7998047,5965.1499023,5865.4501953,0.0
2012-12-11,5888.0,5917.7998047,5924.6000977,5874.25,0.0
2012-12-12,5851.5,5900.3500977,5907.4501953,5841.3500977,0.0
2012-12-13,5879.6000977,5846.8999023,5886.1000977,5839.1499023,0.0
2012-12-16,5857.8999023,5860.5,5886.0498047,5850.1499023,0.0
2012-12-17,5896.7998047,5873.6000977,5905.7998047,5823.1499023,0.0
2012-12-18,5929.6000977,5917.2998047,5939.3999023,5910.7998047,0.0
2012-12-19,5916.3999023,5934.4501953,5937.6000977,5881.4501953,0.0
2012-12-20,5847.7001953,5888.0,5888.0,5841.6499023,0.0
2012-12-23,5855.75,5869.0,5871.8999023,5844.7001953,0.0
2012-12-25,5905.6000977,5864.9501953,5917.2998047,5859.5498047,0.0
2012-12-26,5870.1000977,5930.2001953,5930.7998047,5864.7001953,0.0
2012-12-27,5908.3500977,5887.1499023,5915.75,5879.5,0.0
2012-12-30,5905.1000977,5901.2001953,5919.0,5897.1499023,0.0
2013-01-01,5993.25,5982.6000977,6006.0498047,5982.0,0.0
2013-01-02,6009.5,6015.7998047,6017.0,5986.5498047,0.0
2013-01-03,6016.1499023,6011.9501953,6020.75,5981.5498047,0.0
2013-01-06,5988.3999023,6042.1499023,6042.1499023,5977.1499023,0.0
2013-01-07,6001.7001953,5983.4501953,6007.0498047,5964.3999023,0.0
2013-01-08,5971.5,6006.2001953,6020.1000977,5958.4501953,0.0
2013-01-09,5968.6499023,5998.7998047,6005.1499023,5947.2998047,0.0
2013-01-10,5951.2998047,6012.3999023,6018.8500977,5940.6000977,0.0
2013-01-13,6024.0498047,5967.2001953,6036.8999023,5962.1499023,0.0
2013-01-14,6056.6000977,6037.8500977,6068.5,6018.6000977,0.0
2013-01-15,6001.8500977,6049.0,6055.9501953,5992.0498047,0.0
2013-01-16,6039.2001953,6001.25,6053.2001953,5988.1000977,0.0
2013-01-17,6064.3999023,6059.8500977,6083.3999023,6048.2998047,0.0
2013-01-20,6082.2998047,6085.75,6094.3500977,6065.1000977,130900.0
2013-01-21,6048.5,6080.1499023,6101.2998047,6040.5,129000.0
2013-01-22,6054.2998047,6052.8500977,6069.7998047,6021.1499023,137000.0
2013-01-23,6019.3500977,6046.2001953,6065.2998047,6007.8500977,185200.0
2013-01-24,6074.6499023,6024.5,6080.5498047,6014.4501953,147600.0
2013-01-27,6074.7998047,6082.1000977,6088.3999023,6061.3999023,113100.0
2013-01-28,6049.8999023,6064.7001953,6111.7998047,6042.4501953,157600.0
2013-01-29,6055.75,6065.0,6071.9501953,6044.1499023,124200.0
2013-01-30,6034.75,6045.6499023,6058.0498047,6025.1499023,168500.0
2013-01-31,5998.8999023,6040.9501953,6052.9501953,5983.2001953,159300.0
2013-02-03,5987.25,6025.2001953,6038.5,5981.25,141700.0
2013-02-04,5956.8999023,5948.2001953,5970.3500977,5946.8999023,136200.0
2013-02-05,5959.2001953,5988.0498047,5990.8999023,5953.1499023,157800.0
2013-02-06,5938.7998047,5936.4501953,5978.5,5927.6000977,157600.0
2013-02-07,5903.5,5929.1000977,5953.7001953,5883.6499023,192600.0
2013-02-10,5897.8500977,5920.0498047,5924.1499023,5879.1000977,122000.0
2013-02-11,5922.5,5894.3500977,5927.6499023,5886.4501953,142800.0
2013-02-12,5932.9501953,5943.1499023,5969.5,5922.9501953,142600.0
2013-02-13,5896.9501953,5933.2001953,5940.2001953,5884.5498047,143800.0
2013-02-14,5887.3999023,5869.9501953,5899.9501953,5853.8999023,125100.0
2013-02-17,5898.2001953,5888.6499023,5911.0,5878.4501953,114300.0
2013-02-18,5939.7001953,5900.2001953,5947.5498047,5883.1499023,101000.0
2013-02-19,5943.0498047,5966.2998047,5971.0,5937.5498047,135400.0
2013-02-20,5852.25,5909.6499023,5921.1499023,5844.3999023,159400.0
2013-02-21,5850.2998047,5837.9501953,5873.7998047,5835.7998047,157000.0
2013-02-24,5854.75,5870.5498047,5878.3999023,5825.0,125100.0
2013-02-25,5761.3500977,5838.2998047,5838.8500977,5748.6000977,157400.0
2013-02-26,5796.8999023,5784.8999023,5818.2001953,5749.7001953,175200.0
2013-02-27,5693.0498047,5834.3500977,5849.8999023,5671.8999023,334900.0
2013-02-28,5719.7001953,5702.4501953,5739.4501953,5679.8999023,174500.0
2013-03-03,5698.5,5704.7001953,5712.0,5663.6000977,144900.0
2013-03-04,5784.25,5722.4501953,5790.1000977,5722.3999023,154400.0
2013-03-05,5818.6000977,5816.3999023,5828.7001953,5795.0498047,156900.0
2013-03-06,5863.2998047,5801.2998047,5878.0,5801.2998047,134700.0
2013-03-07,5945.7001953,5883.6499023,5952.8500977,5883.0,150800.0
2013-03-10,5942.3500977,5946.1000977,5971.2001953,5930.3500977,125400.0
2013-03-11,5914.1000977,5944.6000977,5952.0,5893.6499023,115900.0
2013-03-12,5851.2001953,5884.7998047,5893.8500977,5842.25,116700.0
2013-03-13,5908.9501953,5845.9501953,5920.1499023,5791.75,149000.0
2013-03-14,5872.6000977,5914.8999023,5945.6499023,5861.0,152200.0
2013-03-17,5835.25,5816.75,5850.2001953,5814.3500977,102700.0
2013-03-18,5745.9501953,5859.5,5863.6000977,5724.2998047,182300.0
2013-03-19,5694.3999023,5740.5498047,5745.2998047,5682.2998047,187600.0
2013-03-20,5658.75,5705.8999023,5757.75,5647.9501953,179200.0
2013-03-21,5651.3500977,5659.7998047,5691.4501953,5631.7998047,165300.0
2013-03-24,5633.8500977,5707.2998047,5718.3999023,5624.3999023,150400.0
2013-03-25,5641.6000977,5613.75,5655.2998047,5612.0498047,126500.0
2013-03-27,5682.5498047,5647.75,5692.9501953,5604.8500977,209700.0
2013-03-31,5704.3999023,5697.3500977,5720.9501953,5675.8999023,97800.0
2013-04-01,5748.1000977,5701.7001953,5754.6000977,5687.1499023,106400.0
2013-04-02,5672.8999023,5740.2001953,5744.9501953,5650.1000977,140700.0
2013-04-03,5574.75,5640.6499023,5644.4501953,5565.6499023,134600.0
2013-04-04,5553.25,5568.1000977,5577.2998047,5534.7001953,137500.0
2013-04-07,5542.9501953,5550.5,5569.2001953,5537.0498047,97000.0
2013-04-08,5495.1000977,5568.75,5603.0498047,5487.0,138200.0
2013-04-09,5558.7001953,5536.25,5569.25,5477.2001953,128600.0
2013-04-10,5594.0,5601.6499023,5610.6499023,5542.8500977,146800.0
2013-04-11,5528.5498047,5520.7001953,5544.5,5494.8999023,127300.0
2013-04-14,5568.3999023,5508.5,5592.8500977,5500.2998047,142900.0
2013-04-15,5688.9501953,5562.4501953,5699.25,5555.8500977,142700.0
2013-04-16,5688.7001953,5708.6499023,5732.1499023,5669.0,154600.0
2013-04-17,5783.1000977,5682.7001953,5794.3500977,5681.8500977,149900.0
2013-04-21,5834.3999023,5789.8500977,5844.8500977,5789.7998047,135100.0
2013-04-22,5836.8999023,5843.1000977,5844.2998047,5791.5498047,132200.0
2013-04-24,5916.2998047,5856.1000977,5924.6000977,5853.2998047,199600.0
2013-04-25,5871.4501953,5899.75,5907.0498047,5860.5,141300.0
2013-04-28,5904.1000977,5877.6000977,5918.6499023,5868.7998047,118900.0
2013-04-29,5930.2001953,5932.6000977,5962.2998047,5867.7998047,153200.0
2013-05-01,5999.3500977,5911.3999023,6019.4501953,5910.9501953,162400.0
2013-05-02,5944.0,5993.5,6000.2998047,5930.1499023,145800.0
2013-05-05,5971.0498047,5944.8999023,5976.5,5928.4501953,110200.0
2013-05-06,6043.5498047,5983.4501953,6050.5,5982.9501953,136400.0
2013-05-07,6069.2998047,6064.1499023,6083.5498047,6024.9501953,122300.0
2013-05-08,6050.1499023,6078.3500977,6084.7001953,6040.4501953,110000.0
2013-05-09,6094.75,6046.25,6105.2998047,6045.6000977,111400.0
2013-05-12,5980.4501953,6098.2001953,6104.9501953,5972.8999023,107900.0
2013-05-13,5995.3999023,5989.7001953,6026.2001953,5970.0498047,119300.0
2013-05-14,6146.75,6018.8500977,6157.1000977,6018.8500977,153900.0
2013-05-15,6169.8999023,6128.25,6187.2998047,6128.25,158600.0
2013-05-16,6187.2998047,6172.9501953,6199.9501953,6146.1499023,147300.0
2013-05-19,6156.8999023,6198.0,6229.4501953,6146.0498047,122300.0
2013-05-20,6114.1000977,6152.3500977,6180.25,6102.3500977,130600.0
2013-05-21,6094.5,6127.0498047,6147.6000977,6074.4501953,133800.0
2013-05-22,5967.0498047,6050.3999023,6081.4501953,5955.7001953,198900.0
2013-05-23,5983.5498047,6010.7001953,6015.2998047,5936.7998047,161600.0
2013-05-26,6083.1499023,5989.3999023,6099.8999023,5975.5498047,115100.0
2013-05-27,6111.25,6086.3500977,6127.6499023,6055.3999023,139700.0
2013-05-28,6104.2998047,6120.4501953,6125.0498047,6069.7998047,120200.0
2013-05-29,6124.0498047,6072.1499023,6133.75,6072.1499023,194100.0
2013-05-30,5985.9501953,6098.7001953,6106.25,5975.5498047,175300.0
2013-06-02,5939.2998047,5997.3500977,6011.0,5916.3500977,112100.0
2013-06-03,5919.4501953,5941.1000977,5981.6000977,5910.25,114500.0
2013-06-04,5923.8500977,5908.2998047,5935.2001953,5883.7001953,110200.0
2013-06-05,5921.3999023,5895.0,5956.5498047,5869.5,114200.0
2013-06-06,5881.0,5900.0498047,5972.7001953,5871.2998047,118300.0
2013-06-09,5878.0,5907.8999023,5931.6499023,5857.3999023,100100.0
2013-06-10,5788.7998047,5848.75,5868.0498047,5780.3500977,180900.0
2013-06-11,5760.2001953,5771.75,5792.8999023,5738.6000977,140400.0
2013-06-12,5699.1000977,5709.3500977,5729.8500977,5683.1000977,142000.0
2013-06-13,5808.3999023,5748.9501953,5819.3999023,5739.3999023,124400.0
2013-06-16,5850.0498047,5820.3999023,5854.8999023,5770.25,107200.0
2013-06-17,5813.6000977,5841.8999023,5863.3999023,5804.2998047,117500.0
2013-06-18,5822.25,5805.75,5828.3999023,5777.8999023,115500.0
2013-06-19,5655.8999023,5754.1499023,5755.0,5645.6499023,198400.0
2013-06-20,5667.6499023,5639.8999023,5686.1499023,5616.8500977,182400.0
2013-06-23,5590.25,5638.0498047,5640.0,5566.25,193500.0
2013-06-24,5609.1000977,5606.9501953,5666.25,5570.25,196600.0
2013-06-25,5588.7001953,5627.9501953,5635.25,5579.3500977,160100.0
2013-06-26,5682.3500977,5647.9501953,5699.3500977,5630.9501953,239000.0
2013-06-27,5842.2001953,5749.5,5852.9501953,5749.5,214400.0
2013-06-30,5898.8500977,5834.1000977,5904.3500977,5822.2001953,144800.0
2013-07-01,5857.5498047,5885.5,5898.7998047,5852.2998047,145700.0
2013-07-02,5770.8999023,5811.9501953,5815.0,5760.3999023,160500.0
2013-07-03,5836.9501953,5794.75,5848.2001953,5786.0498047,151900.0
2013-07-04,5867.8999023,5889.9501953,5900.4501953,5858.4501953,123600.0
2013-07-07,5811.5498047,5833.1499023,5833.8500977,5775.5498047,127600.0
2013-07-08,5859.0,5834.6000977,5864.9501953,5834.6000977,110400.0
2013-07-09,5816.7001953,5869.8999023,5879.3500977,5802.8500977,117500.0
2013-07-10,5935.1000977,5894.5,5948.8500977,5887.9501953,120200.0
2013-07-11,6009.0,6000.5,6019.0,5951.1499023,127700.0
2013-07-14,6030.7998047,5991.2001953,6038.2001953,5980.9501953,116300.0
2013-07-15,5955.25,5930.7998047,5966.0498047,5910.9501953,151200.0
2013-07-16,5973.2998047,5972.25,5989.7998047,5926.75,191500.0
2013-07-17,6038.0498047,5984.7001953,6051.1000977,5974.5498047,171700.0
2013-07-18,6029.2001953,6057.2001953,6066.8500977,6020.25,163300.0
2013-07-21,6031.7998047,6009.75,6064.1499023,6004.25,115200.0
2013-07-22,6077.7998047,6064.2998047,6093.3500977,6061.2998047,126500.0
2013-07-23,5990.5,6032.2001953,6047.25,5962.6000977,151900.0
2013-07-24,5907.5,5970.3999023,5990.6499023,5896.3999023,237100.0
2013-07-25,5886.2001953,5937.9501953,5944.5,5869.5,174500.0
2013-07-28,5831.6499023,5869.9501953,5886.0,5825.7998047,173400.0
2013-07-29,5755.0498047,5836.0498047,5861.2998047,5747.6000977,181500.0
2013-07-30,5742.0,5738.3500977,5752.1000977,5675.75,235500.0
2013-07-31,5727.8500977,5776.8999023,5808.5,5676.8500977,216800.0
2013-08-01,5677.8999023,5750.0498047,5761.8500977,5649.0,222500.0
2013-08-04,5685.3999023,5682.3999023,5721.0,5661.5,197200.0
2013-08-05,5542.25,5664.8999023,5664.8999023,5521.7998047,216200.0
2013-08-06,5519.1000977,5549.2998047,5561.4501953,5486.8500977,245000.0
2013-08-07,5565.6499023,5510.0498047,5577.6000977,5510.0498047,204900.0
2013-08-11,5612.3999023,5606.7001953,5644.1000977,5557.1000977,195700.0
2013-08-12,5699.2998047,5600.25,5704.75,5578.8999023,223000.0
2013-08-13,5742.2998047,5715.3999023,5754.5498047,5690.2001953,223700.0
2013-08-15,5507.8500977,5705.4501953,5716.6000977,5496.0498047,248100.0
2013-08-18,5414.75,5497.5498047,5499.6499023,5360.6499023,219700.0
2013-08-19,5401.4501953,5353.4501953,5417.7998047,5306.3500977,261100.0
2013-08-20,5302.5498047,5494.4501953,5504.1000977,5268.4501953,255000.0
2013-08-21,5408.4501953,5282.7998047,5418.9501953,5254.0498047,284500.0
2013-08-22,5471.75,5428.75,5478.7998047,5377.7998047,251500.0
2013-08-25,5476.5,5499.3999023,5528.7001953,5454.4501953,242000.0
2013-08-26,5287.4501953,5426.5,5427.3999023,5274.25,306000.0
2013-08-27,5285.0,5233.4501953,5317.7001953,5118.8500977,336000.0
2013-08-28,5409.0498047,5316.5,5428.8999023,5303.0,326500.0
2013-08-29,5471.7998047,5407.4501953,5493.2998047,5360.2001953,336400.0
2013-09-01,5550.75,5480.25,5564.8999023,5478.8500977,214200.0
2013-09-02,5341.4501953,5574.7001953,5580.9501953,5323.75,250300.0
2013-09-03,5448.1000977,5358.6499023,5460.25,5318.8999023,237200.0
2013-09-04,5592.9501953,5553.75,5625.75,5552.7001953,274900.0
2013-09-05,5680.3999023,5617.4501953,5688.6000977,5566.1499023,253000.0
2013-09-09,5896.75,5738.5,5904.8500977,5738.2001953,275200.0
2013-09-10,5913.1499023,5887.25,5924.3500977,5832.7001953,265000.0
2013-09-11,5850.7001953,5931.1499023,5932.0,5815.7998047,273000.0
2013-09-12,5850.6000977,5828.0,5884.2998047,5822.8999023,190800.0
2013-09-15,5840.5498047,5930.2998047,5957.25,5798.1499023,219500.0
2013-09-16,5850.2001953,5824.2001953,5857.7998047,5804.8999023,157900.0
2013-09-17,5899.4501953,5872.75,5916.8999023,5840.2001953,153600.0
2013-09-18,6115.5498047,6044.1499023,6142.5,6040.1499023,287200.0
2013-09-19,6012.1000977,6104.5498047,6130.9501953,5932.8500977,318600.0
2013-09-22,5889.75,5945.7998047,5989.3999023,5871.3999023,188300.0
2013-09-23,5892.4501953,5855.0,5938.3999023,5854.5498047,187600.0
2013-09-24,5873.8500977,5901.5498047,5910.5498047,5811.1000977,200200.0
2013-09-25,5882.25,5872.7998047,5917.6499023,5864.1000977,220600.0
2013-09-26,5833.2001953,5905.5498047,5909.2001953,5819.2998047,163100.0
2013-09-29,5735.2998047,5801.0498047,5810.2001953,5718.5,155700.0
2013-09-30,5780.0498047,5756.1000977,5786.4501953,5700.9501953,159200.0
2013-10-02,5909.7001953,5819.1000977,5917.6000977,5802.7001953,199800.0
2013-10-03,5907.2998047,5891.2998047,5950.4501953,5885.0,191500.0
2013-10-06,5906.1499023,5889.0498047,5912.0,5825.8500977,156400.0
2013-10-07,5928.3999023,5975.0,5981.7001953,5913.0,158500.0
2013-10-08,6007.4501953,5893.25,6015.5,5877.1000977,192000.0
2013-10-09,6020.9501953,6001.0498047,6033.9501953,5979.7998047,159600.0
2013-10-10,6096.2001953,6104.8500977,6107.6000977,6046.3999023,180800.0
2013-10-13,6112.7001953,6093.0,6124.1000977,6082.8999023,142200.0
2013-10-14,6089.0498047,6147.5498047,6156.2998047,6056.5498047,218300.0
2013-10-16,6045.8500977,6098.5,6110.75,6032.5498047,230600.0
2013-10-17,6189.3500977,6070.8999023,6201.4501953,6070.8999023,250300.0
2013-10-20,6204.9501953,6202.0,6218.9501953,6163.2998047,197000.0
2013-10-21,6202.7998047,6192.2998047,6220.1000977,6181.7998047,161900.0
2013-10-22,6178.3500977,6209.5498047,6217.9501953,6116.6000977,188300.0
2013-10-23,6164.3500977,6162.7998047,6252.4501953,6142.9501953,148900.0
2013-10-24,6144.8999023,6154.0,6174.75,6125.9501953,144500.0
2013-10-27,6101.1000977,6155.1000977,6168.75,6094.1000977,146300.0
2013-10-28,6220.8999023,6107.5498047,6228.0498047,6079.2001953,197300.0
2013-10-29,6251.7001953,6230.7998047,6269.2001953,6222.6000977,177600.0
2013-10-30,6299.1499023,6237.1499023,6309.0498047,6235.8999023,239600.0
2013-10-31,6307.2001953,6289.75,6332.6000977,6286.9501953,191600.0
2013-11-04,6253.1499023,6282.1499023,6304.75,6244.2998047,181100.0
2013-11-05,6215.1499023,6260.5498047,6269.7001953,6208.7001953,157100.0
2013-11-06,6187.25,6228.8999023,6288.9501953,6180.7998047,168800.0
2013-11-07,6140.75,6170.1499023,6185.1499023,6120.9501953,150100.0
2013-11-10,6078.7998047,6110.3999023,6141.6499023,6067.75,146100.0
2013-11-11,6018.0498047,6087.25,6108.7001953,6011.75,153800.0
2013-11-12,5989.6000977,5998.8500977,6042.25,5972.4501953,162500.0
2013-11-13,6056.1499023,6037.0,6101.6499023,6036.6499023,154900.0
2013-11-17,6189.0,6111.0498047,6196.7998047,6110.3999023,164000.0
2013-11-18,6203.3500977,6197.25,6212.3999023,6180.2001953,161500.0
2013-11-19,6122.8999023,6186.8500977,6204.3500977,6106.9501953,155800.0
2013-11-20,5999.0498047,6096.5,6097.3500977,5985.3999023,137200.0
2013-11-21,5995.4501953,6027.3500977,6049.6000977,5972.7998047,134800.0
2013-11-24,6115.3500977,6035.9501953,6123.5,6035.9501953,127200.0
2013-11-25,6059.1000977,6099.25,6112.7001953,6047.75,150700.0
2013-11-26,6057.1000977,6062.7001953,6074.0,6030.2998047,124900.0
2013-11-27,6091.8500977,6092.0,6112.9501953,6068.2998047,195300.0
2013-11-28,6176.1000977,6103.8999023,6182.5,6103.7998047,190700.0
2013-12-01,6217.8500977,6171.1499023,6228.7001953,6171.1499023,145900.0
2013-12-02,6201.8500977,6204.25,6225.3999023,6191.3999023,156900.0
2013-12-03,6160.9501953,6187.9501953,6209.1499023,6149.8999023,186200.0
2013-12-04,6241.1000977,6262.4501953,6300.5498047,6232.0,186100.0
2013-12-05,6259.8999023,6234.3999023,6275.3500977,6230.75,158500.0
2013-12-08,6363.8999023,6415.0,6415.25,6345.0,198300.0
2013-12-09,6332.8500977,6354.7001953,6362.25,6307.5498047,242400.0
2013-12-10,6307.8999023,6307.2001953,6326.6000977,6280.25,148200.0
2013-12-11,6237.0498047,6276.75,6286.8500977,6230.5498047,148500.0
2013-12-12,6168.3999023,6201.2998047,6208.6000977,6161.3999023,169700.0
2013-12-15,6154.7001953,6168.3500977,6183.25,6146.0498047,146500.0
2013-12-16,6139.0498047,6178.2001953,6190.5498047,6133.0,154200.0
2013-12-17,6217.1499023,6129.9501953,6236.0,6129.9501953,243300.0
2013-12-18,6166.6499023,6253.8999023,6263.75,6150.7001953,437000.0
2013-12-19,6274.25,6179.9501953,6284.5,6170.3500977,172000.0
2013-12-22,6284.5,6267.2001953,6317.5,6266.9501953,131200.0
2013-12-23,6268.3999023,6296.4501953,6301.5,6262.0,107600.0
2013-12-25,6278.8999023,6270.1000977,6302.75,6259.4501953,182300.0
2013-12-26,6313.7998047,6292.7998047,6324.8999023,6289.3999023,96900.0
2013-12-29,6291.1000977,6336.3999023,6344.0498047,6273.1499023,101300.0
2013-12-30,6304.0,6307.3500977,6317.2998047,6287.2998047,103400.0
2014-01-01,6221.1499023,6301.25,6358.2998047,6211.2998047,158100.0
2014-01-02,6211.1499023,6194.5498047,6221.7001953,6171.25,139000.0
2014-01-05,6191.4501953,6220.8500977,6224.7001953,6170.25,118300.0
2014-01-06,6162.25,6203.8999023,6221.5,6144.75,138600.0
2014-01-07,6174.6000977,6178.0498047,6192.1000977,6160.3500977,146900.0
2014-01-08,6168.3500977,6181.7001953,6188.0498047,6148.25,150100.0
2014-01-09,6171.4501953,6178.8500977,6239.1000977,6139.6000977,159900.0
2014-01-12,6272.75,6189.5498047,6288.2001953,6189.5498047,135000.0
2014-01-13,6241.8500977,6260.25,6280.3500977,6234.1499023,110200.0
2014-01-14,6320.8999023,6265.9501953,6325.2001953,6265.2998047,145900.0
2014-01-15,6318.8999023,6341.3500977,6346.5,6299.8500977,153400.0
2014-01-16,6261.6499023,6306.25,6327.1000977,6246.3500977,167700.0
2014-01-19,6303.9501953,6261.75,6307.4501953,6243.3500977,122100.0
2014-01-20,6313.7998047,6320.1499023,6330.2998047,6297.8999023,141700.0
2014-01-21,6338.9501953,6309.0498047,6349.9501953,6287.4501953,137500.0
2014-01-22,6345.6499023,6325.9501953,6355.6000977,6316.3999023,120100.0
2014-01-23,6266.75,6301.6499023,6331.4501953,6263.8999023,160300.0
2014-01-26,6135.8500977,6186.2998047,6188.5498047,6130.25,190400.0
2014-01-27,6126.25,6131.8500977,6163.6000977,6085.9501953,184100.0
2014-01-28,6120.25,6161.0,6170.4501953,6109.7998047,146700.0
2014-01-29,6073.7001953,6067.0,6082.8500977,6027.25,208100.0
2014-01-30,6089.5,6082.75,6097.8500977,6067.3500977,146700.0
2014-02-02,6001.7998047,6058.7998047,6074.8500977,5994.4501953,134900.0
2014-02-03,6000.8999023,5947.6000977,6017.7998047,5933.2998047,183300.0
2014-02-04,6022.3999023,6004.25,6028.0498047,5962.0498047,166600.0
2014-02-05,6036.2998047,6028.3500977,6048.3500977,5965.3999023,185500.0
2014-02-06,6063.2001953,6077.6499023,6079.9501953,6030.8999023,181900.0
2014-02-09,6053.4501953,6072.7998047,6083.0498047,6046.3999023,133100.0
2014-02-10,6062.7001953,6072.4501953,6081.8500977,6053.25,150500.0
2014-02-11,6084.0,6085.3500977,6106.6000977,6077.3999023,138500.0
2014-02-12,6001.1000977,6087.5498047,6094.3999023,5991.1000977,153700.0
2014-02-13,6048.3500977,6023.75,6056.3999023,5984.6000977,140200.0
2014-02-16,6073.299805,6057.100098,6080.649902,6038.299805,108500.0
2014-02-17,6127.1000977,6071.2998047,6141.7001953,6066.7998047,126600.0
2014-02-18,6152.75,6132.0498047,6160.3500977,6125.75,95200.0
2014-02-19,6091.4501953,6127.1499023,6129.1000977,6086.4501953,132100.0
2014-02-20,6155.4501953,6108.2998047,6159.6499023,6108.0,112600.0
2014-02-23,6186.1000977,6140.9501953,6191.8500977,6130.7998047,144900.0
2014-02-24,6200.0498047,6205.7001953,6216.8500977,6176.6000977,146300.0
2014-02-25,6238.7998047,6202.4501953,6245.9501953,6202.1000977,181700.0
2014-02-27,6276.9501953,6228.4501953,6282.7001953,6228.1000977,180600.0
2014-03-02,6221.4501953,6264.3500977,6277.75,6212.25,144600.0
2014-03-03,6297.9501953,6216.75,6302.1499023,6215.7001953,166800.0
2014-03-04,6328.6499023,6328.4501953,6336.25,6287.7998047,160300.0
2014-03-05,6401.1499023,6344.75,6406.6000977,6339.7001953,180700.0
2014-03-06,6526.6499023,6413.9501953,6537.7998047,6413.5498047,284900.0
2014-03-09,6537.25,6491.7001953,6562.2001953,6487.3500977,242100.0
2014-03-10,6511.8999023,6537.3500977,6562.8500977,6494.25,239000.0
2014-03-11,6516.8999023,6497.5,6546.1499023,6487.2998047,175000.0
2014-03-12,6493.1000977,6491.75,6561.4501953,6476.6499023,167900.0
2014-03-13,6504.2001953,6447.25,6518.4501953,6432.7001953,177300.0
2014-03-17,6516.6499023,6532.4501953,6574.9501953,6497.6499023,179300.0
2014-03-18,6524.0498047,6530.0,6541.2001953,6506.0,172500.0
2014-03-19,6483.1000977,6508.3500977,6523.6499023,6473.25,142000.0
2014-03-20,6493.2001953,6515.2001953,6522.8999023,6485.7001953,189900.0
2014-03-23,6583.5,6510.5,6591.5,6510.5,158400.0
2014-03-24,6589.75,6550.1000977,6595.5498047,6544.8500977,168100.0
2014-03-25,6601.3999023,6615.6499023,6627.4501953,6580.6000977,186600.0
2014-03-26,6641.75,6613.1000977,6673.9501953,6599.5,312400.0
2014-03-27,6695.8999023,6673.0498047,6702.6000977,6643.7998047,184800.0
2014-03-30,6704.2001953,6723.1499023,6730.0498047,6662.3999023,220600.0
2014-03-31,6721.0498047,6729.5,6732.25,6675.4501953,177800.0
2014-04-01,6752.5498047,6757.6000977,6763.5,6723.6000977,173300.0
2014-04-02,6736.1000977,6772.0498047,6776.75,6696.8999023,197500.0
2014-04-03,6694.3500977,6741.8500977,6741.8500977,6685.1499023,155100.0
2014-04-06,6695.0498047,6694.25,6725.1499023,6650.3999023,133900.0
2014-04-08,6796.2001953,6722.0,6808.7001953,6705.1000977,169800.0
2014-04-09,6796.3999023,6803.0498047,6819.0498047,6777.2998047,191100.0
2014-04-10,6776.2998047,6758.3500977,6789.3500977,6743.1499023,140700.0
2014-04-14,6733.1000977,6792.7001953,6813.3999023,6711.75,123200.0
2014-04-15,6675.2998047,6727.25,6748.6499023,6665.1499023,119800.0
2014-04-16,6779.3999023,6695.4501953,6783.0498047,6684.3999023,131500.0
2014-04-20,6817.6499023,6789.25,6825.4501953,6786.8999023,111800.0
2014-04-21,6815.3500977,6822.8999023,6838.0,6806.25,114700.0
2014-04-22,6840.7998047,6823.25,6861.6000977,6820.75,183000.0
2014-04-24,6782.75,6855.7998047,6869.8500977,6772.8500977,154300.0
2014-04-27,6761.25,6778.5498047,6786.25,6750.2998047,118200.0
2014-04-28,6715.25,6769.0,6779.7001953,6708.6499023,115500.0
2014-04-29,6696.3999023,6724.9501953,6780.1499023,6656.7998047,161100.0
2014-05-01,6694.7998047,6709.9501953,6737.6499023,6689.5,114300.0
2014-05-04,6699.3500977,6681.6499023,6741.0498047,6680.4501953,105000.0
2014-05-05,6715.2998047,6719.25,6743.4501953,6701.8999023,88300.0
2014-05-06,6652.5498047,6708.6000977,6718.75,6642.8999023,114100.0
2014-05-07,6659.8500977,6669.8999023,6688.3999023,6638.5498047,101600.0
2014-05-08,6858.7998047,6654.1499023,6871.3500977,6652.1499023,166400.0
2014-05-11,7014.25,6863.3999023,7020.0498047,6862.8999023,157700.0
2014-05-12,7108.75,7080.0,7172.3500977,7067.1499023,232200.0
2014-05-13,7108.75,7112.0,7142.25,7080.8999023,177200.0
2014-05-14,7123.1499023,7111.2998047,7152.5498047,7082.5498047,186800.0
2014-05-15,7203.0,7270.2001953,7563.5,7130.6499023,393200.0
2014-05-18,7263.5498047,7276.8500977,7291.1000977,7193.5498047,316200.0
2014-05-19,7275.5,7309.9501953,7353.6499023,7247.7001953,255300.0
2014-05-20,7252.8999023,7274.8500977,7287.1499023,7206.7001953,203100.0
2014-05-21,7276.3999023,7289.9501953,7319.5498047,7258.1499023,240900.0
2014-05-22,7367.1000977,7306.5,7381.0,7293.8999023,259600.0
2014-05-25,7359.0498047,7428.75,7504.0,7269.0498047,273200.0
2014-05-26,7318.0,7363.1000977,7372.9501953,7274.75,168600.0
2014-05-27,7329.6499023,7324.9501953,7344.75,7302.6000977,175600.0
2014-05-28,7235.6499023,7316.6000977,7325.3999023,7224.3999023,241100.0
2014-05-29,7229.9501953,7254.8500977,7272.5,7118.4501953,312200.0
2014-06-01,7362.5,7264.0498047,7368.6000977,7239.5,169900.0
2014-06-02,7415.8500977,7375.3500977,7424.9501953,7342.1499023,234700.0
2014-06-03,7402.25,7417.5498047,7433.2998047,7391.3500977,204600.0
2014-06-04,7474.1000977,7399.75,7484.7001953,7360.5,250700.0
2014-06-05,7583.3999023,7521.5,7592.7001953,7497.6499023,248400.0
2014-06-08,7654.6000977,7621.6499023,7673.7001953,7580.25,231900.0
2014-06-09,7656.3999023,7679.0498047,7683.2001953,7579.2998047,188700.0
2014-06-10,7626.8500977,7672.3999023,7700.0498047,7589.0498047,186200.0
2014-06-11,7649.8999023,7641.2998047,7658.0,7593.7998047,148200.0
2014-06-12,7542.1000977,7668.2001953,7678.5,7525.3500977,174500.0
2014-06-15,7533.5498047,7534.7998047,7548.6000977,7487.5498047,155400.0
2014-06-16,7631.7001953,7525.0498047,7637.6000977,7509.25,158000.0
2014-06-17,7558.2001953,7636.0498047,7663.0,7515.5,165100.0
2014-06-18,7540.7001953,7580.0498047,7606.4501953,7502.5498047,148900.0
2014-06-19,7511.4501953,7543.2998047,7560.5498047,7497.2998047,124100.0
2014-06-22,7493.3500977,7514.0,7534.7998047,7441.6000977,127400.0
2014-06-23,7580.2001953,7515.2001953,7593.3500977,7515.2001953,137000.0
2014-06-24,7569.25,7588.5498047,7589.25,7557.0498047,115000.0
2014-06-25,7493.2001953,7554.1000977,7570.2001953,7481.2998047,171700.0
2014-06-26,7508.7998047,7514.2001953,7538.75,7482.2998047,126700.0
2014-06-29,7611.3500977,7534.0498047,7623.6499023,7531.6000977,152300.0
2014-06-30,7634.7001953,7629.0,7649.5,7618.1499023,139400.0
2014-07-01,7725.1499023,7683.0498047,7732.3999023,7677.2998047,136300.0
2014-07-02,7714.7998047,7734.3500977,7754.6499023,7706.7998047,133800.0
2014-07-03,7751.6000977,7718.1000977,7758.0,7661.2998047,113100.0
2014-07-06,7787.1499023,7780.3999023,7792.0,7755.1000977,173900.0
2014-07-07,7623.2001953,7804.0498047,7808.8500977,7595.8999023,180600.0
2014-07-08,7585.0,7637.9501953,7650.1000977,7551.6499023,168300.0
2014-07-09,7567.75,7589.5,7731.0498047,7479.0498047,258400.0
2014-07-10,7459.6000977,7584.1000977,7625.8500977,7447.2001953,187600.0
2014-07-13,7454.1499023,7469.0,7478.4501953,7422.1499023,135200.0
2014-07-14,7526.6499023,7491.2998047,7534.8999023,7459.1499023,122100.0
2014-07-15,7624.3999023,7564.1499023,7640.1000977,7532.4501953,168000.0
2014-07-16,7640.4501953,7612.7001953,7655.6499023,7612.7001953,141600.0
2014-07-17,7663.8999023,7630.25,7685.0,7595.5,134600.0
2014-07-20,7684.2001953,7701.6499023,7722.1000977,7674.0,105400.0
2014-07-21,7767.8500977,7708.2001953,7773.8500977,7704.7998047,120100.0
2014-07-22,7795.75,7794.8999023,7809.2001953,7752.8999023,122100.0
2014-07-23,7830.6000977,7796.25,7835.6499023,7771.6499023,117600.0
2014-07-24,7790.4501953,7828.2001953,7840.9501953,7748.6000977,153900.0
2014-07-27,7748.7001953,7792.8999023,7799.8999023,7722.6499023,116500.0
2014-07-29,7791.3999023,7746.2001953,7798.7001953,7707.6000977,178100.0
2014-07-30,7721.2998047,7784.6499023,7791.8500977,7711.1499023,208900.0
2014-07-31,7602.6000977,7662.5,7716.7001953,7593.8999023,181100.0
2014-08-03,7683.6499023,7639.5498047,7694.7998047,7622.0498047,137000.0
2014-08-04,7746.5498047,7706.6499023,7752.4501953,7638.0498047,128200.0
2014-08-05,7672.0498047,7726.1499023,7740.9501953,7658.9501953,116400.0
2014-08-06,7649.25,7651.1499023,7708.9501953,7630.3999023,116800.0
2014-08-07,7568.5498047,7588.7001953,7592.4501953,7540.1000977,118400.0
2014-08-10,7625.9501953,7619.8500977,7635.5498047,7598.6000977,107000.0
2014-08-11,7727.0498047,7688.7998047,7735.75,7654.7998047,120600.0
2014-08-12,7739.5498047,7717.2998047,7757.1000977,7695.7001953,154100.0
2014-08-13,7791.7001953,7756.1499023,7796.7001953,7739.1000977,127300.0
2014-08-17,7874.25,7785.25,7880.5,7779.2001953,126700.0
2014-08-18,7897.5,7901.0,7918.5498047,7881.1499023,140600.0
2014-08-19,7875.2998047,7915.7998047,7922.7001953,7864.0498047,117300.0
2014-08-20,7891.1000977,7875.3500977,7919.6499023,7855.9501953,115200.0
2014-08-21,7913.2001953,7904.5498047,7929.0498047,7900.0498047,104100.0
2014-08-24,7906.2998047,7931.75,7968.25,7897.9501953,118500.0
2014-08-25,7904.75,7874.5,7915.4501953,7862.4501953,142800.0
2014-08-26,7936.0498047,7933.8999023,7946.8500977,7916.5498047,120000.0
2014-08-27,7954.3500977,7942.25,7967.7998047,7939.2001953,189700.0
2014-08-31,8027.7001953,7990.3500977,8035.0,7984.0,139300.0
2014-09-01,8083.0498047,8038.6000977,8101.9501953,8036.5498047,134900.0
2014-09-02,8114.6000977,8110.8500977,8141.8999023,8092.25,150700.0
2014-09-03,8095.9501953,8114.2001953,8114.7998047,8060.8999023,141300.0
2014-09-04,8086.8500977,8099.8999023,8122.7001953,8049.8500977,126000.0
2014-09-07,8173.8999023,8132.9501953,8180.2001953,8126.1499023,120700.0
2014-09-08,8152.9501953,8161.8999023,8174.5498047,8126.5,104700.0
2014-09-09,8094.1000977,8135.5498047,8135.75,8082.1000977,107100.0
2014-09-10,8085.7001953,8115.1499023,8127.9501953,8057.2998047,122800.0
2014-09-11,8105.5,8087.0498047,8114.2998047,8071.6000977,111400.0
2014-09-14,8042.0,8070.3500977,8077.2998047,8030.0,96500.0
2014-09-15,7932.8999023,8036.6000977,8044.8999023,7925.1499023,128000.0
2014-09-16,7975.5,7971.5,7990.6499023,7936.9501953,123700.0
2014-09-17,8114.75,7950.6499023,8120.8500977,7939.7001953,116900.0
2014-09-18,8121.4501953,8129.3999023,8160.8999023,8105.3500977,161300.0
2014-09-21,8146.2998047,8084.4501953,8159.8999023,8064.7998047,105500.0
2014-09-22,8017.5498047,8144.3999023,8159.75,8008.1000977,140800.0
2014-09-23,8002.3999023,8015.5498047,8042.0498047,7950.0498047,182200.0
2014-09-24,7911.8500977,8003.2998047,8019.2998047,7877.3500977,231900.0
2014-09-25,7968.8500977,7885.8500977,7993.2998047,7841.7998047,147800.0
2014-09-28,7958.8999023,7978.4501953,7991.75,7934.7001953,97300.0
2014-09-29,7964.7998047,7948.7998047,8030.8999023,7923.8500977,141100.0
2014-09-30,7945.5498047,7960.5,7977.5,7936.7001953,113000.0
2014-10-06,7852.3999023,7897.3999023,7943.0498047,7842.7001953,148200.0
2014-10-07,7842.7001953,7828.75,7869.8999023,7815.75,135900.0
2014-10-08,7960.5498047,7886.5,7972.3500977,7886.5,123800.0
2014-10-09,7859.9501953,7911.0,7924.0498047,7848.4501953,142900.0
2014-10-12,7884.25,7831.0,7901.1499023,7796.0,118800.0
2014-10-13,7864.0,7923.25,7928.0,7825.4501953,225500.0
2014-10-15,7748.2001953,7837.2998047,7893.8999023,7729.6499023,213500.0
2014-10-16,7779.7001953,7733.75,7819.2001953,7723.8500977,177600.0
2014-10-19,7879.3999023,7896.9501953,7905.9501953,7856.9501953,176200.0
2014-10-20,7927.75,7906.1499023,7936.6000977,7874.3500977,163400.0
2014-10-21,7995.8999023,7997.7998047,8005.0,7974.5498047,151100.0
2014-10-26,7991.7001953,8064.3500977,8064.3999023,7985.6499023,132800.0
2014-10-27,8027.6000977,8002.3999023,8037.7998047,7995.0498047,124100.0
2014-10-28,8090.4501953,8077.0498047,8097.9501953,8052.25,148300.0
2014-10-29,8169.2001953,8085.2001953,8181.5498047,8085.2001953,205700.0
2014-10-30,8322.2001953,8200.7998047,8330.75,8198.0498047,176200.0
2014-11-02,8324.1503906,8348.1503906,8350.5996094,8297.6503906,141100.0
2014-11-04,8338.2998047,8351.25,8365.5498047,8323.5,161600.0
2014-11-06,8337.0,8331.8496094,8360.3496094,8290.25,153400.0
2014-11-09,8344.25,8337.7998047,8383.0498047,8304.4501953,130700.0
2014-11-10,8362.6503906,8354.0996094,8378.7001953,8321.8496094,122000.0
2014-11-11,8383.2998047,8378.9003906,8415.0498047,8370.5,125200.0
2014-11-12,8357.8496094,8405.25,8408.0,8320.3496094,127400.0
2014-11-13,8389.9003906,8360.7001953,8400.6503906,8346.7998047,146800.0
2014-11-16,8430.75,8378.4003906,8438.0996094,8349.0996094,113900.0
2014-11-17,8425.9003906,8441.25,8454.5,8407.25,134700.0
2014-11-18,8382.2998047,8440.6503906,8455.6503906,8360.5,125400.0
2014-11-19,8401.9003906,8406.5,8410.8496094,8353.1503906,122800.0
2014-11-20,8477.3496094,8408.2001953,8489.7998047,8398.5996094,137000.0
2014-11-23,8530.1503906,8490.9501953,8534.6503906,8490.7998047,140700.0
2014-11-24,8463.0996094,8530.7998047,8535.3496094,8429.4501953,271900.0
2014-11-25,8475.75,8450.2998047,8500.2998047,8438.6503906,151900.0
2014-11-26,8494.2001953,8477.7998047,8506.75,8456.3496094,194300.0
2014-11-27,8588.25,8516.7998047,8617.0,8516.25,197200.0
2014-11-30,8555.9003906,8605.0996094,8623.0,8545.1503906,152000.0
2014-12-01,8524.7001953,8535.4501953,8560.2001953,8504.6503906,137400.0
2014-12-02,8537.6503906,8528.7001953,8546.9501953,8508.3496094,153200.0
2014-12-03,8564.4003906,8582.4003906,8626.9501953,8526.4003906,143500.0
2014-12-04,8538.2998047,8584.25,8588.3496094,8523.9003906,143300.0
2014-12-07,8438.25,8538.6503906,8546.3496094,8432.25,163800.0
2014-12-08,8340.7001953,8439.2998047,8444.5,8330.5,146300.0
2014-12-09,8355.6503906,8318.0498047,8376.7998047,8317.0,136700.0
2014-12-10,8292.9003906,8338.8496094,8348.2998047,8272.4003906,133900.0
2014-12-11,8224.0996094,8302.0,8321.9003906,8216.2998047,138100.0
2014-12-14,8219.5996094,8160.75,8242.4003906,8152.5,137100.0
2014-12-15,8067.6000977,8172.6000977,8189.3500977,8052.6000977,197300.0
2014-12-16,8029.7998047,8041.2001953,8082.0,7961.3500977,216200.0
2014-12-17,8159.2998047,8138.8999023,8174.2998047,8084.8999023,162100.0
2014-12-18,8225.2001953,8230.4501953,8263.4501953,8208.5996094,174800.0
2014-12-21,8324.0,8255.0,8330.9501953,8228.2001953,139200.0
2014-12-22,8267.0,8324.5996094,8364.75,8252.8496094,132200.0
2014-12-23,8174.1000977,8272.0498047,8286.4003906,8155.25,221900.0
2014-12-25,8200.7001953,8204.7998047,8234.5498047,8147.9501953,75500.0
2014-12-28,8246.2998047,8214.7001953,8279.1503906,8214.7001953,82100.0
2014-12-29,8248.25,8260.2998047,8268.25,8220.5498047,77700.0
2014-12-30,8282.7001953,8243.9003906,8291.0,8243.75,84500.0
2015-01-01,8395.4501953,8288.7001953,8410.5996094,8288.7001953,101900.0
2015-01-04,8378.4003906,8407.9501953,8445.5996094,8363.9003906,118200.0
2015-01-05,8127.3500977,8325.2998047,8327.8496094,8111.3500977,172800.0
2015-01-06,8102.1000977,8118.6499023,8151.2001953,8065.4501953,164100.0
2015-01-07,8234.5996094,8191.3999023,8243.5,8167.2998047,143800.0
2015-01-08,8284.5,8285.4501953,8303.2998047,8190.7998047,148000.0
2015-01-11,8323.0,8291.3496094,8332.5996094,8245.5996094,103200.0
2015-01-12,8299.4003906,8346.1503906,8356.6503906,8267.9003906,129600.0
2015-01-13,8277.5498047,8307.25,8326.4501953,8236.6503906,146100.0
2015-01-14,8494.1503906,8424.5,8527.0996094,8380.5498047,232100.0
2015-01-15,8513.7998047,8504.0498047,8530.75,8452.25,176000.0
2015-01-18,8550.7001953,8550.0498047,8570.9501953,8531.5,125400.0
2015-01-19,8695.5996094,8575.0996094,8707.9003906,8574.5,158700.0
2015-01-20,8729.5,8719.6503906,8741.8496094,8689.5996094,185900.0
2015-01-21,8761.4003906,8745.8496094,8774.1503906,8727.0,175500.0
2015-01-22,8835.5996094,8827.9501953,8866.4003906,8795.4003906,191200.0
2015-01-26,8910.5,8871.3496094,8925.0498047,8825.4501953,192000.0
2015-01-27,8914.2998047,8902.75,8985.0498047,8874.0498047,185100.0
2015-01-28,8952.3496094,8901.5,8966.6503906,8861.25,256300.0
2015-01-29,8808.9003906,8996.5996094,8996.5996094,8775.0996094,267300.0
2015-02-01,8797.4003906,8802.5,8840.7998047,8751.0996094,210100.0
2015-02-02,8756.5498047,8823.1503906,8837.2998047,8726.6503906,208700.0
2015-02-03,8723.7001953,8789.1503906,8792.8496094,8704.4003906,195300.0
2015-02-04,8711.7001953,8733.0996094,8838.4501953,8683.6503906,173600.0
2015-02-05,8661.0498047,8696.8496094,8726.2001953,8645.5498047,171300.0
2015-02-08,8526.3496094,8584.4003906,8605.5498047,8516.3496094,146800.0
2015-02-09,8565.5498047,8478.0996094,8646.25,8470.5,196200.0
2015-02-10,8627.4003906,8603.2998047,8651.9501953,8593.6503906,161600.0
2015-02-11,8711.5498047,8676.9501953,8732.5498047,8599.25,158800.0
2015-02-12,8805.5,8741.5,8822.0996094,8729.6503906,221900.0
2015-02-15,8809.3496094,8831.4003906,8870.0996094,8793.4003906,136400.0
2015-02-17,8869.0996094,8811.5498047,8894.2998047,8808.9003906,147600.0
2015-02-18,8895.2998047,8883.0498047,8913.4501953,8794.4501953,213300.0
2015-02-19,8833.5996094,8895.5,8899.9501953,8816.2998047,197600.0
2015-02-22,8754.9501953,8856.8496094,8869.0,8736.0996094,139600.0
2015-02-23,8762.0996094,8772.9003906,8800.5,8726.75,149800.0
2015-02-24,8767.25,8801.9003906,8840.6503906,8751.4003906,135200.0
2015-02-25,8683.8496094,8779.0,8786.0498047,8669.4501953,217500.0
2015-02-26,8844.5996094,8729.5,8856.9501953,8717.4501953,249500.0
2015-03-01,8956.75,8953.8496094,8972.3496094,8885.4501953,218100.0
2015-03-02,8996.25,8962.8496094,9008.4003906,8925.5498047,177800.0
2015-03-03,8922.6503906,9109.1503906,9119.2001953,8893.9501953,248400.0
2015-03-04,8937.75,8929.4003906,8957.5498047,8849.3496094,160100.0
2015-03-08,8756.75,8891.1503906,8891.2998047,8740.4501953,155500.0
2015-03-09,8712.0498047,8769.75,8778.0,8677.3496094,163800.0
2015-03-10,8699.9501953,8728.75,8755.5996094,8682.3496094,172800.0
2015-03-11,8776.0,8740.6503906,8787.2001953,8732.9003906,173900.0
2015-03-12,8647.75,8844.0498047,8849.75,8631.75,179200.0
2015-03-15,8633.1503906,8656.75,8663.5498047,8612.0,163300.0
2015-03-16,8723.2998047,8689.0996094,8742.5498047,8630.7998047,177000.0
2015-03-17,8685.9003906,8742.9003906,8747.25,8664.0,156400.0
2015-03-18,8634.6503906,8749.4501953,8788.2001953,8614.6503906,163500.0
2015-03-19,8570.9003906,8627.9003906,8627.9003906,8553.0,174600.0
2015-03-22,8550.9003906,8591.5498047,8608.3496094,8540.5498047,150700.0
2015-03-23,8542.9501953,8537.0498047,8627.75,8535.8496094,156700.0
2015-03-24,8530.7998047,8568.9003906,8573.75,8516.5498047,161000.0
2015-03-25,8342.1503906,8474.9501953,8499.4501953,8325.3496094,280100.0
2015-03-26,8341.4003906,8396.0,8413.2001953,8269.1503906,193000.0
2015-03-29,8492.2998047,8390.9501953,8492.2998047,8380.75,134700.0
2015-03-30,8491.0,8527.5996094,8550.4501953,8454.1503906,167200.0
2015-03-31,8586.25,8483.7001953,8603.4003906,8464.75,125500.0
2015-04-05,8659.9003906,8615.7998047,8667.5498047,8573.75,146900.0
2015-04-06,8660.2998047,8684.4501953,8693.5996094,8586.8496094,148700.0
2015-04-07,8714.4003906,8698.9501953,8730.5,8679.7998047,148200.0
2015-04-08,8778.2998047,8756.2001953,8785.5,8682.4501953,152700.0
2015-04-09,8780.3496094,8774.3496094,8787.4003906,8733.5996094,139000.0
2015-04-12,8834.0,8801.75,8841.6503906,8762.0996094,121600.0
2015-04-15,8706.7001953,8757.0498047,8760.0,8645.6503906,142900.0
2015-04-16,8606.0,8698.0498047,8699.8496094,8596.7001953,150400.0
2015-04-19,8448.0996094,8618.7998047,8619.9501953,8422.75,148900.0
2015-04-20,8377.75,8416.0996094,8469.3496094,8352.7001953,407800.0
2015-04-21,8429.7001953,8400.4003906,8449.9501953,8284.7001953,171800.0
2015-04-22,8398.2998047,8478.2001953,8504.9501953,8361.8496094,156000.0
2015-04-23,8305.25,8405.7001953,8413.2998047,8273.3496094,173600.0
2015-04-26,8213.7998047,8330.5498047,8334.4501953,8202.3496094,171500.0
2015-04-27,8285.5996094,8215.5498047,8308.0,8185.1499023,174600.0
2015-04-28,8239.75,8274.7998047,8308.2001953,8219.2001953,160400.0
2015-04-29,8181.5,8224.5,8229.4003906,8144.75,267700.0
2015-05-03,8331.9501953,8230.0498047,8346.0,8220.4501953,131700.0
2015-05-04,8324.7998047,8338.4003906,8355.6503906,8280.5996094,155500.0
2015-05-05,8097.0,8316.5996094,8331.9501953,8083.0,209600.0
2015-05-06,8057.2998047,8077.0,8122.6000977,7997.1499023,161600.0
2015-05-07,8191.5,8131.5,8224.9501953,8123.4501953,183100.0
2015-05-10,8325.25,8243.2001953,8332.75,8224.6503906,192000.0
2015-05-11,8126.9501953,8326.1503906,8326.6503906,8115.2998047,173400.0
2015-05-12,8235.4501953,8181.5498047,8254.9501953,8089.7998047,169800.0
2015-05-13,8224.2001953,8232.4501953,8236.25,8137.2998047,134800.0
2015-05-14,8262.3496094,8240.2998047,8279.2001953,8212.2001953,129800.0
2015-05-17,8373.6503906,8284.9501953,8384.5996094,8271.9501953,148700.0
2015-05-18,8365.6503906,8356.2001953,8427.7998047,8335.0,140300.0
2015-05-19,8423.25,8392.6503906,8440.3496094,8391.4501953,123600.0
2015-05-20,8421.0,8434.5,8446.3496094,8382.5,143800.0
2015-05-21,8458.9501953,8432.5,8489.5498047,8420.5996094,187300.0
2015-05-24,8370.25,8438.1503906,8441.9501953,8364.1503906,121300.0
2015-05-25,8339.3496094,8377.0996094,8378.9003906,8320.0498047,116800.0
2015-05-26,8334.5996094,8302.75,8342.8496094,8277.9501953,165500.0
2015-05-27,8319.0,8345.7001953,8364.5,8270.1503906,232300.0
2015-05-28,8433.6503906,8327.0996094,8443.9003906,8305.7001953,363900.0
2015-05-31,8433.4003906,8417.25,8467.1503906,8405.4003906,122200.0
2015-06-01,8236.4501953,8442.7998047,8445.3496094,8226.0498047,146800.0
2015-06-02,8135.1000977,8232.4501953,8236.7001953,8094.1499023,171400.0
2015-06-03,8130.6499023,8155.1499023,8160.0498047,8056.75,154700.0
2015-06-04,8114.7001953,8119.1499023,8191.0,8100.1499023,162100.0
2015-06-07,8044.1499023,8124.3500977,8131.0,8030.5498047,135900.0
2015-06-08,8022.3999023,8026.5,8057.1499023,8005.1499023,136000.0
2015-06-09,8124.4501953,8024.1499023,8152.25,8023.7998047,136800.0
2015-06-10,7965.3500977,8157.2998047,8163.0498047,7958.25,166200.0
2015-06-11,7982.8999023,7959.8500977,7995.6000977,7940.2998047,136600.0
2015-06-14,8013.8999023,7986.6000977,8057.7001953,7944.8500977,133000.0
2015-06-15,8047.2998047,8004.2001953,8061.8500977,7952.3500977,124000.0
2015-06-16,8091.5498047,8084.2001953,8136.8500977,8048.9501953,152500.0
2015-06-17,8174.6000977,8113.7001953,8186.8999023,8101.7998047,144800.0
2015-06-18,8224.9501953,8201.1503906,8250.7998047,8195.6503906,147100.0
2015-06-21,8353.0996094,8259.2998047,8369.4501953,8257.4003906,122700.0
2015-06-22,8381.5498047,8377.4501953,8398.4501953,8334.9501953,131700.0
2015-06-23,8360.8496094,8399.4003906,8421.3496094,8338.9003906,130100.0
2015-06-24,8398.0,8336.25,8423.1503906,8329.5,201200.0
2015-06-25,8381.0996094,8393.9501953,8408.5498047,8339.7001953,110600.0
2015-06-28,8318.4003906,8247.0498047,8329.4501953,8195.6503906,132000.0
2015-06-29,8368.5,8316.3496094,8378.0,8298.9501953,158500.0
2015-06-30,8453.0498047,8376.25,8481.5996094,8370.1503906,131800.0
2015-07-01,8444.9003906,8471.9501953,8479.25,8433.2001953,112000.0
2015-07-02,8484.9003906,8440.0996094,8497.75,8424.1503906,88400.0
2015-07-05,8522.1503906,8386.1503906,8533.1503906,8386.1503906,101500.0
2015-07-06,8510.7998047,8525.5,8561.3496094,8483.8496094,122200.0
2015-07-07,8363.0498047,8439.2001953,8457.5,8341.4003906,188100.0
2015-07-08,8328.5498047,8364.8496094,8400.2998047,8323.0,131300.0
2015-07-09,8360.5498047,8365.7001953,8377.0996094,8315.4003906,154100.0
2015-07-12,8459.6503906,8397.25,8471.6503906,8355.4003906,117800.0
2015-07-13,8454.0996094,8470.5996094,8480.25,8424.0996094,101700.0
2015-07-14,8523.7998047,8463.4003906,8531.4003906,8462.9501953,105500.0
2015-07-15,8608.0498047,8546.1503906,8616.0996094,8542.9003906,116000.0
2015-07-16,8609.8496094,8623.6503906,8642.9501953,8593.1503906,105000.0
2015-07-19,8603.4501953,8623.9003906,8624.0996094,8559.0,90600.0
2015-07-20,8529.4501953,8601.5,8646.75,8517.9003906,164100.0
2015-07-21,8633.5,8512.25,8643.9003906,8498.6503906,136800.0
2015-07-22,8589.7998047,8643.9501953,8654.75,8573.7998047,132900.0
2015-07-23,8521.5498047,8588.1503906,8589.1503906,8513.5,127400.0
2015-07-26,8361.0,8492.0996094,8492.2001953,8351.5498047,136600.0
2015-07-27,8337.0,8371.0996094,8397.4003906,8321.75,174600.0
2015-07-28,8375.0498047,8365.5996094,8381.5,8338.4501953,141000.0
2015-07-29,8421.7998047,8417.0,8458.9003906,8408.2998047,215200.0
2015-07-30,8532.8496094,8456.0996094,8548.9501953,8448.0,203300.0
2015-08-02,8543.0498047,8510.6503906,8563.9501953,8508.0996094,156700.0
2015-08-03,8516.9003906,8564.0996094,8565.1503906,8448.25,187400.0
2015-08-04,8567.9501953,8547.4501953,8591.8496094,8545.8496094,132800.0
2015-08-05,8588.6503906,8585.7998047,8606.2998047,8551.5,134900.0
2015-08-06,8564.5996094,8580.7998047,8595.9501953,8552.7001953,143700.0
2015-08-09,8525.5996094,8577.0,8621.5498047,8497.7998047,123400.0
2015-08-10,8462.3496094,8548.4501953,8556.25,8441.2998047,154400.0
2015-08-11,8349.4501953,8445.7001953,8446.9501953,8337.9501953,190000.0
2015-08-12,8355.8496094,8384.4501953,8429.5,8339.75,189200.0
2015-08-13,8518.5498047,8402.3496094,8530.0996094,8381.2001953,155900.0
2015-08-16,8477.2998047,8530.5,8530.5996094,8428.0498047,174700.0
2015-08-17,8466.5498047,8505.8496094,8525.75,8433.5996094,153300.0
2015-08-18,8495.1503906,8468.0498047,8520.4501953,8425.9501953,130500.0
2015-08-19,8372.75,8471.0498047,8501.3496094,8359.75,184100.0
2015-08-20,8299.9501953,8305.4003906,8322.2001953,8225.0498047,201300.0
2015-08-23,7809.0,8055.9501953,8060.0498047,7769.3999023,312400.0
2015-08-24,7880.7001953,7895.3999023,7925.3999023,7667.25,299100.0
2015-08-25,7791.8500977,7865.25,7930.0498047,7777.1000977,216600.0
2015-08-26,7948.9501953,7921.6000977,7963.6000977,7862.2998047,305000.0
2015-08-27,8001.9501953,8053.7001953,8091.7998047,7961.6499023,195600.0
2015-08-30,7971.2998047,8009.25,8043.6000977,7947.9501953,198200.0
2015-08-31,7785.8500977,7907.9501953,7929.1000977,7746.5,184900.0
2015-09-01,7717.0,7856.6499023,7862.5498047,7699.25,215300.0
2015-09-02,7823.0,7774.4501953,7845.6000977,7754.0498047,155800.0
2015-09-03,7655.0498047,7803.3999023,7804.8999023,7626.8500977,193600.0
2015-09-06,7558.7998047,7685.8500977,7705.0498047,7545.8999023,141400.0
2015-09-07,7688.25,7587.7001953,7720.8999023,7539.5,172200.0
2015-09-08,7818.6000977,7805.8500977,7846.0498047,7764.5498047,208400.0
2015-09-09,7788.1000977,7729.0498047,7819.8500977,7678.5,160300.0
2015-09-10,7789.2998047,7833.7998047,7864.8500977,7759.8999023,136400.0
2015-09-13,7872.25,7811.1000977,7879.9501953,7761.8500977,122800.0
2015-09-14,7829.1000977,7867.3500977,7880.0,7799.75,136500.0
2015-09-15,7899.1499023,7886.8500977,7913.8999023,7853.2998047,140000.0
2015-09-17,7981.8999023,7967.4501953,8055.0,7955.8500977,241800.0
2015-09-20,7977.1000977,7911.5,7987.8999023,7908.3500977,121800.0
2015-09-21,7812.0,8014.7998047,8021.6000977,7787.75,168400.0
2015-09-22,7845.9501953,7737.3500977,7882.8999023,7723.25,146700.0
2015-09-23,7868.5,7838.3999023,7894.5,7804.1000977,202500.0
2015-09-27,7795.7001953,7892.7998047,7893.9501953,7787.9501953,136300.0
2015-09-28,7843.2998047,7725.7001953,7926.5498047,7691.2001953,240700.0
2015-09-29,7948.8999023,7924.25,7957.7001953,7874.5,210700.0
2015-09-30,7950.8999023,7992.0498047,8008.25,7930.6499023,156900.0
2015-10-04,8119.2998047,8005.1000977,8128.8999023,8005.1000977,183100.0
2015-10-05,8152.8999023,8180.4501953,8180.9501953,8096.5,178500.0
2015-10-06,8177.3999023,8146.2001953,8188.8999023,8132.8999023,193900.0
2015-10-07,8129.3500977,8196.75,8196.75,8105.8500977,171700.0
2015-10-08,8189.7001953,8186.3500977,8232.2001953,8139.6499023,199700.0
2015-10-11,8143.6000977,8231.5,8244.5,8128.2001953,199100.0
2015-10-12,8131.7001953,8121.9501953,8150.25,8088.6000977,145900.0
2015-10-13,8107.8999023,8102.3999023,8139.2998047,8096.3500977,138900.0
2015-10-14,8179.5,8134.3500977,8190.5498047,8129.7998047,167200.0
2015-10-15,8238.1503906,8193.6503906,8246.4003906,8147.6499023,156400.0
2015-10-18,8275.0498047,8262.5498047,8283.0498047,8239.2001953,124500.0
2015-10-19,8261.6503906,8280.2998047,8294.0498047,8229.2001953,155100.0
2015-10-20,8251.7001953,8258.3496094,8294.4003906,8217.1503906,144800.0
2015-10-22,8295.4501953,8308.25,8328.0996094,8280.75,152000.0
2015-10-25,8260.5498047,8333.6503906,8336.2998047,8252.0498047,133900.0
2015-10-26,8232.9003906,8230.3496094,8241.9501953,8217.0498047,156700.0
2015-10-27,8171.2001953,8188.8999023,8209.0996094,8131.7998047,188900.0
2015-10-28,8111.75,8175.4501953,8179.6000977,8098.0,217500.0
2015-10-29,8065.7998047,8123.5498047,8146.1000977,8044.3999023,199500.0
2015-11-01,8050.7998047,8054.5498047,8060.7001953,7995.6000977,136100.0
2015-11-02,8060.7001953,8086.3500977,8100.3500977,8031.75,132500.0
2015-11-03,8040.2001953,8104.8999023,8116.1000977,8027.2998047,122100.0
2015-11-04,7955.4501953,8030.3500977,8031.2001953,7944.1000977,132100.0
2015-11-05,7954.2998047,7956.5498047,8002.6499023,7926.1499023,219500.0
2015-11-08,7915.2001953,7788.25,7937.75,7771.7001953,211800.0
2015-11-09,7783.3500977,7877.6000977,7885.1000977,7772.8500977,165200.0
2015-11-12,7762.25,7762.4501953,7775.1000977,7730.8999023,160900.0
2015-11-15,7806.6000977,7732.9501953,7838.8500977,7714.1499023,149500.0
2015-11-16,7837.5498047,7848.75,7860.4501953,7793.0,145000.0
2015-11-17,7731.7998047,7823.1499023,7843.3999023,7725.0498047,143600.0
2015-11-18,7842.75,7788.5,7854.8999023,7765.4501953,132600.0
2015-11-19,7856.5498047,7841.8999023,7906.9501953,7817.7998047,151900.0
2015-11-22,7849.25,7869.5,7877.5,7825.2001953,127000.0
2015-11-23,7831.6000977,7837.0,7870.3500977,7812.6499023,130600.0
2015-11-25,7883.7998047,7837.1499023,7897.1000977,7832.0,219800.0
2015-11-26,7942.7001953,7910.6000977,7959.2998047,7879.4501953,150300.0
2015-11-29,7935.25,7936.25,7966.0,7922.7998047,216300.0
2015-11-30,7954.8999023,7958.1499023,7972.1499023,7934.1499023,138600.0
2015-12-01,7931.3500977,7976.7001953,7979.2998047,7910.7998047,126300.0
2015-12-02,7864.1499023,7902.2998047,7912.2998047,7853.2998047,125700.0
2015-12-03,7781.8999023,7817.6000977,7821.3999023,7775.7001953,152500.0
2015-12-06,7765.3999023,7816.5498047,7825.3999023,7746.0498047,137600.0
2015-12-07,7701.7001953,7738.5,7771.25,7685.4501953,135100.0
2015-12-08,7612.5,7695.5,7702.8500977,7606.8999023,140000.0
2015-12-09,7683.2998047,7643.2998047,7691.9501953,7610.0,140800.0
2015-12-10,7610.4501953,7699.6000977,7703.0498047,7575.2998047,167800.0
2015-12-13,7650.0498047,7558.2001953,7663.9501953,7551.0498047,148900.0
2015-12-14,7700.8999023,7659.1499023,7705.0,7625.1000977,134300.0
2015-12-15,7750.8999023,7725.25,7776.6000977,7715.75,154300.0
2015-12-16,7844.3500977,7783.0498047,7852.8999023,7737.5498047,175900.0
2015-12-17,7761.9501953,7828.8999023,7836.1499023,7753.3500977,191400.0
2015-12-20,7834.4501953,7745.6499023,7840.75,7733.4501953,126300.0
2015-12-21,7786.1000977,7829.3999023,7846.2998047,7776.8500977,125700.0
2015-12-22,7865.9501953,7830.4501953,7871.4501953,7826.1000977,117900.0
2015-12-23,7861.0498047,7888.75,7888.75,7835.5,93500.0
2015-12-27,7925.1499023,7863.2001953,7937.2001953,7863.0,122900.0
2015-12-28,7928.9501953,7929.2001953,7942.1499023,7902.75,113000.0
2015-12-29,7896.25,7938.6000977,7944.75,7889.8500977,106800.0
2015-12-30,7946.3500977,7897.7998047,7955.5498047,7891.1499023,150900.0
2016-01-03,7791.2998047,7924.5498047,7937.5498047,7781.1000977,134700.0
2016-01-04,7784.6499023,7828.3999023,7831.2001953,7763.25,145200.0
2016-01-05,7741.0,7788.0498047,7800.9501953,7721.2001953,147100.0
2016-01-06,7568.2998047,7673.3500977,7674.9501953,7556.6000977,188900.0
2016-01-07,7601.3500977,7611.6499023,7634.1000977,7581.0498047,157400.0
2016-01-10,7563.8500977,7527.4501953,7605.1000977,7494.3500977,189000.0
2016-01-11,7510.2998047,7587.2001953,7588.2998047,7487.7998047,163900.0
2016-01-12,7562.3999023,7557.8999023,7590.9501953,7425.7998047,215200.0
2016-01-13,7536.7998047,7467.3999023,7604.7998047,7443.7998047,200800.0
2016-01-14,7437.7998047,7561.6499023,7566.5,7427.2998047,197500.0
2016-01-17,7351.0,7420.3500977,7463.6499023,7336.3999023,233600.0
2016-01-18,7435.1000977,7381.7998047,7462.75,7364.1499023,188300.0
2016-01-19,7309.2998047,7357.0,7470.8999023,7241.5,225600.0
2016-01-20,7276.7998047,7376.6499023,7398.7001953,7250.0,240700.0
2016-01-21,7422.4501953,7355.7001953,7433.3999023,7327.6000977,229200.0
2016-01-24,7436.1499023,7468.75,7487.1499023,7421.2001953,163200.0
2016-01-26,7437.75,7469.6000977,7477.8999023,7419.7001953,187600.0
2016-01-27,7424.6499023,7426.5,7468.8500977,7409.6000977,274500.0
2016-01-28,7563.5498047,7413.3500977,7575.6499023,7402.7998047,298700.0
2016-01-31,7555.9501953,7589.5,7600.4501953,7541.25,200400.0
2016-02-01,7455.5498047,7566.6499023,7576.2998047,7428.0498047,230200.0
2016-02-02,7361.7998047,7392.4501953,7419.3999023,7350.2998047,192000.0
2016-02-03,7404.0,7411.4501953,7457.0498047,7365.9501953,222700.0
2016-02-04,7489.1000977,7418.25,7503.1499023,7406.6499023,249800.0
2016-02-07,7387.25,7489.7001953,7512.5498047,7363.2001953,171500.0
2016-02-08,7298.2001953,7303.9501953,7323.4501953,7275.1499023,212100.0
2016-02-09,7215.7001953,7264.2998047,7271.8500977,7177.75,246900.0
2016-02-10,6976.3500977,7203.6000977,7208.6499023,6959.9501953,292300.0
2016-02-11,6980.9501953,7023.6499023,7034.7998047,6869.0,333900.0
2016-02-14,7162.9501953,7057.3500977,7182.7998047,7056.7998047,354200.0
2016-02-15,7048.25,7201.25,7204.6499023,7037.7001953,253800.0
2016-02-16,7108.4501953,7058.8500977,7123.7001953,6960.6499023,260000.0
2016-02-17,7191.75,7177.3999023,7215.1000977,7127.8500977,246700.0
2016-02-18,7210.75,7170.5498047,7226.8500977,7145.9501953,192300.0
2016-02-21,7234.5498047,7208.8500977,7252.3999023,7200.7001953,154400.0
2016-02-22,7109.5498047,7240.2998047,7241.7001953,7090.7001953,194400.0
2016-02-23,7018.7001953,7075.0,7090.7998047,7009.75,199700.0
2016-02-24,6970.6000977,7029.8500977,7034.2001953,6961.3999023,283100.0
2016-02-25,7029.75,7039.2998047,7052.8999023,6985.1000977,206700.0
2016-02-28,6987.0498047,7050.4501953,7094.6000977,6825.7998047,473400.0
2016-02-29,7222.2998047,7038.25,7235.5,7035.1000977,275100.0
2016-03-01,7368.8500977,7321.7001953,7380.3500977,7308.1499023,338500.0
2016-03-02,7475.6000977,7429.5498047,7483.9501953,7406.0498047,278600.0
2016-03-03,7485.3500977,7505.3999023,7505.8999023,7444.1000977,281700.0
2016-03-07,7485.2998047,7486.3999023,7527.1499023,7442.1499023,257000.0
2016-03-08,7531.7998047,7436.1000977,7539.0,7424.2998047,245100.0
2016-03-09,7486.1499023,7545.3500977,7547.1000977,7447.3999023,224700.0
2016-03-10,7510.2001953,7484.8500977,7543.9501953,7460.6000977,198700.0
2016-03-13,7538.75,7542.6000977,7583.7001953,7515.0498047,166900.0
2016-03-14,7460.6000977,7535.8500977,7545.2001953,7452.7998047,193700.0
2016-03-15,7498.75,7457.0498047,7508.0,7405.1499023,195400.0
2016-03-16,7512.5498047,7557.3999023,7585.2998047,7479.3999023,239600.0
2016-03-17,7604.3500977,7534.6499023,7613.6000977,7517.8999023,237400.0
2016-03-20,7704.25,7619.2001953,7713.5498047,7617.7001953,196800.0
2016-03-21,7714.8999023,7695.5498047,7728.2001953,7643.7998047,208900.0
2016-03-22,7716.5,7717.4501953,7726.8500977,7670.6000977,199600.0
2016-03-27,7615.1000977,7741.0,7749.3999023,7587.7001953,242400.0
2016-03-28,7597.0,7606.5498047,7652.8999023,7582.25,216800.0
2016-03-29,7735.2001953,7651.1000977,7741.9501953,7643.4501953,232600.0
2016-03-30,7738.3999023,7727.6499023,7777.6000977,7702.0,380100.0
2016-03-31,7713.0498047,7718.0498047,7740.1499023,7666.1000977,183900.0
2016-04-03,7758.7998047,7733.1499023,7764.4501953,7704.3999023,155500.0
2016-04-04,7603.2001953,7736.2998047,7736.2998047,7588.6499023,203800.0
2016-04-05,7614.3500977,7636.0498047,7638.6499023,7591.75,165600.0
2016-04-06,7546.4501953,7630.3999023,7630.75,7535.8500977,234400.0
2016-04-07,7555.2001953,7542.3500977,7569.3500977,7526.7001953,143400.0
2016-04-10,7671.3999023,7577.7998047,7678.7998047,7516.8500977,179800.0
2016-04-11,7708.9501953,7669.25,7717.3999023,7663.3500977,163400.0
2016-04-12,7850.4501953,7777.1499023,7864.7998047,7772.2001953,220400.0
2016-04-17,7914.7001953,7908.1499023,7920.6000977,7842.75,184600.0
2016-04-19,7914.75,7950.0498047,7950.3999023,7877.5498047,205300.0
2016-04-20,7912.0498047,7953.6499023,7978.4501953,7884.1000977,223700.0
2016-04-21,7899.2998047,7891.7998047,7923.3500977,7873.3500977,183300.0
2016-04-24,7855.0498047,7894.7998047,7911.0,7827.0,146300.0
2016-04-25,7962.6499023,7828.1499023,7974.5,7822.5498047,202400.0
2016-04-26,7979.8999023,7942.0,7991.0,7940.5498047,206800.0
2016-04-27,7847.25,7967.3999023,7992.0,7834.4501953,292500.0
2016-04-28,7849.7998047,7844.25,7889.0498047,7788.7001953,243700.0
2016-05-01,7805.8999023,7822.7001953,7829.7998047,7777.2998047,146300.0
2016-05-02,7747.0,7824.7998047,7890.25,7735.1499023,186500.0
2016-05-03,7706.5498047,7724.1499023,7749.0,7697.25,199700.0
2016-05-04,7735.5,7731.0,7777.5498047,7706.8500977,185100.0
2016-05-05,7733.4501953,7717.6499023,7738.8999023,7678.3500977,163600.0
2016-05-08,7866.0498047,7755.25,7873.6499023,7753.5498047,160600.0
2016-05-09,7887.7998047,7873.5498047,7896.8999023,7837.7001953,162000.0
2016-05-10,7848.8500977,7804.6499023,7893.1000977,7780.8999023,214100.0
2016-05-11,7900.3999023,7871.4501953,7916.0498047,7849.6499023,152700.0
2016-05-12,7814.8999023,7881.0,7881.0,7784.2001953,179500.0
2016-05-15,7860.75,7831.2001953,7873.8999023,7772.1499023,205200.0
2016-05-16,7890.75,7896.8500977,7940.1000977,7879.7001953,183400.0
2016-05-17,7870.1499023,7846.75,7882.0498047,7810.75,156400.0
2016-05-18,7783.3999023,7875.5,7876.2001953,7766.7998047,170400.0
2016-05-19,7749.7001953,7792.2001953,7812.3999023,7735.75,157000.0
2016-05-22,7731.0498047,7813.9501953,7820.6000977,7722.2001953,172000.0
2016-05-23,7748.8500977,7738.0498047,7761.5498047,7715.7998047,147000.0
2016-05-24,7934.8999023,7811.7998047,7941.2001953,7809.2998047,176200.0
2016-05-25,8069.6499023,7974.4501953,8083.0,7948.5,264300.0
2016-05-26,8156.6499023,8081.9501953,8164.2001953,8077.0498047,260900.0
2016-05-29,8178.5,8166.5,8200.0,8150.7998047,247400.0
2016-05-30,8160.1000977,8209.8496094,8213.5996094,8134.2998047,471000.0
2016-05-31,8179.9501953,8179.2001953,8215.3496094,8171.0498047,194400.0
2016-06-01,8218.9501953,8156.8999023,8229.5,8154.75,181700.0
2016-06-02,8220.7998047,8246.2001953,8262.0,8209.8496094,379000.0
2016-06-05,8201.0498047,8228.75,8234.7001953,8186.0498047,171600.0
2016-06-06,8266.4501953,8235.5498047,8294.9501953,8216.4003906,241900.0
2016-06-07,8273.0498047,8285.5,8288.9003906,8252.0498047,174300.0
2016-06-08,8203.5996094,8273.3496094,8273.3496094,8184.6000977,174900.0
2016-06-09,8170.0498047,8180.25,8265.5996094,8162.8500977,182200.0
2016-06-12,8110.6000977,8102.25,8125.25,8063.8999023,169700.0
2016-06-13,8108.8500977,8134.3999023,8134.9501953,8069.5,145500.0
2016-06-14,8206.5996094,8139.3999023,8213.2001953,8123.1499023,169800.0
2016-06-15,8140.75,8180.6499023,8180.6499023,8074.4501953,189200.0
2016-06-16,8170.2001953,8176.6499023,8195.25,8135.7998047,166600.0
2016-06-19,8238.5,8115.75,8244.1503906,8107.3500977,168600.0
2016-06-20,8219.9003906,8255.4003906,8257.25,8202.1503906,137000.0
2016-06-21,8203.7001953,8213.6503906,8238.3496094,8153.25,136100.0
2016-06-22,8270.4501953,8201.1503906,8285.5996094,8188.2998047,154100.0
2016-06-23,8088.6000977,8029.1000977,8100.7001953,7927.0498047,297600.0
2016-06-26,8094.7001953,8039.3500977,8120.6499023,8039.3500977,162500.0
2016-06-27,8127.8500977,8096.0498047,8146.3500977,8086.8500977,170400.0
2016-06-28,8204.0,8173.1000977,8212.4003906,8157.6499023,147000.0
2016-06-29,8287.75,8260.25,8308.1503906,8242.0996094,279400.0
2016-06-30,8328.3496094,8313.0498047,8356.75,8308.6503906,165500.0
2016-07-03,8370.7001953,8376.75,8398.4501953,8364.7001953,154200.0
2016-07-04,8335.9501953,8379.2998047,8381.4501953,8319.9501953,139000.0
2016-07-06,8337.9003906,8342.0,8361.9501953,8317.7001953,155500.0
2016-07-07,8323.2001953,8350.0,8353.2998047,8287.5498047,137900.0
2016-07-10,8467.9003906,8413.3496094,8475.25,8407.0498047,149800.0
2016-07-11,8521.0498047,8502.5996094,8526.5996094,8479.2001953,183600.0
2016-07-12,8519.5,8540.4501953,8550.25,8493.5498047,195500.0
2016-07-13,8565.0,8515.75,8571.4003906,8500.7001953,153900.0
2016-07-14,8541.4003906,8565.4501953,8594.7998047,8510.0498047,221700.0
2016-07-17,8508.7001953,8564.0498047,8587.0996094,8494.3496094,164300.0
2016-07-18,8528.5498047,8514.2998047,8540.0498047,8476.7001953,167900.0
2016-07-19,8565.8496094,8515.4501953,8569.9003906,8512.5498047,160300.0
2016-07-20,8510.0996094,8582.7001953,8585.25,8503.4501953,150000.0
2016-07-21,8541.2001953,8519.6503906,8548.9501953,8489.7998047,143200.0
2016-07-24,8635.6503906,8519.9501953,8641.1503906,8517.2001953,150000.0
2016-07-25,8590.6503906,8633.75,8644.9003906,8577.1503906,154800.0
2016-07-26,8615.7998047,8599.4003906,8665.0,8572.0498047,184100.0
2016-07-27,8666.2998047,8636.9501953,8674.7001953,8625.25,233500.0
2016-07-28,8638.5,8668.2998047,8670.3496094,8631.1503906,157000.0
2016-07-31,8636.5498047,8654.2998047,8711.2998047,8590.5,188400.0
2016-08-01,8622.9003906,8647.4501953,8687.2001953,8611.4003906,169400.0
2016-08-02,8544.8496094,8635.2001953,8635.4501953,8529.5996094,163000.0
2016-08-03,8551.0996094,8599.9501953,8601.4003906,8518.1503906,164700.0
2016-08-04,8683.1503906,8600.2001953,8689.4003906,8590.1503906,157900.0
2016-08-07,8711.3496094,8712.8496094,8723.5,8697.5996094,172600.0
2016-08-08,8678.25,8727.7998047,8728.3496094,8638.2001953,200100.0
2016-08-09,8575.2998047,8686.7001953,8690.0996094,8564.5996094,173600.0
2016-08-10,8592.1503906,8572.7998047,8601.1503906,8540.0498047,189200.0
2016-08-15,8642.5498047,8670.25,8682.3496094,8600.4501953,224800.0
2016-08-16,8624.0498047,8639.7998047,8667.0996094,8603.5996094,174100.0
2016-08-17,8673.25,8648.8496094,8690.7001953,8645.0498047,164300.0
2016-08-18,8666.9003906,8694.2998047,8696.5996094,8647.0996094,191900.0
2016-08-21,8629.1503906,8667.0,8684.8496094,8614.0,152300.0
2016-08-22,8632.5996094,8628.3496094,8642.1503906,8580.0,187500.0
2016-08-23,8650.2998047,8648.5,8661.0498047,8620.9003906,149600.0
2016-08-24,8592.2001953,8668.8496094,8683.0498047,8583.6503906,213100.0
2016-08-25,8572.5498047,8614.3496094,8622.9501953,8547.5498047,147500.0
2016-08-28,8607.4501953,8583.75,8622.0,8543.75,129700.0
2016-08-29,8744.3496094,8646.75,8750.5996094,8642.25,150200.0
2016-08-30,8786.2001953,8754.0498047,8819.2001953,8754.0498047,362200.0
2016-08-31,8774.6503906,8793.5996094,8813.25,8759.9501953,238900.0
2016-09-01,8809.6503906,8796.3496094,8824.0996094,8768.2001953,191500.0
2016-09-05,8943.0,8852.7001953,8950.8496094,8848.4501953,195600.0
2016-09-06,8917.9501953,8968.7001953,8968.7001953,8913.3496094,290100.0
2016-09-07,8952.5,8915.5,8960.3496094,8896.0,217200.0
2016-09-08,8866.7001953,8934.2998047,8939.1503906,8858.7001953,175900.0
2016-09-11,8715.5996094,8732.9501953,8746.9501953,8699.4003906,184500.0
2016-09-13,8726.5996094,8710.6503906,8739.8496094,8688.9003906,184300.0
2016-09-14,8742.5498047,8743.8496094,8751.9501953,8704.3496094,145400.0
2016-09-15,8779.8496094,8780.8496094,8847.6503906,8750.5,265800.0
2016-09-18,8808.4003906,8788.4501953,8824.2998047,8774.2001953,131700.0
2016-09-19,8775.9003906,8816.0996094,8816.4501953,8759.2998047,136500.0
2016-09-20,8777.1503906,8790.2998047,8826.8496094,8757.2998047,148800.0
2016-09-21,8867.4501953,8873.3496094,8893.3496094,8837.7998047,172800.0
2016-09-22,8831.5498047,8880.75,8885.2001953,8820.2998047,185900.0
2016-09-25,8723.0498047,8807.9003906,8809.5498047,8715.0996094,164000.0
2016-09-26,8706.4003906,8748.9003906,8768.5,8690.5,151400.0
2016-09-27,8745.1503906,8711.2001953,8767.0498047,8703.1503906,165500.0
2016-09-28,8591.25,8792.7001953,8800.6503906,8558.25,372900.0
2016-09-29,8611.1503906,8581.5,8637.1503906,8555.2001953,181700.0
2016-10-02,8738.0996094,8666.1503906,8745.2001953,8635.0,137300.0
2016-10-03,8769.1503906,8770.0,8783.6503906,8736.0996094,184300.0
2016-10-04,8743.9501953,8806.3496094,8806.9501953,8731.4003906,157200.0
2016-10-05,8709.5498047,8768.7001953,8781.1503906,8684.6503906,163600.0
2016-10-06,8697.5996094,8721.7001953,8723.7001953,8663.7998047,150400.0
2016-10-09,8708.7998047,8735.3496094,8745.7998047,8703.9501953,108400.0
2016-10-12,8573.3496094,8671.5,8681.5498047,8541.3496094,212300.0
2016-10-13,8583.4003906,8594.0,8604.4501953,8549.7998047,162800.0
2016-10-16,8520.4003906,8612.9501953,8615.4003906,8506.1503906,197400.0
2016-10-17,8677.9003906,8556.0498047,8685.0996094,8555.9003906,216600.0
2016-10-18,8659.0996094,8697.5,8698.75,8636.7001953,172100.0
2016-10-19,8699.4003906,8693.3496094,8727.0,8678.2998047,161000.0
2016-10-20,8693.0498047,8708.5996094,8709.0996094,8652.0498047,157300.0
2016-10-23,8708.9501953,8709.8496094,8736.9501953,8684.1503906,157100.0
2016-10-24,8691.2998047,8721.7001953,8722.6503906,8663.4501953,189800.0
2016-10-25,8615.25,8657.2998047,8657.2998047,8596.5996094,219300.0
2016-10-26,8615.25,8607.0996094,8624.8496094,8550.25,242800.0
2016-10-27,8638.0,8625.0,8653.75,8581.75,175500.0
2016-10-31,8626.25,8653.1503906,8669.5996094,8614.5,165000.0
2016-11-01,8514.0,8542.7998047,8549.5,8504.8496094,155300.0
2016-11-02,8484.9501953,8499.8496094,8537.6503906,8476.1503906,170500.0
2016-11-03,8433.75,8503.5996094,8504.0,8400.25,224800.0
2016-11-06,8497.0498047,8535.75,8535.8496094,8481.4501953,172800.0
2016-11-07,8543.5498047,8540.0,8559.4003906,8480.0996094,195700.0
2016-11-08,8432.0,8067.5,8476.2001953,8002.25,314300.0
2016-11-09,8525.75,8555.5996094,8598.4501953,8510.7001953,263100.0
2016-11-10,8296.2998047,8456.6503906,8460.5996094,8284.9501953,266900.0
2016-11-14,8108.4501953,8284.8496094,8288.5498047,8093.2001953,359200.0
2016-11-15,8111.6000977,8205.6503906,8210.0498047,8089.3999023,269500.0
2016-11-16,8079.9501953,8105.1000977,8151.25,8060.2998047,191300.0
2016-11-17,8074.1000977,8097.5498047,8128.9501953,8048.2998047,161200.0
2016-11-20,7929.1000977,8102.1000977,8102.4501953,7916.3999023,218800.0
2016-11-21,8002.2998047,7989.1499023,8019.0498047,7938.1499023,210200.0
2016-11-22,8033.2998047,8051.2001953,8055.2001953,7973.1000977,181000.0
2016-11-23,7965.5,8011.7998047,8024.8500977,7952.5498047,260500.0
2016-11-24,8114.2998047,8007.9501953,8122.25,7976.75,177900.0
2016-11-27,8126.8999023,8080.6499023,8146.5,8066.5,189700.0
2016-11-28,8142.1499023,8131.5498047,8197.3496094,8128.7001953,189700.0
2016-11-29,8224.5,8172.1499023,8234.25,8139.25,248000.0
2016-11-30,8192.9003906,8244.0,8250.7998047,8185.0498047,157700.0
2016-12-01,8086.7998047,8153.5498047,8159.2998047,8070.0498047,171500.0
2016-12-04,8128.75,8088.75,8141.8999023,8056.8500977,126500.0
2016-12-05,8143.1499023,8153.1499023,8178.7001953,8130.8500977,115300.0
2016-12-06,8102.0498047,8168.3999023,8190.4501953,8077.5,169800.0
2016-12-07,8246.8496094,8152.1000977,8256.25,8151.75,142500.0
2016-12-08,8261.75,8271.7001953,8274.9501953,8241.9501953,149700.0
2016-12-11,8170.7998047,8230.6503906,8230.6503906,8154.4501953,108100.0
2016-12-12,8221.7998047,8196.1503906,8228.8496094,8155.7998047,184000.0
2016-12-13,8182.4501953,8229.3496094,8229.4003906,8165.1000977,144600.0
2016-12-14,8153.6000977,8128.3999023,8225.9003906,8121.9501953,181800.0
2016-12-15,8139.4501953,8178.2001953,8178.7001953,8127.4501953,203000.0
2016-12-18,8104.3500977,8126.0,8132.5,8094.8500977,107400.0
2016-12-19,8082.3999023,8110.6000977,8124.1000977,8062.75,128000.0
2016-12-20,8061.2998047,8105.8500977,8112.5498047,8053.25,123700.0
2016-12-21,7979.1000977,8043.8500977,8046.4501953,7964.9501953,122600.0
2016-12-22,7985.75,7972.5,8022.6000977,7942.0498047,124100.0
2016-12-25,7908.25,7965.1000977,7970.0498047,7893.7998047,106900.0
2016-12-26,8032.8500977,7915.0498047,8044.6499023,7903.7001953,118800.0
2016-12-27,8034.8500977,8047.5498047,8100.5498047,8028.3999023,126700.0
2016-12-28,8103.6000977,8030.6000977,8111.1000977,8020.7998047,178500.0
2016-12-29,8185.7998047,8119.6499023,8197.0,8114.75,127600.0
2017-01-01,8179.5,8210.0996094,8212.0,8133.7998047,118300.0
2017-01-02,8192.25,8196.0498047,8219.0996094,8148.6000977,127300.0
2017-01-03,8190.5,8202.6503906,8218.5,8180.8999023,132400.0
2017-01-04,8273.7998047,8226.6503906,8282.6503906,8223.7001953,159100.0
2017-01-05,8243.7998047,8281.8496094,8306.8496094,8233.25,139400.0
2017-01-08,8236.0498047,8259.3496094,8263.0,8227.75,99100.0
2017-01-09,8288.5996094,8262.7001953,8293.7998047,8261.0,142900.0
2017-01-10,8380.6503906,8327.7998047,8389.0,8322.25,186500.0
2017-01-11,8407.2001953,8391.0498047,8417.2001953,8382.2998047,172600.0
2017-01-12,8400.3496094,8457.6503906,8461.0498047,8373.1503906,185300.0
2017-01-15,8412.7998047,8390.9501953,8426.7001953,8374.4003906,124100.0
2017-01-16,8398.0,8415.0498047,8440.9003906,8378.2998047,122000.0
2017-01-17,8417.0,8403.8496094,8460.2998047,8397.4003906,163800.0
2017-01-18,8435.0996094,8418.4003906,8445.1503906,8404.0498047,165900.0
2017-01-19,8349.3496094,8404.3496094,8423.6503906,8340.9501953,202600.0
2017-01-22,8391.5,8329.5996094,8404.1503906,8327.2001953,195000.0
2017-01-23,8475.7998047,8407.0498047,8480.9501953,8398.1503906,179200.0
2017-01-24,8602.75,8499.4501953,8612.5996094,8493.9501953,292500.0
2017-01-26,8641.25,8610.5,8672.7001953,8606.9003906,275400.0
2017-01-29,8632.75,8635.5498047,8662.5996094,8617.75,304700.0
2017-01-30,8561.2998047,8629.4501953,8631.75,8552.4003906,521000.0
2017-01-31,8716.4003906,8570.3496094,8722.4003906,8537.5,327700.0
2017-02-01,8734.25,8724.75,8757.5996094,8685.7998047,283500.0
2017-02-02,8740.9501953,8735.1503906,8748.25,8707.75,191000.0
2017-02-05,8801.0498047,8785.4501953,8814.0996094,8770.2001953,194400.0
2017-02-06,8768.2998047,8805.7001953,8809.2998047,8741.0498047,226300.0
2017-02-07,8769.0498047,8774.5498047,8791.25,8715.0,218700.0
2017-02-08,8778.4003906,8795.5498047,8821.4003906,8724.0996094,187500.0
2017-02-09,8793.5498047,8812.3496094,8822.0996094,8771.2001953,225900.0
2017-02-12,8805.0498047,8819.7998047,8826.9003906,8754.2001953,204900.0
2017-02-13,8792.2998047,8819.9003906,8820.4501953,8772.5,188300.0
2017-02-14,8724.7001953,8778.9501953,8807.9003906,8712.8496094,216100.0
2017-02-15,8778.0,8739.0,8783.9501953,8719.5996094,184600.0
2017-02-16,8821.7001953,8883.7001953,8896.4501953,8804.25,298300.0
2017-02-19,8879.2001953,8818.5498047,8886.25,8809.7998047,167800.0
2017-02-20,8907.8496094,8890.75,8920.7998047,8860.9501953,175700.0
2017-02-21,8926.9003906,8931.5996094,8960.75,8905.25,247100.0
2017-02-22,8939.5,8956.4003906,8982.1503906,8927.5498047,377200.0
2017-02-26,8896.7001953,8943.7001953,8951.7998047,8888.6503906,189900.0
2017-02-27,8879.5996094,8898.9501953,8914.75,8867.5996094,293600.0
2017-02-28,8945.7998047,8904.4003906,8960.7998047,8898.5996094,205900.0
2017-03-01,8899.75,8982.8496094,8992.5,8879.7998047,218800.0
2017-03-02,8897.5498047,8883.5,8907.0996094,8860.0996094,202600.0
2017-03-05,8963.4501953,8915.0996094,8967.7998047,8914.0,174800.0
2017-03-06,8946.9003906,8977.75,8977.8496094,8932.7998047,173400.0
2017-03-07,8924.2998047,8950.7001953,8957.0498047,8891.9501953,177800.0
2017-03-08,8927.0,8914.5,8945.7998047,8899.5,171500.0
2017-03-09,8934.5498047,8953.7001953,8975.7001953,8903.9501953,152700.0
2017-03-13,9087.0,9091.6503906,9122.75,9060.5,270300.0
2017-03-14,9084.7998047,9086.8496094,9106.5498047,9075.5,240600.0
2017-03-15,9153.7001953,9129.6503906,9158.4501953,9128.5498047,208600.0
2017-03-16,9160.0498047,9207.7998047,9218.4003906,9147.5996094,286700.0
2017-03-19,9126.8496094,9166.9501953,9167.5996094,9116.2998047,332100.0
2017-03-20,9121.5,9133.9501953,9147.75,9087.2001953,247700.0
2017-03-21,9030.4501953,9047.2001953,9072.9003906,9019.2998047,232300.0
2017-03-22,9086.2998047,9048.75,9099.0498047,9048.5996094,191800.0
2017-03-23,9108.0,9104.0,9133.5498047,9089.4003906,203700.0
2017-03-26,9045.2001953,9093.4501953,9094.8496094,9024.6503906,202700.0
2017-03-27,9100.7998047,9081.5,9110.4003906,9079.7998047,183300.0
2017-03-28,9143.7998047,9128.7001953,9153.1503906,9109.0996094,243400.0
2017-03-29,9173.75,9142.5996094,9183.1503906,9136.3496094,323400.0
2017-03-30,9173.75,9158.9003906,9191.7001953,9152.0996094,190900.0
2017-04-02,9237.8496094,9220.5996094,9245.3496094,9192.4003906,139100.0
2017-04-04,9265.1503906,9264.4003906,9273.9003906,9215.4003906,184800.0
2017-04-05,9261.9501953,9245.7998047,9267.9501953,9218.8496094,186100.0
2017-04-06,9198.2998047,9223.7001953,9250.5,9188.0996094,190000.0
2017-04-09,9181.4501953,9225.5996094,9225.6503906,9174.8496094,135800.0
2017-04-10,9237.0,9184.5498047,9242.7001953,9172.8496094,200100.0
2017-04-11,9203.4501953,9242.5,9246.4003906,9161.7998047,161800.0
2017-04-12,9150.7998047,9202.5,9202.6503906,9144.9501953,166500.0
2017-04-16,9139.2998047,9144.75,9160.0,9120.25,0.0
2017-04-17,9105.1503906,9163.0,9217.9003906,9095.4501953,174200.0
2017-04-18,9103.5,9112.2001953,9120.5,9075.1503906,173700.0
2017-04-19,9136.4003906,9108.0996094,9143.9003906,9102.6503906,170300.0
2017-04-20,9119.4003906,9179.0996094,9183.6503906,9088.75,155200.0
2017-04-23,9217.9501953,9135.3496094,9225.4003906,9130.5498047,167700.0
2017-04-24,9306.5996094,9273.0498047,9309.2001953,9250.3496094,168700.0
2017-04-25,9351.8496094,9336.2001953,9367.0,9301.3496094,185700.0
2017-04-26,9342.1503906,9359.1503906,9367.1503906,9322.6503906,209400.0
2017-04-27,9304.0498047,9340.9501953,9342.6503906,9282.25,162200.0
2017-05-01,9313.7998047,9339.8496094,9352.5498047,9269.9003906,161600.0
2017-05-02,9311.9501953,9344.7001953,9346.2998047,9298.4003906,151600.0
2017-05-03,9359.9003906,9360.9501953,9365.6503906,9323.25,269600.0
2017-05-04,9285.2998047,9374.5498047,9377.0996094,9272.0,231900.0
2017-05-07,9314.0498047,9311.4501953,9338.7001953,9297.9501953,174300.0
2017-05-08,9316.8496094,9337.3496094,9338.9501953,9307.7001953,132300.0
2017-05-09,9407.2998047,9339.6503906,9414.75,9336.0,152700.0
2017-05-10,9422.4003906,9448.5996094,9450.6503906,9411.2998047,171100.0
2017-05-11,9400.9003906,9436.6503906,9437.75,9372.5498047,154300.0
2017-05-14,9445.4003906,9433.5498047,9449.25,9423.0996094,140800.0
2017-05-15,9512.25,9461.0,9517.2001953,9456.3496094,166500.0
2017-05-16,9525.75,9517.5996094,9532.5996094,9486.0996094,205500.0
2017-05-17,9429.4501953,9453.2001953,9489.0996094,9418.0996094,193300.0
2017-05-18,9427.9003906,9469.9003906,9505.75,9390.75,252100.0
2017-05-21,9438.25,9480.25,9498.6503906,9427.9003906,196800.0
2017-05-22,9386.1503906,9445.0498047,9448.0498047,9370.0,224400.0
2017-05-23,9360.5498047,9410.9003906,9431.9003906,9341.6503906,211800.0
2017-05-24,9509.75,9384.0498047,9523.2998047,9379.2001953,289200.0
2017-05-25,9595.0996094,9507.75,9604.9003906,9495.4003906,218800.0
2017-05-28,9604.9003906,9560.0498047,9637.75,9547.7001953,235000.0
2017-05-29,9624.5498047,9590.6503906,9635.2998047,9581.2001953,193900.0
2017-05-30,9621.25,9636.5498047,9649.5996094,9609.25,414300.0
2017-05-31,9616.0996094,9603.5498047,9634.6503906,9589.9003906,176100.0
2017-06-01,9653.5,9657.1503906,9673.5,9637.4501953,162200.0
2017-06-04,9675.0996094,9656.2998047,9687.2001953,9640.7001953,127700.0
2017-06-05,9637.1503906,9704.25,9709.2998047,9630.2001953,145900.0
2017-06-06,9663.9003906,9663.9501953,9678.5498047,9630.5498047,160700.0
2017-06-07,9647.25,9682.4003906,9688.7001953,9641.5,155400.0
2017-06-08,9668.25,9638.5498047,9676.25,9608.1503906,159000.0
2017-06-11,9616.4003906,9646.7001953,9647.0498047,9598.5,141400.0
2017-06-12,9606.9003906,9615.5498047,9654.1503906,9595.4003906,129700.0
2017-06-13,9618.1503906,9621.5498047,9627.4003906,9580.4501953,181800.0
2017-06-14,9578.0498047,9617.9003906,9621.4003906,9560.7998047,171100.0
2017-06-15,9588.0498047,9595.4501953,9615.8496094,9565.5,213200.0
2017-06-18,9657.5498047,9626.4003906,9673.2998047,9614.9003906,141700.0
2017-06-19,9653.5,9670.5,9676.5,9643.75,159500.0
2017-06-20,9633.5996094,9648.0996094,9650.4501953,9608.5996094,144000.0
2017-06-21,9630.0,9642.6503906,9698.8496094,9617.75,198800.0
2017-06-22,9574.9501953,9643.25,9647.6503906,9565.2998047,175200.0
2017-06-26,9511.4003906,9594.0498047,9615.4003906,9473.4501953,203300.0
2017-06-27,9491.25,9520.2001953,9522.5,9474.3496094,172400.0
2017-06-28,9504.0996094,9522.9501953,9575.7998047,9493.7998047,259300.0
2017-06-29,9520.9003906,9478.5,9535.7998047,9448.75,179600.0
2017-07-02,9615.0,9587.9501953,9624.0,9543.5498047,183000.0
2017-07-03,9613.2998047,9645.9003906,9650.6503906,9595.5,144800.0
2017-07-04,9637.5996094,9619.75,9643.6503906,9607.3496094,130800.0
2017-07-05,9674.5498047,9653.5996094,9700.7001953,9639.9501953,147400.0
2017-07-06,9665.7998047,9670.3496094,9684.25,9642.6503906,141800.0
2017-07-09,9771.0498047,9719.2998047,9782.1503906,9646.4501953,37500.0
2017-07-10,9786.0498047,9797.4501953,9830.0498047,9778.8496094,179700.0
2017-07-11,9816.0996094,9807.2998047,9824.9501953,9787.7001953,145500.0
2017-07-12,9891.7001953,9855.7998047,9897.25,9853.4501953,181300.0
2017-07-13,9886.3496094,9913.2998047,9913.2998047,9845.4501953,159600.0
2017-07-16,9915.9501953,9908.1503906,9928.2001953,9894.7001953,163500.0
2017-07-17,9827.1503906,9832.7001953,9885.3496094,9792.0498047,293900.0
2017-07-18,9899.5996094,9855.9501953,9905.0498047,9851.6503906,200200.0
2017-07-19,9873.2998047,9920.2001953,9922.5498047,9863.4501953,161100.0
2017-07-20,9915.25,9899.5996094,9924.7001953,9838.0,187500.0
2017-07-23,9966.4003906,9936.7998047,9982.0498047,9919.5996094,174500.0
2017-07-24,9964.5498047,10010.5498047,10011.2998047,9949.0996094,185500.0
2017-07-25,10020.6503906,9983.6503906,10025.9501953,9965.9501953,197600.0
2017-07-26,10020.5498047,10063.25,10114.8496094,10005.5,287900.0
2017-07-27,10014.5,9996.5498047,10026.0498047,9944.5,191600.0
2017-07-30,10077.0996094,10034.7001953,10085.9003906,10016.9501953,237700.0
2017-07-31,10114.6503906,10101.0498047,10128.5996094,10065.75,184300.0
2017-08-01,10081.5,10136.2998047,10137.8496094,10054.2001953,161500.0
2017-08-02,10013.6503906,10081.1503906,10081.1503906,9998.25,192700.0
2017-08-03,10066.4003906,10008.5996094,10075.25,9988.3496094,178600.0
2017-08-06,10057.4003906,10074.7998047,10088.0996094,10046.3496094,137400.0
2017-08-07,9978.5498047,10068.3496094,10083.7998047,9947.0,203300.0
2017-08-08,9908.0498047,9961.1503906,9969.7998047,9893.0498047,169200.0
2017-08-09,9820.25,9872.8496094,9892.6503906,9776.2001953,235500.0
2017-08-10,9710.7998047,9712.1503906,9771.6503906,9685.5498047,285900.0
2017-08-13,9794.1503906,9755.75,9818.2998047,9752.0996094,195600.0
2017-08-15,9897.2998047,9825.8496094,9903.9501953,9773.8496094,219500.0
2017-08-16,9904.1503906,9945.5498047,9947.7998047,9883.75,197600.0
2017-08-17,9837.4003906,9865.9501953,9865.9501953,9783.6503906,246300.0
2017-08-20,9754.3496094,9864.25,9884.3496094,9740.0996094,205300.0
2017-08-21,9765.5498047,9815.75,9828.4501953,9752.5996094,183600.0
2017-08-22,9852.5,9803.0498047,9857.9003906,9786.75,168600.0
2017-08-23,9857.0498047,9881.2001953,9881.5,9848.8496094,184700.0
2017-08-27,9912.7998047,9907.1503906,9925.75,9882.0,159600.0
2017-08-28,9796.0498047,9886.4003906,9887.3496094,9783.75,173300.0
2017-08-29,9884.4003906,9859.5,9909.4501953,9850.7998047,157800.0
2017-08-30,9917.9003906,9905.7001953,9925.0996094,9856.9501953,327700.0
2017-08-31,9974.4003906,9937.6503906,9983.4501953,9909.8496094,157800.0
2017-09-03,9912.8496094,9984.1503906,9988.4003906,9861.0,148800.0
2017-09-04,9952.2001953,9933.25,9963.0996094,9901.0498047,139200.0
2017-09-05,9916.2001953,9899.25,9931.5498047,9882.5498047,149200.0
2017-09-06,9929.9003906,9945.8496094,9964.8496094,9917.2001953,188800.0
2017-09-07,9934.7998047,9958.6503906,9963.5996094,9913.2998047,163600.0
2017-09-10,10006.0498047,9971.75,10028.6503906,9968.7998047,173000.0
2017-09-11,10093.0498047,10056.8496094,10097.5498047,10028.0498047,182600.0
2017-09-12,10079.2998047,10099.25,10131.9501953,10063.1503906,215000.0
2017-09-13,10086.5996094,10107.4003906,10126.5,10070.3496094,225600.0
2017-09-14,10085.4003906,10062.3496094,10115.1503906,10043.6503906,266600.0
2017-09-17,10153.0996094,10133.0996094,10171.7001953,10131.2998047,156100.0
2017-09-18,10147.5498047,10175.5996094,10178.9501953,10129.9501953,187500.0
2017-09-19,10141.1503906,10160.9501953,10171.0498047,10134.2001953,199400.0
2017-09-20,10121.9003906,10139.5996094,10158.9003906,10058.5996094,191800.0
2017-09-21,9964.4003906,10094.3496094,10095.0498047,9952.7998047,226600.0
2017-09-24,9872.5996094,9960.0996094,9960.5,9816.0498047,221400.0
2017-09-25,9871.5,9875.25,9891.3496094,9813.0,190900.0
2017-09-26,9735.75,9920.5996094,9921.0498047,9714.4003906,200100.0
2017-09-27,9768.9501953,9736.4003906,9789.2001953,9687.5498047,385000.0
2017-09-28,9788.5996094,9814.2998047,9854.0,9775.3496094,196300.0
2017-10-02,9859.5,9893.2998047,9895.4003906,9831.0498047,162800.0
2017-10-03,9914.9003906,9884.3496094,9938.2998047,9850.6503906,156200.0
2017-10-04,9888.7001953,9927.0,9945.9501953,9881.8496094,147800.0
2017-10-05,9979.7001953,9908.1503906,9989.3496094,9906.5996094,195800.0
2017-10-08,9988.75,9988.2001953,10015.75,9959.4501953,143900.0
2017-10-09,10016.9501953,10013.7001953,10034.0,10002.2998047,148600.0
2017-10-10,9984.7998047,10042.5996094,10067.25,9955.7998047,189700.0
2017-10-11,10096.4003906,10011.2001953,10104.4501953,9977.0996094,200900.0
2017-10-12,10167.4501953,10123.7001953,10191.9003906,10120.0996094,230100.0
2017-10-15,10230.8496094,10207.4003906,10242.9501953,10175.0996094,203000.0
2017-10-16,10234.4501953,10227.6503906,10251.8496094,10212.5996094,195700.0
2017-10-17,10210.8496094,10209.4003906,10236.4501953,10175.75,254200.0
2017-10-18,10146.5498047,10210.3496094,10211.9501953,10123.3496094,30200.0
2017-10-22,10184.8496094,10176.6503906,10224.1503906,10124.5,218100.0
2017-10-23,10207.7001953,10218.5498047,10237.75,10182.4003906,217200.0
2017-10-24,10295.3496094,10321.1503906,10340.5498047,10240.9003906,594200.0
2017-10-25,10343.7998047,10291.7998047,10355.6503906,10271.8496094,429700.0
2017-10-26,10323.0498047,10362.2998047,10366.1503906,10311.2998047,312700.0
2017-10-29,10363.6503906,10353.8496094,10384.5,10344.2998047,236900.0
2017-10-30,10335.2998047,10364.9003906,10367.7001953,10323.9501953,232600.0
2017-10-31,10440.5,10390.3496094,10451.6503906,10383.0498047,260300.0
2017-11-01,10423.7998047,10440.5,10453.0,10412.5498047,201500.0
2017-11-02,10452.5,10461.5498047,10461.7001953,10403.5996094,199900.0
2017-11-05,10451.7998047,10431.75,10490.4501953,10413.75,193600.0
2017-11-06,10350.1503906,10477.1503906,10485.75,10340.7998047,286900.0
2017-11-07,10303.1503906,10361.9501953,10384.25,10285.5,274500.0
2017-11-08,10308.9501953,10358.6503906,10368.4501953,10266.9501953,240200.0
2017-11-09,10321.75,10304.3496094,10344.9501953,10254.0996094,279400.0
2017-11-12,10224.9501953,10322.0,10334.1503906,10216.25,210300.0
2017-11-13,10186.5996094,10223.4003906,10248.0,10175.5498047,305000.0
2017-11-14,10118.0498047,10171.9501953,10175.4501953,10094.0,207400.0
2017-11-15,10214.75,10152.9003906,10232.25,10139.2001953,182600.0
2017-11-16,10283.5996094,10324.5498047,10343.5996094,10268.0498047,203300.0
2017-11-19,10298.75,10287.2001953,10309.8496094,10261.5,147200.0
2017-11-20,10326.9003906,10329.25,10358.7001953,10315.0498047,186100.0
2017-11-21,10342.2998047,10350.7998047,10368.7001953,10309.5498047,157600.0
2017-11-22,10348.75,10358.4501953,10374.2998047,10307.2998047,153000.0
2017-11-23,10389.7001953,10366.7998047,10404.5,10362.25,129200.0
2017-11-26,10399.5498047,10361.0498047,10407.1503906,10340.2001953,141900.0
2017-11-27,10370.25,10387.9003906,10409.5498047,10355.2001953,196000.0
2017-11-28,10361.2998047,10376.6503906,10392.9501953,10345.9003906,152500.0
2017-11-29,10226.5498047,10332.7001953,10332.7001953,10211.25,342500.0
2017-11-30,10121.7998047,10263.7001953,10272.7001953,10108.5498047,143400.0
2017-12-03,10127.75,10175.0498047,10179.2001953,10095.7001953,148600.0
2017-12-04,10118.25,10118.25,10147.9501953,10069.0996094,155500.0
2017-12-05,10044.0996094,10088.7998047,10104.2001953,10033.3496094,166100.0
2017-12-06,10166.7001953,10063.4501953,10182.6503906,10061.9003906,166200.0
2017-12-07,10265.6503906,10198.4501953,10270.8496094,10195.25,200000.0
2017-12-10,10322.25,10310.5,10329.2001953,10282.0498047,147400.0
2017-12-11,10240.1503906,10324.9003906,10326.0996094,10230.2001953,175100.0
2017-12-12,10192.9501953,10236.5996094,10296.5498047,10169.8496094,181600.0
2017-12-13,10252.0996094,10229.2998047,10276.0996094,10141.5498047,154300.0
2017-12-14,10333.25,10345.6503906,10373.0996094,10319.6503906,255100.0
2017-12-17,10388.75,10263.0996094,10443.5498047,10074.7998047,230400.0
2017-12-18,10463.2001953,10414.7998047,10472.2001953,10406.0,169100.0
2017-12-19,10444.2001953,10494.4003906,10494.4501953,10437.1503906,175200.0
2017-12-20,10440.2998047,10473.9501953,10473.9501953,10426.9003906,151900.0
2017-12-21,10493.0,10457.2998047,10501.0996094,10448.25,138800.0
2017-12-25,10531.5,10512.2998047,10545.4501953,10477.9501953,155600.0
2017-12-26,10490.75,10531.0498047,10552.4003906,10469.25,165200.0
2017-12-27,10477.9003906,10498.2001953,10534.5498047,10460.4501953,272900.0
2017-12-28,10530.7001953,10492.3496094,10538.7001953,10488.6503906,152000.0
2018-01-01,10442.2001953,10477.5498047,10495.2001953,10404.6503906,153400.0
2018-01-02,10443.2001953,10482.6503906,10503.5996094,10429.5498047,167300.0
2018-01-03,10504.7998047,10469.4003906,10513.0,10441.4501953,174900.0
2018-01-04,10558.8496094,10534.25,10566.0996094,10520.0996094,180900.0
2018-01-07,10623.5996094,10591.7001953,10631.2001953,10588.5498047,169000.0
2018-01-08,10637.0,10645.0996094,10659.1503906,10603.5996094,205000.0
2018-01-09,10632.2001953,10652.0498047,10655.5,10592.7001953,176400.0
2018-01-10,10651.2001953,10637.0498047,10664.5996094,10612.3496094,153800.0
2018-01-11,10681.25,10682.5498047,10690.4003906,10597.0996094,175200.0
2018-01-14,10741.5498047,10718.5,10782.6503906,10713.7998047,175900.0
2018-01-15,10700.4501953,10761.5,10762.3496094,10687.8496094,211000.0
2018-01-16,10788.5498047,10702.4501953,10803.0,10666.75,252700.0
2018-01-17,10817.0,10873.4003906,10887.5,10782.4003906,312000.0
2018-01-18,10894.7001953,10829.2001953,10906.8496094,10793.9003906,207600.0
2018-01-21,10966.2001953,10883.2001953,10975.0996094,10881.4003906,231600.0
2018-01-22,11083.7001953,10997.4003906,11092.9003906,10994.5498047,284600.0
2018-01-23,11086.0,11069.3496094,11110.0996094,11046.1503906,283400.0
2018-01-24,11069.6503906,11095.5996094,11095.5996094,11009.2001953,330300.0
2018-01-28,11130.4003906,11079.3496094,11171.5498047,11075.9501953,241700.0
2018-01-29,11049.6503906,11120.8496094,11121.0996094,11033.9003906,228000.0
2018-01-30,11027.7001953,11018.7998047,11058.5,10979.2998047,245900.0
2018-01-31,11016.9003906,11044.5498047,11117.3496094,10878.7998047,306200.0
2018-02-01,10760.5996094,10938.2001953,10954.9501953,10736.0996094,282700.0
2018-02-04,10666.5498047,10604.2998047,10702.75,10586.7998047,240100.0
2018-02-05,10498.25,10295.1503906,10594.1503906,10276.2998047,266500.0
2018-02-06,10476.7001953,10607.2001953,10614.0,10446.4003906,250400.0
2018-02-07,10576.8496094,10518.5,10637.7998047,10479.5498047,232200.0
2018-02-08,10454.9501953,10416.5,10480.2001953,10398.2001953,191600.0
2018-02-11,10539.75,10518.2001953,10555.5,10485.4003906,217400.0
2018-02-13,10500.9003906,10585.75,10590.5498047,10456.6503906,229200.0
2018-02-14,10545.5,10537.9003906,10618.0996094,10511.0498047,210600.0
2018-02-15,10452.2998047,10596.2001953,10612.9003906,10434.0498047,184300.0
2018-02-18,10378.4003906,10488.9003906,10489.3496094,10302.75,187300.0
2018-02-19,10360.4003906,10391.0,10429.3496094,10347.6503906,187700.0
2018-02-20,10397.4501953,10426.0,10426.0996094,10349.5996094,234100.0
2018-02-21,10382.7001953,10354.3496094,10397.5498047,10340.6503906,313600.0
2018-02-22,10491.0498047,10408.0996094,10499.0996094,10396.6503906,210600.0
2018-02-25,10582.5996094,10526.5498047,10592.9501953,10520.2001953,171900.0
2018-02-26,10554.2998047,10615.2001953,10631.6503906,10537.25,187500.0
2018-02-27,10492.8496094,10488.9501953,10535.5,10461.5498047,286000.0
2018-02-28,10458.3496094,10479.9501953,10525.5,10447.1503906,176000.0
2018-03-04,10358.8496094,10428.2998047,10428.7001953,10323.9003906,194000.0
2018-03-05,10249.25,10420.5,10441.3496094,10215.9003906,222900.0
2018-03-06,10154.2001953,10232.9501953,10243.3496094,10141.5498047,249500.0
2018-03-07,10242.6503906,10216.25,10270.3496094,10146.4003906,226400.0
2018-03-08,10226.8496094,10271.2998047,10296.7001953,10211.9003906,186500.0
2018-03-11,10421.4003906,10301.5996094,10433.6503906,10295.4501953,216400.0
2018-03-12,10426.8496094,10389.5,10478.5996094,10377.8496094,266700.0
2018-03-13,10410.9003906,10393.0498047,10420.3496094,10336.2998047,181400.0
2018-03-14,10360.1503906,10405.4501953,10420.0,10346.2001953,173900.0
2018-03-15,10195.1503906,10345.1503906,10346.2998047,10180.25,328500.0
2018-03-18,10094.25,10215.3496094,10224.5498047,10075.2998047,210200.0
2018-03-19,10124.3496094,10051.5498047,10155.6503906,10049.0996094,203000.0
2018-03-20,10155.25,10181.9501953,10227.2998047,10132.9501953,204800.0
2018-03-21,10114.75,10167.5,10207.8496094,10105.4003906,230500.0
2018-03-22,9998.0498047,9968.7998047,10027.7001953,9951.9003906,285700.0
2018-03-25,10130.6503906,9989.1503906,10143.5,9958.5498047,262600.0
2018-03-26,10184.1503906,10188.0,10207.9003906,10139.6503906,225700.0
2018-03-27,10113.7001953,10143.5996094,10158.3496094,10096.9003906,344400.0
2018-04-01,10211.7998047,10151.6503906,10220.0996094,10127.75,225400.0
2018-04-02,10245.0,10186.8496094,10255.3496094,10171.0498047,205300.0
2018-04-03,10128.4003906,10274.5996094,10279.8496094,10111.2998047,231100.0
2018-04-04,10325.1503906,10228.4501953,10331.7998047,10227.4501953,236800.0
2018-04-05,10331.5996094,10322.75,10350.4501953,10290.8496094,200200.0
2018-04-08,10379.3496094,10333.7001953,10397.7001953,10328.5,221600.0
2018-04-09,10402.25,10412.9003906,10424.8496094,10381.5,251700.0
2018-04-10,10417.1503906,10428.1503906,10428.1503906,10355.5996094,250400.0
2018-04-11,10458.6503906,10410.6503906,10469.9003906,10395.25,238600.0
2018-04-12,10480.5996094,10495.2998047,10519.9003906,10451.4501953,213100.0
2018-04-15,10528.3496094,10398.2998047,10540.1503906,10396.3496094,195000.0
2018-04-16,10548.7001953,10557.2998047,10560.4501953,10495.6503906,206100.0
2018-04-17,10526.2001953,10578.9003906,10594.2001953,10509.7001953,205400.0
2018-04-18,10565.2998047,10563.6503906,10572.2001953,10546.2001953,262600.0
2018-04-19,10564.0498047,10560.3496094,10582.3496094,10527.4501953,244600.0
2018-04-22,10584.7001953,10592.7998047,10638.3496094,10514.9501953,194200.0
2018-04-23,10614.3496094,10578.0996094,10636.7998047,10569.0,219200.0
2018-04-24,10570.5498047,10612.4003906,10612.5996094,10536.4501953,189200.0
2018-04-25,10617.7998047,10586.5,10628.4003906,10559.6503906,335100.0
2018-04-26,10692.2998047,10651.6503906,10719.7998047,10647.5498047,0.0
2018-04-29,10739.3496094,10705.75,10759.0,10704.5996094,173800.0
2018-05-01,10718.0498047,10783.8496094,10784.6503906,10689.7998047,229700.0
2018-05-02,10679.6503906,10720.1503906,10720.5996094,10647.4501953,185200.0
2018-05-03,10618.25,10700.4501953,10700.4501953,10601.5996094,186500.0
2018-05-06,10715.5,10653.1503906,10725.6503906,10635.6503906,168400.0
2018-05-07,10717.7998047,10757.9003906,10758.5498047,10689.4003906,269800.0
2018-05-08,10741.7001953,10693.3496094,10766.25,10689.8496094,215400.0
2018-05-09,10716.5498047,10779.6503906,10785.5498047,10705.0,192100.0
2018-05-10,10806.5,10741.9501953,10812.0498047,10724.4501953,203100.0
2018-05-13,10806.5996094,10815.1503906,10834.8496094,10774.75,171400.0
2018-05-14,10801.8496094,10812.5996094,10929.2001953,10781.4003906,254300.0
2018-05-15,10741.0996094,10751.9501953,10790.4501953,10699.7001953,231100.0
2018-05-16,10682.7001953,10775.5996094,10777.25,10664.5,214100.0
2018-05-17,10596.4003906,10671.8496094,10674.9501953,10589.0996094,223000.0
2018-05-20,10516.7001953,10616.7001953,10621.7001953,10505.7998047,0.0
2018-05-21,10536.7001953,10518.4501953,10558.5996094,10490.5498047,241700.0
2018-05-22,10430.3496094,10521.0996094,10533.5498047,10417.7998047,290900.0
2018-05-23,10513.8496094,10464.8496094,10535.1503906,10419.7998047,297600.0
2018-05-24,10605.1503906,10533.0498047,10628.0498047,10524.0,260800.0
2018-05-27,10688.6503906,10648.3496094,10709.7998047,10640.5498047,232600.0
2018-05-28,10633.2998047,10689.4003906,10717.25,10616.0996094,225800.0
2018-05-29,10614.3496094,10579.0,10648.7001953,10558.4501953,238700.0
2018-05-30,10736.1503906,10670.0996094,10763.7998047,10620.4003906,610300.0
2018-05-31,10696.2001953,10738.4501953,10764.75,10681.5,220600.0
2018-06-03,10628.5,10765.9501953,10770.2998047,10618.3496094,203800.0
2018-06-04,10593.1503906,10630.7001953,10633.1503906,10550.9003906,167700.0
2018-06-05,10684.6503906,10603.4501953,10698.3496094,10587.5,189900.0
2018-06-06,10768.3496094,10722.5996094,10818.0,10722.5996094,220900.0
2018-06-07,10767.6503906,10736.4003906,10779.4501953,10709.0498047,209400.0
2018-06-10,10786.9501953,10781.8496094,10850.5498047,10777.0498047,211400.0
2018-06-11,10842.8496094,10816.1503906,10856.5498047,10789.4003906,198300.0
2018-06-12,10856.7001953,10887.5,10893.25,10842.6503906,213400.0
2018-06-13,10808.0498047,10832.9003906,10833.7001953,10773.5498047,184300.0
2018-06-14,10817.7001953,10808.6503906,10834.0,10755.4003906,305400.0
2018-06-17,10799.8496094,10830.2001953,10830.2001953,10787.3496094,196600.0
2018-06-18,10710.4501953,10789.4501953,10789.4501953,10701.2001953,224500.0
2018-06-19,10772.0498047,10734.6503906,10781.7998047,10724.0498047,193500.0
2018-06-20,10741.0996094,10808.4501953,10809.5996094,10725.9003906,223600.0
2018-06-21,10821.8496094,10742.7001953,10837.0,10710.4501953,229800.0
2018-06-24,10762.4501953,10822.9003906,10831.0498047,10753.0498047,229600.0
2018-06-25,10769.1503906,10742.7001953,10805.25,10732.5498047,220000.0
2018-06-26,10671.4003906,10785.5,10785.5,10652.4003906,246000.0
2018-06-27,10589.0996094,10660.7998047,10674.2001953,10557.7001953,352300.0
2018-06-28,10714.2998047,10612.8496094,10723.0498047,10612.3496094,242800.0
2018-07-01,10657.2998047,10732.3496094,10736.1503906,10604.6503906,295400.0
2018-07-02,10699.9003906,10668.5996094,10713.2998047,10630.25,202100.0
2018-07-03,10769.9003906,10715.0,10777.1503906,10677.75,173900.0
2018-07-04,10749.75,10786.0498047,10786.0498047,10726.25,220500.0
2018-07-05,10772.6503906,10744.1503906,10816.3496094,10735.0498047,0.0
2018-07-08,10852.9003906,10838.2998047,10860.3496094,10807.1503906,183600.0
2018-07-09,10947.25,10902.75,10956.9003906,10876.6503906,197000.0
2018-07-10,10948.2998047,10956.4003906,10976.6503906,10923.0,222300.0
2018-07-11,11023.2001953,11006.9501953,11078.2998047,10999.6503906,248300.0
2018-07-12,11018.9003906,11056.9003906,11071.3496094,10999.75,0.0
2018-07-15,10936.8496094,11018.9501953,11019.5,10926.25,210500.0
2018-07-16,11008.0498047,10939.6503906,11018.5,10925.5996094,210600.0
2018-07-17,10980.4501953,11060.2001953,11076.2001953,10956.2998047,225500.0
2018-07-18,10957.0996094,10999.5,11006.5,10935.4501953,215400.0
2018-07-19,11010.2001953,10963.5,11030.25,10946.2001953,187300.0
2018-07-22,11084.75,11019.8496094,11093.4003906,11010.9501953,229100.0
2018-07-23,11134.2998047,11109.0,11143.4003906,11092.5,205800.0
2018-07-24,11132.0,11148.4003906,11157.1503906,11113.25,205900.0
2018-07-25,11167.2998047,11132.9501953,11185.8496094,11125.7001953,365400.0
2018-07-26,11278.3496094,11232.75,11283.4003906,11210.25,314600.0
2018-07-29,11319.5498047,11296.6503906,11328.0996094,11261.4501953,278800.0
2018-07-30,11356.5,11311.0498047,11366.0,11267.75,256500.0
2018-07-31,11346.2001953,11359.7998047,11390.5498047,11313.5498047,269700.0
2018-08-01,11244.7001953,11328.9003906,11328.9003906,11234.9501953,210000.0
2018-08-02,11360.7998047,11297.7998047,11368.0,11294.5498047,218300.0
2018-08-05,11387.0996094,11401.5,11427.6503906,11370.5996094,203700.0
2018-08-06,11389.4501953,11423.1503906,11428.9501953,11359.7001953,226400.0
2018-08-07,11450.0,11412.5,11459.9501953,11379.2998047,210500.0
2018-08-08,11470.7001953,11493.25,11495.2001953,11454.0996094,302200.0
2018-08-09,11429.5,11474.9501953,11478.75,11419.6503906,0.0
2018-08-12,11355.75,11369.5996094,11406.2998047,11340.2998047,246900.0
2018-08-13,11435.0996094,11381.7001953,11452.4501953,11370.7998047,232600.0
2018-08-15,11385.0498047,11397.1503906,11449.8496094,11366.25,290600.0
2018-08-16,11470.75,11437.1503906,11486.4501953,11431.7998047,234700.0
2018-08-19,11551.75,11502.0996094,11565.2998047,11499.6503906,232600.0
2018-08-20,11570.9003906,11576.2001953,11581.75,11539.5996094,224200.0
2018-08-22,11582.75,11620.7001953,11620.7001953,11546.7001953,248500.0
2018-08-23,11557.0996094,11566.5996094,11604.5996094,11532.0,218800.0
2018-08-26,11691.9501953,11605.8496094,11700.9501953,11595.5996094,199500.0
2018-08-27,11738.5,11731.9501953,11760.2001953,11710.5,241900.0
2018-08-28,11691.9003906,11744.9501953,11753.2001953,11678.8496094,251600.0
2018-08-29,11676.7998047,11694.75,11698.7998047,11639.7001953,313800.0
2018-08-30,11680.5,11675.8496094,11727.6503906,11640.0996094,346500.0
2018-09-02,11582.3496094,11751.7998047,11751.7998047,11567.4003906,234400.0
2018-09-03,11520.2998047,11598.75,11602.5498047,11496.8496094,254800.0
2018-09-04,11476.9501953,11514.8496094,11542.6503906,11393.8496094,246100.0
2018-09-05,11536.9003906,11514.1503906,11562.25,11436.0498047,247900.0
2018-09-06,11589.0996094,11558.25,11603.0,11484.4003906,295900.0
2018-09-09,11438.0996094,11570.25,11573.0,11427.2998047,286700.0
2018-09-10,11287.5,11476.8496094,11479.4003906,11274.0,0.0
2018-09-11,11369.9003906,11340.0996094,11380.75,11250.2001953,268200.0
2018-09-13,11515.2001953,11443.5,11523.25,11430.5498047,276600.0
2018-09-16,11377.75,11464.9501953,11464.9501953,11366.9003906,201400.0
2018-09-17,11278.9003906,11381.5498047,11411.4501953,11268.9501953,240900.0
2018-09-18,11234.3496094,11326.6503906,11332.0498047,11210.9003906,250600.0
2018-09-20,11143.0996094,11271.2998047,11346.7998047,10866.4501953,719000.0
2018-09-23,10967.4003906,11164.4003906,11170.1503906,10943.5996094,0.0
2018-09-24,11067.4501953,10969.9501953,11080.5996094,10882.8496094,405000.0
2018-09-25,11053.7998047,11145.5498047,11145.5498047,10993.0498047,340500.0
2018-09-26,10977.5498047,11079.7998047,11089.4501953,10953.3496094,405700.0
2018-09-27,10930.4501953,11008.0996094,11034.0996094,10850.2998047,478100.0
2018-09-30,11008.2998047,10930.9003906,11035.6503906,10821.5498047,387000.0
2018-10-02,10858.25,10982.7001953,10989.0498047,10843.75,386800.0
2018-10-03,10599.25,10754.7001953,10754.7001953,10547.25,425100.0
2018-10-04,10316.4501953,10514.0996094,10540.6503906,10261.9003906,606400.0
2018-10-07,10348.0498047,10310.1503906,10398.3496094,10198.4003906,456200.0
2018-10-08,10301.0498047,10390.2998047,10397.5996094,10279.3496094,430500.0
2018-10-09,10460.0996094,10331.8496094,10482.3496094,10318.25,0.0
2018-10-10,10234.6503906,10169.7998047,10335.9501953,10138.5996094,483500.0
2018-10-11,10472.5,10331.5498047,10492.4501953,10322.1503906,343500.0
2018-10-14,10512.5,10524.2001953,10526.2998047,10410.1503906,259500.0
2018-10-15,10584.75,10550.1503906,10604.9003906,10525.2998047,265200.0
2018-10-16,10453.0498047,10688.7001953,10710.1503906,10436.4501953,284800.0
2018-10-18,10303.5498047,10339.7001953,10380.0996094,10249.5996094,357500.0
2018-10-21,10245.25,10405.8496094,10408.5498047,10224.0,297300.0
2018-10-22,10146.7998047,10152.5996094,10222.0996094,10102.3496094,302600.0
2018-10-23,10224.75,10278.1503906,10290.6503906,10126.7001953,351400.0
2018-10-24,10124.9003906,10135.0498047,10166.5996094,10079.2998047,0.0
2018-10-25,10030.0,10122.3496094,10128.8496094,10004.5498047,364300.0
2018-10-28,10250.8496094,10078.0996094,10275.2998047,10020.3496094,364400.0
2018-10-29,10198.4003906,10239.4003906,10285.0996094,10175.3496094,289800.0
2018-10-30,10386.5996094,10209.5498047,10396.0,10105.0996094,375000.0
2018-10-31,10380.4501953,10441.7001953,10441.9003906,10341.9003906,348500.0
2018-11-01,10553.0,10462.2998047,10606.9501953,10457.7001953,421200.0
2018-11-04,10524.0,10558.75,10558.7998047,10477.0,301900.0
2018-11-05,10530.0,10552.0,10600.25,10491.4501953,0.0
2018-11-06,10598.4003906,10614.4501953,10616.4501953,10582.2998047,31200.0
2018-11-08,10585.2001953,10614.7001953,10619.5498047,10544.8496094,296600.0
2018-11-11,10482.2001953,10607.7998047,10645.5,10464.0498047,259700.0
2018-11-12,10582.5,10451.9003906,10596.25,10440.5498047,254600.0
2018-11-13,10576.2998047,10634.9003906,10651.5996094,10532.7001953,384500.0
2018-11-14,10616.7001953,10580.5996094,10646.5,10557.5,0.0
2018-11-15,10682.2001953,10644.0,10695.1503906,10631.1503906,342800.0
2018-11-18,10763.4003906,10731.25,10774.7001953,10688.7998047,272100.0
2018-11-19,10656.2001953,10740.0996094,10740.8496094,10640.8496094,295200.0
2018-11-20,10600.0498047,10670.9501953,10671.2998047,10562.3496094,300900.0
2018-11-21,10526.75,10612.6503906,10646.25,10512.0,239500.0
2018-11-25,10628.5996094,10568.2998047,10637.7998047,10489.75,0.0
2018-11-26,10685.5996094,10621.4501953,10695.1503906,10596.3496094,0.0
2018-11-27,10728.8496094,10708.75,10757.7998047,10699.8496094,424500.0
2018-11-28,10858.7001953,10808.7001953,10883.0498047,10782.3496094,691300.0
2018-11-29,10876.75,10892.0996094,10922.4501953,10835.0996094,453900.0
2018-12-02,10883.75,10930.7001953,10941.2001953,10845.3496094,409700.0
2018-12-03,10869.5,10877.0996094,10890.9501953,10833.3496094,322100.0
2018-12-04,10782.9003906,10820.4501953,10821.0498047,10747.9501953,312300.0
2018-12-05,10601.1503906,10718.1503906,10722.6503906,10588.25,318500.0
2018-12-06,10693.7001953,10644.7998047,10704.5498047,10599.3496094,325800.0
2018-12-09,10488.4501953,10508.7001953,10558.8496094,10474.9501953,381300.0
2018-12-10,10549.1503906,10350.0498047,10567.1503906,10333.8496094,425500.0
2018-12-11,10737.5996094,10591.0,10752.2001953,10560.7998047,360500.0
2018-12-12,10791.5498047,10810.75,10838.5996094,10749.5,376200.0
2018-12-13,10805.4501953,10784.5,10815.75,10752.0996094,340100.0
2018-12-16,10888.3496094,10853.2001953,10900.3496094,10844.8496094,296900.0
2018-12-17,10908.7001953,10850.9003906,10915.4003906,10819.0996094,286100.0
2018-12-18,10967.2998047,10930.5498047,10985.1503906,10928.0,312100.0
2018-12-19,10951.7001953,10885.2001953,10962.5498047,10880.0498047,318900.0
2018-12-20,10754.0,10944.25,10963.6503906,10738.6503906,377500.0
2018-12-23,10663.5,10780.9003906,10782.2998047,10649.25,223400.0
2018-12-25,10729.8496094,10635.4501953,10747.5,10534.5498047,263700.0
2018-12-26,10779.7998047,10817.9003906,10834.2001953,10764.4501953,456100.0
2018-12-27,10859.9003906,10820.9501953,10893.5996094,10817.1503906,245500.0
2018-12-30,10862.5498047,10913.2001953,10923.5498047,10853.2001953,180900.0
2019-01-01,10792.5,10868.8496094,10895.3496094,10735.0498047,309700.0
2019-01-02,10672.25,10796.7998047,10814.0498047,10661.25,286200.0
2019-01-03,10727.3496094,10699.7001953,10741.0498047,10628.6503906,296600.0
2019-01-06,10771.7998047,10804.8496094,10835.9501953,10750.1503906,269400.0
2019-01-07,10802.1503906,10786.25,10818.4501953,10733.25,277700.0
2019-01-08,10855.1503906,10862.4003906,10870.4003906,10749.4003906,333000.0
2019-01-09,10821.5996094,10859.3496094,10859.3496094,10801.7998047,254400.0
2019-01-10,10794.9501953,10834.75,10850.1503906,10739.4003906,260800.0
2019-01-13,10737.5996094,10807.0,10808.0,10692.3496094,298800.0
2019-01-14,10886.7998047,10777.5498047,10896.9501953,10777.5498047,310700.0
2019-01-15,10890.2998047,10899.6503906,10928.1503906,10876.9003906,276500.0
2019-01-16,10905.2001953,10920.8496094,10930.6503906,10844.6503906,271700.0
2019-01-17,10906.9501953,10914.8496094,10928.2001953,10852.2001953,323800.0
2019-01-20,10961.8496094,10919.3496094,10987.4501953,10885.75,288800.0
2019-01-21,10922.75,10949.7998047,10949.7998047,10864.1503906,300800.0
2019-01-22,10831.5,10931.0498047,10944.7998047,10811.9501953,298900.0
2019-01-23,10849.7998047,10844.0498047,10866.5996094,10798.6503906,361100.0
2019-01-24,10780.5498047,10859.75,10931.7001953,10756.4501953,463400.0
2019-01-27,10661.5498047,10792.4501953,10804.4501953,10630.9501953,419700.0
2019-01-28,10652.2001953,10653.7001953,10690.3496094,10583.6503906,356900.0
2019-01-29,10651.7998047,10702.25,10710.2001953,10612.8496094,410100.0
2019-01-30,10830.9501953,10690.5498047,10838.0498047,10678.5498047,604800.0
2019-01-31,10893.6503906,10851.3496094,10983.4501953,10813.4501953,482300.0
2019-02-03,10912.25,10876.75,10927.9003906,10814.1503906,318300.0
2019-02-04,10934.3496094,10908.6503906,10956.7001953,10886.7001953,268100.0
2019-02-05,11062.4501953,10965.0996094,11072.5996094,10962.7001953,298500.0
2019-02-06,11069.4003906,11070.4501953,11118.0996094,11043.5996094,263500.0
2019-02-07,10943.5996094,11023.5,11041.2001953,10925.4501953,352800.0
2019-02-10,10888.7998047,10930.9003906,10930.9003906,10857.0996094,286000.0
2019-02-11,10831.4003906,10879.7001953,10910.9003906,10823.7998047,292300.0
2019-02-13,10746.0498047,10786.0996094,10792.7001953,10718.75,627000.0
2019-02-14,10724.4003906,10780.25,10785.75,10620.4003906,521900.0
2019-02-17,10640.9501953,10738.6503906,10759.9003906,10628.4003906,345400.0
2019-02-18,10604.3496094,10636.7001953,10722.8496094,10585.6503906,291500.0
2019-02-19,10735.4501953,10655.4501953,10752.7001953,10646.4003906,289200.0
2019-02-20,10789.8496094,10744.0996094,10808.8496094,10721.5,279600.0
2019-02-21,10791.6503906,10782.7001953,10801.5498047,10758.4003906,396800.0
2019-02-24,10880.0996094,10813.25,10887.0996094,10788.0498047,385900.0
2019-02-25,10835.2998047,10775.2998047,10888.75,10729.2998047,415000.0
2019-02-26,10806.6503906,10881.2001953,10939.7001953,10751.2001953,381100.0
2019-02-27,10792.5,10865.7001953,10865.7001953,10784.8496094,644200.0
2019-02-28,10863.5,10842.6503906,10877.9003906,10823.0996094,308500.0
2019-03-04,10987.4501953,10864.8496094,10994.9003906,10817.0,373200.0
2019-03-05,11053.0,11024.8496094,11062.2998047,10998.8496094,372600.0
2019-03-06,11058.2001953,11077.9501953,11089.0498047,11027.0996094,321200.0
2019-03-07,11035.4003906,11038.8496094,11049.0,11008.9501953,326600.0
2019-03-10,11168.0498047,11068.75,11180.9003906,11059.8496094,352200.0
2019-03-11,11301.2001953,11231.3496094,11320.4003906,11227.0,391300.0
2019-03-12,11341.7001953,11326.2001953,11352.2998047,11276.5996094,383000.0
2019-03-13,11343.25,11382.5,11383.4501953,11313.75,294500.0
2019-03-14,11426.8496094,11376.8496094,11487.0,11370.7998047,463700.0
2019-03-17,11462.2001953,11473.8496094,11530.1503906,11412.5,320300.0
2019-03-18,11532.4003906,11500.2998047,11543.8496094,11451.25,326100.0
2019-03-19,11521.0498047,11553.3496094,11556.0996094,11503.0996094,366300.0
2019-03-21,11456.9003906,11549.2001953,11572.7998047,11434.5498047,386200.0
2019-03-24,11354.25,11395.6503906,11395.6503906,11311.5996094,294500.0
2019-03-25,11483.25,11375.2001953,11496.75,11352.4501953,282600.0
2019-03-26,11445.0498047,11531.4501953,11546.2001953,11413.0,350400.0
2019-03-27,11570.0,11463.6503906,11588.5,11452.4501953,527700.0
2019-03-31,11669.1503906,11665.2001953,11738.0996094,11644.75,379600.0
2019-04-01,11713.2001953,11711.5498047,11729.3496094,11655.8496094,386100.0
2019-04-02,11643.9501953,11735.2998047,11761.0,11629.1503906,365800.0
2019-04-03,11598.0,11660.2001953,11662.5498047,11559.2001953,349000.0
2019-04-04,11665.9501953,11638.4003906,11689.6503906,11609.5,266700.0
2019-04-07,11604.5,11704.3496094,11710.2998047,11549.0996094,260900.0
2019-04-08,11671.9501953,11612.0498047,11683.9003906,11569.7001953,300500.0
2019-04-09,11584.2998047,11646.8496094,11680.0498047,11571.75,359900.0
2019-04-10,11596.7001953,11592.5498047,11606.7001953,11550.5498047,279800.0
2019-04-11,11643.4501953,11612.8496094,11657.3496094,11578.7998047,246000.0
2019-04-14,11690.3496094,11667.0,11704.5996094,11648.25,290000.0
2019-04-15,11787.1503906,11736.2001953,11810.9501953,11731.5498047,354300.0
2019-04-17,11752.7998047,11856.1503906,11856.1503906,11738.5,339700.0
2019-04-21,11594.4501953,11727.0498047,11727.0498047,11583.9501953,260400.0
2019-04-22,11575.9501953,11612.9501953,11645.9501953,11564.7998047,272500.0
2019-04-23,11726.1503906,11601.5,11740.8496094,11578.8496094,335200.0
2019-04-24,11641.7998047,11735.7001953,11796.75,11624.2998047,604400.0
2019-04-25,11754.6503906,11683.75,11762.9003906,11661.75,333500.0
2019-04-29,11748.1503906,11748.75,11756.25,11655.9003906,532600.0
2019-05-01,11724.75,11725.5498047,11789.2998047,11699.5498047,380300.0
2019-05-02,11712.25,11722.5996094,11770.9003906,11699.3496094,305500.0
2019-05-05,11598.25,11605.7998047,11632.5498047,11571.3496094,299000.0
2019-05-06,11497.9003906,11651.5,11657.0498047,11484.4501953,337500.0
2019-05-07,11359.4501953,11478.7001953,11479.0996094,11346.9501953,372800.0
2019-05-08,11301.7998047,11322.4003906,11357.5996094,11255.0498047,373000.0
2019-05-09,11278.9003906,11314.1503906,11345.7998047,11251.0498047,387300.0
2019-05-12,11148.2001953,11258.7001953,11300.2001953,11125.5996094,357600.0
2019-05-13,11222.0498047,11151.6503906,11294.75,11108.2998047,398100.0
2019-05-14,11157.0,11271.7001953,11286.7998047,11136.9501953,414200.0
2019-05-15,11257.0996094,11180.3496094,11281.5498047,11143.3496094,350700.0
2019-05-16,11407.1503906,11261.9003906,11426.1503906,11259.8496094,412100.0
2019-05-19,11828.25,11651.9003906,11845.2001953,11591.7001953,452100.0
2019-05-20,11709.0996094,11863.6503906,11883.5498047,11682.7998047,381000.0
2019-05-21,11737.9003906,11727.9501953,11784.7998047,11682.4003906,355900.0
2019-05-22,11657.0498047,11901.2998047,12041.1503906,11614.5,569000.0
2019-05-23,11844.0996094,11748.0,11859.0,11658.0996094,374600.0
2019-05-26,11924.75,11855.5,11957.1503906,11812.4003906,348400.0
2019-05-27,11928.75,11958.3496094,11958.5498047,11864.9003906,598300.0
2019-05-28,11861.0996094,11905.7998047,11931.9003906,11836.7998047,318100.0
2019-05-29,11945.9003906,11865.2998047,11968.5498047,11859.4003906,421200.0
2019-05-30,11922.7998047,11999.7998047,12039.25,11829.4501953,438900.0
2019-06-02,12088.5498047,11953.75,12103.0498047,11920.0996094,315300.0
2019-06-03,12021.6503906,12052.6503906,12095.2001953,12005.8496094,289200.0
2019-06-05,11843.75,12039.7998047,12039.7998047,11830.25,415200.0
2019-06-06,11870.6503906,11865.2001953,11897.5,11769.5,302500.0
2019-06-09,11922.7001953,11934.9003906,11975.0498047,11871.75,303300.0
2019-06-10,11965.5996094,11959.8496094,12000.3496094,11904.3496094,332200.0
2019-06-11,11906.2001953,11962.4501953,11962.4501953,11866.3496094,283700.0
2019-06-12,11914.0498047,11873.9003906,11931.3496094,11817.0498047,447900.0
2019-06-13,11823.2998047,11910.0996094,11911.8496094,11797.7001953,390300.0
2019-06-16,11672.1503906,11844.0,11844.0498047,11657.75,295500.0
2019-06-17,11691.5,11677.0498047,11727.2001953,11641.1503906,365500.0
2019-06-18,11691.4501953,11744.4501953,11802.5,11625.0996094,446900.0
2019-06-19,11831.75,11653.6503906,11843.5,11635.0498047,442000.0
2019-06-20,11724.0996094,11827.5996094,11827.9501953,11705.0996094,468400.0
2019-06-23,11699.6503906,11725.7998047,11754.0,11670.2001953,277600.0
2019-06-24,11796.4501953,11681.0,11814.4003906,11651.0,300500.0
2019-06-25,11847.5498047,11768.1503906,11871.8496094,11757.5498047,327900.0
2019-06-26,11841.5498047,11860.8496094,11911.1503906,11821.0498047,480200.0
2019-06-27,11788.8496094,11861.1503906,11871.7001953,11775.5,303900.0
2019-06-30,11865.5996094,11839.9003906,11884.6503906,11830.7998047,278400.0
2019-07-01,11910.2998047,11890.2998047,11917.4501953,11814.7001953,363200.0
2019-07-02,11916.75,11932.1503906,11945.2001953,11887.0498047,340500.0
2019-07-03,11946.75,11928.7998047,11969.25,11923.6503906,333600.0
2019-07-04,11811.1503906,11964.75,11981.75,11797.9003906,530700.0
2019-07-07,11558.5996094,11770.4003906,11771.9003906,11523.2998047,464000.0
2019-07-08,11555.9003906,11531.5996094,11582.5498047,11461.0,442500.0
2019-07-09,11498.9003906,11536.1503906,11593.7001953,11475.6503906,337600.0
2019-07-10,11582.9003906,11561.4501953,11599.0,11519.5,317300.0
2019-07-11,11552.5,11601.1503906,11639.5498047,11538.5996094,359400.0
2019-07-14,11588.3496094,11614.75,11618.4003906,11532.2998047,368800.0
2019-07-15,11662.5996094,11596.6503906,11670.0498047,11573.9501953,480200.0
2019-07-16,11687.5,11670.75,11706.6503906,11651.1503906,464800.0
2019-07-17,11596.9003906,11675.5996094,11677.1503906,11582.4003906,498300.0
2019-07-18,11419.25,11627.9501953,11640.3496094,11399.2998047,446000.0
2019-07-21,11346.2001953,11392.8496094,11398.1503906,11301.25,516000.0
2019-07-22,11331.0498047,11372.25,11398.1503906,11302.7998047,458900.0
2019-07-23,11271.2998047,11322.4501953,11359.75,11229.7998047,413200.0
2019-07-24,11252.1503906,11290.4003906,11361.4003906,11239.3496094,553700.0
2019-07-25,11284.2998047,11247.4501953,11307.5996094,11210.0498047,522700.0
2019-07-28,11189.2001953,11307.5,11310.9501953,11152.4003906,482900.0
2019-07-29,11085.4003906,11213.7001953,11267.4501953,11072.6503906,479100.0
2019-07-30,11118.0,11034.0498047,11145.2998047,10999.4003906,536700.0
2019-07-31,10980.0,11060.2001953,11076.75,10881.0,499900.0
2019-08-01,10997.3496094,10930.2998047,11080.1503906,10848.9501953,547400.0
2019-08-04,10862.5996094,10895.7998047,10895.7998047,10782.5996094,506600.0
2019-08-05,10948.25,10815.4003906,11018.5498047,10813.7998047,517900.0
2019-08-06,10855.5,10958.0996094,10975.6503906,10835.9003906,548500.0
2019-08-07,11032.4501953,10899.2001953,11058.0498047,10842.9501953,482500.0
2019-08-08,11109.6503906,11087.9003906,11181.4501953,11062.7998047,538100.0
2019-08-12,10925.8496094,11139.4003906,11145.9003906,10901.5996094,624600.0
2019-08-13,11029.4003906,11003.25,11078.1503906,10935.5996094,511500.0
2019-08-15,11047.7998047,11043.6503906,11068.6503906,10924.2998047,470900.0
2019-08-18,11053.9003906,11094.7998047,11146.9003906,11037.8496094,369500.0
2019-08-19,11017.0,11063.9003906,11076.2998047,10985.2998047,444700.0
2019-08-20,10918.7001953,11018.1503906,11034.2001953,10906.6503906,557900.0
2019-08-21,10741.3496094,10905.2998047,10908.25,10718.2998047,668200.0
2019-08-22,10829.3496094,10699.5996094,10862.5498047,10637.1503906,667100.0
2019-08-25,11057.8496094,11000.2998047,11070.2998047,10756.5498047,684100.0
2019-08-26,11105.3496094,11106.5498047,11141.75,11049.5,685600.0
2019-08-27,11046.0996094,11101.2998047,11129.6503906,10987.6503906,550000.0
2019-08-28,10948.2998047,10996.0498047,11021.0996094,10922.4003906,649900.0
2019-08-29,11023.25,10987.7998047,11042.5996094,10874.7998047,628200.0
2019-09-02,10797.9003906,10960.9501953,10967.5,10772.7001953,483000.0
2019-09-03,10844.6503906,10790.4003906,10858.75,10746.3496094,508800.0
2019-09-04,10847.9003906,10860.9501953,10920.0996094,10816.0,595700.0
2019-09-05,10946.2001953,10883.7998047,10957.0498047,10867.4501953,497200.0
2019-09-08,11003.0498047,10936.7001953,11028.8496094,10889.7998047,412500.0
2019-09-10,11035.7001953,11028.5,11054.7998047,11011.6503906,687100.0
2019-09-11,10982.7998047,11058.2998047,11081.75,10964.9501953,551400.0
2019-09-12,11075.9003906,10986.7998047,11084.4501953,10945.75,624300.0
2019-09-15,11003.5,10994.8496094,11052.7001953,10968.2001953,434500.0
2019-09-16,10817.5996094,11000.0996094,11000.0996094,10796.5,482000.0
2019-09-17,10840.6503906,10872.7998047,10885.1503906,10804.8496094,519200.0
2019-09-18,10704.7998047,10845.2001953,10845.2001953,10670.25,642600.0
2019-09-19,11274.2001953,10746.7998047,11381.9003906,10691.0,1356800.0
2019-09-22,11600.2001953,11542.7001953,11694.8496094,11471.3496094,882800.0
2019-09-23,11588.2001953,11590.7001953,11655.0498047,11539.2001953,651700.0
2019-09-24,11440.2001953,11564.8496094,11564.9501953,11416.0996094,629100.0
2019-09-25,11571.2001953,11469.8496094,11610.8496094,11466.3496094,844500.0
2019-09-26,11512.4003906,11556.3496094,11593.5996094,11499.75,650000.0
2019-09-29,11474.4501953,11491.1503906,11508.25,11390.7998047,756800.0
2019-09-30,11359.9003906,11515.4003906,11554.2001953,11247.9003906,1305400.0
2019-10-02,11314.0,11322.25,11370.4003906,11257.3496094,1017500.0
2019-10-03,11174.75,11388.4501953,11400.2998047,11158.3496094,928500.0
2019-10-06,11126.4003906,11196.2001953,11233.8496094,11112.6503906,733200.0
2019-10-08,11313.2998047,11152.9501953,11321.5996094,11090.1503906,741100.0
2019-10-09,11234.5498047,11280.5,11293.3496094,11208.5498047,562000.0
2019-10-10,11305.0498047,11257.7001953,11362.9003906,11189.4003906,737800.0
2019-10-13,11341.1503906,11335.9003906,11420.4501953,11290.0498047,587600.0
2019-10-14,11428.2998047,11360.8496094,11462.3496094,11342.0996094,527400.0
2019-10-15,11464.0,11464.9501953,11481.0498047,11411.0996094,533500.0
2019-10-16,11586.3496094,11466.2998047,11599.0996094,11439.6503906,797600.0
2019-10-17,11661.8496094,11580.2998047,11684.7001953,11553.1503906,853400.0
2019-10-21,11588.3496094,11657.1503906,11714.3496094,11573.6503906,867600.0
2019-10-22,11604.0996094,11596.2001953,11651.5996094,11554.4003906,664200.0
2019-10-23,11582.5996094,11661.6503906,11679.5996094,11534.6503906,700500.0
2019-10-24,11583.9003906,11646.1503906,11646.9003906,11490.75,812000.0
2019-10-28,11786.8496094,11643.9501953,11809.4003906,11627.3496094,951700.0
2019-10-29,11844.0996094,11883.9003906,11883.9501953,11784.4501953,725200.0
2019-10-30,11877.4501953,11890.4501953,11945.0,11855.0996094,1414800.0
2019-10-31,11890.5996094,11886.5996094,11918.2998047,11843.3496094,855300.0
2019-11-03,11941.2998047,11928.9003906,11989.1503906,11905.3496094,823100.0
2019-11-04,11917.2001953,11974.5996094,11978.9501953,11861.9003906,632000.0
2019-11-05,11966.0498047,11911.5,12002.9003906,11850.25,603400.0
2019-11-06,12012.0498047,12021.0996094,12021.4003906,11946.8496094,563000.0
2019-11-07,11908.1503906,11987.1503906,12034.1503906,11888.75,789300.0
2019-11-10,11913.4501953,11879.2001953,11932.6503906,11853.9501953,549000.0
2019-11-12,11840.4501953,11908.2998047,11946.7998047,11823.2001953,659000.0
2019-11-13,11872.0996094,11858.75,11895.6503906,11802.6503906,559500.0
2019-11-14,11895.4501953,11904.2001953,11973.6503906,11879.25,580200.0
2019-11-17,11884.5,11915.1503906,11946.2001953,11867.5996094,514400.0
2019-11-18,11940.0996094,11919.4501953,11958.8496094,11881.75,613900.0
2019-11-19,11999.0996094,12004.75,12038.5996094,11966.0498047,646700.0
2019-11-20,11968.4003906,12025.6503906,12028.2001953,11956.9003906,557700.0
2019-11-21,11914.4003906,11967.2998047,11968.0996094,11883.5,486800.0
2019-11-24,12073.75,11922.4501953,12084.5,11919.75,534300.0
2019-11-25,12037.7001953,12110.2001953,12132.4501953,12006.3496094,1201300.0
2019-11-26,12100.7001953,12068.5,12114.9003906,12055.1503906,584200.0
2019-11-27,12151.1503906,12132.0996094,12158.7998047,12099.9501953,620500.0
2019-11-28,12056.0498047,12146.2001953,12147.4003906,12017.4003906,804400.0
2019-12-01,12048.2001953,12137.0498047,12137.1503906,12023.7001953,720900.0
2019-12-02,11994.2001953,12067.6503906,12068.5996094,11956.4003906,605800.0
2019-12-03,12043.2001953,11969.9501953,12054.7001953,11935.2998047,747200.0
2019-12-04,12018.4003906,12071.25,12081.2001953,11998.75,562200.0
2019-12-05,11921.5,12047.3496094,12057.0498047,11888.8496094,609200.0
2019-12-08,11937.5,11939.0996094,11981.9501953,11888.0498047,599100.0
2019-12-09,11856.7998047,11950.5,11953.2001953,11844.7001953,650200.0
2019-12-10,11910.1503906,11867.3496094,11923.2001953,11832.2998047,997700.0
2019-12-11,11971.7998047,11944.2998047,12005.5,11934.0,752600.0
2019-12-12,12086.7001953,12026.4003906,12098.8496094,12023.5996094,597700.0
2019-12-15,12053.9501953,12131.3496094,12134.6503906,12046.2998047,437700.0
2019-12-16,12165.0,12082.4501953,12182.75,12070.3496094,499600.0
2019-12-17,12221.6503906,12197.0,12237.7001953,12163.4501953,518900.0
2019-12-18,12259.7001953,12223.4003906,12268.3496094,12191.1503906,623100.0
2019-12-19,12271.7998047,12266.4501953,12293.9003906,12252.75,810700.0
2019-12-22,12262.75,12235.4501953,12287.1503906,12213.25,604800.0
2019-12-23,12214.5498047,12269.25,12283.7001953,12202.0996094,470300.0
2019-12-25,12126.5498047,12211.8496094,12221.5498047,12118.8496094,520300.0
2019-12-26,12245.7998047,12172.9003906,12258.4501953,12157.9003906,383800.0
2019-12-29,12255.8496094,12274.9003906,12286.4501953,12213.7998047,411100.0
2019-12-30,12168.4501953,12247.0996094,12247.0996094,12151.7998047,426900.0
2019-12-31,12182.5,12202.1503906,12222.2001953,12165.2998047,304100.0
2020-01-01,12282.2001953,12198.5498047,12289.9003906,12195.25,407700.0
2020-01-02,12226.6503906,12261.0996094,12265.5996094,12191.3496094,428800.0
2020-01-05,11993.0498047,12170.5996094,12179.0996094,11974.2001953,396500.0
2020-01-06,12052.9501953,12079.0996094,12152.1503906,12005.3496094,447800.0
2020-01-07,12025.3496094,11939.0996094,12044.9501953,11929.5996094,446000.0
2020-01-08,12215.9003906,12153.1503906,12224.0498047,12132.5498047,477500.0
2020-01-09,12256.7998047,12271.0,12311.2001953,12213.2001953,660600.0
2020-01-12,12329.5498047,12296.7001953,12337.75,12285.7998047,501000.0
2020-01-13,12362.2998047,12333.0996094,12374.25,12308.7001953,616300.0
2020-01-14,12343.2998047,12349.4003906,12355.1503906,12278.75,684400.0
2020-01-15,12355.5,12347.0996094,12389.0498047,12315.7998047,395700.0
2020-01-16,12352.3496094,12328.4003906,12385.4501953,12321.4003906,502100.0
2020-01-19,12224.5498047,12430.5,12430.5,12216.9003906,491600.0
2020-01-20,12169.8496094,12195.2998047,12230.0498047,12162.2998047,400.0
2020-01-21,12106.9003906,12218.3496094,12225.0498047,12087.9003906,500.0
2020-01-22,12180.3496094,12123.75,12189.0,12094.0996094,867700.0
2020-01-23,12248.25,12174.5498047,12272.1503906,12149.6503906,593200.0
2020-01-26,12119.0,12197.0996094,12216.5996094,12107.0,441200.0
2020-01-27,12055.7998047,12148.0996094,12163.5498047,12024.5,478500.0
2020-01-28,12129.5,12114.9003906,12169.5996094,12103.7998047,514400.0
2020-01-29,12035.7998047,12147.75,12150.2998047,12010.5996094,538100.0
2020-01-30,11962.0996094,12100.4003906,12103.5498047,11945.8496094,771300.0
2020-02-02,11707.9003906,11627.4501953,11749.8496094,11614.5,669800.0
2020-02-03,11979.6503906,11786.25,11986.1503906,11783.4003906,560400.0
2020-02-04,12089.1503906,12005.8496094,12098.1503906,11953.3496094,758000.0
2020-02-05,12137.9501953,12120.0,12160.5996094,12084.6503906,565100.0
2020-02-06,12098.3496094,12151.1503906,12154.7001953,12073.9501953,473500.0
2020-02-09,12031.5,12102.3496094,12103.5498047,11990.75,524700.0
2020-02-10,12107.9003906,12108.4003906,12172.2998047,12099.0,480000.0
2020-02-11,12201.2001953,12151.0,12231.75,12144.2998047,411700.0
2020-02-12,12174.6503906,12219.5498047,12225.6503906,12139.7998047,501200.0
2020-02-13,12113.4501953,12190.1503906,12246.7001953,12091.2001953,622800.0
2020-02-16,12045.7998047,12131.7998047,12159.5996094,12037.0,0.0
2020-02-17,11992.5,12028.25,12030.75,11908.0498047,676900.0
2020-02-18,12125.9003906,12090.5996094,12134.7001953,12042.0996094,513600.0
2020-02-19,12080.8496094,12119.0,12152.0,12071.4501953,502600.0
2020-02-23,11829.4003906,12012.5498047,12012.5498047,11813.4003906,490800.0
2020-02-24,11797.9003906,11877.5,11883.0498047,11779.9003906,461000.0
2020-02-25,11678.5,11738.5498047,11783.25,11639.5996094,567600.0
2020-02-26,11633.2998047,11661.25,11663.8496094,11536.7001953,608600.0
2020-02-27,11201.75,11382.0,11384.7998047,11175.0498047,809900.0
2020-03-01,11132.75,11387.3496094,11433.0,11036.25,680800.0
2020-03-02,11303.2998047,11217.5498047,11342.25,11152.5498047,696500.0
2020-03-03,11251.0,11351.3496094,11356.5996094,11082.1503906,797700.0
2020-03-04,11269.0,11306.0498047,11389.5,11244.5996094,1352500.0
2020-03-05,10989.4501953,10942.6503906,11035.0996094,10827.4003906,1811000.0
2020-03-08,10451.4501953,10742.0498047,10751.5498047,10294.4501953,1565500.0
2020-03-10,10458.4003906,10334.2998047,10545.0996094,10334.0,1218500.0
2020-03-11,9590.1503906,10039.9501953,10040.75,9508.0,1343500.0
2020-03-12,9955.2001953,9107.5996094,10159.4003906,8555.1503906,1388000.0
2020-03-15,9197.4003906,9587.7998047,9602.2001953,9165.0996094,897700.0
2020-03-16,8967.0498047,9285.4003906,9403.7998047,8915.5996094,935600.0
2020-03-17,8468.7998047,9088.4501953,9127.5498047,8407.0498047,1516600.0
2020-03-18,8263.4501953,8063.2998047,8575.4501953,7832.5498047,925700.0
2020-03-19,8745.4501953,8284.4501953,8883.0,8178.2001953,1071500.0
2020-03-22,7610.25,7945.7001953,8159.25,7583.6000977,653500.0
2020-03-23,7801.0498047,7848.2998047,8036.9501953,7511.1000977,738400.0
2020-03-24,8317.8496094,7735.1499023,8376.75,7714.75,736900.0
2020-03-25,8641.4501953,8451.0,8749.0498047,8304.9003906,865600.0
2020-03-26,8660.25,8949.0996094,9038.9003906,8522.9003906,801500.0
2020-03-29,8281.0996094,8385.9501953,8576.0,8244.0,593300.0
2020-03-30,8597.75,8529.3496094,8678.2998047,8358.0,712700.0
2020-03-31,8253.7998047,8584.0996094,8588.0996094,8198.3496094,506300.0
2020-04-02,8083.7998047,8356.5498047,8356.5498047,8055.7998047,697000.0
2020-04-06,8792.2001953,8446.2998047,8819.4003906,8360.9501953,814200.0
2020-04-07,8748.75,8688.9003906,9131.7001953,8653.9003906,896500.0
2020-04-08,9111.9003906,8973.0498047,9128.3496094,8904.5498047,742100.0
2020-04-12,8993.8496094,9103.9501953,9112.0498047,8912.4003906,644000.0
2020-04-14,8925.2998047,9196.4003906,9261.2001953,8874.0996094,879100.0
2020-04-15,8992.7998047,8851.25,9053.75,8821.9003906,719400.0
2020-04-16,9266.75,9323.4501953,9324.0,9091.3496094,684200.0
2020-04-19,9261.8496094,9390.2001953,9390.8496094,9230.7998047,726400.0
2020-04-20,8981.4501953,9016.9501953,9044.4003906,8909.4003906,655100.0
2020-04-21,9187.2998047,9026.75,9209.75,8946.25,734400.0
2020-04-22,9313.9003906,9232.3496094,9343.5996094,9170.1503906,666700.0
2020-04-23,9154.4003906,9163.9003906,9296.9003906,9141.2998047,659400.0
2020-04-26,9282.2998047,9259.7001953,9377.0996094,9250.3496094,512800.0
2020-04-27,9380.9003906,9389.7998047,9404.4003906,9260.0,614500.0
2020-04-28,9553.3496094,9408.5996094,9599.8496094,9392.3496094,653000.0
2020-04-29,9859.9003906,9753.5,9889.0498047,9731.5,931200.0
2020-05-03,9293.5,9533.5,9533.5,9266.9501953,687500.0
2020-05-04,9205.5996094,9429.4003906,9450.9003906,9190.75,725200.0
2020-05-05,9270.9003906,9226.7998047,9346.9003906,9116.5,722200.0
2020-05-06,9199.0498047,9234.0498047,9277.8496094,9175.9003906,708700.0
2020-05-07,9251.5,9376.9501953,9382.6503906,9238.2001953,609100.0
2020-05-10,9239.2001953,9348.1503906,9439.9003906,9219.9501953,704600.0
2020-05-11,9196.5498047,9168.8496094,9240.8496094,9043.9501953,805500.0
2020-05-12,9383.5498047,9584.2001953,9584.5,9351.0996094,846400.0
2020-05-13,9142.75,9213.9501953,9281.0996094,9119.75,602600.0
2020-05-14,9136.8496094,9182.4003906,9182.4003906,9050.0,575900.0
2020-05-17,8823.25,9158.2998047,9158.2998047,8806.75,773000.0
2020-05-18,8879.0996094,8961.7001953,9030.3496094,8855.2998047,762200.0
2020-05-19,9066.5498047,8889.1503906,9093.7998047,8875.3496094,622300.0
2020-05-20,9106.25,9079.4501953,9178.5498047,9056.0996094,631500.0
2020-05-21,9039.25,9067.9003906,9149.5996094,8968.5498047,675800.0
2020-05-25,9029.0498047,9099.75,9161.6503906,8996.6503906,655000.0
2020-05-26,9314.9501953,9082.2001953,9334.0,9004.25,763500.0
2020-05-27,9490.0996094,9364.9501953,9511.25,9336.5,837900.0
2020-05-28,9580.2998047,9422.2001953,9598.8496094,9376.9003906,967000.0
2020-05-31,9826.1503906,9726.8496094,9931.5996094,9706.9501953,794200.0
2020-06-01,9979.0996094,9880.8496094,9995.5996094,9824.0498047,770200.0
2020-06-02,10061.5498047,10108.2998047,10176.2001953,10035.5498047,794700.0
2020-06-03,10029.0996094,10054.25,10123.8496094,9944.25,775100.0
2020-06-04,10142.1503906,10093.7998047,10177.7998047,10040.75,987100.0
2020-06-07,10167.4501953,10326.75,10328.5,10120.25,936500.0
2020-06-08,10046.6503906,10181.1503906,10291.1503906,10021.4501953,754200.0
2020-06-09,10116.1503906,10072.5996094,10148.75,10036.8496094,632400.0
2020-06-10,9902.0,10094.0996094,10112.0498047,9885.0498047,715500.0
2020-06-11,9972.9003906,9544.9501953,9996.0498047,9544.3496094,796300.0
2020-06-14,9813.7001953,9919.3496094,9943.3496094,9726.3496094,716100.0
2020-06-15,9914.0,10014.7998047,10046.1503906,9728.5,899900.0
2020-06-16,9881.1503906,9876.7001953,10003.5996094,9833.7998047,685400.0
2020-06-17,10091.6503906,9863.25,10111.2001953,9845.0498047,622900.0
2020-06-18,10244.4003906,10119.0,10272.4003906,10072.6503906,892100.0
2020-06-21,10311.2001953,10318.75,10393.6503906,10277.5996094,685400.0
2020-06-22,10471.0,10347.9501953,10484.7001953,10301.75,669200.0
2020-06-23,10305.2998047,10529.25,10553.1503906,10281.9501953,854800.0
2020-06-24,10288.9003906,10235.5498047,10361.7998047,10194.5,994200.0
2020-06-25,10383.0,10378.9003906,10409.8496094,10311.25,671900.0
2020-06-28,10312.4003906,10311.9501953,10337.9501953,10223.5996094,574500.0
2020-06-29,10302.0996094,10382.5996094,10401.0498047,10267.3496094,556200.0
2020-06-30,10430.0498047,10323.7998047,10447.0498047,10299.5996094,573600.0
2020-07-01,10551.7001953,10493.0498047,10598.2001953,10485.5498047,597400.0
2020-07-02,10607.3496094,10614.9501953,10631.2998047,10562.6503906,525200.0
2020-07-05,10763.6503906,10723.8496094,10811.4003906,10695.0996094,571200.0
2020-07-06,10799.6503906,10802.8496094,10813.7998047,10689.7001953,636800.0
2020-07-07,10705.75,10818.6503906,10847.8496094,10676.5498047,767900.0
2020-07-08,10813.4501953,10755.5498047,10836.8496094,10733.0,618700.0
2020-07-09,10768.0498047,10764.0996094,10819.4003906,10713.0,590700.0
2020-07-12,10802.7001953,10851.8496094,10894.0498047,10756.0498047,554100.0
2020-07-13,10607.3496094,10750.8496094,10755.6503906,10562.9003906,532400.0
2020-07-14,10618.2001953,10701.0,10827.4501953,10577.75,715900.0
2020-07-15,10739.9501953,10706.2001953,10755.2998047,10595.2001953,694400.0
2020-07-16,10901.7001953,10752.0,10933.4501953,10749.6503906,676900.0
2020-07-19,11022.2001953,10999.4501953,11037.9003906,10953.0,554300.0
2020-07-20,11162.25,11126.0996094,11179.5498047,11113.25,772000.0
2020-07-21,11132.5996094,11231.2001953,11238.0996094,11056.5498047,765100.0
2020-07-22,11215.4501953,11135.0,11239.7998047,11103.1503906,621600.0
2020-07-23,11194.1503906,11149.9501953,11225.4003906,11090.2998047,678900.0
2020-07-26,11131.7998047,11225.0,11225.0,11087.8496094,588100.0
2020-07-27,11300.5498047,11154.0996094,11317.75,11151.4003906,683900.0
2020-07-28,11202.8496094,11276.9003906,11341.4003906,11149.75,600700.0
2020-07-29,11102.1503906,11254.2998047,11299.9501953,11084.9501953,677800.0
2020-07-30,11073.4501953,11139.5,11150.4003906,11026.6503906,642600.0
2020-08-02,10891.5996094,11057.5498047,11058.0498047,10882.25,680900.0
2020-08-03,11095.25,10946.6503906,11112.25,10908.0996094,625700.0
2020-08-04,11101.6503906,11155.75,11225.6503906,11064.0498047,667600.0
2020-08-05,11200.1503906,11185.7001953,11256.7998047,11127.2998047,600400.0
2020-08-06,11214.0498047,11186.6503906,11231.9003906,11142.0498047,452600.0
2020-08-09,11270.1503906,11270.25,11337.2998047,11238.0,492000.0
2020-08-10,11322.5,11322.25,11373.5996094,11299.1503906,586100.0
2020-08-11,11308.4003906,11289.0,11322.0,11242.6503906,609900.0
2020-08-12,11300.4501953,11334.8496094,11359.2998047,11269.9501953,562400.0
2020-08-13,11178.4003906,11353.2998047,11366.25,11111.4501953,645100.0
2020-08-16,11247.0996094,11248.9003906,11267.0996094,11144.5,634000.0
2020-08-17,11385.3496094,11259.7998047,11401.7001953,11253.1503906,579200.0
2020-08-18,11408.4003906,11452.1503906,11460.3496094,11394.0996094,626200.0
2020-08-19,11312.2001953,11317.4501953,11361.4501953,11289.7998047,791600.0
2020-08-20,11371.5996094,11409.6503906,11418.5,11362.2001953,668700.0
2020-08-23,11466.4501953,11412.0,11497.25,11410.6503906,532900.0
2020-08-24,11472.25,11513.0996094,11525.9003906,11423.3496094,638200.0
2020-08-25,11549.5996094,11512.8496094,11561.75,11461.8496094,743400.0
2020-08-26,11559.25,11609.2998047,11617.3496094,11540.5996094,719800.0
2020-08-27,11647.5996094,11602.9501953,11686.0498047,11589.4003906,807000.0
2020-08-30,11387.5,11777.5498047,11794.25,11325.8496094,1371800.0
2020-08-31,11470.25,11464.2998047,11553.5498047,11366.9003906,783800.0
2020-09-01,11535.0,11478.5498047,11554.75,11430.4003906,593500.0
2020-09-02,11527.4501953,11566.2001953,11584.9501953,11507.6503906,607100.0
2020-09-03,11333.8496094,11354.4003906,11452.0498047,11303.6503906,681300.0
2020-09-06,11355.0498047,11359.5996094,11381.1503906,11251.7001953,560300.0
2020-09-07,11317.3496094,11378.5498047,11437.25,11290.4501953,572200.0
2020-09-08,11278.0,11218.5996094,11298.1503906,11185.1503906,728900.0
2020-09-09,11449.25,11363.2998047,11464.0498047,11327.4003906,679400.0
2020-09-10,11464.4501953,11447.7998047,11493.5,11419.9003906,554800.0
2020-09-13,11440.0498047,11540.1503906,11568.9003906,11383.5498047,642300.0
2020-09-14,11521.7998047,11487.2001953,11535.9501953,11442.25,506700.0
2020-09-15,11604.5498047,11538.4501953,11618.0996094,11516.75,527800.0
2020-09-16,11516.0996094,11539.4003906,11587.2001953,11498.5,0.0
2020-09-17,11504.9501953,11584.0996094,11584.0996094,11446.0996094,764200.0
2020-09-20,11250.5498047,11503.7998047,11535.25,11218.5,602900.0
2020-09-21,11153.6503906,11301.75,11302.2001953,11084.6503906,672200.0
2020-09-22,11131.8496094,11258.75,11259.5498047,11024.4003906,714900.0
2020-09-23,10805.5498047,11011.0,11015.2998047,10790.2001953,706100.0
2020-09-24,11050.25,10910.4003906,11072.5996094,10854.8496094,559600.0
2020-09-27,11227.5498047,11140.8496094,11239.3496094,11099.8496094,472800.0
2020-09-28,11222.4003906,11288.5996094,11305.4003906,11181.0,498300.0
2020-09-29,11247.5498047,11244.4501953,11295.4003906,11184.5498047,499300.0
2020-09-30,11416.9501953,11364.4501953,11428.5996094,11347.0498047,447700.0
2020-10-04,11503.3496094,11487.7998047,11578.0498047,11452.2998047,530600.0
2020-10-05,11662.4003906,11603.4501953,11680.2998047,11564.2998047,561400.0
2020-10-06,11738.8496094,11679.25,11763.0498047,11629.3496094,513400.0
2020-10-07,11834.5996094,11835.4003906,11905.7001953,11791.1503906,608800.0
2020-10-08,11914.2001953,11852.0498047,11938.5996094,11805.2001953,611100.0
2020-10-11,11930.9501953,11973.5498047,12022.0498047,11867.2001953,522600.0
2020-10-12,11934.5,11934.6503906,11988.2001953,11888.9003906,458300.0
2020-10-13,11971.0498047,11917.4003906,11997.2001953,11822.1503906,569200.0
2020-10-14,11680.3496094,12023.4501953,12025.4501953,11661.2998047,608900.0
2020-10-15,11762.4501953,11727.4003906,11789.75,11667.8496094,555800.0
2020-10-18,11873.0498047,11879.2001953,11898.25,11820.4003906,541400.0
2020-10-19,11896.7998047,11861.0,11949.25,11837.25,453600.0
2020-10-20,11937.6503906,11958.5498047,12018.6503906,11775.75,623700.0
2020-10-21,11896.4501953,11890.0,11939.5498047,11823.4501953,544900.0
2020-10-22,11930.3496094,11957.9003906,11974.5498047,11908.75,502300.0
2020-10-25,11767.75,11937.4003906,11942.8496094,11711.7001953,519800.0
2020-10-26,11889.4003906,11807.0996094,11899.0498047,11723.0,616300.0
2020-10-27,11729.5996094,11922.5996094,11929.4003906,11684.8496094,704000.0
2020-10-28,11670.7998047,11633.2998047,11744.1503906,11606.4501953,555000.0
2020-10-29,11642.4003906,11678.4501953,11748.9501953,11535.4501953,553700.0
2020-11-01,11669.1503906,11697.3496094,11725.6503906,11557.4003906,568400.0
2020-11-02,11813.5,11734.4501953,11836.2001953,11723.2998047,674300.0
2020-11-03,11908.5,11783.3496094,11929.6503906,11756.4003906,667300.0
2020-11-04,12120.2998047,12062.4003906,12131.0996094,12027.5996094,632500.0
2020-11-05,12263.5498047,12156.6503906,12280.4003906,12131.8496094,576800.0
2020-11-08,12461.0498047,12399.4003906,12474.0498047,12367.3496094,553400.0
2020-11-09,12631.0996094,12556.4003906,12643.9003906,12475.25,847500.0
2020-11-10,12749.1503906,12680.5996094,12769.75,12571.0996094,880500.0
2020-11-11,12690.7998047,12702.1503906,12741.1503906,12624.8496094,622000.0
2020-11-12,12719.9501953,12659.7001953,12735.9501953,12607.7001953,513900.0
2020-11-16,12874.2001953,12932.5,12934.0498047,12797.0996094,707700.0
2020-11-17,12938.25,12860.0996094,12948.8496094,12819.3496094,731300.0
2020-11-18,12771.7001953,12839.5,12963.0,12745.75,768800.0
2020-11-19,12859.0498047,12813.4003906,12892.4501953,12730.25,664000.0
2020-11-22,12926.4501953,12960.2998047,12968.8496094,12825.7001953,633100.0
2020-11-23,13055.1503906,13002.5996094,13079.0996094,12978.0,571900.0
2020-11-24,12858.4003906,13130.0,13145.8496094,12833.6503906,679000.0
2020-11-25,12987.0,12906.4501953,13018.0,12790.4003906,549800.0
2020-11-26,12968.9501953,13012.0498047,13035.2998047,12914.2998047,1162400.0
2020-11-30,13109.0498047,13062.2001953,13128.4003906,12962.7998047,583600.0
2020-12-01,13113.75,13121.4003906,13128.5,12983.5498047,717700.0
2020-12-02,13133.9003906,13215.2998047,13216.5996094,13107.9003906,713700.0
2020-12-03,13258.5498047,13177.4003906,13280.0498047,13152.8496094,640500.0
2020-12-06,13355.75,13264.8496094,13366.6503906,13241.9501953,591700.0
2020-12-07,13392.9501953,13393.8496094,13435.4501953,13311.0498047,543200.0
2020-12-08,13529.0996094,13458.0996094,13548.9003906,13449.5996094,502600.0
2020-12-09,13478.2998047,13488.5,13503.5498047,13399.2998047,553400.0
2020-12-10,13513.8496094,13512.2998047,13579.3496094,13402.8496094,787700.0
2020-12-13,13558.1503906,13571.4501953,13597.5,13472.4501953,558400.0
2020-12-14,13567.8496094,13547.2001953,13589.6503906,13447.0498047,497600.0
2020-12-15,13682.7001953,13663.0996094,13692.3496094,13606.4501953,462200.0
2020-12-16,13740.7001953,13713.5498047,13773.25,13673.5498047,416000.0
2020-12-17,13760.5498047,13764.4003906,13772.8496094,13658.5996094,519400.0
2020-12-20,13328.4003906,13741.9003906,13777.5,13131.4501953,687300.0
2020-12-21,13466.2998047,13373.6503906,13492.0498047,13192.9003906,696200.0
2020-12-22,13601.0996094,13473.5,13619.4501953,13432.2001953,458700.0
2020-12-23,13749.25,13672.1503906,13771.75,13626.9003906,471400.0
2020-12-27,13873.2001953,13815.1503906,13885.2998047,13811.5498047,403600.0
2020-12-28,13932.5996094,13910.3496094,13967.5996094,13859.9003906,439600.0
2020-12-29,13981.9501953,13980.9003906,13997.0,13864.9501953,380700.0
2020-12-30,13981.75,13970.0,14024.8496094,13936.4501953,452400.0
2020-12-31,14018.5,13996.0996094,14049.8496094,13991.3496094,358100.0
2021-01-03,14132.9003906,14104.3496094,14147.9501953,13953.75,495000.0
2021-01-04,14199.5,14075.1503906,14215.5996094,14048.1503906,492500.0
2021-01-05,14146.25,14240.9501953,14244.1503906,14039.9003906,632300.0
2021-01-06,14137.3496094,14253.75,14256.25,14123.0996094,559200.0
2021-01-07,14347.25,14258.4003906,14367.2998047,14221.6503906,613500.0
2021-01-10,14484.75,14474.0498047,14498.2001953,14383.0996094,672900.0
2021-01-11,14563.4501953,14473.7998047,14590.6503906,14432.8496094,929600.0
2021-01-12,14564.8496094,14639.7998047,14653.3496094,14435.7001953,874000.0
2021-01-13,14595.5996094,14550.0498047,14617.7998047,14471.5,620200.0
2021-01-14,14433.7001953,14594.3496094,14617.4501953,14357.8496094,789600.0
2021-01-17,14281.2998047,14453.2998047,14459.1503906,14222.7998047,762000.0
2021-01-18,14521.1503906,14371.6503906,14546.0498047,14350.8496094,546100.0
2021-01-19,14644.7001953,14538.2998047,14666.4501953,14517.5498047,623100.0
2021-01-20,14590.3496094,14730.9501953,14753.5498047,14517.25,704600.0
2021-01-21,14371.9003906,14583.4003906,14619.9003906,14357.75,776800.0
2021-01-24,14238.9003906,14477.7998047,14491.0996094,14218.5996094,618600.0
2021-01-26,13967.5,14237.9501953,14237.9501953,13929.2998047,660700.0
2021-01-27,13817.5498047,13810.4003906,13898.25,13713.25,637900.0
2021-01-28,13634.5996094,13946.5996094,13966.8496094,13596.75,753200.0
2021-01-31,14281.2001953,13758.5996094,14336.3496094,13661.75,870500.0
2021-02-01,14647.8496094,14481.0996094,14731.7001953,14469.1503906,915000.0
2021-02-02,14789.9501953,14754.9003906,14868.8496094,14574.1503906,869500.0
2021-02-03,14895.6503906,14789.0498047,14913.7001953,14714.75,884700.0
2021-02-04,14924.25,14952.5996094,15014.6503906,14864.75,935600.0
2021-02-07,15115.7998047,15064.2998047,15159.9003906,15041.0498047,671200.0
2021-02-08,15109.2998047,15164.1503906,15257.0996094,15064.2998047,713300.0
2021-02-09,15106.5,15119.0498047,15168.25,14977.2001953,624800.0
2021-02-10,15173.2998047,15073.25,15188.5,15065.4003906,500100.0
2021-02-11,15163.2998047,15186.2001953,15243.5,15081.0,571800.0
2021-02-14,15314.7001953,15270.2998047,15340.1503906,15243.4003906,456000.0
2021-02-15,15313.4501953,15371.4501953,15431.75,15242.2001953,648500.0
2021-02-16,15208.9003906,15279.9003906,15314.2998047,15170.75,504800.0
2021-02-17,15118.9501953,15238.7001953,15250.75,15078.0498047,770600.0
2021-02-18,14981.75,15074.7998047,15144.0498047,14898.2001953,712200.0
2021-02-21,14675.7001953,14999.0498047,15010.0996094,14635.0498047,609900.0
2021-02-22,14707.7998047,14782.25,14854.5,14651.8496094,744100.0
2021-02-23,14982.0,14729.1503906,15008.7998047,14504.5,403800.0
2021-02-24,15097.3496094,15079.8496094,15176.5,15065.3496094,803900.0
2021-02-25,14529.1503906,14888.5996094,14919.4501953,14467.75,1103600.0
2021-02-28,14761.5498047,14702.5,14806.7998047,14638.5498047,507300.0
2021-03-01,14919.0996094,14865.2998047,14959.0996094,14760.7998047,621700.0
2021-03-02,15245.5996094,15064.4003906,15273.1503906,14995.7998047,544200.0
2021-03-03,15080.75,15026.75,15202.3496094,14980.2001953,534900.0
2021-03-04,14938.0996094,14977.9501953,15092.3496094,14862.0996094,640700.0
2021-03-07,14956.2001953,15002.4501953,15111.1503906,14919.9003906,0.0
2021-03-08,15098.4003906,15049.9003906,15126.8496094,14925.4501953,675300.0
2021-03-09,15174.7998047,15202.1503906,15218.4501953,15100.8496094,404600.0
2021-03-11,15030.9501953,15321.1503906,15336.2998047,14953.5996094,493200.0
2021-03-14,14929.5,15048.4003906,15048.4003906,14745.8496094,467500.0
2021-03-15,14910.4501953,14996.0996094,15051.5996094,14890.6503906,100.0
2021-03-16,14721.2998047,14946.5498047,14956.5498047,14696.0498047,100.0
2021-03-17,14557.8496094,14855.5,14875.2001953,14478.5996094,542200.0
2021-03-18,14744.0,14471.1503906,14788.25,14350.0996094,919200.0
2021-03-21,14736.4003906,14736.2998047,14763.9003906,14597.8496094,459000.0
2021-03-22,14814.75,14768.5498047,14878.5996094,14707.0,474200.0
2021-03-23,14549.4003906,14712.4501953,14752.3496094,14535.0,456400.0
2021-03-24,14324.9003906,14570.9003906,14575.5996094,14264.4003906,606800.0
2021-03-25,14507.2998047,14506.2998047,14572.9003906,14414.25,481000.0
2021-03-29,14845.0996094,14628.5,14876.2998047,14617.5996094,594500.0
2021-03-30,14690.7001953,14811.8496094,14813.75,14670.25,463900.0
2021-03-31,14867.3496094,14798.4003906,14883.2001953,14692.4501953,445000.0
2021-04-04,14637.7998047,14837.7001953,14849.8496094,14459.5,509700.0
2021-04-05,14683.5,14737.0,14779.0996094,14573.9003906,475300.0
2021-04-06,14819.0498047,14716.4501953,14879.7998047,14649.8496094,0.0
2021-04-07,14873.7998047,14875.6503906,14984.1503906,14821.0996094,514800.0
2021-04-08,14834.8496094,14882.6503906,14918.4501953,14785.6503906,504100.0
2021-04-11,14310.7998047,14644.6503906,14652.5,14248.7001953,650200.0
2021-04-12,14504.7998047,14364.9003906,14528.9003906,14274.9003906,605100.0
2021-04-14,14581.4501953,14522.4003906,14597.5498047,14353.2001953,568000.0
2021-04-15,14617.8496094,14599.5996094,14697.7001953,14559.0,577200.0
2021-04-18,14359.4501953,14306.5996094,14382.2998047,14191.4003906,512300.0
2021-04-19,14296.4003906,14526.7001953,14526.9501953,14207.2998047,467400.0
2021-04-21,14406.1503906,14219.1503906,14424.75,14151.4003906,524600.0
2021-04-22,14341.3496094,14326.3496094,14461.1503906,14273.2998047,498100.0
2021-04-25,14485.0,14449.4501953,14557.5,14421.2998047,452700.0
2021-04-26,14653.0498047,14493.7998047,14667.5498047,14484.8496094,451800.0
2021-04-27,14864.5498047,14710.5,14890.25,14694.9501953,457000.0
2021-04-28,14894.9003906,14979.0,15044.3496094,14814.4501953,517500.0
2021-04-29,14631.0996094,14747.3496094,14855.4501953,14601.7001953,613900.0
2021-05-02,14634.1503906,14481.0498047,14673.8496094,14416.25,448900.0
2021-05-03,14496.5,14687.25,14723.4003906,14461.5,503400.0
2021-05-04,14617.8496094,14604.1503906,14637.9003906,14506.5996094,455900.0
2021-05-05,14724.7998047,14668.3496094,14743.9003906,14611.5,467800.0
2021-05-06,14823.1503906,14816.8496094,14863.0498047,14765.5,488000.0
2021-05-09,14942.3496094,14928.25,14966.9003906,14892.5,522000.0
2021-05-10,14850.75,14789.7001953,14900.0,14771.4003906,647400.0
2021-05-11,14696.5,14823.5498047,14824.0498047,14649.7001953,643800.0
2021-05-13,14677.7998047,14749.4003906,14749.6503906,14591.9003906,620700.0
2021-05-16,14923.1503906,14756.25,14938.0,14725.3496094,546400.0
2021-05-17,15108.0996094,15067.2001953,15137.25,15043.7001953,583900.0
2021-05-18,15030.1503906,15058.5996094,15133.4003906,15008.8496094,569100.0
2021-05-19,14906.0498047,15042.5996094,15069.7998047,14884.9003906,480300.0
2021-05-20,15175.2998047,14987.7998047,15190.0,14985.8496094,572900.0
2021-05-23,15197.7001953,15211.3496094,15256.25,15145.4501953,579800.0
2021-05-24,15208.4501953,15291.75,15293.8496094,15163.4003906,441500.0
2021-05-25,15301.4501953,15257.0498047,15319.9003906,15194.9501953,384000.0
2021-05-26,15337.8496094,15323.9501953,15384.5498047,15272.5,0.0
2021-05-27,15435.6503906,15421.2001953,15469.6503906,15394.75,468100.0
2021-05-30,15582.7998047,15437.75,15606.3496094,15374.0,436000.0
2021-05-31,15574.8496094,15629.6503906,15660.75,15528.2998047,409600.0
2021-06-01,15576.2001953,15520.3496094,15597.4501953,15459.8496094,428600.0
2021-06-02,15690.3496094,15655.5498047,15705.0996094,15611.0,410200.0
2021-06-03,15670.25,15712.5,15733.5996094,15622.3496094,414200.0
2021-06-06,15751.6503906,15725.0996094,15773.4501953,15678.0996094,394000.0
2021-06-07,15740.0996094,15773.9003906,15778.7998047,15680.0,378200.0
2021-06-08,15635.3496094,15766.2998047,15800.4501953,15566.9003906,457900.0
2021-06-09,15737.75,15692.0996094,15751.25,15648.5,298300.0
2021-06-10,15799.3496094,15796.4501953,15835.5498047,15749.7998047,363000.0
2021-06-13,15811.8496094,15791.4003906,15823.0498047,15606.5,392900.0
2021-06-14,15869.25,15866.9501953,15901.5996094,15842.4003906,323300.0
2021-06-15,15767.5498047,15847.5,15880.8496094,15742.5996094,340200.0
2021-06-16,15691.4003906,15648.2998047,15769.3496094,15616.75,357600.0
2021-06-17,15683.3496094,15756.5,15761.5,15450.9003906,640800.0
2021-06-20,15746.5,15525.8496094,15765.1503906,15505.6503906,351500.0
2021-06-21,15772.75,15840.5,15895.75,15752.0996094,322200.0
2021-06-22,15686.9501953,15862.7998047,15862.9501953,15673.9501953,287500.0
2021-06-23,15790.4501953,15737.2998047,15821.4003906,15702.7001953,316700.0
2021-06-24,15860.3496094,15839.3496094,15870.7998047,15772.2998047,314600.0
2021-06-27,15814.7001953,15915.3496094,15915.6503906,15792.1503906,255100.0
2021-06-28,15748.4501953,15807.5,15835.9003906,15724.0498047,360300.0
2021-06-29,15721.5,15776.9003906,15839.0996094,15708.75,262400.0
2021-06-30,15680.0,15755.0498047,15755.5498047,15667.0498047,224900.0
2021-07-01,15722.2001953,15705.8496094,15738.3496094,15635.9501953,254800.0
2021-07-04,15834.3496094,15793.4003906,15845.9501953,15762.0498047,207000.0
2021-07-05,15818.25,15813.75,15914.2001953,15801.0,391400.0
2021-07-06,15879.6503906,15819.5996094,15893.5498047,15779.7001953,329300.0
2021-07-07,15727.9003906,15855.4003906,15885.75,15682.9003906,307900.0
2021-07-08,15689.7998047,15688.25,15730.8496094,15632.75,243200.0
2021-07-11,15692.5996094,15766.7998047,15789.2001953,15644.75,216300.0
2021-07-12,15812.3496094,15794.0,15820.7998047,15744.5996094,246700.0
2021-07-13,15853.9501953,15808.7001953,15877.3496094,15764.2001953,0.0
2021-07-14,15924.2001953,15872.1503906,15952.3496094,15855.0,284900.0
2021-07-15,15923.4003906,15958.3496094,15962.25,15882.5996094,276300.0
2021-07-18,15752.4003906,15754.5,15836.9003906,15707.5,242100.0
2021-07-19,15632.0996094,15703.9501953,15728.4501953,15578.5498047,274300.0
2021-07-21,15824.0498047,15736.5996094,15834.7998047,15726.4003906,265300.0
2021-07-22,15856.0498047,15856.7998047,15899.7998047,15768.4003906,294100.0
2021-07-25,15824.4501953,15849.2998047,15893.3496094,15797.0,267100.0
2021-07-26,15746.4501953,15860.5,15881.5498047,15701.0,311000.0
2021-07-27,15709.4003906,15761.5498047,15767.5,15513.4501953,318600.0
2021-07-28,15778.4501953,15762.7001953,15817.3496094,15737.7998047,401600.0
2021-07-29,15763.0498047,15800.5996094,15862.7998047,15744.8496094,400000.0
2021-08-01,15885.1503906,15874.9003906,15892.9003906,15834.6503906,244800.0
2021-08-02,16130.75,15951.5498047,16146.9003906,15914.3496094,341300.0
2021-08-03,16258.7998047,16195.25,16290.2001953,16176.1503906,427300.0
2021-08-04,16294.5996094,16288.9501953,16349.4501953,16210.2998047,418200.0
2021-08-05,16238.2001953,16304.4003906,16336.75,16223.2998047,320100.0
2021-08-08,16258.25,16281.3496094,16320.75,16179.0498047,240500.0
2021-08-09,16280.0996094,16274.7998047,16359.25,16202.25,288000.0
2021-08-10,16282.25,16327.2998047,16338.75,16162.5498047,277900.0
2021-08-11,16364.4003906,16303.6503906,16375.5,16286.9003906,280200.0
2021-08-12,16529.0996094,16385.6992188,16543.5996094,16376.2998047,321900.0
2021-08-15,16563.0507812,16518.4003906,16589.4003906,16480.75,254000.0
2021-08-16,16614.5996094,16545.25,16628.5507812,16495.4003906,297400.0
2021-08-17,16568.8496094,16691.9492188,16701.8496094,16535.8496094,251800.0
2021-08-19,16450.5,16382.5,16509.5507812,16376.0498047,350800.0
2021-08-22,16496.4492188,16592.25,16592.5,16395.6992188,275600.0
2021-08-23,16624.5996094,16561.4003906,16647.0996094,16495.3007812,275400.0
2021-08-24,16634.6503906,16654.0,16712.4492188,16617.5,265900.0
2021-08-25,16636.9003906,16627.9492188,16683.6992188,16603.4003906,253500.0
2021-08-26,16705.1992188,16642.5507812,16722.0507812,16565.5996094,217400.0
2021-08-29,16931.0507812,16775.8496094,16951.5,16764.8496094,283500.0
2021-08-30,17132.1992188,16947.5,17153.5,16915.8496094,464400.0
2021-08-31,17076.25,17185.5996094,17225.75,17055.0507812,301900.0
2021-09-01,17234.1503906,17095.4003906,17245.5,17059.6992188,242400.0
2021-09-02,17323.5996094,17262.4492188,17340.0996094,17212.1992188,261400.0
2021-09-05,17377.8007812,17399.3496094,17429.5507812,17345.5507812,228000.0
2021-09-06,17362.0996094,17401.5507812,17436.5,17287.0,243400.0
2021-09-07,17353.5,17375.75,17383.4003906,17254.1992188,252700.0
2021-09-08,17369.25,17312.8496094,17379.6503906,17302.6992188,241500.0
2021-09-12,17355.3007812,17363.5507812,17378.3496094,17269.1503906,241100.0
2021-09-13,17380.0,17420.3496094,17438.5507812,17367.0507812,230400.0
2021-09-14,17519.4492188,17387.6503906,17532.6992188,17386.9003906,388200.0
2021-09-15,17629.5,17539.1992188,17644.5996094,17510.4492188,503300.0
2021-09-16,17585.1503906,17709.6503906,17792.9492188,17537.6503906,508300.0
2021-09-19,17396.9003906,17443.8496094,17622.75,17361.8007812,339100.0
2021-09-20,17562.0,17450.5,17578.3496094,17326.0996094,363600.0
2021-09-21,17546.6503906,17580.9003906,17610.4492188,17524.0,295200.0
2021-09-22,17822.9492188,17670.8496094,17843.9003906,17646.5507812,320500.0
2021-09-23,17853.1992188,17897.4492188,17947.6503906,17819.4003906,360100.0
2021-09-26,17855.0996094,17932.1992188,17943.5,17802.9003906,295700.0
2021-09-27,17748.5996094,17906.4492188,17912.8496094,17576.0996094,398000.0
2021-09-28,17711.3007812,17657.9492188,17781.75,17608.1503906,562200.0
2021-09-29,17618.1503906,17718.9003906,17742.1503906,17585.3496094,378600.0
2021-09-30,17532.0507812,17531.9003906,17557.1503906,17452.9003906,305800.0
2021-10-03,17691.25,17615.5507812,17750.9003906,17581.3496094,295800.0
2021-10-04,17822.3007812,17661.3496094,17833.4492188,17640.9003906,427000.0
2021-10-05,17646.0,17861.5,17884.5996094,17613.1503906,395800.0
2021-10-06,17790.3496094,17810.5507812,17857.5507812,17763.8007812,419900.0
2021-10-07,17895.1992188,17886.8496094,17941.8496094,17840.3496094,324100.0
2021-10-10,17945.9492188,17867.5507812,18041.9492188,17839.0996094,375800.0
2021-10-11,17991.9492188,17915.8007812,18008.6503906,17864.9492188,355600.0
2021-10-12,18161.75,18097.8496094,18197.8007812,18050.75,506700.0
2021-10-13,18338.5507812,18272.8496094,18350.75,18248.6992188,538700.0
2021-10-17,18477.0507812,18500.0996094,18543.1503906,18445.3007812,469900.0
2021-10-18,18418.75,18602.3496094,18604.4492188,18377.6992188,368200.0
2021-10-19,18266.5996094,18439.9003906,18458.3007812,18209.3496094,371300.0
2021-10-20,18178.0996094,18382.6992188,18384.1992188,18048.0,365900.0
2021-10-21,18114.9003906,18230.6992188,18314.25,18034.3496094,324700.0
2021-10-24,18125.4003906,18229.5,18241.4003906,17968.5,418700.0
2021-10-25,18268.4003906,18154.5,18310.4492188,18099.3007812,341400.0
2021-10-26,18210.9492188,18295.8496094,18342.0507812,18167.9003906,335200.0
2021-10-27,17857.25,18187.6503906,18190.6992188,17799.4492188,374200.0
2021-10-28,17671.6503906,17833.0507812,17915.8496094,17613.0996094,336500.0
2021-10-31,17929.6503906,17783.1503906,17954.0996094,17697.0996094,281200.0
2021-11-01,17888.9492188,17970.9003906,18012.25,17847.5996094,296400.0
2021-11-02,17829.1992188,17947.9492188,17988.75,17757.9492188,331000.0
2021-11-03,17916.8007812,17935.0507812,17947.5507812,17900.5996094,48500.0
2021-11-07,18068.5507812,18040.1992188,18087.8007812,17836.0996094,338900.0
2021-11-08,18044.25,18084.3496094,18112.5996094,17983.0507812,270200.0
2021-11-09,18017.1992188,17973.4492188,18061.25,17915.0,261400.0
2021-11-10,17873.5996094,17967.4492188,17971.3496094,17798.1992188,232100.0
2021-11-11,18102.75,17977.5996094,18123.0,17905.9003906,249100.0
2021-11-14,18109.4492188,18140.9492188,18210.1503906,18071.3007812,280400.0
2021-11-15,17999.1992188,18127.0507812,18132.6503906,17958.8007812,267400.0
2021-11-16,17898.6503906,17939.3496094,18022.6503906,17879.25,295700.0
2021-11-17,17764.8007812,17890.5507812,17945.5996094,17688.5,278400.0
2021-11-21,17416.5507812,17796.25,17805.25,17280.4492188,356400.0
2021-11-22,17503.3496094,17281.75,17553.6992188,17216.0996094,308800.0
2021-11-23,17415.0507812,17550.0507812,17600.5996094,17354.0,298100.0
2021-11-24,17536.25,17417.3007812,17564.3496094,17351.6992188,255900.0
2021-11-25,17026.4492188,17338.75,17355.4003906,16985.6992188,356300.0
2021-11-28,17053.9492188,17055.8007812,17160.6992188,16782.4003906,348900.0
2021-11-29,16983.1992188,17051.1503906,17324.6503906,16931.4003906,498000.0
2021-11-30,17166.9003906,17104.4003906,17213.0507812,17064.25,295500.0
2021-12-01,17401.6503906,17183.1992188,17420.3496094,17149.3007812,279900.0
2021-12-02,17196.6992188,17424.9003906,17489.8007812,17180.8007812,292500.0
2021-12-05,16912.25,17209.0507812,17216.75,16891.6992188,231700.0
2021-12-06,17176.6992188,17044.0996094,17251.6503906,16987.75,254100.0
2021-12-07,17469.75,17315.25,17484.5996094,17308.9492188,257800.0
2021-12-08,17516.8496094,17524.4003906,17543.25,17379.5996094,237200.0
2021-12-09,17511.3007812,17476.0507812,17534.3496094,17405.25,204500.0
2021-12-12,17368.25,17619.0996094,17639.5,17355.9492188,256600.0
2021-12-13,17324.9003906,17283.1992188,17376.1992188,17225.8007812,271000.0
2021-12-14,17221.4003906,17323.6503906,17351.1992188,17192.1992188,215000.0
2021-12-15,17248.4003906,17373.0,17379.3496094,17184.9492188,219500.0
2021-12-16,16985.1992188,17276.0,17298.1503906,16966.4492188,354600.0
2021-12-19,16614.1992188,16824.25,16840.0996094,16410.1992188,330600.0
2021-12-20,16770.8496094,16773.1503906,16936.4003906,16688.25,241000.0
2021-12-21,16955.4492188,16865.5507812,16971.0,16819.5,207900.0
2021-12-22,17072.5996094,17066.8007812,17118.6503906,17015.5507812,197000.0
2021-12-23,17003.75,17149.5,17155.5996094,16909.5996094,182600.0
2021-12-26,17086.25,16937.75,17112.0507812,16833.1992188,144800.0
2021-12-27,17233.25,17177.5996094,17250.25,17161.1503906,176000.0
2021-12-28,17213.5996094,17220.0996094,17285.9492188,17176.6503906,161700.0
2021-12-29,17203.9492188,17201.4492188,17264.0507812,17146.3496094,320800.0
2021-12-30,17354.0507812,17244.5,17400.8007812,17238.5,167000.0
2022-01-02,17625.6992188,17387.1503906,17646.6503906,17383.3007812,200500.0
2022-01-03,17805.25,17681.4003906,17827.5996094,17593.5507812,247400.0
2022-01-04,17925.25,17820.0996094,17944.6992188,17748.8496094,251500.0
2022-01-05,17745.9003906,17768.5,17797.9492188,17655.5507812,236500.0
2022-01-06,17812.6992188,17797.5996094,17905.0,17704.5507812,239300.0
2022-01-09,18003.3007812,17913.3007812,18017.4492188,17879.1503906,232400.0
2022-01-10,18055.75,17997.75,18081.25,17964.4003906,220200.0
2022-01-11,18212.3496094,18170.4003906,18227.9492188,18128.8007812,245000.0
2022-01-12,18257.8007812,18257.0,18272.25,18163.8007812,303700.0
2022-01-13,18255.75,18185.0,18286.9492188,18119.6503906,229500.0
2022-01-16,18308.0996094,18235.6503906,18321.5507812,18228.75,266700.0
2022-01-17,18113.0507812,18337.1992188,18350.9492188,18085.9003906,227500.0
2022-01-18,17938.4003906,18129.1992188,18129.1992188,17884.9003906,276700.0
2022-01-19,17757.0,17921.0,17943.6992188,17648.4492188,258100.0
2022-01-20,17617.1503906,17613.6992188,17707.5996094,17485.8496094,277600.0
2022-01-23,17149.0996094,17575.1503906,17599.4003906,16997.8496094,323800.0
2022-01-24,17277.9492188,17001.5507812,17309.1503906,16836.8007812,326500.0
2022-01-26,17110.1503906,17062.0,17182.5,16866.75,395600.0
2022-01-27,17101.9492188,17208.3007812,17373.5,17077.0996094,355300.0
2022-01-30,17339.8496094,17301.0507812,17410.0,17264.1503906,321700.0
2022-01-31,17576.8496094,17529.4492188,17622.4003906,17244.5507812,386400.0
2022-02-01,17780.0,17706.1992188,17794.5996094,17674.8007812,271200.0
2022-02-02,17560.1992188,17767.75,17781.1503906,17511.1503906,226600.0
2022-02-03,17516.3007812,17590.1992188,17617.8007812,17462.5507812,261400.0
2022-02-06,17213.5996094,17456.3007812,17536.75,17119.4003906,265000.0
2022-02-07,17266.75,17279.8496094,17306.4492188,17043.6503906,268500.0
2022-02-08,17463.8007812,17370.0996094,17477.1503906,17339.0,236400.0
2022-02-09,17605.8496094,17554.0996094,17639.4492188,17427.1503906,273600.0
2022-02-10,17374.75,17451.0,17454.75,17303.0,253100.0
2022-02-13,16842.8007812,17076.1503906,17099.5,16809.6503906,305500.0
2022-02-14,17352.4492188,16933.25,17375.0,16839.25,298700.0
2022-02-15,17322.1992188,17408.4492188,17490.5996094,17257.6992188,244500.0
2022-02-16,17304.5996094,17396.5507812,17442.9003906,17235.8496094,232100.0
2022-02-17,17276.3007812,17236.0507812,17380.8007812,17219.1992188,189600.0
2022-02-20,17206.6503906,17192.25,17351.0507812,17070.6992188,215200.0
2022-02-21,17092.1992188,16847.9492188,17148.5507812,16843.8007812,300100.0
2022-02-22,17063.25,17194.5,17220.6992188,17027.8496094,200200.0
2022-02-23,16247.9501953,16548.9003906,16705.25,16203.25,458000.0
2022-02-24,16658.4003906,16515.6503906,16748.8007812,16478.3007812,329800.0
2022-02-27,16793.9003906,16481.5996094,16815.9003906,16356.2998047,404200.0
2022-03-01,16605.9492188,16593.0996094,16678.5,16478.6503906,517700.0
2022-03-02,16498.0507812,16723.1992188,16768.9492188,16442.9492188,442100.0
2022-03-03,16245.3496094,16339.4501953,16456.0,16133.7998047,456100.0
2022-03-06,15863.1503906,15867.9501953,15944.5996094,15711.4501953,585400.0
2022-03-07,16013.4501953,15747.75,16028.75,15671.4501953,543600.0
2022-03-08,16345.3496094,16078.0,16418.0507812,15990.0,462200.0
2022-03-09,16594.9003906,16757.0996094,16757.3007812,16447.9003906,486400.0
2022-03-10,16630.4492188,16528.8007812,16694.4003906,16470.9003906,343700.0
2022-03-13,16871.3007812,16633.6992188,16887.9492188,16606.5,314700.0
2022-03-14,16663.0,16900.6503906,16927.75,16555.0,381600.0
2022-03-15,16975.3496094,16876.6503906,16987.9003906,16837.8496094,260000.0
2022-03-16,17287.0507812,17202.9003906,17344.5996094,17175.75,448300.0
2022-03-20,17117.5996094,17329.5,17353.3496094,17096.4003906,285500.0
2022-03-21,17315.5,17120.4003906,17334.4003906,17006.3007812,338300.0
2022-03-22,17245.6503906,17405.0507812,17442.4003906,17199.5996094,292100.0
2022-03-23,17222.75,17094.9492188,17291.75,17091.1503906,290300.0
2022-03-24,17153.0,17289.0,17294.9003906,17076.5507812,237100.0
2022-03-27,17222.0,17181.8496094,17235.0996094,17003.9003906,253200.0
2022-03-28,17325.3007812,17297.1992188,17343.6503906,17235.6992188,235100.0
2022-03-29,17498.25,17468.1503906,17522.5,17387.1992188,505000.0
2022-03-30,17464.75,17519.1992188,17559.8007812,17435.1992188,281100.0
2022-03-31,17670.4492188,17436.9003906,17703.6992188,17422.6992188,291800.0
2022-04-03,18053.4003906,17809.0996094,18114.6503906,17791.4003906,345500.0
2022-04-04,17957.4003906,18080.5996094,18095.4492188,17921.5507812,283500.0
2022-04-05,17807.6503906,17842.75,17901.0,17779.8496094,328800.0
2022-04-06,17639.5507812,17723.3007812,17787.5,17623.6992188,308800.0
2022-04-07,17784.3496094,17698.1503906,17842.75,17600.5507812,274400.0
2022-04-10,17674.9492188,17740.9003906,17779.0507812,17650.9492188,251700.0
2022-04-11,17530.3007812,17584.8496094,17595.3007812,17442.3496094,266000.0
2022-04-12,17475.6503906,17599.9003906,17663.6503906,17457.4003906,245100.0
2022-04-17,17173.6503906,17183.4492188,17237.75,17067.8496094,376100.0
2022-04-18,16958.6503906,17258.9492188,17275.6503906,16824.6992188,401400.0
2022-04-19,17136.5507812,17045.25,17186.9003906,16978.9492188,286100.0
2022-04-20,17392.5996094,17234.5996094,17414.6992188,17215.5,285200.0
2022-04-21,17171.9492188,17242.75,17315.3007812,17149.1992188,262700.0
2022-04-24,16953.9492188,17009.0507812,17054.3007812,16888.6992188,275700.0
2022-04-25,17200.8007812,17121.3007812,17223.8496094,17064.4492188,261100.0
2022-04-26,17038.4003906,17073.3496094,17110.6992188,16958.4492188,265100.0
2022-04-27,17245.0507812,17189.5,17322.5,17071.0507812,312900.0
2022-04-28,17102.5507812,17329.25,17377.6503906,17053.25,336200.0
2022-05-01,17069.0996094,16924.4492188,17092.25,16917.25,278200.0
2022-05-03,16677.5996094,17096.5996094,17132.8496094,16623.9492188,310600.0
2022-05-04,16682.6503906,16854.75,16945.6992188,16651.8496094,265800.0
2022-05-05,16411.25,16415.5507812,16484.1992188,16340.9003906,300500.0
2022-05-08,16301.8496094,16227.7001953,16403.6992188,16142.0996094,288400.0
2022-05-09,16240.0498047,16248.9003906,16404.5507812,16197.2998047,283100.0
2022-05-10,16167.0996094,16270.0498047,16318.75,15992.5996094,284300.0
2022-05-11,15808.0,16021.0996094,16041.9501953,15735.75,314900.0
2022-05-12,15782.1503906,15977.0,16083.5996094,15740.8496094,369100.0
2022-05-15,15842.2998047,15845.0996094,15977.9501953,15739.6503906,217600.0
2022-05-16,16259.2998047,15912.5996094,16284.25,15900.7998047,295700.0
2022-05-17,16240.2998047,16318.1503906,16399.8007812,16211.2001953,290400.0
2022-05-18,15809.4003906,15917.4003906,15984.75,15775.2001953,313900.0
2022-05-19,16266.1503906,16043.7998047,16283.0498047,16003.8496094,252400.0
2022-05-22,16214.7001953,16290.9501953,16414.6992188,16185.75,293800.0
2022-05-23,16125.1503906,16225.5498047,16262.7998047,16078.5996094,249800.0
2022-05-24,16025.7998047,16196.3496094,16223.3496094,16006.9501953,243300.0
2022-05-25,16170.1503906,16105.0,16204.4501953,15903.7001953,314300.0
2022-05-26,16352.4501953,16296.5996094,16370.5996094,16221.9501953,274100.0
2022-05-29,16661.4003906,16527.9003906,16695.5,16506.1503906,251400.0
2022-05-30,16584.5507812,16578.4492188,16690.75,16521.9003906,651600.0
2022-05-31,16522.75,16594.4003906,16649.1992188,16438.8496094,249600.0
2022-06-01,16628.0,16481.6503906,16646.4003906,16443.0507812,236000.0
2022-06-02,16584.3007812,16761.6503906,16793.8496094,16567.9003906,245500.0
2022-06-05,16569.5507812,16530.6992188,16610.9492188,16444.5507812,233600.0
2022-06-06,16416.3496094,16469.5996094,16487.25,16347.0996094,233800.0
2022-06-07,16356.25,16474.9492188,16514.3007812,16293.3496094,243500.0
2022-06-08,16478.0996094,16263.8496094,16492.8007812,16243.8496094,205000.0
2022-06-09,16201.7998047,16283.9501953,16324.7001953,16172.5996094,189700.0
2022-06-12,15774.4003906,15877.5498047,15886.1503906,15684.0,225500.0
2022-06-13,15732.0996094,15674.25,15858.0,15659.4501953,225400.0
2022-06-14,15692.1503906,15729.25,15783.6503906,15678.9003906,183000.0
2022-06-15,15360.5996094,15832.25,15863.1503906,15335.0996094,264700.0
2022-06-16,15293.5,15272.6503906,15400.4003906,15183.4003906,342600.0
2022-06-19,15350.1503906,15334.5,15382.5,15191.0996094,260000.0
2022-06-20,15638.7998047,15455.9501953,15707.25,15419.8496094,262800.0
2022-06-21,15413.2998047,15545.6503906,15565.4003906,15385.9501953,220900.0
2022-06-22,15556.6503906,15451.5498047,15628.4501953,15367.5,259200.0
2022-06-23,15699.25,15657.4003906,15749.25,15619.4501953,219600.0
2022-06-26,15832.0498047,15926.2001953,15927.4501953,15815.5,210900.0
2022-06-27,15850.2001953,15757.4501953,15892.0996094,15710.1503906,251900.0
2022-06-28,15799.0996094,15701.7001953,15861.5996094,15687.7998047,444900.0
2022-06-29,15780.25,15774.5,15890.0,15728.8496094,306000.0
2022-06-30,15752.0498047,15703.7001953,15793.9501953,15511.0498047,364100.0
2022-07-03,15835.3496094,15710.5,15852.3496094,15661.7998047,304300.0
2022-07-04,15810.8496094,15909.1503906,16025.75,15785.4501953,254200.0
2022-07-05,15989.7998047,15818.2001953,16011.3496094,15800.9003906,288400.0
2022-07-06,16132.9003906,16113.75,16150.5,16045.9501953,264600.0
2022-07-07,16220.5996094,16273.6503906,16275.5,16157.9003906,281100.0
2022-07-10,16216.0,16136.1503906,16248.5498047,16115.5,255900.0
2022-07-11,16058.2998047,16126.2001953,16158.75,16031.1503906,208600.0
2022-07-12,15966.6503906,16128.2001953,16140.0,15950.1503906,233300.0
2022-07-13,15938.6503906,16018.8496094,16070.8496094,15858.2001953,228600.0
2022-07-14,16049.2001953,16010.7998047,16066.9501953,15927.2998047,205800.0
2022-07-17,16278.5,16151.4003906,16287.9501953,16142.2001953,227700.0
2022-07-18,16340.5498047,16187.0498047,16359.5,16187.0498047,222600.0
2022-07-19,16520.8496094,16562.8007812,16588.0,16490.9492188,284400.0
2022-07-20,16605.25,16523.5507812,16626.9492188,16483.9003906,243600.0
2022-07-21,16719.4492188,16661.25,16752.25,16610.9003906,190900.0
2022-07-24,16631.0,16662.5507812,16706.0507812,16564.25,211400.0
2022-07-25,16483.8496094,16632.9003906,16636.0996094,16463.3007812,208200.0
2022-07-26,16641.8007812,16475.3496094,16653.4492188,16438.75,185200.0
2022-07-27,16929.5996094,16774.8496094,16947.6503906,16746.25,376300.0
2022-07-28,17158.25,17079.5,17172.8007812,17018.1503906,436100.0
2022-07-31,17340.0507812,17243.1992188,17356.25,17154.8007812,381500.0
2022-08-01,17345.4492188,17310.1503906,17390.1503906,17215.8496094,333600.0
2022-08-02,17388.1503906,17349.25,17407.5,17225.8496094,285400.0
2022-08-03,17382.0,17463.0996094,17490.6992188,17161.25,325000.0
2022-08-04,17397.5,17423.65,17474.4,17348.75,355329002.0
2022-08-07,17525.1,17401.5,17548.8,17359.75,257007536.0
2022-08-09,17534.75,17566.1,17566.1,17442.8,312741027.0
2022-08-10,17659.0,17711.65,17719.3,17631.95,311269352.0
2022-08-11,17698.15,17659.65,17724.65,17597.85,303894973.0
2022-08-15,17825.25,17797.2,17839.1,17764.05,0.0
2022-08-16,17944.25,17868.15,17965.95,17833.35,262771782.0
2022-08-17,17956.5,17898.65,17968.45,17852.05,263918002.0
2022-08-18,17758.45,17966.55,17992.2,17710.75,295641872.0
2022-08-21,17490.7,17682.9,17690.05,17467.35,287584161.0
2022-08-22,17577.5,17357.35,17625.55,17345.2,285638448.0
2022-08-23,17604.95,17525.45,17623.65,17499.25,261959811.0
2022-08-24,17522.45,17679.0,17726.5,17487.45,230187095.0
2022-08-25,17558.9,17619.3,17685.85,17519.35,266636669.0
2022-08-28,17312.9,17188.65,17380.15,17166.2,244859831.0
2022-08-29,17759.3,17414.95,17777.65,17401.5,324710825.0
2022-08-31,17542.8,17485.7,17695.6,17468.45,308526992.0
2022-09-01,17539.45,17598.4,17643.85,17476.45,256279401.0
2022-09-04,17665.8,17546.45,17683.15,17540.35,230314466.0
2022-09-05,17655.6,17695.7,17764.65,17587.65,251209997.0
2022-09-06,17624.4,17519.4,17650.75,17484.3,354152113.0
2022-09-07,17798.75,17748.15,17807.65,17691.95,279872772.0
2022-09-08,17833.35,17923.35,17925.95,17786.0,270323.0
2022-09-11,17936.35,17890.85,17980.55,17889.15,228252852.0
2022-09-12,18070.05,18044.45,18088.3,18015.45,259939241.0
2022-09-13,18003.75,17771.15,18091.55,17771.15,365868901.0
2022-09-14,17877.4,18046.35,18096.15,17861.5,289663564.0
2022-09-15,17530.85,17796.8,17820.05,17497.25,468509.0
2022-09-18,17613.8,17540.65,17667.2,17429.7,194232.0
2022-09-19,17816.25,17770.4,17919.3,17744.4,263113608.0
2022-09-20,17718.35,17766.35,17838.7,17663.6,245532889.0
2022-09-21,17629.8,17609.65,17722.75,17532.45,284097493.0
2022-09-22,17327.35,17593.85,17642.15,17291.65,390787281.0
2022-09-25,17016.3,17156.3,17196.4,16978.3,492038356.0
2022-09-26,17007.4,17110.9,17176.45,16942.35,359922767.0
2022-09-27,16858.6,16870.55,17037.6,16820.4,323937256.0
2022-09-28,16818.1,16993.6,17026.05,16788.6,340051882.0
2022-09-29,17094.35,16798.05,17187.1,16747.7,376132079.0
2022-10-02,16887.35,17102.1,17114.65,16855.55,278381814.0
2022-10-03,17274.3,17147.45,17287.3,17117.3,226036540.0
2022-10-05,17331.8,17379.25,17428.8,17315.65,265455464.0
2022-10-06,17314.65,17287.2,17337.35,17216.95,216286225.0
2022-10-09,17241.0,17094.35,17280.15,17064.7,234028292.0
2022-10-10,16983.55,17256.05,17261.8,16950.3,282643680.0
2022-10-11,17123.6,17025.55,17142.35,16960.05,256049448.0
2022-10-12,17014.35,17087.35,17112.35,16956.95,266448159.0
2022-10-13,17185.7,17322.3,17348.55,17169.75,226997959.0
2022-10-16,17311.8,17144.8,17328.55,17098.55,212223602.0
2022-10-17,17486.95,17438.75,17527.8,17434.05,239508681.0
2022-10-18,17512.25,17568.15,17607.6,17472.85,210483696.0
2022-10-19,17563.95,17423.1,17584.15,17421.0,249623264.0
2022-10-20,17576.3,17622.85,17670.15,17520.75,277714515.0
2022-10-23,17730.75,17736.35,17777.55,17707.4,45033148.0
2022-10-24,17656.35,17808.3,17811.5,17637.0,251360613.0
2022-10-26,17736.95,17771.4,17783.9,17654.5,324680604.0
2022-10-27,17786.8,17756.4,17838.9,17723.7,250050198.0
2022-10-30,18012.2,17910.2,18022.8,17899.9,227184518.0
2022-10-31,18145.4,18130.7,18175.8,18060.15,349949950.0
2022-11-01,18082.85,18177.9,18178.75,18048.65,270897752.0
2022-11-02,18052.7,17968.35,18106.3,17959.2,212970298.0
2022-11-03,18117.15,18053.4,18135.1,18017.15,267949652.0
2022-11-06,18202.8,18211.75,18255.5,18064.75,314759954.0
2022-11-08,18157.0,18288.25,18296.4,18117.5,307184209.0
2022-11-09,18028.2,18044.35,18103.1,17969.4,256476732.0
2022-11-10,18349.7,18272.35,18362.3,18259.35,378494472.0
2022-11-13,18329.15,18376.4,18399.45,18311.4,301403678.0
2022-11-14,18403.4,18362.75,18427.95,18282.0,250945876.0
2022-11-15,18409.65,18398.25,18442.15,18344.15,219283460.0
2022-11-16,18343.9,18358.7,18417.6,18312.95,200522613.0
2022-11-17,18307.65,18382.95,18394.6,18209.8,198808330.0
2022-11-20,18159.95,18246.4,18262.3,18133.35,213806575.0
2022-11-21,18267.25,18325.2,18325.4,18246.0,0.0
2022-11-22,18267.25,18325.2,18325.4,18246.0,178793587.0
2022-11-23,18484.1,18326.1,18529.7,18294.25,204051784.0
2022-11-24,18512.75,18528.45,18534.9,18445.1,205896218.0
2022-11-27,18562.75,18430.55,18614.25,18365.6,206472297.0
2022-11-28,18618.05,18552.45,18678.1,18552.15,195269116.0
2022-11-29,18758.35,18625.7,18816.05,18616.55,345667923.0
2022-11-30,18812.5,18871.95,18887.6,18778.2,324977638.0
2022-12-01,18696.1,18752.4,18781.95,18639.2,254406.0
2022-12-04,18701.05,18719.55,18728.6,18591.35,288408818.0
2022-12-05,18642.75,18600.65,18654.9,18577.9,217795064.0
2022-12-06,18560.5,18638.85,18668.3,18528.4,200505259.0
2022-12-07,18609.35,18570.85,18625.0,18536.95,202823636.0
2022-12-08,18496.6,18662.4,18664.7,18410.1,215846.0
2022-12-11,18497.15,18402.15,18521.55,18345.7,193896580.0
2022-12-12,18608.0,18524.4,18617.25,18490.2,187599196.0
2022-12-13,18660.3,18671.25,18696.1,18632.9,208044687.0
2022-12-14,18414.9,18614.4,18652.9,18387.7,183131102.0
2022-12-15,18269.0,18319.1,18440.95,18255.15,277659821.0
2022-12-18,18420.45,18288.1,18431.65,18244.55,154855606.0
2022-12-19,18385.3,18340.3,18404.9,18202.65,169049948.0
2022-12-20,18199.1,18435.15,18473.35,18162.75,187607055.0
2022-12-21,18127.35,18288.8,18318.75,18068.6,195701516.0
2022-12-22,17806.8,17977.65,18050.45,17779.5,221475113.0
2022-12-25,18014.6,17830.4,18084.1,17774.25,176658511.0
2022-12-26,18132.3,18089.8,18149.25,17967.45,214272426.0
2022-12-27,18122.5,18084.75,18173.1,18068.35,193885496.0
2022-12-28,18191.0,18045.7,18229.7,17992.8,281075109.0
2022-12-29,18105.3,18259.1,18265.25,18080.3,192023147.0
2023-01-01,18197.45,18131.7,18215.15,18086.5,256074203.0
2023-01-02,18232.55,18163.2,18251.95,18149.8,208710641.0
2023-01-03,18042.95,18230.65,18243.0,18020.6,235171764.0
2023-01-04,17992.15,18101.95,18120.3,17892.6,269957421.0
2023-01-05,17859.45,18008.05,18047.4,17795.55,238224548.0
2023-01-08,18101.2,17952.55,18141.4,17936.15,257242084.0
2023-01-09,17914.15,18121.3,18127.6,17856.0,283298593.0
2023-01-10,17895.7,17924.25,17976.35,17824.35,259860392.0
2023-01-11,17858.2,17920.85,17945.8,17761.65,227790040.0
2023-01-12,17956.6,17867.5,17999.35,17774.25,256714.0
2023-01-15,17894.85,18033.15,18049.65,17853.65,206201357.0
2023-01-16,18053.3,17922.8,18072.05,17886.95,219068528.0
2023-01-17,18165.35,18074.3,18183.75,18032.45,255844117.0
2023-01-18,18107.85,18119.8,18155.2,18063.75,237853520.0
2023-01-19,18027.65,18115.6,18145.45,18016.2,237239201.0
2023-01-22,18118.55,18118.45,18162.6,18063.45,202475959.0
2023-01-23,18118.3,18183.95,18201.25,18078.65,216928897.0
2023-01-24,17891.95,18093.35,18100.6,17846.15,257229946.0
2023-01-26,17604.35,17877.2,17884.75,17493.55,476369.0
2023-01-29,17648.95,17541.95,17709.15,17405.55,432456602.0
2023-01-30,17662.15,17731.45,17735.7,17537.55,398356925.0
2023-01-31,17616.3,17811.6,17972.2,17353.4,512906777.0
2023-02-01,17610.4,17517.1,17653.9,17445.95,490140964.0
2023-02-02,17854.05,17721.75,17870.3,17584.2,424164099.0
2023-02-05,17764.6,17818.55,17823.7,17698.35,282500.0
2023-02-06,17721.5,17790.1,17811.15,17652.55,354400.0
2023-02-07,17871.7,17750.3,17898.7,17744.15,291000.0
2023-02-08,17893.45,17885.5,17916.9,17779.8,260900.0
2023-02-09,17856.5,17847.55,17876.95,17801.0,232000.0
2023-02-12,17770.9,17859.1,17880.7,17719.75,231300.0
2023-02-13,17929.85,17840.35,17954.55,17800.05,244500.0
2023-02-14,18015.85,17896.6,18034.1,17853.8,229300.0
2023-02-15,18035.85,18094.75,18134.75,18000.65,230200.0
2023-02-16,17944.2,17974.85,18034.25,17884.6,208100.0
2023-02-19,17844.6,17965.55,18004.35,17818.4,174600.0
2023-02-20,17826.7,17905.8,17924.9,17800.3,198200.0
2023-02-21,17554.300781,17755.349609,17772.5,17529.449219,0.0
2023-02-22,17557.95,17591.35,17599.75,17513.8,0.0
2023-02-23,17465.8,17591.35,17599.75,17421.8,0.0
2023-02-26,17380.05,17383.25,17440.45,17367.4,0.0
2023-02-27,17410.2,17360.1,17421.95,17345.25,0.0
2023-02-28,17354.5,17421.5,17445.8,17343.95,0.0
2023-03-01,17321.900391,17421.5,17445.800781,17306.0,310700.0
2023-03-02,17594.349609,17451.25,17644.75,17427.699219,356200.0
2023-03-05,17711.449219,17680.349609,17799.949219,17671.949219,362800.0
2023-03-06,17691.7,17665.75,17710.7,17602.25,0.0
2023-03-07,17754.400391,17665.75,17766.5,17602.25,267000.0
2023-03-08,17589.599609,17772.050781,17772.349609,17573.599609,262400.0
2023-03-09,17412.900391,17443.800781,17451.5,17324.349609,235900.0
2023-03-12,17154.300781,17421.900391,17529.900391,17113.449219,254900.0
2023-03-13,17043.300781,17160.550781,17224.650391,16987.099609,290600.0
2023-03-14,16972.150391,17166.449219,17211.349609,16938.900391,248200.0
2023-03-15,16985.599609,16994.650391,17062.449219,16850.150391,349800.0
2023-03-16,17100.050781,17111.800781,17145.800781,16958.150391,408100.0
2023-03-19,16988.400391,17066.599609,17066.599609,16828.349609,241800.0
2023-03-20,17107.5,17060.400391,17127.699219,17016.0,246700.0
2023-03-21,17151.900391,17177.449219,17207.25,17107.849609,0.0
2023-03-22,17076.900391,17097.400391,17205.400391,17045.300781,219200.0
2023-03-23,16945.050781,17076.199219,17109.449219,16917.349609,228000.0
2023-03-26,16985.7,16984.3,17091.0,16918.55,218400.0
2023-03-27,16951.7,17031.75,17061.75,16913.75,238800.0
2023-03-28,17080.7,16977.3,17126.15,16940.6,345900.0
2023-03-29,17248.6,17210.35,17263.2,17204.65,0.0
2023-03-30,17359.75,17210.35,17381.6,17204.65,263900.0
2023-04-02,17398.05,17427.95,17428.05,17312.75,230200.0
2023-04-03,17450.75,17422.3,17458.1,17402.7,0.0
2023-04-04,17557.05,17422.3,17570.55,17402.7,248300.0
2023-04-05,17599.150391,17533.849609,17638.699219,17502.849609,242700.0
2023-04-09,17624.05,17634.9,17694.1,17597.95,254800.0
2023-04-10,17722.3,17704.8,17748.75,17655.15,304300.0
2023-04-11,17812.400391,17759.550781,17825.75,17717.25,232800.0
2023-04-12,17828.0,17807.3,17842.15,17729.65,285800.0
2023-04-16,17706.85,17863.0,17863.0,17574.05,357400.0
2023-04-17,17660.15,17766.6,17766.6,17610.2,258900.0
2023-04-18,17618.75,17653.35,17666.15,17579.85,281500.0
2023-04-19,17624.449219,17638.599609,17684.449219,17584.349609,215100.0
2023-04-20,17624.050781,17639.75,17663.199219,17553.949219,230200.0
2023-04-23,17743.400391,17707.550781,17754.5,17612.5,255700.0
2023-04-24,17769.25,17761.55,17807.45,17716.85,297400.0
2023-04-25,17813.6,17767.3,17827.75,17711.2,233000.0
2023-04-26,17915.05,17813.1,17931.6,17797.9,241400.0
2023-04-27,18065.0,17950.400391,18089.150391,17885.300781,290300.0
2023-04-30,18136.0,18124.8,18145.25,18101.75,0.0
2023-05-01,18147.65,18124.8,18180.25,18101.75,265200.0
2023-05-02,18089.85,18113.8,18116.35,18042.4,226200.0
2023-05-03,18255.8,18081.0,18267.45,18066.7,226600.0
2023-05-04,18069.0,18117.3,18216.95,18055.45,239700.0
2023-05-07,18264.4,18120.6,18286.95,18100.3,228400.0
2023-05-08,18265.949219,18303.400391,18344.199219,18229.650391,245400.0
2023-05-09,18315.099609,18313.599609,18326.75,18211.949219,220500.0
2023-05-10,18297.0,18357.8,18389.7,18270.4,248900.0
2023-05-11,18314.8,18273.75,18342.75,18194.55,241700.0
2023-05-14,18398.85,18339.3,18458.9,18287.9,216100.0
2023-05-15,18286.5,18432.349609,18432.349609,18264.349609,219500.0
2023-05-16,18181.75,18300.45,18309.0,18115.35,229900.0
2023-05-17,18129.949219,18287.5,18297.199219,18104.849609,272100.0
2023-05-18,18203.400391,18186.150391,18218.099609,18060.400391,260900.0
2023-05-21,18314.4,18201.1,18335.25,18178.85,262600.0
2023-05-22,18348.0,18362.9,18419.75,18324.2,270400.0
2023-05-23,18285.4,18294.8,18392.6,18262.95,232600.0
2023-05-24,18321.150391,18268.900391,18338.099609,18202.400391,235900.0
2023-05-25,18499.349609,18368.349609,18508.550781,18333.150391,198700.0
2023-05-28,18598.65,18619.15,18641.2,18581.25,265300.0
2023-05-29,18633.85,18606.65,18662.45,18575.5,234400.0
2023-05-30,18534.4,18594.2,18603.9,18483.85,696500.0
2023-05-31,18487.75,18579.400391,18580.300781,18464.550781,265600.0
2023-06-01,18534.099609,18550.849609,18573.699219,18478.400391,270900.0
2023-06-04,18593.849609,18612.0,18640.150391,18582.800781,256100.0
2023-06-05,18599.0,18600.8,18622.75,18531.6,220800.0
2023-06-06,18726.4,18665.6,18738.95,18636.0,260100.0
2023-06-07,18634.55,18725.35,18777.9,18615.6,286500.0
2023-06-08,18563.4,18655.9,18676.65,18555.4,221800.0
2023-06-11,18601.5,18595.05,18633.6,18559.75,179500.0
2023-06-12,18716.15,18631.8,18728.9,18631.8,233200.0
2023-06-13,18755.9,18744.6,18769.7,18690.0,261400.0
2023-06-14,18688.1,18774.45,18794.1,18669.05,263000.0
2023-06-15,18826.0,18723.3,18864.7,18710.5,272800.0
2023-06-18,18755.45,18873.3,18881.45,18719.15,219800.0
2023-06-19,18816.7,18752.35,18839.7,18660.65,211600.0
2023-06-20,18856.85,18849.4,18875.9,18794.85,217500.0
2023-06-21,18771.25,18853.6,18886.6,18759.5,252700.0
2023-06-22,18665.5,18741.85,18756.4,18647.1,210600.0
2023-06-25,18691.2,18682.35,18722.05,18646.7,171300.0
2023-06-26,18817.4,18748.55,18829.25,18714.25,222500.0
2023-06-27,18972.1,18908.15,19011.25,18861.35,0.0
2023-06-28,19067.8,19076.85,19082.2,19024.6,0.0
2023-06-29,19189.05,19076.85,19201.7,19024.6,247900.0
2023-07-02,19322.55,19246.5,19345.1,19234.4,226100.0
2023-07-03,19389.0,19406.6,19434.15,19300.0,226900.0
2023-07-04,19398.5,19405.95,19421.6,19339.6,224400.0
2023-07-05,19497.3,19385.7,19512.2,19373.0,268300.0
2023-07-06,19331.8,19422.8,19523.6,19303.6,237100.0
2023-07-09,19355.9,19400.35,19435.85,19327.1,268200.0
2023-07-10,19439.4,19427.1,19515.1,19406.45,251300.0
2023-07-11,19384.3,19497.45,19507.7,19361.75,327900.0
2023-07-12,19413.75,19495.2,19567.0,19385.8,310400.0
2023-07-13,19564.5,19493.45,19595.35,19433.5,291200.0
2023-07-16,19711.45,19612.15,19731.85,19562.95,268700.0
2023-07-17,19749.25,19787.5,19819.45,19690.2,286400.0
2023-07-18,19833.15,19802.95,19851.7,19727.45,259700.0
2023-07-19,19979.15,19831.7,19991.85,19758.4,274700.0
2023-07-20,19745.0,19800.45,19887.4,19700.0,312500.0
2023-07-23,19672.35,19748.45,19782.75,19658.3,265600.0
2023-07-24,19680.6,19729.35,19729.35,19615.95,369700.0
2023-07-25,19778.3,19733.35,19825.6,19716.7,244700.0
2023-07-26,19659.9,19850.9,19867.55,19603.55,334900.0
2023-07-27,19646.05,19659.75,19695.9,19563.1,258700.0
2023-07-30,19753.8,19666.35,19772.75,19597.6,295100.0
2023-07-31,19733.55,19784.0,19795.6,19704.6,298000.0
2023-08-01,19526.55,19655.4,19678.25,19423.55,290700.0
2023-08-02,19381.65,19463.75,19537.65,19296.45,315700.0
2023-08-03,19517.0,19462.8,19538.85,19436.45,280800.0
2023-08-06,19597.3,19576.85,19620.45,19524.8,216600.0
2023-08-07,19570.85,19627.2,19634.4,19533.1,260300.0
2023-08-08,19632.55,19578.8,19645.5,19467.5,266500.0
2023-08-09,19543.1,19605.55,19623.6,19495.4,312200.0
2023-08-10,19428.3,19554.25,19557.75,19412.75,235500.0
2023-08-13,19434.55,19383.95,19465.85,19257.9,243900.0
2023-08-14,19353.45,19369.0,19384.35,19317.2,0.0
2023-08-15,19465.0,19369.0,19482.75,19317.2,0.0
2023-08-16,19365.25,19450.55,19461.55,19326.25,268700.0
2023-08-17,19310.15,19301.75,19373.8,19253.6,256100.0
2023-08-20,19393.6,19320.65,19425.95,19296.3,262600.0
2023-08-21,19396.45,19417.1,19443.5,19381.3,208700.0
2023-08-22,19444.0,19439.2,19472.05,19366.6,225200.0
2023-08-23,19386.7,19535.15,19584.45,19369.0,268300.0
2023-08-24,19265.8,19297.4,19339.55,19229.7,466500.0
2023-08-27,19306.05,19298.35,19366.85,19249.7,248200.0
2023-08-28,19342.65,19374.85,19377.9,19309.1,307400.0
2023-08-29,19347.45,19433.45,19452.8,19334.75,233000.0
2023-08-30,19253.8,19375.55,19388.2,19223.65,562600.0
2023-08-31,19435.3,19258.15,19458.55,19255.7,333000.0
2023-09-03,19528.8,19525.05,19545.15,19432.85,296800.0
2023-09-04,19574.9,19564.65,19587.05,19525.75,256800.0
2023-09-05,19611.05,19581.2,19636.45,19491.5,287600.0
2023-09-06,19727.05,19598.65,19737.0,19550.05,304900.0
2023-09-07,19819.95,19774.8,19867.15,19727.05,288100.0
2023-09-10,19996.35,19890.0,20008.15,19865.35,248800.0
2023-09-11,19993.2,20110.15,20110.35,19914.65,328100.0
2023-09-12,20070.0,19989.5,20096.9,19944.1,251400.0
2023-09-13,20103.1,20127.95,20167.65,20043.45,275100.0
2023-09-14,20192.35,20156.45,20222.45,20129.7,438200.0
2023-09-17,20133.3,20155.95,20195.35,20115.7,264900.0
2023-09-18,19980.75,19980.75,19980.75,19980.75,0.0
2023-09-19,19901.4,19980.75,20050.65,19878.85,378100.0
2023-09-20,19742.35,19840.55,19848.75,19709.95,275100.0
2023-09-21,19674.25,19744.85,19798.65,19657.5,246400.0
2023-09-24,19674.55,19678.2,19734.15,19601.55,188400.0
2023-09-25,19664.7,19682.8,19699.35,19637.45,204900.0
2023-09-26,19716.45,19637.05,19730.7,19554.0,203600.0
2023-09-27,19523.55,19761.8,19766.65,19492.1,352800.0
2023-09-28,19638.3,19581.2,19726.25,19551.05,243500.0
2023-10-01,19535.2,19622.4,19623.2,19530.45,0.0
2023-10-02,19528.75,19622.4,19623.2,19479.65,221700.0
2023-10-03,19436.1,19446.3,19457.8,19333.6,277100.0
2023-10-04,19545.75,19521.85,19576.95,19487.3,234900.0
2023-10-05,19653.5,19621.2,19675.75,19589.4,159100.0
2023-10-08,19512.35,19539.45,19588.95,19480.5,165100.0
2023-10-09,19689.84961,19565.59961,19717.80078,19565.44922,216600.0
2023-10-10,19811.34961,19767.0,19839.19922,19756.94922,213700.0
2023-10-11,19794.0,19822.69922,19843.30078,19772.65039,217900.0
2023-10-12,19751.05078,19654.55078,19805.40039,19635.30078,255000.0
2023-10-15,19731.75,19737.25,19781.30078,19691.84961,181000.0
2023-10-16,19811.5,19843.19922,19849.75,19775.65039,185800.0
2023-10-17,19671.09961,19820.44922,19840.94922,19659.94922,198900.0
2023-10-18,19624.69922,19545.19922,19681.80078,19512.34961,230300.0
2023-10-19,19542.65039,19542.15039,19593.80078,19518.69922,198300.0
2023-10-22,19281.75,19521.59961,19556.84961,19257.84961,176000.0
2023-10-23,19286.45,19286.45,19286.45,19286.45,0.0
2023-10-24,19122.15039,19286.44922,19347.30078,19074.15039,225300.0
2023-10-25,18857.25,19027.25,19041.69922,18837.84961,300400.0
2023-10-26,19047.25,18928.75,19076.15039,18926.65039,205200.0
2023-10-29,19140.90039,19053.40039,19158.5,18940.0,180100.0
2023-10-30,19079.59961,19232.94922,19233.69922,19056.44922,206000.0
2023-10-31,18989.15039,19064.05078,19096.05078,18973.69922,194100.0
2023-11-01,19133.25,19120.0,19175.25,19064.15039,245600.0
2023-11-02,19230.59961,19241.0,19276.25,19210.90039,189500.0
2023-11-05,19411.75,19345.84961,19423.0,19309.69922,180700.0
2023-11-06,19406.69922,19404.05078,19423.5,19329.09961,198700.0
2023-11-07,19443.5,19449.59961,19464.40039,19401.5,195000.0
2023-11-08,19395.30078,19457.40039,19463.90039,19378.34961,208400.0
2023-11-09,19425.34961,19351.84961,19451.30078,19329.44922,152200.0
2023-11-12,19443.55078,19486.75,19494.40039,19414.75,189300.0
2023-11-13,19632.2,19651.4,19653.35,19579.65,0.0
2023-11-14,19675.44922,19651.40039,19693.19922,19579.65039,291500.0
2023-11-15,19765.19922,19674.69922,19875.25,19627.0,282700.0
2023-11-16,19731.80078,19674.75,19806.0,19667.44922,236800.0
2023-11-19,19694.0,19731.15039,19756.44922,19670.5,173800.0
2023-11-20,19783.40039,19770.90039,19829.09961,19754.05078,195000.0
2023-11-21,19811.84961,19784.0,19825.55078,19703.84961,184500.0
2023-11-22,19802.0,19828.44922,19875.15039,19786.75,170000.0
2023-11-23,19794.69922,19809.59961,19832.84961,19768.84961,145900.0
2023-11-26,19802.75,19844.65,19848.05,19800.0,0.0
2023-11-27,19889.69922,19844.65039,19916.84961,19800.0,229600.0
2023-11-28,20096.59961,19976.55078,20104.65039,19956.30078,236200.0
2023-11-29,20133.15039,20108.5,20158.69922,20015.84961,486600.0
2023-11-30,20267.9,20194.1,20291.55,20183.7,265812566.0
2023-12-03,20686.8,20601.95,20702.65,20507.75,381107418.0
2023-12-04,20855.1,20808.9,20864.05,20711.15,421008350.0
2023-12-05,20937.7,20950.75,20961.95,20852.15,359212958.0
2023-12-06,20901.15,20932.4,20941.25,20850.8,274985308.0
2023-12-07,20969.4,20934.1,21006.1,20862.7,292440768.0
2023-12-10,20997.1,20965.3,21026.1,20923.7,212921451.0
2023-12-11,20906.4,21018.55,21037.9,20867.15,244867128.0
2023-12-12,20926.35,20929.75,20950.0,20769.5,260269318.0
2023-12-13,21182.7,21110.4,21210.9,21074.45,334410589.0
2023-12-14,21456.65,21287.45,21492.3,21235.3,508761756.0
2023-12-17,21418.65,21434.8,21482.8,21365.35,249668965.0
2023-12-18,21453.1,21477.65,21505.05,21337.75,249750062.0
2023-12-19,21150.15,21543.5,21593.0,21087.35,363886229.0
2023-12-20,21255.05,21033.95,21288.35,20976.8,277548079.0
2023-12-21,21349.4,21295.85,21390.5,21232.45,284708918.0
2023-12-24,21416.85,21365.2,21427.25,21329.45,0.0
2023-12-25,21441.35,21365.2,21477.15,21329.45,219467748.0
2023-12-26,21654.75,21497.65,21675.75,21495.8,256542963.0
2023-12-27,21778.7,21715.0,21801.45,21678.0,393080755.0
2023-12-28,21731.4,21737.65,21770.3,21676.9,270922276.0
2023-12-31,21741.9,21727.75,21834.35,21680.85,153995217.0
2024-01-01,21665.8,21751.35,21755.6,21555.65,263711568.0
2024-01-02,21517.35,21661.1,21677.0,21500.35,311933117.0
2024-01-03,21658.6,21605.8,21685.65,21564.55,340364207.0
2024-01-04,21710.8,21705.75,21749.6,21629.2,309303266.0
2024-01-07,21513.0,21747.6,21763.95,21492.9,231452935.0
2024-01-08,21544.85,21653.6,21724.45,21517.85,228573407.0
2024-01-09,21618.7,21529.3,21641.85,21448.65,216991926.0
2024-01-10,21647.2,21688.0,21726.5,21593.75,212453866.0
2024-01-11,21894.55,21773.55,21928.25,21715.15,294678459.0
2024-01-14,22097.45,22053.15,22115.55,21963.55,345543523.0
2024-01-15,22032.3,22080.5,22124.15,21969.8,292433764.0
2024-01-16,21571.95,21647.25,21851.5,21550.45,455999867.0
2024-01-17,21462.25,21414.2,21539.4,21285.55,387341268.0
2024-01-18,21622.4,21615.2,21670.6,21575.0,343055124.0
2024-01-21,21660.35,21716.7,21750.25,21629.1,0.0
2024-01-22,21238.8,21716.7,21750.25,21192.6,449718534.0
2024-01-23,21453.95,21185.25,21482.35,21137.2,407460664.0
2024-01-24,21352.6,21454.6,21459.0,21247.05,418143077.0
2024-01-28,21737.6,21433.1,21763.25,21429.6,376702289.0
2024-01-29,21522.1,21775.75,21813.051,21501.801,375137333.0
2024-01-30,21725.699,21487.25,21741.35,21448.85,410583065.0
2024-01-31,21697.449,21780.65,21832.949,21658.75,332541208.0
2024-02-01,21853.801,21812.75,22126.801,21805.551,442794738.0
2024-02-04,21771.699,21921.051,21964.301,21726.949,440849699.0
2024-02-05,21929.4,21825.199,21951.4,21737.551,370968111.0
2024-02-06,21930.5,22045.051,22053.301,21860.15,346263704.0
2024-02-07,21717.949,22009.65,22011.051,21665.301,491069786.0
2024-02-08,21782.5,21727.0,21804.449,21629.9,349222850.0
2024-02-11,21616.051,21800.801,21831.699,21574.75,287436165.0
2024-02-12,21743.25,21664.301,21766.801,21543.35,365785766.0
2024-02-13,21840.051,21578.15,21870.85,21530.199,359120861.0
2024-02-14,21910.75,21906.551,21953.85,21794.801,345394395.0
2024-02-15,22040.699,22020.301,22068.65,21968.949,343892935.0
2024-02-18,22122.25,22103.449,22186.65,22021.051,218252325.0
2024-02-19,22196.949,22099.199,22215.6,22045.85,295705319.0
2024-02-20,22055.051,22248.85,22249.4,21997.949,364545679.0
2024-02-21,22217.449,22081.551,22252.5,21875.25,343495136.0
2024-02-22,22212.699,22290.0,22297.5,22186.1,225983194.0
2024-02-25,22122.051,22169.199,22202.15,22075.15,207775504.0
2024-02-26,22198.35,22090.199,22218.25,22085.65,252199186.0
2024-02-27,21951.15,22214.1,22229.15,21915.85,202952371.0
2024-02-28,21982.801,21935.199,22060.551,21860.65,360165824.0
2024-02-29,22338.75,22048.301,22353.301,22047.75,351503075.0
2024-03-03,22405.6,22403.5,22440.9,22358.301,298794435.0
2024-03-04,22356.301,22371.25,22416.9,22269.15,296153036.0
2024-03-05,22474.051,22327.5,22497.199,22224.35,312262560.0
2024-03-06,22493.551,22505.301,22525.65,22430.0,379865142.0
2024-03-10,22332.65,22517.5,22526.6,22307.25,277897373.0
2024-03-11,22335.699,22334.449,22452.551,22256.0,299201167.0
2024-03-12,21997.699,22432.199,22446.75,21905.65,493341697.0
2024-03-13,22146.65,21982.551,22204.6,21917.5,426742460.0
2024-03-14,22023.35,22064.85,22120.9,21931.699,661460455.0
2024-03-17,22055.699,21990.1,22123.699,21916.551,356321519.0
2024-03-18,21817.449,21946.449,21978.301,21793.1,344157465.0
2024-03-19,21839.1,21843.9,21930.9,21710.199,312414696.0
2024-03-20,22011.949,21989.9,22080.949,21941.301,353172434.0
2024-03-21,22096.75,21932.199,22180.699,21883.301,388656439.0
2024-03-24,22051.85,21947.9,22064.75,21947.55,22802179.0
2024-03-25,22004.699,21947.9,22073.199,21947.551,328403719.0
2024-03-26,22123.65,22053.949,22193.6,22052.85,409136866.0
2024-03-27,22326.9,22163.6,22516.0,22163.6,410532842.0
2024-03-31,22462.0,22455.0,22529.949,22427.75,243637071.0
2024-04-01,22453.301,22458.801,22497.6,22388.15,289524237.0
2024-04-02,22434.65,22385.699,22521.1,22346.5,309647491.0
2024-04-03,22514.65,22592.1,22619.0,22303.801,400986156.0
2024-04-04,22513.699,22486.4,22537.6,22427.6,242244731.0
2024-04-07,22666.301,22578.35,22697.301,22550.35,227633561.0
2024-04-08,22642.75,22765.1,22768.4,22612.25,232356772.0
2024-04-09,22753.801,22720.25,22775.699,22673.699,276847931.0
2024-04-10,22703.2,22677.4,22708.5,22657.2,20041539.0
2024-04-11,22519.4,22677.4,22726.449,22503.75,357187778.0
2024-04-14,22272.5,22339.051,22427.449,22259.551,355465814.0
2024-04-15,22147.9,22125.301,22213.75,22079.449,317267066.0
2024-04-16,22246.8,22212.35,22259.25,22209.2,28016542.0
2024-04-17,21995.85,22212.35,22326.5,21961.699,456906707.0
2024-04-18,22147.0,21861.5,22179.551,21777.65,362530569.0
2024-04-21,22336.4,22336.9,22375.65,22198.15,279259571.0
2024-04-22,22368.0,22447.051,22447.551,22349.449,231520813.0
2024-04-23,22402.4,22421.551,22476.449,22384.0,235898642.0
2024-04-24,22570.35,22316.9,22625.949,22305.25,475044740.0
2024-04-25,22419.949,22620.4,22620.4,22385.551,329887340.0
2024-04-28,22643.4,22475.551,22655.801,22441.9,291957361.0
2024-04-29,22604.85,22679.65,22783.35,22568.4,361859375.0
2024-04-30,22640.45,22567.85,22659.95,22567.85,27101834.0
2024-05-01,22648.199,22567.85,22710.5,22567.85,445909456.0
2024-05-02,22475.85,22766.35,22794.699,22348.051,438060727.0
2024-05-05,22442.699,22561.6,22588.801,22409.449,320255789.0
2024-05-06,22302.5,22489.75,22499.051,22232.051,297815469.0
2024-05-07,22302.5,22231.199,22368.65,22185.199,277438692.0
2024-05-08,21957.5,22224.801,22307.75,21932.4,331327454.0
2024-05-09,22055.199,21990.949,22131.301,21950.301,265804411.0
2024-05-12,22104.051,22027.949,22131.65,21821.051,278186886.0
2024-05-13,22217.85,22112.9,22270.051,22081.25,230238941.0
2024-05-14,22200.551,22255.6,22297.551,22151.75,231935478.0
2024-05-15,22403.85,22319.199,22432.25,22054.551,368945092.0
2024-05-16,22466.1,22415.25,22502.15,22345.65,242654570.0
2024-05-19,22476.3,22404.55,22495.9,22404.55,23814025.0
2024-05-20,22529.051,22404.551,22591.1,22404.551,347591587.0
2024-05-21,22597.801,22576.6,22629.5,22483.15,290345590.0
2024-05-22,22967.65,22614.1,22993.6,22577.449,369767547.0
2024-05-23,22957.1,22930.75,23026.4,22908.0,261927120.0
2024-05-26,22932.449,23038.949,23110.801,22871.199,260006078.0
2024-05-27,22888.15,22977.15,22998.551,22858.5,217890750.0
2024-05-28,22704.699,22762.75,22825.5,22685.449,269932784.0
2024-05-29,22488.65,22617.449,22705.75,22417.0,373374457.0
2024-05-30,22530.699,22568.1,22653.75,22465.1,572122639.0
2024-06-02,23263.9,23337.9,23338.699,23062.301,569425569.0
2024-06-03,21884.5,23179.5,23179.5,21281.449,1006105058.0
2024-06-04,22620.35,22128.35,22670.4,21791.949,638487077.0
2024-06-05,22821.4,22798.6,22910.15,22642.6,480413289.0
2024-06-06,23290.15,22821.85,23320.199,22789.051,473554898.0
2024-06-09,23259.199,23319.15,23411.9,23227.15,304392368.0
2024-06-10,23264.85,23283.75,23389.449,23206.65,305185666.0
2024-06-11,23322.949,23344.449,23441.949,23295.949,295630910.0
2024-06-12,23398.9,23480.949,23481.051,23353.9,268279841.0
2024-06-13,23465.6,23464.949,23490.4,23334.25,223086741.0
2024-06-17,23557.9,23570.801,23579.051,23499.699,272207297.0
2024-06-18,23516.0,23629.85,23664.0,23412.9,328811255.0
2024-06-19,23567.0,23586.15,23624.0,23442.6,289375293.0
2024-06-20,23501.1,23661.15,23667.1,23398.199,609877803.0
2024-06-23,23537.85,23382.301,23558.1,23350.0,239358460.0
2024-06-24,23721.301,23577.1,23754.15,23562.051,298111025.0
2024-06-25,23868.801,23723.1,23889.9,23670.449,287824687.0
2024-06-26,24044.5,23881.551,24087.449,23805.4,515227010.0
2024-06-27,24010.6,24085.9,24174.0,23985.801,354779832.0
2024-06-30,24141.949,23992.949,24164.0,23992.699,242468081.0
2024-07-01,24123.85,24228.75,24236.35,24056.4,309629240.0
2024-07-02,24286.5,24291.75,24309.15,24207.1,289201551.0
2024-07-03,24302.15,24369.949,24401.0,24281.0,251189844.0
2024-07-04,24323.85,24213.35,24363.0,24168.85,298381204.0
2024-07-07,24320.551,24329.449,24344.6,24240.551,266299131.0
2024-07-08,24433.199,24351.0,24443.6,24331.9,250537091.0
2024-07-09,24324.449,24459.85,24461.051,24141.801,292263786.0
2024-07-10,24315.949,24396.551,24402.65,24193.75,306404194.0
2024-07-11,24502.15,24387.949,24592.199,24331.15,325823474.0
2024-07-14,24586.699,24587.6,24635.051,24522.75,305395888.0
2024-07-15,24613.0,24615.9,24661.25,24587.65,283212043.0
2024-07-16,24563.05,24543.8,24585.95,24536.4,22136599.0
2024-07-17,24800.85,24543.801,24837.75,24504.449,350924425.0
2024-07-18,24530.9,24853.801,24854.801,24508.15,343772965.0
2024-07-21,24509.25,24445.75,24595.199,24362.301,324190553.0
2024-07-22,24479.051,24568.9,24582.551,24074.199,436408768.0
2024-07-23,24413.5,24444.949,24504.25,24307.25,366616574.0
2024-07-24,24406.1,24230.949,24426.15,24210.801,391821970.0
2024-07-25,24834.85,24423.35,24861.15,24410.9,383835943.0
2024-07-28,24836.1,24943.301,24999.75,24774.6,354966070.0
2024-07-29,24857.301,24839.4,24971.75,24798.65,384989431.0
2024-07-30,24951.15,24886.699,24984.6,24856.5,333646302.0
2024-07-31,25010.9,25030.949,25078.301,24956.4,431313292.0
2024-08-01,24717.699,24789.0,24851.9,24686.85,345027881.0
2024-08-04,24055.6,24302.85,24350.051,23893.699,486994718.0
2024-08-05,23992.551,24189.85,24382.6,23960.4,312339387.0
2024-08-06,24297.5,24289.4,24337.699,24184.9,317564429.0
2024-08-07,24117.0,24248.551,24340.5,24079.699,311875940.0
2024-08-08,24367.5,24386.85,24419.75,24311.199,215129992.0
2024-08-11,24347.0,24320.051,24472.801,24212.1,279925100.0
2024-08-12,24139.0,24342.35,24359.949,24116.5,239727640.0
2024-08-13,24143.75,24184.4,24196.5,24099.699,303254705.0
2024-08-14,24541.15039,24334.84961,24563.90039,24204.5,17941895.0
2024-08-15,24541.15,24334.85,24563.9,24204.5,271611087.0
2024-08-18,24572.65,24636.35,24638.801,24522.949,243645503.0
2024-08-19,24698.85,24648.9,24734.301,24607.199,238318940.0
2024-08-20,24770.199,24680.551,24787.949,24654.5,257114212.0
2024-08-21,24811.5,24863.4,24867.35,24784.449,220345125.0
2024-08-22,24823.15,24845.4,24858.4,24771.65,206800655.0
2024-08-25,25010.6,24906.1,25043.801,24874.699,210266456.0
2024-08-26,25017.75,25024.801,25073.1,24973.65,223346636.0
2024-08-27,25052.35,25030.801,25129.6,24964.65,220419448.0
2024-08-28,25151.949,25035.301,25192.9,24998.5,353993900.0
2024-08-29,25235.9,25249.699,25268.35,25199.4,638166179.0
2024-09-01,25278.699,25333.6,25333.65,25235.5,222815249.0
2024-09-02,25279.85,25313.4,25321.699,25235.801,212131921.0
2024-09-03,25198.699,25089.949,25216.0,25083.801,253788501.0
2024-09-04,25145.1,25250.5,25275.449,25127.75,222242223.0
2024-09-05,24852.15,25093.699,25168.75,24801.301,311671856.0
2024-09-08,24936.4,24823.4,24957.5,24753.15,254367252.0
2024-09-09,25041.1,24999.4,25130.5,24896.8,251274802.0
2024-09-10,24918.449,25034.0,25113.699,24885.15,279229206.0
2024-09-11,25388.9,25059.65,25433.35,24941.449,380069653.0
2024-09-12,25356.5,25430.45,25430.5,25292.45,250781898.0
2024-09-15,25383.75,25406.65,25445.7,25336.2,168694880.0
2024-09-16,25418.55,25416.9,25441.65,25352.25,215956868.0
2024-09-17,25377.55,25402.4,25482.2,25285.55,215727159.0
2024-09-18,25415.8,25487.05,25611.95,25376.05,314461263.0
2024-09-19,25790.95,25525.95,25849.25,25426.6,533067422.0
2024-09-22,25939.05,25872.55,25956.0,25847.35,209187756.0
2024-09-23,25940.4,25921.45,26011.55,25886.85,384115033.0
2024-09-24,26004.15,25899.45,26032.8,25871.35,278540972.0
2024-09-25,26216.05,26005.4,26250.9,25998.4,370895477.0
2024-09-26,26178.95,26248.25,26277.35,26151.4,490332370.0
2024-09-29,25810.85,26061.3,26134.7,25794.1,375370974.0
2024-09-30,25796.9,25788.45,25907.6,25739.2,247423786.0
2024-10-01,25545.85,25452.85,25603.85,25451.6,34624836.0
2024-10-02,25250.1,25452.85,25639.45,25230.3,423395030.0
2024-10-03,25014.6,25181.9,25485.05,24966.8,374914801.0
2024-10-06,24795.75,25084.1,25143.0,24694.35,374345795.0
2024-10-07,25013.15,24832.2,25044.0,24756.8,333220055.0
2024-10-08,24981.95,25065.8,25234.05,24947.7,290562844.0
2024-10-09,24998.45,25067.05,25134.05,24979.4,261364749.0
2024-10-10,24964.25,24985.3,25028.65,24920.05,210462717.0
2024-10-13,25127.95,25023.45,25159.75,25017.5,206423311.0
2024-10-14,25057.35,25186.3,25212.05,25008.15,257228772.0
2024-10-15,24971.3,25008.55,25093.4,24908.45,226774456.0
2024-10-16,24749.85,25027.4,25029.5,24728.9,252755662.0
2024-10-17,24854.05,24664.95,24886.2,24567.65,290855392.0
2024-10-20,24781.1,24956.15,24978.3,24679.6,241978957.0
2024-10-21,24472.1,24798.65,24882.0,24445.8,279484697.0
2024-10-22,24435.5,24378.15,24604.25,24378.1,284556771.0
2024-10-23,24399.4,24412.7,24480.65,24341.2,216686434.0
2024-10-24,24180.8,24418.05,24440.25,24073.9,382969626.0
2024-10-27,24339.15,24251.1,24492.6,24134.9,278562235.0
2024-10-28,24466.85,24328.85,24484.5,24140.85,332044690.0
2024-10-29,24340.85,24371.45,24498.2,24307.3,285196335.0
2024-10-30,24205.35,24349.85,24372.45,24172.6,287007588.0
2024-10-31,24304.35,24302.75,24368.25,24280.2,38811387.0
2024-11-03,23995.35,24315.75,24316.75,23816.15,285531635.0
2024-11-04,24213.3,23916.5,24229.05,23842.75,289511197.0
2024-11-05,24484.05,24308.75,24537.6,24204.05,351082031.0
2024-11-06,24199.35,24489.6,24503.35,24179.05,322185588.0
2024-11-07,24148.2,24207.7,24276.15,24066.65,298725122.0
2024-11-10,24141.3,24087.25,24336.8,24004.6,273370562.0
2024-11-11,23883.45,24225.8,24242.0,23839.15,255825829.0
2024-11-12,23559.05,23822.45,23873.6,23509.6,304569316.0
2024-11-13,23532.7,23542.15,23675.9,23484.15,257708474.0
2024-11-17,23453.8,23605.3,23606.8,23350.4,263311912.0
2024-11-18,23518.5,23529.55,23780.65,23464.8,297477279.0
2024-11-19,23315.4,23488.45,23507.3,23263.15,106992853.0
2024-11-20,23349.9,23488.45,23507.3,23263.15,420332354.0
2024-11-21,23907.25,23411.8,23956.1,23359.0,367562789.0
2024-11-24,24221.9,24253.55,24351.55,24135.45,687172787.0
2024-11-25,24194.5,24343.3,24343.3,24125.4,230691771.0
2024-11-26,24274.9,24204.8,24354.55,24145.65,295011445.0
2024-11-27,23914.15,24274.15,24345.75,23873.35,366745300.0
2024-11-28,24131.1,23927.15,24188.45,23927.15,282104071.0
2024-12-01,24276.05,24140.85,24301.7,24008.65,225981187.0
2024-12-02,24457.15,24367.5,24481.35,24280.0,339470947.0
2024-12-03,24467.45,24488.75,24573.2,24366.3,348003156.0
2024-12-04,24708.4,24539.15,24857.75,24295.55,361469920.0
2024-12-05,24677.8,24729.45,24751.05,24620.5,226731303.0
2024-12-08,24619.0,24633.9,24705.0,24580.05,248139308.0
2024-12-09,24610.05,24652.65,24677.8,24510.65,261048951.0
2024-12-10,24641.8,24620.5,24691.75,24583.85,187252712.0
2024-12-11,24548.7,24604.45,24675.25,24527.95,266051129.0
2024-12-12,24768.3,24498.35,24792.3,24180.8,310080852.0
2024-12-15,24668.25,24753.4,24781.25,24601.75,187551629.0
2024-12-16,24336.0,24584.8,24624.1,24303.45,264881033.0
2024-12-17,24198.85,24297.95,24394.45,24149.85,235346534.0
2024-12-18,23951.7,23877.15,24004.9,23870.3,271128027.0
2024-12-19,23587.5,23960.7,24065.8,23537.35,442714411.0
2024-12-22,23753.45,23738.2,23869.55,23647.2,189758237.0
2024-12-23,23727.65,23769.1,23867.65,23685.15,177664746.0
2024-12-24,23746.55,23775.8,23854.5,23730.6,37635474.0
2024-12-25,23750.2,23775.8,23854.5,23653.6,177681783.0
2024-12-26,23813.4,23801.4,23938.85,23800.6,176821521.0
2024-12-29,23644.9,23796.9,23915.35,23599.3,364929453.0
2024-12-30,23644.8,23560.6,23689.85,23460.45,193627727.0
2024-12-31,23742.9,23637.65,23822.8,23562.8,154921938.0
2025-01-01,24188.65,23783.0,24226.7,23751.55,283200811.0
2025-01-02,24004.75,24196.4,24196.45,23976.0,312279515.0
2025-01-05,23616.05,24045.8,24089.95,23551.9,278061806.0
2025-01-06,23707.9,23679.9,23795.2,23637.8,262337253.0
2025-01-07,23688.95,23746.65,23751.85,23496.15,266375381.0
2025-01-08,23526.5,23674.75,23689.5,23503.05,273566395.0
2025-01-09,23431.5,23551.9,23596.6,23344.35,261022434.0
2025-01-12,23085.95,23195.4,23340.95,23047.25,316481107.0
2025-01-13,23176.05,23165.9,23264.95,23134.15,311235510.0
2025-01-14,23213.2,23250.45,23293.65,23146.45,228039156.0
2025-01-15,23311.8,23377.25,23391.65,23272.05,299416081.0
2025-01-16,23203.2,23277.1,23292.1,23100.35,272945267.0
2025-01-19,23344.75,23290.4,23391.1,23170.65,301455455.0
2025-01-20,23024.65,23421.65,23426.3,22976.85,312871897.0
2025-01-21,23155.35,23099.15,23169.55,22981.3,275951918.0
2025-01-22,23205.35,23128.3,23270.8,23090.65,275558357.0
2025-01-23,23092.2,23183.9,23347.3,23050.0,264336332.0
2025-01-26,22829.15,22940.15,23007.45,22786.9,257372790.0
2025-01-27,22957.25,22960.45,23137.95,22857.65,361868609.0
2025-01-28,23163.1,23026.75,23183.35,22976.5,251208119.0
2025-01-29,23249.5,23169.5,23322.05,23139.2,384687127.0
2025-01-30,23508.4,23296.75,23546.8,23277.4,326919177.0
2025-01-31,23482.15,23528.6,23632.45,23318.3,287703637.0
2025-02-02,23361.05,23319.35,23381.6,23222.0,347241171.0
2025-02-03,23739.25,23509.9,23762.75,23423.15,376742506.0
2025-02-04,23696.3,23801.75,23807.3,23680.45,267014345.0
2025-02-05,23603.35,23761.95,23773.55,23556.25,306978683.0
2025-02-06,23559.95,23649.5,23694.5,23443.2,368092482.0
2025-02-09,23381.6,23543.8,23568.6,23316.3,234202469.0
2025-02-10,23071.8,23383.55,23390.05,22986.65,281920833.0
2025-02-11,23045.25,23050.8,23144.7,22798.35,296501812.0
2025-02-12,23031.4,23055.75,23235.5,22992.2,265706855.0
2025-02-13,22929.25,23096.45,23133.7,22774.85,254479643.0
2025-02-16,22959.5,22809.9,22974.2,22725.45,207393944.0
2025-02-17,22945.3,22963.65,22992.5,22801.5,210616675.0
2025-02-18,22932.9,22847.25,23049.95,22814.85,206999204.0
2025-02-19,22913.15,22821.1,22923.85,22812.75,240836647.0
2025-02-20,22795.9,22857.2,22921.0,22720.3,242753984.0
2025-02-23,22553.35,22609.35,22668.05,22518.8,214317552.0
2025-02-24,22547.55,22516.45,22625.3,22513.9,250279519.0
2025-02-25,22539.05,22568.95,22613.3,22530.45,0.0
2025-02-26,22545.05,22568.95,22613.3,22508.4,289230479.0
2025-02-27,22124.7,22433.4,22450.35,22104.85,551285287.0
2025-03-02,22119.3,22194.55,22261.55,22004.7,282399735.0
2025-03-03,22082.65,21974.45,22105.05,21964.6,253260641.0
2025-03-04,22337.3,22073.05,22394.9,22067.8,305942691.0
2025-03-05,22544.7,22476.35,22556.45,22245.85,372083680.0
2025-03-06,22552.5,22508.65,22633.8,22464.75,289765795.0
2025-03-09,22460.3,22521.85,22676.75,22429.05,293855491.0
2025-03-10,22497.9,22345.95,22522.1,22314.7,347924102.0
2025-03-11,22470.5,22536.35,22577.4,22329.55,369736725.0
2025-03-12,22397.2,22541.5,22558.05,22377.35,287535243.0
2025-03-16,22508.75,22353.15,22577.0,22353.15,251102239.0
2025-03-17,22834.3,22662.25,22857.8,22599.2,272578844.0
2025-03-18,22907.6,22874.95,22940.7,22807.95,323992121.0
2025-03-19,23190.65,23036.6,23216.7,22973.95,313729818.0
2025-03-20,23350.4,23168.25,23402.7,23132.8,540966316.0
2025-03-23,23658.35,23515.4,23708.75,23433.5,311900413.0
2025-03-24,23668.65,23751.5,23869.6,23601.4,338216746.0
2025-03-25,23486.85,23700.95,23736.5,23451.7,278590831.0
2025-03-26,23591.95,23433.95,23646.45,23412.2,510302142.0
2025-03-27,23519.35,23600.4,23649.2,23450.2,295359904.0
2025-03-30,23415.05,23341.1,23450.2,23339.1,0.0
2025-03-31,23165.7,23341.1,23565.15,23136.4,375118343.0
2025-04-01,23332.35,23192.6,23350.0,23158.45,340970371.0
2025-04-02,23250.1,23150.3,23306.5,23145.8,283196379.0
2025-04-03,22904.45,23190.4,23214.7,22857.45,466776198.0
2025-04-06,22161.6,21758.4,22254.0,21743.65,647107618.0
2025-04-07,22535.85,22446.75,22697.2,22270.85,468250807.0
2025-04-08,22399.15,22460.3,22468.7,22353.25,358462687.0
2025-04-10,22828.55,22695.4,22923.9,22695.4,373244452.0
2025-04-14,23328.55,23368.35,23368.35,23207.0,388321931.0
2025-04-15,23437.2,23344.1,23452.2,23273.05,348424960.0
2025-04-16,23851.65,23401.85,23872.35,23298.55,505333905.0
2025-04-20,24125.55,23949.15,24189.55,23903.65,406145632.0
2025-04-21,24167.25,24185.4,24242.6,24072.0,440940490.0
2025-04-22,24328.95,24357.6,24359.3,24119.95,415042544.0
2025-04-23,24246.7,24277.9,24347.85,24216.15,358768165.0
2025-04-24,24039.35,24289.0,24365.45,23847.85,387741866.0
2025-04-27,24328.5,24070.25,24355.1,24054.05,320467976.0
2025-04-28,24335.95,24370.7,24457.65,24290.75,357563224.0
2025-04-29,24334.2,24342.05,24396.15,24198.75,424452559.0
2025-05-01,24346.7,24311.9,24589.15,24238.5,421112627.0
2025-05-04,24461.15,24419.5,24526.4,24400.65,291471628.0
2025-05-05,24379.6,24500.75,24509.65,24331.8,302354059.0
2025-05-06,24414.4,24233.3,24449.6,24220.0,330137191.0
2025-05-07,24273.8,24431.5,24447.25,24150.2,411362230.0
2025-05-08,24008.0,23935.75,24164.25,23935.75,335550680.0
2025-05-11,24924.7,24420.1,24944.8,24378.85,368707684.0
2025-05-12,24578.35,24864.05,24973.8,24547.5,422977876.0
2025-05-13,24666.9,24613.8,24767.55,24535.55,345490805.0
2025-05-14,25062.1,24694.45,25116.25,24494.45,500821889.0
2025-05-15,25019.8,25064.65,25070.0,24953.05,432717092.0
2025-05-18,24945.45,25005.35,25062.95,24916.65,255254340.0
2025-05-19,24683.9,24996.2,25010.35,24669.7,414799113.0
2025-05-20,24813.45,24744.25,24946.2,24685.35,332724952.0
2025-05-21,24609.7,24733.95,24737.5,24462.4,403279638.0
2025-05-22,24853.15,24639.5,24909.05,24614.05,270470348.0
2025-05-25,25001.15,24919.35,25079.2,24900.5,302799227.0
2025-05-26,24826.2,24956.65,25062.9,24704.1,525653668.0
2025-05-27,24752.45,24832.5,24864.25,24737.05,684425319.0
2025-05-28,24833.6,24825.1,24892.6,24677.3,345370611.0
2025-05-29,24750.7,24812.6,24863.95,24717.4,853890976.0
2025-06-01,24716.6,24669.7,24754.4,24526.15,311100908.0
2025-06-02,24542.5,24786.3,24845.1,24502.15,349288937.0
2025-06-03,24620.2,24560.45,24644.25,24530.45,280862575.0
2025-06-04,24750.9,24691.2,24899.85,24613.1,388405978.0
2025-06-05,25003.05,24748.7,25029.5,24671.45,335581057.0
2025-06-08,25103.2,25160.1,25160.1,25077.15,279219989.0
2025-06-09,25104.25,25196.05,25199.3,25055.45,307323471.0
2025-06-10,25141.4,25134.15,25222.4,25081.3,301245273.0
2025-06-11,24888.2,25164.45,25196.2,24825.9,328310748.0
2025-06-12,24718.6,24473.0,24754.35,24473.0,327875182.0
2025-06-15,24946.5,24732.35,24967.1,24703.6,305813047.0
2025-06-16,24853.4,24977.85,24982.05,24813.7,242415740.0
2025-06-17,24812.05,24788.35,24947.55,24750.45,237599011.0
2025-06-18,24793.25,24803.25,24863.1,24733.4,274619935.0
2025-06-19,25112.4,24787.65,25136.2,24783.65,574654035.0
2025-06-22,24971.9,24939.75,25057.0,24824.85,248534153.0
2025-06-23,25044.35,25179.9,25317.7,24999.7,450185468.0
2025-06-24,25244.75,25150.35,25266.8,25125.05,260582584.0
2025-06-25,25549.0,25268.95,25565.3,25259.9,428891818.0
2025-06-26,25637.8,25576.65,25654.2,25523.55,563957748.0
2025-06-29,25517.05,25661.65,25669.35,25473.3,270981274.0
2025-06-30,25541.8,25551.35,25593.4,25501.8,260669106.0
2025-07-01,25453.4,25588.3,25608.1,25378.75,309828013.0
2025-07-02,25405.3,25505.1,25587.5,25384.35,293428797.0
2025-07-03,25461.0,25428.85,25470.25,25331.65,193511595.0
2025-07-06,25461.3,25450.45,25489.8,25407.25,196051345.0
2025-07-07,25522.5,25427.85,25548.05,25424.15,210410530.0
2025-07-08,25476.1,25514.6,25548.7,25424.35,239081546.0
2025-07-09,25355.25,25511.65,25524.05,25340.45,219609322.0
2025-07-10,25149.85,25255.5,25322.45,25129.0,249987681.0
2025-07-13,25082.3,25149.5,25151.1,25001.95,259533624.0
2025-07-14,25195.8,25089.5,25245.2,25088.45,241340130.0
2025-07-15,25212.05,25196.6,25255.3,25121.05,228815928.0
2025-07-16,25111.45,25230.75,25238.35,25101.0,243412540.0
2025-07-17,24968.4,25108.55,25144.6,24918.65,316979826.0
2025-07-20,25090.7,24999.0,25111.4,24882.3,305216414.0
2025-07-21,25060.9,25166.65,25182.0,25035.55,483725116.0
2025-07-22,25219.9,25139.35,25233.5,25085.5,271539651.0
2025-07-23,25062.1,25243.3,25246.25,25018.7,338728860.0
2025-07-24,24837.0,25010.35,25010.35,24806.35,278136104.0
2025-07-27,24680.9,24782.45,24889.2,24646.6,262142969.0
2025-07-28,24821.1,24609.65,24847.15,24598.6,284657235.0
2025-07-29,24855.05,24890.4,24902.3,24771.95,243886726.0
2025-07-30,24768.35,24642.25,24956.5,24635.0,346303628.0
2025-07-31,24565.35,24734.9,24784.15,24535.05,263357194.0
2025-08-03,24722.75,24596.05,24736.25,24554.0,259329477.0
2025-08-04,24649.55,24720.25,24733.1,24590.3,251849778.0
2025-08-05,24574.2,24641.35,24671.4,24539.2,225091071.0
2025-08-06,24596.15,24464.2,24634.2,24344.15,617246304.0
2025-08-07,24363.3,24544.25,24585.5,24337.5,312630157.0
2025-08-10,24585.05,24371.5,24600.85,24347.45,241145497.0
2025-08-11,24487.4,24563.35,24702.6,24465.65,237002462.0
2025-08-12,24619.35,24586.2,24664.55,24535.25,236006791.0
2025-08-13,24631.3,24607.25,24673.65,24596.9,270162203.0
2025-08-17,24876.95,24938.2,25022.0,24852.85,363071305.0
2025-08-18,24980.65,24891.35,25012.65,24873.95,252340828.0
2025-08-19,25050.55,24965.8,25088.7,24929.7,287054119.0
2025-08-20,25083.75,25142.0,25153.65,25054.9,226542052.0
2025-08-21,24870.1,25064.15,25084.85,24859.15,210165384.0
2025-08-24,24967.75,24949.15,25021.55,24894.35,221791155.0
2025-08-25,24712.05,24899.5,24919.65,24689.6,750473927.0
2025-08-27,24500.9,24695.8,24702.65,24481.6,326601486.0
2025-08-28,24426.85,24466.7,24572.45,24404.7,325543583.0
2025-08-31,24625.05,24432.7,24635.6,24432.7,229327424.0
2025-09-01,24579.6,24653.0,24756.1,24522.35,271558516.0
2025-09-02,24715.05,24616.5,24737.05,24533.2,340283328.0
2025-09-03,24734.3,24980.75,24980.75,24708.2,314094160.0
2025-09-04,24741.0,24818.85,24832.35,24621.6,210071924.0
2025-09-07,24773.15,24802.6,24885.5,24751.55,213228202.0
2025-09-08,24868.6,24864.1,24891.8,24814.0,226919775.0
2025-09-09,24973.1,24991.0,25035.7,24915.05,244146466.0
2025-09-10,25005.5,24945.5,25037.3,24940.15,224570983.0
2025-09-11,25114.0,25074.45,25139.45,25038.05,225739766.0
2025-09-14,25069.2,25118.9,25138.45,25048.75,185375759.0
2025-09-15,25239.1,25073.6,25261.4,25070.45,240122320.0
2025-09-16,25330.25,25276.6,25346.5,25275.35,268936695.0
2025-09-17,25423.6,25441.05,25448.95,25329.75,272193683.0
2025-09-18,25327.05,25410.2,25428.75,25286.3,380362832.0
2025-09-21,25202.35,25238.1,25331.7,25151.05,254509892.0
2025-09-22,25169.5,25209.0,25261.9,25084.65,299204338.0
2025-09-23,25056.9,25108.75,25149.85,25027.45,244382281.0
2025-09-24,24890.85,25034.5,25092.7,24878.3,342534768.0
2025-09-25,24654.7,24818.55,24868.6,24629.45,291537949.0
2025-09-28,24634.9,24728.55,24791.3,24606.2,394388242.0
2025-09-29,24611.1,24691.95,24731.8,24587.7,304924720.0
2025-09-30,24836.3,24620.55,24867.95,24605.95,308901205.0
2025-10-02,24894.25,24759.55,24904.8,24747.55,366929642.0
2025-10-05,25077.65,24916.55,25095.95,24881.65,271953070.0
2025-10-06,25108.3,25085.3,25220.9,25076.3,286833765.0
2025-10-07,25046.15,25079.75,25192.5,25008.5,225967495.0
2025-10-08,25181.8,25074.3,25199.25,25024.3,286253252.0
2025-10-09,25285.35,25167.65,25330.75,25156.85,232943306.0
2025-10-12,25227.35,25177.3,25267.3,25152.3,256135569.0
2025-10-13,25145.5,25277.55,25310.35,25060.55,292129083.0
2025-10-14,25323.55,25181.95,25365.15,25159.35,289930172.0
2025-10-15,25585.3,25394.9,25625.4,25376.85,372777021.0
2025-10-16,25709.85,25546.85,25781.5,25508.6,422055809.0
2025-10-19,25843.15,25824.6,25926.2,25788.5,301133193.0
2025-10-20,25868.6,25901.2,25934.35,25825.8,42477128.0
2025-10-22,25891.4,26057.2,26104.2,25862.45,448404894.0
2025-10-23,25795.15,25935.1,25944.15,25718.2,284913477.0
2025-10-26,25966.05,25843.2,26005.95,25827.0,266337274.0
2025-10-27,25936.2,25939.95,26041.7,25810.05,395231207.0
2025-10-28,26053.9,25982.0,26097.85,25960.3,321880610.0
2025-10-29,25877.85,25984.4,26032.05,25845.25,257373001.0
2025-10-30,25722.1,25863.8,25953.75,25711.2,334384400.0
2025-11-02,25763.35,25696.85,25803.1,25645.5,275858501.0
2025-11-03,25597.65,25744.75,25787.4,25578.4,305143084.0
2025-11-05,25509.7,25593.35,25679.15,25491.55,371852417.0
2025-11-06,25492.3,25433.8,25551.25,25318.45,305606393.0
2025-11-09,25574.35,25503.5,25653.45,25503.5,243592948.0
2025-11-10,25694.95,25617.0,25715.8,25449.25,297714069.0
2025-11-11,25875.8,25834.3,25934.55,25781.15,343864299.0
2025-11-12,25879.15,25906.1,26010.7,25808.4,385170023.0
2025-11-13,25910.05,25767.9,25940.2,25740.8,518943416.0
2025-11-16,26013.45,25948.2,26024.2,25906.35,264610565.0
2025-11-17,25910.05,26021.8,26029.85,25876.5,280000989.0
2025-11-18,26052.65,25918.1,26074.65,25856.2,250110008.0
2025-11-20,26068.15,26109.55,26179.2,26052.2,235581427.0
2025-11-23,25959.5,26122.8,26142.8,25912.15,464655063.0
2025-11-24,25884.8,25998.5,26032.6,25857.5,260454909.0
2025-11-25,26205.3,25842.95,26215.15,25842.95,275265169.0
2025-11-26,26215.55,26261.25,26310.45,26141.9,240287057.0
2025-11-27,26202.95,26237.45,26280.75,26172.4,202511545.0
2025-11-30,26175.75,26325.8,26325.8,26124.2,213828573.0
2025-12-01,26032.2,26087.95,26154.6,25997.85,254803113.0
2025-12-02,25986.0,26004.9,26066.45,25891.0,265660108.0
2025-12-03,26033.75,25981.85,26098.25,25938.95,248099545.0
2025-12-04,26186.45,25999.8,26202.6,25985.35,249254405.0
2025-12-07,25960.55,26159.8,26178.7,25892.25,320729920.0
2025-12-08,25839.65,25867.1,25923.65,25728.0,275978160.0
2025-12-09,25758.0,25864.05,25947.65,25734.55,207944446.0
2025-12-10,25898.55,25771.4,25922.8,25693.25,206099631.0
2025-12-11,26046.95,25971.2,26057.6,25938.45,216344338.0
2025-12-14,26027.3,25930.05,26047.15,25904.75,181557703.0
2025-12-15,25860.1,25951.5,25980.75,25834.35,264351195.0
2025-12-16,25818.55,25902.4,25929.15,25770.35,206521258.0
2025-12-17,25815.55,25764.7,25902.35,25726.3,197553755.0
2025-12-18,25966.4,25911.5,25993.35,25880.45,382927284.0
2025-12-21,26172.4,26055.85,26180.7,26047.8,252990050.0
2025-12-22,26177.15,26205.2,26233.55,26119.05,216553840.0
2025-12-23,26142.1,26170.65,26236.4,26123.0,188846828.0
2025-12-25,26042.3,26121.25,26144.2,26008.6,142243763.0
2025-12-28,25942.1,26063.35,26106.8,25920.3,234312888.0
2025-12-29,25938.85,25940.9,25976.75,25878.0,396893959.0
2025-12-30,26129.6,25971.05,26187.95,25969.0,246314941.0
2025-12-31,26146.55,26173.3,26197.55,26113.4,425631910.0
2026-01-01,26328.55,26155.1,26340.0,26118.4,357547806.0
2026-01-04,26250.3,26333.7,26373.2,26210.05,338777649.0
2026-01-05,26178.7,26189.7,26273.95,26124.75,383040203.0
2026-01-06,26140.75,26143.1,26187.15,26067.9,338216740.0
2026-01-07,25876.85,26106.5,26133.2,25858.45,328520950.0
2026-01-08,25683.3,25840.4,25940.6,25623.0,348745661.0
