Date,Title
2021-01-03,"Stocks begin 2021 with a sell-off, Dow drops more than 300 points - CNBC"
2021-01-04,2020 Review and Outlook for 2021 - Nasdaq
2021-01-02,These are the best-performing Nasdaq and S&P 500 stocks of 2020 - MarketWatch
2021-01-01,"The biggest market winners and losers of 2020, at home and abroad - Moneycontrol"
2021-01-06,"US STOCKS Dow, S&P 500 close higher, but pro-Trump protests weigh on gains - Reuters"
2021-01-04,December 2020 Market Wrap: Modest Gains After A Huge Year. What's Next? - Investing.com
2021-01-06,Wall Street reacts to pro-Trump protesters storming US Capitol - Al Jazeera
2021-01-02,The Dow Trailed the S&P 500 in 2020. It Was the Blue Chips’ Worst Relative Performance Since 1998. - Barron's
2021-01-04,Here's Why the Market's Top Stocks Are Plunging to Start 2021 - The Motley Fool
2021-01-06,"Stocks rally to record highs, Nasdaq closes above 13,000 for the first time - CNBC"
2021-01-04,Inverse ETFs Could Surge If Stocks Continue to Tumble - ETF Trends
2021-01-01,Wall Street ends 2020 with new records - The Australian
2021-01-07,Wall Street's reaction to Washington mayhem? All-time highs - CBS News
2021-01-07,We're in a massive bubble: This is when it'll pop - The Motley Fool Australia
2021-01-10,"Stocks close lower to start the week, pull back from all-time highs amid valuation concerns - CNBC"
2021-01-15,Tech stock booms: then and now - Financial Times
2021-01-10,What the Stock Market Needs Now Is a Good Correction - Barron's
2021-01-11,These 2 Nasdaq Stocks Doubled Your Money in 2020 -- and They're Moving Higher Right Now - The Motley Fool
2021-01-13,"What Did the Stock Market Do? Jan. 13, 2021 - InvestorPlace"
2021-01-11,Best ETFs And Mutual Funds Ended 2020 With A Bang - Investor's Business Daily
2021-01-14,Dow falls more than 150 points to close out a losing week - CNBC
2021-01-09,U.S.-listed Chinese firms trade higher - Macau Business
2021-01-13,Stock Market Today: Stocks Flat Amid Drama in D.C. - Kiplinger
2021-01-13,Charting a bull flag: S&P 500 digests two standard deviation breakout - MarketWatch
2021-01-13,Hedge fund industry posts best performance since 2009 - Cayman Compass
2021-01-11,"Beware! 1 Tricky Way the CRA Will Tax Your $6,000 TFSA - Yahoo! Finance Canada"
2021-01-08,Stocks soar as Wall Street looks past Washington violence - 9News.com.au
2021-01-11,These 3 Big 2020 Stock Market Winners Took Big Hits Monday - The Motley Fool
2021-01-11,"Jeff Gundlach says stock market valuations are extraordinarily high, supported only by the Fed - CNBC"
2021-01-21,"Bull trend confirmed, Nasdaq Composite gaps to record highs - MarketWatch"
2021-01-20,US stocks close at new all-time highs on Biden’s inauguration day - Al Jazeera
2021-01-20,"Nasdaq closes at another record as Big Tech jumps ahead of earnings, S&P 500 ekes out new high - CNBC"
2021-01-20,Stocks in record territory on Joe Biden’s first day as president - CNN
2021-01-18,What changed for the market while you were sleeping? Top 10 things to know - Moneycontrol
2021-01-21,Wall Street hits records as hopes build for more stimulus - Santa Monica Daily Press
2021-01-22,"Investment Outlook 2021: Vaccines, Stimulus, Rising Dividends and A Chinese Bull Run - Syfe"
2021-01-21,"Stock Market News for Jan 21, 2021 - Yahoo Finance"
2021-01-22,Are You Ready for a 2021 Stock Market Crash? Here's Why You Should Be - The Motley Fool
2021-01-21,"S&P 500 slips from all-time high, Nasdaq ends week up 4% at a record - CNBC"
2021-01-16,Major stock market indices in U.S - Macau Business
2021-01-20,U.S. stocks finish at fresh highs as Biden begins presidency with vow of unity - MarketWatch
2021-01-20,Wall Street stocks rally to records on Inauguration Day 2021 - FOX 29 Philadelphia
2021-01-22,US Stocks End Flat Again Friday - GuruFocus
2021-01-20,"Dow, S&P, Nasdaq close at records as Biden sworn in as 46th U.S. President - Fox Business"
2021-01-20,"Stock Market News for Jan 20, 2021 - Yahoo Finance"
2021-01-19,"Stocks rally to a record as Biden sworn in as president, Netflix soars - CNBC"
2021-01-22,Charting a bull-trend pullback: S&P 500 retests the breakout point - MarketWatch
2021-01-28,"Dow drops more than 600 points Friday, suffers worst week since October amid GameStop trading frenzy - CNBC"
2021-01-27,"Traders' Diary: Nifty may witness more weakness if it fails to hold 14,100 level - The Economic Times"
2021-01-28,"Wall St. rebounds as earnings heat up, short worries cool - Reuters"
2021-01-27,"Dow Jones Futures Fall: GME Stock Rockets On Elon Musk Tweet, Slashes Gain On Melvin Capital News; Microsoft Breaking Out - Investor's Business Daily"
2021-01-25,"Korea’s Kosdaq Tops 1,000 for First Time Since Dot-Com Bubble - Bloomberg.com"
2021-01-23,Major stock market indices worldwide - Macau Business
2021-01-29,Stock Market Bubble: Excess Liquidity Will Unleash Volatility: JPMorgan - Business Insider
2021-01-28,Invesco Launches Four New Index Mutual Funds in Canada - Newswire Canada
2021-01-29,The Dow Fell 623 Points Because Negative Vaccine News Made Everything Worse - Barron's
2021-01-26,"Stock Market Today: Economy Flashes Good Signs, But Stocks Fizzle - Kiplinger"
2021-01-29,GameStop Soars Again; Wall Street Bends Under the Pressure - WTTW
2021-01-26,Stock Market Bubble? Here's How to End Up a Winner - The Motley Fool
2021-01-22,The Stock Market Is Falling Because Covid Fears Are Back - Barron's
2021-01-29,Aussie stocks rebound strongly after wiping $40 billion yesterday - 9News.com.au
2021-01-26,"Energy, technology lead S&P/TSX composite to largest daily decline since mid-December - iNFOnews.ca"
2021-01-26,"Charting market rotation, S&P 500 presses record territory - MarketWatch"
2021-01-23,Stocks slip on Wall Street as worldwide rally takes a pause - samoaobserver.ws
2021-02-04,"S&P 500 rises to another record Friday, rallies 4.7% in best week since November - CNBC"
2021-02-02,A Retail Trading Army Has Been Roiling Korean Stocks for Months - Bloomberg.com
2021-02-01,The Dow Rose 229 Points Because Everything Went Right for Stocks - Barron's
2021-01-30,US stocks plunge amid concerns over GameStop frenzy - Dailynewsegypt
2021-01-29,"Wall St. drops after J&J vaccine data, GameStop effect weighs - Reuters"
2021-02-05,"Charting a slow-motion breakout, S&P 500 edges to all-time high - MarketWatch"
2021-02-02,"Stock Market Today: Earnings, Stimulus Drive Another Big Push for Stocks - Kiplinger"
2021-01-30,"10 things you need to know today: January 30, 2021 - The Week"
2021-02-05,Global shares near record highs on vaccine optimism - Business Day
2021-01-29,The Next GameStop: Silver Bullion? - The Motley Fool
2021-02-04,ASX jumps as Christmas sales lift above pre-COVID levels; GameStop sheds $US30b in a week - Australian Broadcasting Corporation
2021-02-01,Stock Market Today: Big Tech Leads Another Snap-Back Rally - Kiplinger
2021-02-01,"Asos buys Topshop, Topman and Miss Selfridge brands - MaltaToday"
2021-01-31,‘Gamestonk’ and the case for investor caution - Cyprus Mail
2021-02-03,"Stock Market Today: Big Energy, Clean Energy Keep Stocks Aloft - Kiplinger"
2021-02-05,"S&P 500 Climbs Again, Closing Out Best Week Since November - Newsmax"
2021-02-11,50 Years of Market Innovation - Nasdaq
2021-02-11,Chart Of The Day: Nasdaq 100 - Investing.com
2021-02-12,Stocks Close at New Records as Investors Bet on Vaccines - Barron's
2021-02-12,What To Look For After A Stock Market Correction - Investor's Business Daily
2021-02-12,U.S. Stocks Climb to Record; Crude Oil Rallies: Markets Wrap - Bloomberg.com
2021-02-12,Worried About a Stock Market Crash? Consider Investing in S&P 500 Index Funds - The Motley Fool
2021-02-09,Stock Market Today: Stocks Search for Direction - Kiplinger
2021-02-08,Dow rises to record at open - The Standard (HK)
2021-02-10,Aphria Is Becoming the Stock Market's Biggest Merger Arbitrage Play - The Motley Fool
2021-02-08,Market Live Updates Today: Trends on SGX Nifty indicate a positive opening for the index in India with a 92-point gain - BizzBuzz
2021-02-16,U.S. Bond Yields Touch One-Year High; Stocks Mixed: Markets Wrap - Bloomberg.com
2021-02-19,US indices Three reasons the Russell 2000 has been crus - FOREX.com
2021-02-15,21 stocks Goldman Sachs thinks you should consider buying now - Yahoo Finance
2021-02-17,Stocks Finish Mixed; Yields Drop From Year Highs: Markets Wrap - Bloomberg.com
2021-02-12,Bumble CEO Whitney Wolfe Herd becomes one of the few self-made female billionaires - Siasat.com
2021-02-17,"Sensex dives 400 points, Nifty ends at 15,209; PSU banks shine - livemint.com"
2021-02-15,"Trading: short Snowflake, a company with its head in the clouds - MoneyWeek"
2021-02-14,"3 Stocks To Watch In The Coming Week: Walmart, Shopify, Tilray - Investing.com"
2021-02-12,"Charting a bull flag, S&P 500 asserts the range near record highs - MarketWatch"
2021-02-18,Amazon Stock Has Barely Budged. Citi Has 8 Reasons to Buy. - Barron's
2021-02-12,"Marvell Technology, IBD Stock Of The Day, Rebounds From Short Downtrend - Investor's Business Daily"
2021-02-19,"Billion-dollar decade: Startup enjoys meteoric rise, with help from MGM - VEGAS INC"
2021-02-18,"Sensex, Nifty end lower for 3rd session; HDFC twins, ICICI Bank top drags - livemint.com"
2021-02-18,Why Sundial Growers and SunPower Sank in the Nasdaq's Thursday Stumble - The Motley Fool
2021-02-13,"5 Stocks That Turned $250,000 Into $1 Million (or More) in 1 Month - The Motley Fool"
2021-02-25,Dow drops more than 460 points to end losing week on rate fears - CNBC
2021-02-25,Nasdaq slides 3.5% as government bond rout accelerates - Financial Times
2021-02-22,"Watch This Market Rally Warning; Bitcoin Soars, Tesla Model Y SR+ Pulled - Investor's Business Daily"
2021-02-25,"US STOCKS Wall Street ends sharply lower, tech selloff weighs as bond yields climb - Reuters"
2021-02-24,Charting market rotation: S&P 500 maintains the breakout point - MarketWatch
2021-02-22,Tech stocks tumble as investors balk at lofty valuations - markets.businessinsider.com
2021-02-25,Bitcoin May Be Weighing on Tech Stocks Again. Investors Should Be Wary. - Barron's
2021-02-26,"Why U.S. Stocks Are Selling Off, And Is This An Opportunity? - Forbes"
2021-02-26,"Sensex, Nifty crash nearly 4% amid global rout; banks, financials bleed - livemint.com"
2021-02-26,"Tech rout pulls Nasdaq down by 3.5pc, biggest loss since October - The Standard (HK)"
2021-02-26,Stock Market Today: Tech Gets Respite From Recent Selling - Kiplinger
2021-02-22,Dow reverses a 360-point loss and ends day higher after Powell eases inflation fears - CNBC
2021-02-25,NBA has gone small: Should your portfolio? - opinion - The Jerusalem Post
2021-02-26,FTSE 100 suffers biggest fall since October as bond sell-off spooks markets – as it happened - The Guardian
2021-02-21,Forget Bitcoin: 4 Stocks to Buy Hand Over Fist Instead - The Motley Fool
2021-02-24,"Asian stocks edge higher, led by rally in commodities - The Fiji Times"
2021-02-26,"Charting a bull-trend pullback, S&P 500 holds 50-day average (again) - MarketWatch"
2021-03-04,How to Short Nasdaq With Inverse ETFs - Nasdaq
2021-03-03,"Dow falls more than 300 points as Powell fails to ease rate fears, Nasdaq goes negative on the year - CNBC"
2021-03-04,Jobless Claims Were Better Than Expected. Why the Stock Market Doesn’t Care. - Barron's
2021-03-05,"US STOCKS Led by tech, Wall Street rebounds at end of volatile week - Reuters"
2021-03-04,"Charting a volatile March start: S&P 500, Nasdaq reach key technical tests - MarketWatch"
2021-03-04,Nasdaq ends sharply lower after Powell comments - MarketScreener
2021-02-27,U.S.-listed Chinese firms trade mostly lower - Macau Business
2021-03-01,February 2021 Review and Outlook - Nasdaq
2021-03-03,Stock Market History From the Year You Were Born - stacker.com
2021-03-02,Is Rocket the Stock Market's Next GameStop? - The Motley Fool
2021-03-04,Healthcare leads shares 0.8pc lower; banks lift - AFR
2021-03-05,"Charting a technical question mark, S&P 500 violates the 50-day average - MarketWatch"
2021-03-01,"Stock Market Today: Stocks Jump to Life on Manufacturing Data, J&J Vaccine - Kiplinger"
2021-03-05,Why Airbnb Stock Dropped Today - The Motley Fool
2021-03-08,Tech-heavy Nasdaq hits correction with 10.5% fall from peak - Al Jazeera
2021-03-06,"'We're in a very unusual situation': A 48-year market vet breaks down why stocks are hurtling towards an 80% drop this year — and says gold will soar to $2,500 as soon as Q2 - Business Insider"
2021-03-12,Higher Rates Won’t Kill the Stock Market - Barron's
2021-03-11,"S&P 500, Dow finish at records as Biden signs off on $1.9 trillion fiscal relief package - MarketWatch"
2021-03-08,"US STOCKS Nasdaq hits correction, Dow advances as stimulus bill nears finish line - Reuters"
2021-03-09,Stock Market Today: Nasdaq Scores Biggest Surge in 4 Months - Kiplinger
2021-03-08,A brief guide to China’s stock markets and indices - The China Project
2021-03-11,Best Mutual Funds Awards: Best Index Funds - Investor's Business Daily
2021-03-12,"Rising bond yields, Covid-19 cases spoil D-St party; Sensex slides 487 pts - Business Standard"
2021-03-07,A Stock Market Crash May Be Coming: 6 Metrics You'll Want to Know - The Motley Fool
2021-03-09,US tech futures rise as lower bond yields soothe investors after the Nasdaq enters a technical correction - markets.businessinsider.com
2021-03-08,Harley-Davidson Stock Is Rising. Sales of Used Bikes Could Rev Up the Company. - Barron's
2021-03-06,"Fuelled by tech, Wall Street rebounds at end of volatile week - Malay Mail"
2021-03-10,US STOCKS Dow hits record in stock rally as inflation fears recede - Reuters
2021-03-18,What Happens to Stocks Added to the Nasdaq-100? - Nasdaq
2021-03-19,Tech Rises as Treasury Yields Retreat From Peak: Markets Wrap - Bloomberg.com
2021-03-17,"Nasdaq tumbles 3% as soaring yields hit tech shares, S&P 500 closes 1.5% lower - CNBC"
2021-03-13,US stocks close mixed as Dow notches fifth straight record high - Moneycontrol
2021-03-18,Tech stocks drag down markets as Nasdaq sheds 3% - Financial Times
2021-03-13,Major stock market indices worldwide - Macau Business
2021-03-15,"Stock Market News for Mar 15, 2021 - Yahoo Finance"
2021-03-19,"Charting another bull-trend pullback, S&P 500 tags familiar support - MarketWatch"
2021-03-18,How to invest in the Nasdaq Index on the ASX - The Motley Fool Australia
2021-03-19,"Stock Market News for Mar 19, 2021 - Nasdaq"
2021-03-16,Stocks Snap Five-Day Winning Streak; Oil Declines: Markets Wrap - Bloomberg.com
2021-03-16,"Stock Market Today: Stocks Close Mixed as Banks Sink, Tech Rebounds - Kiplinger"
2021-03-19,Bond Vigilantes Are Unlikely to Cause a New Black Monday for Stocks - Barron's
2021-03-17,Charting a bull-trend pullback: S&P 500 digests breakout ahead of Fed - MarketWatch
2021-03-13,U.S. stocks open mixed as tech lags - Macau Business
2021-03-15,Stocks Climb to All-Time Highs; Crude Oil Declines: Markets Wrap - Bloomberg.com
2021-03-18,Charting market rotation: Dow industrials take flight amid surging Treasury yields - MarketWatch
2021-03-17,"Stocks Gain, Yields Pare Rise After Fed Stands Pat: Markets Wrap - Bloomberg.com"
2021-03-15,Stock Market Today: Recovery Plays Lead the Way as Stocks Calmly Climb - Kiplinger
2021-03-19,"In 1987, a triple-digit-point stock market drop was huge - CBC"
2021-03-21,"Stocks rise as tech rallies amid falling yields, Nasdaq closes more than 1% higher - CNBC"
2021-03-26,"Charting a bullish reversal, S&P 500 extends rally from 50-day average - MarketWatch"
2021-03-25,The market is focusing on the trend of the NT ratio due to Nikkei 225 already weakening - 株式会社QUICK
2021-03-25,"S&P 500 closes at a record, Dow jumps 450 points as stocks rally in the final minutes of trading - CNBC"
2021-03-26,Why is the ASX 200 (ASX:XJO) so reliant on the US stock market? - The Motley Fool Australia
2021-03-23,Bull trend intact: S&P 500 retests the breakdown point - MarketWatch
2021-03-30,"S&P 500 rises lifted by tech shares, closes out best month since November - CNBC"
2021-03-31,The Dow just beat the Nasdaq by the widest margin in a month since 2002. Here's how stocks tend to perform afterward - MarketWatch
2021-03-31,Arrival EV producer becomes a Nasdaq-listed public company - CompositesWorld
2021-04-01,"Traders' Guide: Nifty has downside support at 14,700 and 14,600 levels - The Economic Times"
2021-04-01,A Swing Trade In AMAT Stock Could Turn Into Something More - Investor's Business Daily
2021-03-29,This Hedge Fund Disaster Has a Lesson for Every Stock Market Investor - The Motley Fool
2021-03-28,"Dow closes up nearly 100 points at new record, shrugging off fallout from margin-call rout - CNBC"
2021-03-27,"U.S. stocks jump as tech, energy lead gains - Macau Business"
2021-04-01,"Stock Market Today: No Foolin': S&P 500 Cracks 4,000 - Kiplinger"
2021-03-31,"Sensex ends 627 pts lower, Nifty below 14,700; banks, financials top drags - livemint.com"
2021-03-28,Investors weigh outlook for utilities after sector’s run up - The Globe and Mail
2021-03-31,"S&P 500 climbs more than 1% to close above 4,000 for the first time - CNBC"
2021-03-26,These 3 Stock Market Winners Love the Suez Canal Fiasco - The Motley Fool
2021-03-30,"Charting the S&P 500’s approach of the 4,000 mark - MarketWatch"
2021-04-04,Dow climbs 370 points to close at a record high amid optimism on the economic recovery - CNBC
2021-04-06,The Nasdaq Is Recovering. That Doesn’t Mean Growth Stocks Like Tesla Are Back. - Barron's
2021-04-05,US stocks hit records as investors cheer strong March jobs report - markets.businessinsider.com
2021-04-03,Major stock market indices worldwide - Macau Business
2021-04-06,US’ excessive money-printing prompts de-dollarization - Global Times
2021-04-06,"Charting a bullish technical tilt, S&P 500 extends break atop 4,000 mark - MarketWatch"
2021-04-07,"Sensex closes 460 pts higher, Nifty above 14.8k, as RBI maintains key rates - livemint.com"
2021-04-03,NASA’s Ingenuity Mars Helicopter Gets Set for Historic First Flight on Another World - WSJ - The Wall Street Journal
2021-04-05,FAANG Stocks: What Challenges Await These 5 Mega-Caps? - Kiplinger
2021-04-09,Mubadala Discusses GlobalFoundries IPO at $20 Billion Value - Bloomberg.com
2021-04-09,CAT Stock Came Back The Very Next Day - Investor's Business Daily
2021-04-07,S&P 500 notches another record high as major tech stocks gain - CNBC
2021-04-05,"Charting bullish follow-through, S&P 500 knifes atop 4,000 mark - MarketWatch"
2021-04-09,"Sensex closes 155 pts lower, Nifty at 14,835; Pharma, IT, FMCG sectors gain - livemint.com"
2021-04-08,Box stock plunges after agreement to take $500 million investment from KKR - CNBC
2021-04-07,Billionaire investor Chamath Palihapitiya says he 'totally missed' Coinbase because he opted to own bitcoin directly - markets.businessinsider.com
2021-04-14,"Dow jumps 300 points to top 34,000 for the first time amid blowout economic data - CNBC"
2021-04-13,"Stocks, Bonds Rise With Inflation Concern Fleeting: Markets Wrap - Bloomberg.com"
2021-04-13,Coinbase 'IPO' Isn't an IPO. Here's Why That's Important - CoinDesk
2021-04-16,UK stocks climb to highest level since February 2020 - Financial Times
2021-04-12,IBM's Services Spinoff Gets a Name. What 'Kyndryl' Means. - Barron's
2021-04-13,Uber Technologies Inc. stock underperforms Tuesday when compared to competitors despite daily gains - MarketWatch
2021-04-12,U.S. markets fall flat as Fed Chairman Jerome Powell warns of 'elevated' assets - upi.com
2021-04-11,S&P 500 closes flat near record high in another muted session ahead of key inflation data - CNBC
2021-04-16,Looking Back at the First Roaring Twenties (Published 2021) - The New York Times
2021-04-13,Trip.com Plans Hong Kong Listing Price at HK$268 Each - Bloomberg.com
2021-04-12,Stock Market Today: Stocks Sag on Sleepy Monday (But the Alarm Is Set) - Kiplinger
2021-04-11,Nerves set in as ASX sets sights on record - AFR
2021-04-13,Grab to list in US through record $53.2 billion Spac deal with Altimeter - The Straits Times
2021-04-12,Tech Stock Allocation & Your Investment Portfolio - The White Coat Investor
2021-04-13,"Coverage Featuring Wearable Health Solutions, Inc. by WallStreetResearch.Org - FinancialContent"
2021-04-21,"Stock Market News for Apr 21, 2021 - Nasdaq"
2021-04-20,Asian stocks fall as virus worries return to haunt markets - Reuters
2021-04-21,"Pandemic fears send stocks, oil, yields lower - nippon.com"
2021-04-20,Why Is the Stock Market Down Today? Here Are 4 Reasons. - Barron's
2021-04-21,"Biotech Stocks Fall Out of Favor After Disappointing Trial Results, Big Rally - WSJ - The Wall Street Journal"
2021-04-21,Dow closes more than 300 points lower following reports of Biden eyeing capital gains tax hike - CNBC
2021-04-21,"UiPath stock surges in trading debut, pushing market cap well past $35 billion - MarketWatch"
2021-04-23,"Sensex closes 202 pts lower, Nifty at 14,341; FMCG, IT, auto top drags - livemint.com"
2021-04-17,U.S. stocks rise as market rally continues - Macau Business
2021-04-21,"Markets Bounce as Norwegian Cruises Higher, Halliburton Sees Recovery Ahead - The Motley Fool"
2021-04-23,Dow jumps 227 points as strong economic data outweighs Biden tax-hike worry - markets.businessinsider.com
2021-04-20,"Apple packs iPad Pros with faster chips, slims iMacs - thedailyherald.sx"
2021-04-19,New Residential Investment Corp. stock underperforms Monday when compared to competitors - MarketWatch
2021-04-21,Lack of content hurts Netflix’s subscriber growth as shares fall 11% - Free Malaysia Today
2021-04-19,"Nomura Asset Management Co., Ltd. Expands Use of Cloud-Based Charles River IMS - FinancialContent"
2021-04-20,What is ‘Doge Day’? A push to drive dogecoin to the moon - MarketWatch
2021-04-28,S&P 500 notches record close after strong earnings from Facebook and Apple - CNBC
2021-04-23,Stock Compensation Adds Risks for Growth Companies - AllianceBernstein
2021-04-29,Stock market performance during Biden's first 100 days has officially bested everyone from Trump back through Truman - Fortune
2021-04-30,"Honeywell To Transfer Listing Of Common Stock To Nasdaq, Ticker To Remain HON - Quick Facts - Nasdaq"
2021-04-26,"Stock Market Today: Nasdaq, S&P 500 Hit New Highs to Start Packed Trading Week - Kiplinger"
2021-04-28,Are investors hoarding cash? - Yahoo Finance
2021-04-27,"S&P 500 closes flat after Fed keeps rates near zero, Dow falls 160 points - CNBC"
2021-04-26,Skyworks Lifts Nasdaq Ahead of Earnings; CRISPR Keeps Moving Forward - The Motley Fool
2021-04-26,The US stock market has seen better returns in Joe Biden's first 100 days than under any president in the past 75 years - markets.businessinsider.com
2021-04-27,"Copper prices hit 10-year high as rising commodity prices, aside from gold, lift TSX - Bowen Island Undercurrent"
2021-04-28,"Markets rally for third day; Sensex ends 790 pts higher led by banks, financials - livemint.com"
2021-04-27,3 Top Stocks From the Thriving Building Maintenance Industry - Nasdaq
2021-04-29,"Fact check: COVID-19 to blame for spike in lumber prices, not Biden - USA Today"
2021-04-25,"S&P 500 rises slightly to all-time high ahead of big earnings, Nasdaq hits new record close - CNBC"
2021-04-27,Veritone Announces GRID Initiative to Improve Grid Reliability in the Global Transition to Green Energy - FinancialContent
2021-04-30,"200 million vaccine shots, hot markets, big spending – Biden's first 100 days, in charts - CNBC"
2021-05-03,Honeywell to Move Stock Listing to Nasdaq: Darius Adamczyk Quoted - GovCon Wire
2021-05-06,"COVID-19: lockdowns, recession and… a new stock market bubble? - Real Instituto Elcano"
2021-05-04,Why Is the Stock Market Down Today? Here Are 4 Reasons. - Barron's
2021-05-02,"Dow climbs more than 200 points on the first trading day of May, retail stocks lead gains - CNBC"
2021-05-03,"Stock Market News for May 3, 2021 - Nasdaq"
2021-05-05,"Shares slide as Nasdaq tumbles, dollar edges higher - CNBC Africa"
2021-05-07,S&P 500 hits record high after bad April jobs-report miss dampens inflation fears - markets.businessinsider.com
2021-05-07,Google Stock Says A Lot About This Market - Investor's Business Daily
2021-05-04,"1,000-Word Charts: Stock Markets - constructconnect.com"
2021-05-06,Cloudflare stock pares session losses after hours as sales beat Street view - MarketWatch
2021-05-05,Dow jumps 300 points to hit another record close ahead of key April jobs report - CNBC
2021-05-03,Stock Market Today: Dow Leads in a Mixed May Start for Stocks - Kiplinger
2021-05-01,Wall Street recovers some losses at open - The Standard (HK)
2021-05-10,"Nasdaq ends wild day flat after Big Tech reversal, Dow drops 470 points for worst day since February - CNBC"
2021-05-14,"U.S. stocks rebound after rout, bond yields dip - nippon.com"
2021-05-14,"US stocks end higher, snapping 3-day losing streak - Nikkei Asia"
2021-05-11,'No doubt…that we are in a raging mania in all assets' says Stan Druckenmiller - MarketWatch
2021-05-12,"Stocks steady after tech hit, UK economy resilient, US inflation in focus - Markets.com"
2021-05-10,Stocks Mixed as Pipeline Attack Sparks Fears of Higher Gas Prices - Barron's
2021-05-13,Inverse ETFs to Play the Decline in Tech Sector - Nasdaq
2021-05-14,Stock Index ETFs Accelerate Gains to Close Out Volatile Week - ETF Trends
2021-05-11,Wall Street slips as inflation jitters spark broad sell-off - Reuters
2021-05-09,"Stocks fall to start the week as tech stocks drag down market, Nasdaq loses 2.5% - CNBC"
2021-05-13,The Pros' Picks: The 11 Best Nasdaq Stocks You Can Buy - Kiplinger
2021-05-12,"Dow Hits 35,000, Crushing the Nasdaq. What Does That Mean for Retirees? - The Motley Fool"
2021-05-12,"Dow hit with 682 point loss, Nasdaq off 2.7% on inflation beating - Fox Business"
2021-05-13,US stocks regain ground after global sell-off - BBC
2021-05-11,Dow tumbles 680 points in worst decline since January as hot inflation reading spooks investors - CNBC
2021-05-14,"Stock Market Today: Tech, Energy Pop as Stocks Soar Into the Weekend - Kiplinger"
2021-05-07,Square officially puts Jay-Z on board of directors after Tidal deal closes - MarketWatch
2021-05-10,"Investors are being driven out of the flashy stocks into 'boring' names as the economy grows, Jim Cramer says - CNBC"
2021-05-08,"3 Investments That Turned $35,000 Into $1 Million (or More) in Just 6 Months - The Motley Fool"
2021-05-18,"Dow falls 160 points, ends wild session way off lows - CNBC"
2021-05-21,The Stock Market Is Crazy. Why It Makes Total Sense. - Barron's
2021-05-18,Stocks fall as tech shares weigh; gold rises to more than 3-month high - nippon.com
2021-05-18,Stock Market Today: Stocks Fall Again as Energy Sector Swoons - Kiplinger
2021-05-19,"Wall Street falls for third day on inflation jitters, crypto plunge - Reuters"
2021-05-21,Will The U.S. Stock Market Crash In 2021? - Forbes
2021-05-20,NVIDIA's $24 Billion Advantage Over Advanced Micro Devices - The Motley Fool
2021-05-19,"Oatly IPO Prices at $17 a Share, Notching $10 Billion Valuation - WSJ - The Wall Street Journal"
2021-05-15,U.S.-listed Chinese firms trade higher - Macau Business
2021-05-19,Why is crypto crashing? Will bitcoin prices ever recover? Here's what traders and investors say - MarketWatch
2021-05-21,What Did the Stock Market Do Today? 3 Big Stories to Catch Up On. - InvestorPlace
2021-05-17,Why Columbia Care Says Its Cannabis Profits Will Grow - Barron's
2021-05-17,Book sizes increase despite turbulent year - Investment Executive
2021-05-17,"As it happened: ASX trims early lead, CBA and gold miners shine - Brisbane Times"
2021-05-17,Ironwood Pharmaceuticals to Present New Linaclotide Data and Unveil Findings From GI Disease Surveys at Digestive Disease Week® 2021 - FinancialContent
2021-05-17,SRAX Teams Up with Zoom to Launch Sequire Audience - FinancialContent
2021-05-25,"S&P 500 ekes out a small gain in light trading, boosted by reopening plays - CNBC"
2021-05-22,U.S. stocks close mostly lower with tech; dollar up after factory data - nippon.com
2021-05-25,"Stock Market Fades, Closes Modestly Lower; But Indexes Hold These Key Levels - Investor's Business Daily"
2021-05-22,Major stock market indices worldwide - Macau Business
2021-05-26,The Dow Jones Industrial Average turns 125 - MarketWatch
2021-05-27,Wall Street inches higher as weekly jobless claims dip - Reuters
2021-05-24,US stock futures flat after Dow posts losses for week - The Standard (HK)
2021-05-24,3 Mid-cap Stocks Ready to Break Out - MarketBeat
2021-05-24,Stock Market Today: Tech Takes Off as Stocks Swing Higher - Kiplinger
2021-05-22,US stocks end volatile week on muted note - Macau Business
2021-05-23,"'Where the crypto market goes from here is completely dependent on the stock market,' says digital-asset tycoon Barry Silbert - MarketWatch"
2021-05-28,Market sentiment readings suggest investors are fearful even as the S&P 500 nears record high - markets.businessinsider.com
2021-05-27,Medical Cannabis Clinic Takes Strides to Become LGBTQ+ Safe Space - FinancialContent
2021-05-26,Opinion: Why it matters to the stock if Facebook is a tech company or a media play - MarketWatch
2021-05-21,Inflation scare? The stocks that perform best --- and worst --- when prices rise - MarketWatch
2021-05-23,Bitcoin prices tumble 50% from peak and Mark Cuban calls the crypto crash the 'great unwind' - MarketWatch
2021-05-31,"Stocks start June flat despite energy rally, Dow adds 40 points - CNBC"
2021-06-02,US stocks tick higher as investors await key labor-market data - markets.businessinsider.com
2021-06-01,May 2021 Review and Outlook - Nasdaq
2021-06-01,"Wall Street edges up, led by financials, energy - Reuters"
2021-06-04,World stocks end lower amid strong U.S. data and concerns about inflation - nippon.com
2021-06-03,Tiger’s Julian Robertson bets big tech stocks will keep marching higher - Financial Times
2021-06-03,SPAC IPO market pauses as investors and regulators reevaluate - The Real Economy Blog
2021-06-02,Doximity Hopes Doctors Buy Into Its IPO - MedPage Today
2021-05-29,Has the Stock Market Begun to Turn Around? - Entrepreneur
2021-06-02,Stock Market Today: Markets Dip Despite Upbeat Jobs Data - Kiplinger
2021-05-29,US stocks end higher ahead of holiday weekend - Macau Business
2021-06-03,AMC’s shares whipsaw after it tries to capitalize on its stock’s eye-popping rally. (Published 2021) - The New York Times
2021-05-31,Is the Growth Stock Bull Market About to Make a Comeback? - The Motley Fool
2021-06-04,"Thursday's early trade: S&P, Nasdaq down; AMC falls sharply - Business Recorder"
2021-06-01,Stocks rise slightly as the S&P 500 hovers near a record - CNBC
2021-05-29,"S&P 500, Dow Jones Closing Month in Gains as Nasdaq Composite Breaks Trend - Coinspeaker"
2021-06-02,Ares Management Corporation Completes Acquisition of Landmark Partners - FinancialContent
2021-06-03,How One Company Is Doing Right For the Planet - FinancialContent
2021-06-01,State Street Bolsters Global Relationship with Aberdeen Standard Investments By Servicing ETF Funds - FinancialContent
2021-06-09,"S&P 500 climbs to a new record close, shrugging off inflation fears - CNBC"
2021-06-08,S&P 500 Ends Day Flat After Trading Near Record Territory - Barron's
2021-06-10,"Semiconductors in the Turbocharged, COVID-19 Era of Thematic Tech - Nasdaq"
2021-06-07,Global Market Report - 8 June - Morningstar Australia
2021-06-08,"Tesla Pops, Marvell Signals Breakout; Tech Futures Rise While Bitcoin Dives - Investor's Business Daily"
2021-06-07,Think the Global Minimum Tax Will Bite? Watch the Stock Market - Bloomberg.com
2021-06-11,"Nifty, Sensex close at record highs; auto, IT, metal and pharma stocks led gains - livemint.com"
2021-06-07,S&P 500 ends day flat as benchmark continues to hover near its record - CNBC
2021-06-09,Stock Market Today: Stocks Snooze While Investors Await Inflation Update - Kiplinger
2021-06-08,Remembering The Dotcom Bubble - Seeking Alpha
2021-06-10,Global Markets: Stocks set record highs as bond yields slide - Yahoo
2021-06-06,Global Market Report - 7 June - Morningstar Australia
2021-06-05,Interactive Brokers founder says problem with AMC Entertainment memes: 'People…will lose a very substantial amount of money' - MarketWatch
2021-06-09,"MACOM and MaxLinear Collaborate on 100G, 400G and 800G Solutions for Data Center Applications - FinancialContent"
2021-06-10,S&P 500 hits record high as Wall Street brushes off higher inflation data - SABC News
2021-06-10,"S&P 500 ekes out another record close, posts third straight winning week - CNBC"
2021-06-08,"Sensex closes 53 pts lower, Nifty at 15,740; banks, financials, metals drag - livemint.com"
2021-06-08,Dow ends session 150 points lower for its third straight day of losses - CNBC
2021-06-10,"Opinion: AMD’s stock has been left behind, but not for long — here’s why - MarketWatch"
2021-06-09,2 Essential Strategies for Taking Your RMDs - Kiplinger
2021-06-16,"Dow falls for a second day following Fed policy update, loses 210 points - CNBC"
2021-06-16,Why Is the Stock Market Down Today? Stocks Fall After Fed Decision. - Barron's
2021-06-16,"What are the Dow, S&P 500, and Nasdaq? | How to Invest: Ep. 4 - MarketWatch"
2021-06-12,Major stock market indices worldwide - Macau Business
2021-06-17,Dow falls more than 500 points to close out its worst week since October - CNBC
2021-06-17,Gold Prices Tumble After Fed Surprise. Here's Why. - Barron's
2021-06-16,Wall Street stocks drift on weak retail-sales data - Kalkine Media
2021-06-18,"Stock market ‘still fine for now,’ says billionaire David Tepper after Fed’s hawkish shift - MarketWatch"
2021-06-14,Paul Tudor Jones says a stock market that's 220% of GDP is making him nervous - CNBC
2021-06-14,What Is A Class Action Lawsuit And What Is Its Significance? - Kalkine Media
2021-06-17,ETFs to turn to as Fed sets stock market up for rising inflation and interest rates; GameStop heads to IWF - MarketWatch
2021-06-16,Palantir CEO has a simple reason company's stock draws Reddit crowd: 'We respect the intelligence and the rigor of what is typically called individual investors' - MarketWatch
2021-06-23,S&P 500 Stuck in Trading Lull While Bonds Retreat: Markets Wrap - Bloomberg.com
2021-06-21,"S&P 500 jumps for a second day, Nasdaq hits all-time high amid bitcoin's comeback - CNBC"
2021-06-21,Stock Trading Guide For Beginners 2021 - Nasdaq
2021-06-23,"After a week of turmoil, stocks are near record territory again - CNN"
2021-06-23,Global Market Report - 24 June - Morningstar Australia
2021-06-22,Nifty forms long bullish candle on daily chart. What does it signal for tomorrow's trade? - The Economic Times
2021-06-21,JD-Backed Electronics Reseller Aihuishou Gains 23% in Nasdaq IPO - Pandaily
2021-06-24,Value Stocks On Track For Worst Month Since October - The Wall Street Journal
2021-06-21,"Wall St bounces back on boost from banks, industrials - Reuters"
2021-06-19,Major stock market indices worldwide - Macau Business
2021-06-25,ASML Stock Shined Amid Semiconductor Industry Strength - Investor's Business Daily
2021-06-20,Asian shares track rebound on Wall Street - The Seattle Times
2021-06-22,The close: Nasdaq ends at record high as Big Tech roars back - The Globe and Mail
2021-06-18,Nifty forms Hammer candle on daily chart. What does it signal for tomorrow's trade? - The Economic Times
2021-06-21,Will This Reverse Stock Split Be a Rare Winner? - The Motley Fool
2021-06-25,Nasdaq and S&P 500 end at record highs; Dow rallies - Malay Mail
2021-06-21,Dow leads the way in broad Wall Street rally - Reuters
2021-06-23,Confluent prices IPO above range at $36 a share - MarketWatch
2021-06-24,Confluent stock closes 25% higher than pricing on first day of trade - MarketWatch
2021-06-21,Morrisons shares surge 34% after takeover approach; China crackdown hits bitcoin – as it happened - The Guardian
2021-06-25,"Canadians are overestimating their future stock market returns. Plus, Rosenberg’s top investment ideas, and is it time to sell RBC shares? - The Globe and Mail"
2021-06-25,Couloir Capital Ltd. Is Pleased to Announce the Initiation of Research Coverage on Blue Lagoon Resources Inc. - FinancialContent
2021-06-24,"Meme-based investing ‘is a totally nihilistic parody of actual investing,’ says Jeremy Grantham, who called 3 stock-market bubbles - MarketWatch"
2021-06-24,Lincoln Gold Announces Signing of Drill Contract for the Pine Grove Property - FinancialContent
2021-06-30,"S&P 500 hits sixth-straight record, Dow adds 100 points as Wall Street kicks off the second half - CNBC"
2021-06-28,Tech stock rally sends Nasdaq to record high - Reuters
2021-07-01,Opinion: This worrisome indicator is a canary in the coal mine for stock-market tops - MarketWatch
2021-06-29,NIO Stock Keeps On Rallying. Hope About Deliveries Might Be the Key. - Barron's
2021-06-28,Stock Market Today: High Consumer Confidence Fails to Stir Stocks - Kiplinger
2021-07-02,Why Global-e Online Stock Skyrocketed 73.7% in June - The Motley Fool
2021-06-29,"Telstra sells $2.8b stake in mobile phone towers, ASX marks record breaking year - Australian Broadcasting Corporation"
2021-06-27,"Wall Street reaps weekly gains amid Powell testimony, economic data - Macau Business"
2021-06-29,"Dow rises 200 points, S&P 500 hits record high as Wall Street wraps up strong first half of 2021 - CNBC"
2021-06-28,Nasdaq at record high on a boost from tech stocks - Reuters
2021-06-30,"S&P 500 will rally 7% in second half of 2021, but July will be ‘choppy,’ warns Fundstrat’s Lee - MarketWatch"
2021-06-30,Stock Market Today: Stocks Polish Off a Productive First Half - Kiplinger
2021-06-28,Tech stock rally sends S&P 500 and Nasdaq to record highs - Reuters
2021-07-01,NIO Stock Is Jumping After Impressive Deliveries. Why That’s Good News for Tesla. - Barron's
2021-06-28,Why EHang Stock Was Flying Today - The Motley Fool
2021-07-01,S&P 500 begins second half of 2021 at new peak as labor market heals - Reuters
2021-07-01,Wake Up Call: Ralph Norris nabs new appointment - BusinessDesk | NZ
2021-06-30,FANG+ ETF (ASX:FANG) tumbles 10% on ex-dividend day - The Motley Fool Australia
2021-07-06,Why Did the Stock Market Fall Today? It's Not Because of Didi or OPEC. - Barron's
2021-07-05,"S&P 500 snaps 7-day winning streak, Dow falls 200 points - CNBC"
2021-07-06,"Stock Market News for Jul 6, 2021 - Nasdaq"
2021-07-07,Opinion: What the stock market’s ‘black swan’ index hitting an all-time high tells us - MarketWatch
2021-07-09,Top 10 things to know before the market opens - Moneycontrol
2021-07-08,Here's why the stock market just took a nosedive - Yahoo Finance
2021-07-08,Wall Street ends lower as recovery momentum concerns fuel broad sell-off - Reuters
2021-07-08,What are the Stock Markets Saying? Investor Confidence is Riding High - constructconnect.com
2021-07-09,"Dow, S&P 500, and Nasdaq Close at New Records as Bond Yields Stabilize - Barron's"
2021-07-08,Gold futures stage U-turn to log first decline in six sessions amid stock-market stumble - MarketWatch
2021-07-08,"Wall Street falls on growth worries, Chinese tech crackdown - Reuters"
2021-07-07,Wall Street: US stocks climb ahead of Fed minutes - RTL Today
2021-07-08,How to invest for reconciliation - Advisor.ca
2021-07-07,Liberty Latin America Releases Inaugural ESG Report - FinancialContent
2021-07-06,Second quarter market review | Calamatta Cuschieri - MaltaToday
2021-07-06,Ride-sharing group Didi’s shares tumble after China crackdown - The Sydney Morning Herald
2021-07-08,"Bond yields and tech stocks echo ‘extreme anomalies’ of dot-com boom, says Morgan Stanley - MarketWatch"
2021-07-09,European stocks rebound from sharp selloff - MarketWatch
2021-07-07,BlackRock turns positive on European equities amid ‘powerful restart’ from the pandemic - MarketWatch
2021-07-08,Stockpile Reports Selects American Robotics to Build Out Automated Drone Program - FinancialContent
2021-07-05,Market Live Updates Today: Trends on SGX Nifty indicate a gap-up opening for the index in India with a 100 points gain - BizzBuzz
2021-07-15,"Dow drops nearly 300 points on Friday, snaps 3-week winning streak - CNBC"
2021-07-13,"What’s a point on the Dow, S&P or Nasdaq? - marketplace.org"
2021-07-14,S&P 500 and Nasdaq end down after hitting record highs - nippon.com
2021-07-16,Market Outlook: New Risks For Investors In The Second Half Of 2021 - Investor's Business Daily
2021-07-16,"Wall Street edges lower as value, growth stocks fall; defensives gain - Reuters"
2021-07-16,Stocks move lower as Wall Street winds down quiet week - iNFOnews.ca
2021-07-11,"Dow jumps 120 points to close just shy of 35,000 on earnings optimism - CNBC"
2021-07-13,Wall Street notches more records - The Standard (HK)
2021-07-16,"US stocks edge lower, extending choppy trend - Macau Business"
2021-07-16,Stocks Fall: Can Square Save Bitcoin? - The Motley Fool
2021-07-13,Patterson Announces Dental Leadership Changes - FinancialContent
2021-07-10,"U.S. stocks jump as financials, materials lead gains - Macau Business"
2021-07-14,Investment banking drives Goldman Sachs' $5.5 billion profit as treasury yield tanks US stocks - Nairametrics
2021-07-16,Tractor Supply Company Enters New Milestone Partnership With Professional Bull Riders - FinancialContent
2021-07-13,Market Live Updates Today: Trends on SGX Nifty indicate a gap-up opening for the index in India with a 118 points gain - BizzBuzz
2021-07-23,Nasdaq 100 Vs Nasdaq Composite Index: Performance and differences – Explained - The Financial Express
2021-07-22,"Dow jumps more than 200 points to close above 35,000 for the first time ever - CNBC"
2021-07-19,"Dow books 725-point loss, worst day since October, as spread of delta variant and global tensions rattle investors - MarketWatch"
2021-07-20,Virus Headwinds Hit Wall St. After Months of Smooth Sailing (Published 2021) - The New York Times
2021-07-17,Wall Street ends down as Delta variant drives fears - nippon.com
2021-07-19,Dow sinks more than 700 points Monday over COVID-19 fears - ABC13 Houston
2021-07-19,Is This the Long-Awaited Stock Market Crash? - The Motley Fool
2021-07-20,"Stocks rally for a second day, Dow jumps more than 200 points to recoup Monday's losses - CNBC"
2021-07-17,U.S.-listed Chinese firms trade lower - Macau Business
2021-07-19,"'It's not a month to be a hero,' warns stock-market strategist Tom Lee, after Dow logs worst day of 2021 - MarketWatch"
2021-07-23,How Long Can 'Buy On The Dip' Strategy For SPY Stock Last? - Investor's Business Daily
2021-07-18,Dow tumbles 700 points for its worst drop since October as investors fear a Covid resurgence - CNBC
2021-07-19,Dow plunges nearly 800 points over Indian Delta variant surge - Daily Mail
2021-07-17,Why Upwork Stock Got Hit Hard This Week - The Motley Fool
2021-07-23,Market Live Updates Today: Trends on SGX Nifty indicate a positive opening for the index in India with a 23 points gain - BizzBuzz
2021-07-29,Robinhood and the rise of teenage stock investors - Al Jazeera
2021-07-26,Futures Fall As China Stocks Tumble; Here Comes Tesla - Investor's Business Daily
2021-07-27,"Opinion: Nasdaq 15,000 is near. Do I hear 30,000? - MarketWatch"
2021-07-30,US stocks slip as weak Amazon sales outlook highlights growth challenges for tech giants - markets.businessinsider.com
2021-07-24,Major stock market indices worldwide - Macau Business
2021-07-30,Disappointing Amazon Results May Weigh On Tech Stocks - RTTNews
2021-07-28,Forget Big Tech! These Were the Real Nasdaq Winners Wednesday. - The Motley Fool
2021-07-29,"TSX closes at all-time high, U.S. markets up after big jump in commodities prices - CBC"
2021-07-24,U.S. stocks advance amid strength in communication services - Macau Business
2021-08-06,The Stock Market Is a Bubble. How It Might Deflate—in a Good Way. - Barron's
2021-08-02,July 2021 Review and Outlook - Nasdaq
2021-07-31,Major stock market indices worldwide - Macau Business
2021-08-03,The 2022 Tech Bubble Fractals and Sentiment Analysis for TVC:IXIC by Michael_Wang_Official - TradingView — Track All Markets
2021-08-02,August is among the worst months of year for the stock market. Here’s how to play it. - MarketWatch
2021-08-02,July Market Wrap: A Win For Stocks But Also Rising Unease - Investing.com
2021-07-30,"Google founders have sold $1 billion in stock since May, the most since 2017 - CNBC"
2021-08-03,"Nifty ends a tad shy of 16,150, Sensex soars 873 points; HDFC, Titan surge - livemint.com"
2021-08-04,"S&P/TSX composite down, U.S. markets mixed following shaky day for bond yields - Pique Newsmagazine"
2021-08-05,The Internet Sent These 2 Stocks Skyward on Thursday - The Motley Fool
2021-08-03,Opinion | A Digital Trade Opportunity in Asia - The Wall Street Journal
2021-08-04,"News | Host Extends Acquisitions Spree, Sees Opportunity for More Deals - CoStar"
2021-08-06,"Strong jobs report sends most stocks, bond yields higher - The Denver Post"
2021-08-02,CDW Announces Acquisition of Focal Point Data Risk - FinancialContent
2021-08-05,Fidelity Investments Purchases 7.4% Stake in Bitcoin Mining Firm Marathon - Bitcoin.com News
2021-08-05,Opinion | Chabad Ministers to ‘Jews of No Religion’ - The Wall Street Journal
2021-07-31,Google founders cash in $1 billion after earning $75 billion in barely 7 months - Nairametrics
2021-08-09,"U.S. Stocks Decline Amid Stimulus, Virus Concern: Markets Wrap - Bloomberg.com"
2021-08-09,Dow rises 160 points to close at a record after Senate passes $1 trillion infrastructure bill - CNBC
2021-08-12,"Stock Market News for Aug 12, 2021 - Nasdaq"
2021-08-10,"Stocks tread water as gold, oil declines spook sentiment - nippon.com"
2021-08-12,Investment Shift from Equities to Real Estate? - CME Group
2021-08-12,"SNAPSHOT-Wall Street opens flat after jobless claims, inflation data - Reuters"
2021-08-11,US stocks climb as inflation report soothes anxious investors - CNN
2021-08-10,"1,000-Word Charts: Stock Markets as of July 30, 2021 - constructconnect.com"
2021-08-07,U.S. stocks end mixed after jobs report - Macau Business
2021-08-10,Fidelity Purchases a 7.4% Stake in Marathon Digital Holdings - ETF Trends
2021-08-09,"Bitcoin has a shot at $100,000 in 'everything rally' that sweeps up stock market, Fundstrat's Tom Lee predicts - MarketWatch"
2021-08-11,Friday the 13th Stock Market History: Is It Unlucky for Investors? - Market Realist
2021-08-10,"Kim Jong Un’s Sister Blasts U.S.’s ‘Dangerous War Exercises,’ Threatens to Bolster Military - The Wall Street Journal"
2021-08-12,"Stock Market Today: Dow, S&P 500 Muscle to New Highs After Data Dump - Kiplinger"
2021-08-07,3 Top Large-Cap Stocks to Buy in August - The Motley Fool
2021-08-13,"Stocks hit records; dollar, Treasury yields edge up as tapering debate dominates - nippon.com"
2021-08-07,Opinion: You should be concerned when this stock market indicator gets as high as it is now - MarketWatch
2021-08-09,Stock Market Today: Markets Coast as COVID Variant Cases Climb - Kiplinger
2021-08-08,"10 Stock Market Crashes From History, Explained - Newsweek"
2021-08-12,"As it happened: CBA and Rio flatten ASX, but earnings delight again - Brisbane Times"
2021-08-07,Reverse Stock Splits Are Rare. Why GE Took the Plunge. - Barron's
2021-08-19,Stock Heatmap - TradingView — Track All Markets
2021-08-20,US stocks trade mixed as worries persist over Fed plans and growth outlook - markets.businessinsider.com
2021-08-15,"Dow, S&P 500 close at record highs ahead of major retail earnings reports - CNBC"
2021-08-18,"S&P 500, Dow edge lower ahead of Fed minutes - Reuters"
2021-08-15,What the Afghan government’s collapse might mean for the U.S. stock market - MarketWatch
2021-08-20,Can Microsoft Beat Apple to Become the Most Valuable Nasdaq Stock? - The Motley Fool
2021-08-19,"IDX Composite closes below 6,000 amid global market gloom - The Jakarta Post"
2021-08-20,Wall Street bounces back as taper jitters fade - Reuters
2021-08-19,"Watch Live: Jim Cramer on Nvidia, Robinhood, Facebook, Markets - thestreet.com"
2021-08-18,Asian stock markets rebound after Wall St falls from record - The Independent
2021-08-18,"As it happened: BHP, Rio and CSL keep ASX in the red for third session - The Age"
2021-08-19,S&P 500 ends down over 1% after Fed minutes - Reuters
2021-08-20,Is It Too Late to Buy eBay Stock? - The Motley Fool
2021-08-19,"Defensives, tech stocks push Wall St higher as taper fears persist - Reuters"
2021-08-18,"S&P 500 slips after Fed minutes show split over jobs, taper - Reuters"
2021-08-20,Wall St edges higher at open on tech boost - Reuters
2021-08-20,"Wall St rebounds on tech support, but heads for weekly losses - Reuters"
2021-08-18,VOO Vs VTI: Vanguard's S&P 500 And Total Stock Market ETFs Compared - AlphaBetaStock.com
2021-08-22,"Stocks rally to start the week, Nasdaq closes at record after Pfizer vaccine approval - CNBC"
2021-08-23,"U.S. Stocks Rise Amid Recovery Bets, FDA Approval: Markets Wrap - Bloomberg.com"
2021-08-24,"Nasdaq 15,000: Just another stock-market number or something else? - MarketWatch"
2021-08-22,Stocks Survive a ‘Taper’ Scare. What Comes Next. - Barron's
2021-08-21,Major stock market indices worldwide - Macau Business
2021-08-23,"Wall Street gains, Nasdaq notches record closing high on full vaccine approval - Reuters"
2021-08-25,Wall Street is waiting for the Fed to blink first - CNN
2021-08-25,"Stock Market News for Aug 25, 2021 - Yahoo Finance"
2021-08-23,S&P 500 and Nasdaq close at records ahead of Fed summit - CNBC
2021-08-24,"Stock Market Today: S&P 500, Nasdaq Continue to Carve Out New Highs - Kiplinger"
2021-08-23,US stocks rebound from last week's sell-off ahead of Fed's key policy meeting - markets.businessinsider.com
2021-08-23,"Wall St open higher on boost from banks, oil - Reuters"
2021-08-24,"Stock Market Today: Alibaba CrowdStrike, Palo Alto Networks, and More Movers - Barron's"
2021-08-21,S&P 500 hasn’t fallen 5% from a peak in nearly 200 sessions—what that tells market historians - MarketWatch
2021-08-27,Why Is Everyone Talking About CrowdStrike Stock? - The Motley Fool
2021-08-27,Mystery of space inspired New Zealand rocket man's journey to Nasdaq - Reuters
2021-08-25,What the S&P 500 ringing up 50 record highs in 2021 says to stock-market historians - MarketWatch
2021-08-29,"S&P 500, Nasdaq close at record highs as Wall Street looks for strong finish to August - CNBC"
2021-09-03,"Stock Market News for Sep 3, 2021 - Nasdaq"
2021-08-30,Technology stocks lift Wall Street as taper fears ease - Reuters
2021-08-31,Tech Has Momentum Into Year-End. Time for QQQM. - ETF Trends
2021-08-28,Wall Street surges; U.S. yields fall after Fed's Powell speaks - nippon.com
2021-08-28,Major stock market indices worldwide - Macau Business
2021-09-03,Indian vs International Stock Market – Things to Consider Before Investing Outside India - Trade Brains
2021-08-27,World's Biggest Stock Indices | Index Fundamentals | FO - FOREX.com
2021-09-02,"Sensex closes 514 pts higher, Nifty above 17,234; IT, FMCG, realty top gainers - livemint.com"
2021-09-03,"DocuSign Rises, Yext Falls —And What Else Is Happening in the Stock Market Friday - Barron's"
2021-09-01,S&P 500 and Nasdaq notch record closes as jobless claims reach pandemic low - CNBC
2021-08-30,The S&P 500 hasn’t seen a year-to-date rally this strong since 1997. What’s next? - MarketWatch
2021-08-27,Here’s What Zuora Stock Did After Earnings - citybiz
2021-09-01,Tech stocks power Nasdaq to record high; PVH Corp surges - Reuters
2021-08-31,Nasdaq and S&P 500 Storm Wall Street with New All-time High - Coinspeaker
2021-08-27,Stocks rally to records as Fed chair signals interest rates will remain low - Los Angeles Times
2021-09-02,"Heading Into Jobs Report, It’s Back to a Bad News Is Good News Market - Barron's"
2021-08-31,"Wall St hovers near record highs, S&P 500 set for strong August - Reuters"
2021-09-08,"Dow falls for the fourth straight day, drops 150 points - CNBC"
2021-09-07,Wall Street falls on worries over slowing economic recovery - Reuters
2021-09-10,Echo Global Logistics to Go Private in $1.3 Billion Buyout - Bloomberg.com
2021-09-10,US stocks lose steam - CNN
2021-09-08,This Founder-Run ETF Is Outpacing the Major Indexes - ETF Trends
2021-09-07,"Stock Market News for Sep 7, 2021 - Nasdaq"
2021-09-04,U.S.-listed Chinese firms trade mostly higher - Macau Business
2021-09-16,"S&P 500 falls Friday, notches second straight week of losses in September slump - CNBC"
2021-09-16,Stocks Drop as September Swoon Resumes; Bonds Fall: Markets Wrap - Bloomberg.com
2021-09-17,Wall Street closes rollercoaster week sharply lower - Reuters
2021-09-16,2 Surprising Nasdaq Stocks Hitting All-Time Highs Thursday - The Motley Fool
2021-09-14,"Dow Jones Today, Stocks Turn Mixed After Inflation Data; Apple iPhone 13 Event, China Covid Outbreak In Focus - Investor's Business Daily"
2021-09-11,Major stock market indices worldwide - Macau Business
2021-09-11,The World Was Upended By 9/11—but the Rules of Wall Street Held Steady - Barron's
2021-09-10,Tech slide pulls S&P 500 down; investors weigh the economy’s trajectory - Los Angeles Times
2021-09-14,You might think investors' extreme bullishness would be good for stocks. This analysis says you're wrong - MarketWatch
2021-09-17,"Wall Street slips on tech losses, tax uncertainty weighs - Reuters"
2021-09-10,Stock Market Today: Dow Loses Fifth Straight as Apple Hits a Wall - Kiplinger
2021-09-10,Stalking Nvidia Stock Gave Swing Trading Opportunity - Investor's Business Daily
2021-09-13,As it happened: ASX gains 0.3% led by energy and materials - WAtoday
2021-09-11,U.S.-listed Chinese firms trade mostly lower - Macau Business
2021-09-16,"Stocks Drop, But Investors Should Also Watch Another Falling Market - The Motley Fool"
2021-09-10,"Zoink Games and EA Invite Players to Get Lost in Random in a New, Twisted Journey Driven by Chance, Available Today - FinancialContent"
2021-09-15,How the 'buy Yom Kippur sell Rosh Hashana' trading theme is playing out in the stock market in 2021 - MarketWatch
2021-09-15,"At end of the day, if bitcoin is successful governments will ‘kill it,’ says Ray Dalio - MarketWatch"
2021-09-15,Record $60 million Tahoe home still on market as Incline Village housing sets new highs - Reno Gazette Journal
2021-09-15,"Apple’s new iPhone 13 touts faster 5G, sharper camera - The Straits Times"
2021-09-17,World shares slide on China investment worries - The Star | Malaysia
2021-09-19,"S&P 500 falls 1.7% for its worst day since May, Dow sheds 600 points - CNBC"
2021-09-20,Stock Market Today: Stocks Notch Worst Day in Months on Evergrande Fears - Barron's
2021-09-22,US stocks rise as Evergrande fears subside and investors await Fed meeting outcome - markets.businessinsider.com
2021-09-20,"Stock Market News for Sep 20, 2021 - Nasdaq"
2021-09-23,"Stock Market News for Sep 23, 2021 - Yahoo Finance"
2021-09-21,Why We’re Bullish on Russia and Eastern Europe Right Now - USFunds
2021-09-24,"The S&P 500 has to hold this line in the sand or risk a terrifying plunge, says strategist - MarketWatch"
2021-09-22,"After a wobbly day, major indexes end mixed on Wall Street - 毎日新聞"
2021-09-18,U.S. stocks drop as market volatility continues - Macau Business
2021-09-21,"Stock Market News for Sep 21, 2021 - Yahoo Finance"
2021-09-24,It May Be Time to Start Worrying About Bond Yields Again - Barron's
2021-09-21,Wall Street ends sharply lower in broad sell-off - The Standard (HK)
2021-09-21,These 2 Earnings Reports Could Smack the Stock Market on Wednesday - The Motley Fool
2021-09-20,Why Evergrande has suddenly exploded into a potential global financial market crisis - MarketWatch
2021-09-23,US stocks rise as markets await Fed decision - Macau Business
2021-09-22,Federal Reserve meeting days have been good for the stock market — until Powell starts talking - MarketWatch
2021-09-22,Wall Street opens higher as Evergrande fears recede - Macau Business
2021-09-20,"Evergrande's potential debt blowup is 'not a contagion' event for the stock market, says the man who said the firm was insolvent 10 years ago - MarketWatch"
2021-09-24,Shares rise as BSP keeps rates unchanged - BusinessWorld - BusinessWorld Online
2021-09-19,Money Supply: A Good Predictor For S&P 500 Index - Seeking Alpha
2021-09-23,Fed’s positive economic outlook moves S&P/TSX composite higher for third straight day - iNFOnews.ca
2021-09-29,The Dotcom Bubble Burst (2000) - International Banker
2021-09-28,"Nasdaq stocks continue to struggle, but Dow adds 90 points on Wednesday - CNBC"
2021-09-30,Stocks Had Their Worst September in a Decade. October Might Bring More of the Same. - Barron's
2021-09-30,"Stocks fall, swelling September’s losses. (Published 2021) - The New York Times"
2021-09-30,"S&P 500, Dow tumble as Wall Street heads for monthly losses - Reuters"
2021-10-01,"Stock Market News for Oct 1, 2021 - Yahoo Finance"
2021-09-30,Shares stanch bleeding after selloff - nippon.com
2021-09-29,"Dow drops 500 points on September's final day, S&P 500 suffers worst month since March 2020 - CNBC"
2021-09-29,"ASX records best trading day of 2021, 'bargain hunters' drive rebound - Australian Broadcasting Corporation"
2021-10-01,Stock Market Today: Dow Soars as September Gloom Fades - Barron's
2021-09-28,"Stocks tumble in worst day since May, as tech shares slide and bond yields climb. (Published 2021) - The New York Times"
2021-09-29,Dovish to hawkish Fed: sounds bearish for gold - Mining.com
2021-09-30,As it happened: ASX storms home with gains of 1.9 per cent - WAtoday
2021-09-29,"Why Pinterest, Square, and Lemonade Stocks Took a Hit on Wednesday - The Motley Fool"
2021-09-26,"Dow rises, tech shares drag down broader market as 10-year Treasury yield tops 1.5% - CNBC"
2021-09-30,Tesla Stock Was Tame This Week. How It Became a Low-Volatility Stock. - Barron's
2021-09-28,EV Helicopter Stocks Blade and Lilium Could Take Off - Barron's
2021-09-30,"Gun manufacturer Smith & Wesson moving headquarters, some production from Springfield to Tennessee - MassLive"
2021-10-03,"Dow falls 320 points to start the week, Nasdaq drops 2% amid tech rout - CNBC"
2021-10-04,A stock-market correction is brewing in the Nasdaq as Facebook leads tech shares south. Here are the levels to watch for other benchmarks. - MarketWatch
2021-10-04,US stock slip as traders closely watch Evergrande drama and debt ceiling talks - markets.businessinsider.com
2021-10-04,Tech stock slide drags Wall Street lower - Financial Times
2021-10-02,Stocks bounce but inflation fears persist - nippon.com
2021-10-08,Stock Market Bottoms Look A Lot Alike; Here's How To Identify One - Investor's Business Daily
2021-10-05,ProShares: How Momentum Unlocks Nasdaq-100 Outperformance Potential - AdvisorHub
2021-10-05,Investors eye Big Tech as stock market wobbles - Reuters
2021-10-04,Tech stocks in retreat as NASDAQ Composite Index closes down 2.14 percent - The Georgia Straight
2021-10-02,Major stock market indices worldwide - Macau Business
2021-10-04,Stock Market Today: Nasdaq Spirals as Big Tech Sells Off - Kiplinger
2021-10-06,Dow rises 300 points as investors cheer short-term debt ceiling solution - CNBC
2021-10-05,Opinion: What’s in a company name change? Often a higher stock price. - MarketWatch
2021-10-04,Wall Street slammed by rotation out of Big Tech - Reuters
2021-10-02,"U.S. stocks open higher amid rallying energy, materials sectors - Macau Business"
2021-10-05,Tech Stocks Are Vulnerable as Fed Policy Shift Gets Priced In - Barron's
2021-10-02,U.S. stocks rebound following weak September - Macau Business
2021-10-05,This veteran analyst hears echoes of the 1929 crash in today’s stock market - MarketWatch
2021-10-08,Is the stock market closed today? No! But the bond market is on Columbus Day ---Here's why - MarketWatch
2021-10-04,"Facebook's very, very bad day: Services go dark and stock plunges in wake of whistleblower revelations - MarketWatch"
2021-10-07,Why CRISPR Therapeutics Stock Fell 10.4% Last Month - The Motley Fool
2021-10-06,"Midday Meme Stock Report for 10/6: Camber Energy, Palantir, Vinco Ventures, Workhorse - 24/7 Wall St."
2021-10-09,"As stocks soar to historical highs, some experts say conditions ripe for correction - abcnews.go.com"
2021-10-15,Major stock market indices worldwide - Macau Business
2021-10-14,"Stocks Had a Euphoric Day, Giddy About Earnings, Bond Yields, and the Recovery - Barron's"
2021-10-11,U.S. shares drop as soaring oil prices stir inflation woes; Yen wilts - Reuters
2021-10-13,Top 10 things to know before the market opens - Moneycontrol
2021-10-12,GlobalFoundries Files for Capital Raise Amid Chip Boom - Investopedia
2021-10-13,Energy crisis? What experts are saying as world faces historic energy-price crunch - MarketWatch
2021-10-14,"Goa's Kineco Group announces a JV with Exel Composites, Finland, world's largest company in pultruded composites - Business Standard"
2021-10-12,2 Top Growth Stocks Trading for $10 or Less - The Motley Fool
2021-10-08,Trump’s Final Numbers - FactCheck.org
2021-10-12,Tesla Stock Finally Crosses $800 After a Blowout Month in China - Barron's
2021-10-08,INVESTIGATION REMINDER: The Schall Law Firm Announces it is Investigating Claims Against The Joint Corp. and Encourages Investors with Losses to Contact the Firm - FinancialContent
2021-10-09,U.S. stocks wobble following disappointing jobs report - Macau Business
2021-10-09,U.S. stocks edge lower after lackluster jobs report - Macau Business
2021-10-15,Wall Street gains on good unemployment data - Macau Business
2021-10-17,Sensex vs S&P 500 vs Nasdaq 100: Which is better for the long term? - freefincal
2021-10-21,"S&P 500 Closes at Record High, Ending Monthlong Dry Spell - Barron's"
2021-10-21,"Dow closes at a record, posts third-straight positive week - CNBC"
2021-10-21,Nifty forms a bearish candle on daily chart. What does it signal for tomorrow's trade? - The Economic Times
2021-10-19,US stocks climb as markets strive for 5-day win streak on the back of strong corporate earnings - markets.businessinsider.com
2021-10-18,S&P 500 rises on strong earnings for its fifth positive day in a row - CNBC
2021-10-20,Nifty forms a bearish candle on daily chart. What does it signal for tomorrow's trade? - The Economic Times
2021-10-16,Major stock market indices worldwide - Macau Business
2021-10-16,U.S.-listed Chinese firms trade mostly higher - Macau Business
2021-10-28,"Stocks close at record highs, market notches best month of the year despite Big Tech earnings misses - CNBC"
2021-10-28,Stock Market Highlights Today: Nifty forms a long bearish candle on daily chart. What does it signal for ... - The Economic Times
2021-10-26,The Dow and S&P 500 Set New Highs Again. The Nasdaq Fell Short. - Barron's
2021-10-28,"Nasdaq, S&P 500 hit record highs as earnings optimism outweighs mixed economic data - markets.businessinsider.com"
2021-10-27,3 Vanguard ETFs I'm Going to Hold Forever - Nasdaq
2021-10-29,Microsoft Becomes World’s Most Valuable Stock as Apple Drops - Bloomberg.com
2021-10-29,Microsoft reclaims title of most valuable public company after Apple falls - Ars Technica
2021-10-26,Stocks Close At Record Highs After Tesla Hits $1 Trillion In Market Value - Forbes Africa
2021-10-23,U.S. stocks trade mixed as communication services sector lags - Macau Business
2021-10-25,Why Tesla and Cloudflare Soared to All-Time Highs Monday - The Motley Fool
2021-10-27,"Nasdaq and S&P 500 close at record highs, Ford jumps 8% as strong earnings boost stocks - CNBC"
2021-10-22,"S&P/TSX composite up slightly as tech sector pulls back, energy makes gains - TownAndCountryToday.com"
2021-10-28,"Stock Market Today: Nasdaq Lifted by Amazon, Apple and … Meta? - Kiplinger"
2021-10-22,Cyngn Announces Closing of Initial Public Offering - FinancialContent
2021-10-25,"Midday Meme Stock Report for 10/25: Lucid Group, Progenity, Tesla, TMC - 24/7 Wall St."
2021-10-27,Will These 3 Dow Stocks Spur New Market Records Wednesday? - The Motley Fool
2021-10-24,"Dow, S&P 500 close at records ahead of Big Tech earnings, Tesla jumps 12% to top $1 trillion - CNBC"
2021-10-23,"Rivian’s New Electric Truck Comes With a Perk: A $5,000 Kitchen - Barron's"
2021-10-25,Markets Hit Records; Is This Red-Hot Crypto Stock Next? - The Motley Fool
2021-10-26,Wake Up Call: petrol prices on the climb - BusinessDesk | NZ
2021-11-05,"Market Close Report: Historical high reached as NASDAQ Composite Index closes at 15,971.59. - Nasdaq"
2021-10-31,"Dow and S&P 500 close at records to start November, small caps post best day since August - CNBC"
2021-11-01,E-mini NASDAQ-100 Index (NQ) Futures Technical Analysis – In Position to Post Closing Price Reversal Top - Yahoo Finance
2021-10-30,"Global stocks fall, U.S. dollar climbs on inflation worries - nippon.com"
2021-11-05,Opinion: Good news could be bad news: Stock market bullishness has reached an extreme - MarketWatch
2021-10-30,Major stock market indices worldwide - Macau Business
2021-11-04,S&P 500 notches 63rd record close of 2021 amid encouraging jobless-claims data and tech strength - markets.businessinsider.com
2021-11-04,"Diwali Muhurat Trading: Investors ring in new Samvat with gains as Sensex ends 296 pts higher, Nifty50 to... - The Economic Times"
2021-11-01,Here Come the Best 3 Months for the Stock Market - Barron's
2021-11-01,Here's why this stock turned ₹1 lakh to over ₹11 lakh in 3 years - livemint.com
2021-11-03,S&P 500 closes at another record for its sixth positive day in a row - CNBC
2021-11-03,Financial and telecom sectors help lift S&P/TSX composite even as price of oil falls - CityNews Ottawa
2021-11-05,Is It Time to Buy the Nasdaq's 4 Worst-Performing October Stocks? - The Motley Fool
2021-11-05,"Stock Market News for Nov 5, 2021 - Yahoo Finance"
2021-11-05,McAfee stock closes up 20% on report it may be subject of takeover - MarketWatch
2021-10-30,U.S. stocks open lower amid disappointing earnings - Macau Business
2021-11-05,"Datadog stock rallies after results, outlook exceed Wall Street expectations - MarketWatch"
2021-11-03,Aurora Closes Business Combination with Over $1.8 Billion in Gross Proceeds and Cash on Hand - FinancialContent
2021-11-09,"Dow drops 240 points, Nasdaq falls 1.7% after hot inflation data drives bond yield spike - CNBC"
2021-11-09,Wall Street closes up on infrastructure gains but Tesla weighs - Reuters
2021-11-11,Why the hottest inflation in 3 decades isn’t rattling stock-market bulls - MarketWatch
2021-11-10,US stocks sink after inflation surges - CNN
2021-11-11,"Dow rises more than 170 points and Nasdaq rallies, but snap 5-week win streak - CNBC"
2021-11-09,‘Fear of missing out’ and the retail investor - Passionate In Marketing
2021-11-12,"Stock Market News for Nov 12, 2021 - Nasdaq"
2021-11-09,"Wall Street declines, ending a run of record highs - Reuters"
2021-11-09,Canadian stock market rebounds from early losses to hit record high - Global News
2021-11-09,"Stock Market News for Nov 9, 2021 - Nasdaq"
2021-11-09,Nvidia seeks to lead gold rush into the metaverse with new AI tools - MarketWatch
2021-11-10,Wall St falls as hot consumer prices data fuels inflation worries - Reuters
2021-11-10,"Stocks slip, dollar gains as US CPI sparks tightening fears - Reuters"
2021-11-10,"Is the stock market closed on Veterans Day? No, but the bond market is—here’s why. - MarketWatch"
2021-11-09,Wall Street losses end streak of record highs as inflation worry weighs on market - Reuters
2021-11-08,Five reasons why bull market should remain intact - Financial Mirror
2021-11-10,Rivian Automotive's blockbuster IPO makes it more valuable than Ford and GM - CBS News
2021-11-08,Tesla shares fall after Musk's Twitter poll backs stake sale - The Peninsula Qatar
2021-11-08,"Another day, another record on Wall Street as stocks inch up - Los Angeles Times"
2021-11-19,"Nasdaq ends atop 16,000 mark for the first time on tech strength - Reuters"
2021-11-16,"Stocks slip despite strong retail earnings, Visa drags Dow lower - CNBC"
2021-11-19,A Guide to U.S. Stock Indices - SmartAsset.com
2021-11-18,"Stocks slide on rate hike fears, gold prices gain - nippon.com"
2021-11-16,Top 10 things you should know before the market opens today - Moneycontrol
2021-11-16,"US stock futures hold near record highs as investors eye Biden-Xi talks, while Beijing's mining warning pounds crypto - markets.businessinsider.com"
2021-11-18,"Stock Market Today: New S&P, Nasdaq Highs Thanks to Apple, Nvidia - Kiplinger"
2021-11-18,Stock Market Forecast For 2021 Could Be Bumpier Than You Think - Investor's Business Daily
2021-11-19,Here’s what history says about stock-market performance during the Thanksgiving week - MarketWatch
2021-11-18,"Dow, S&P 500 edge lower after mixed housing data - Macau Business"
2021-11-19,"COVID fears weigh on Dow, S&P 500; Nasdaq hits record high - Reuters"
2021-11-18,"Sensex gives up 60K, Nifty ends sub-17,800; Paytm tanks, metals and auto hit - livemint.com"
2021-11-17,What the Dot-Com Era Has to Teach Us 20 Years Later - Nasdaq
2021-11-17,"Reserve Bank warns bitcoin may plunge as 'FOMO' subsides, ASX snaps two-day losing streak - Australian Broadcasting Corporation"
2021-11-13,U.S. stocks open higher as health care sector rallies - Macau Business
2021-11-17,"Why the stock market could hit a peak Friday, before ‘minor’ dip Thanksgiving week - MarketWatch"
2021-11-19,Stock Market Today: Nasdaq Sets New Highs in Polarized Session - Kiplinger
2021-11-17,"The S&P 500 will hit 5,000 early next year as global supply chain pressures begin to ease, JPMorgan says - markets.businessinsider.com"
2021-11-18,"'As long as we don't fall into a recession,' we're in a long bull market, says ARK Invest's Cathie Wood - MarketWatch"
2021-11-17,"Third Coast Bancshares, Inc. Announces Closing of IPO Over-Allotment Option, Resulting in Gross Proceeds of $100.6 Million - FinancialContent"
2021-11-16,"Walgreens and VillageMD Expand in Texas with More Than 20 New Full-Service, Primary Care Practices Opening in Dallas Over the Next Year - FinancialContent"
2021-11-22,LIVE MARKETS Nasdaq Composite: Flying on fumes? - Reuters
2021-11-25,"Dow tumbles 900 points for worst day of year on fears of new Covid variant, S&P 500 drops 2% - CNBC"
2021-11-24,"Wall Street shares mixed as traders position for rate hikes, oil jumps - nippon.com"
2021-11-22,"Stock Market Today: Dow Rises, Tesla Gains as Biden Picks Powell to Lead Fed - Barron's"
2021-11-22,Nifty forms a large bearish candle on daily chart. What does it signal for tomorrow's trade? - The Economic Times
2021-11-24,"Stock Market News for Nov 24, 2021 - Yahoo Finance"
2021-11-22,Top 10 things to know before the market opens today - Moneycontrol
2021-11-22,US stocks end mixed as yields jump after Biden picks Jerome Powell to lead the Fed for a 2nd term - markets.businessinsider.com
2021-11-20,U.S. stocks end mixed as energy sector lags - Macau Business
2021-11-26,The S&P 500 and Dow Jones Industrial Average are on pace for the worst Black Friday in over 70 years - MarketWatch
2021-11-23,"Wall Street retreats from records, U.S. Treasury yields rise - nippon.com"
2021-11-23,"Stock Market News for Nov 23, 2021 - Yahoo Finance"
2021-11-22,"Nasdaq, S&P 500 end down after hitting record highs - Reuters"
2021-11-20,U.S.-listed Chinese firms trade flat - Macau Business
2021-11-23,"Stock Market Today: Tech Stocks Fall as Investors Consider Rate Hikes, Covid - Barron's"
2021-11-22,"LIVE MARKETS S&P 500 year-end 2022 target 5,100 - Goldman - Reuters"
2021-12-03,Dow Jones Falls Modestly Amid More Tech Carnage; Nasdaq 100 Probes Key Support Level - Investor's Business Daily
2021-12-01,"Stock Market News for Dec 1, 2021 - Nasdaq"
2021-11-30,Dow finishes 460 points lower in major reversal triggered by first U.S. omicron case - CNBC
2021-11-30,S&P 500 Drops as Powell Spooks Stock Market. What Happens if Support Breaks. - Barron's
2021-11-27,Major stock market indices worldwide - Macau Business
2021-11-28,The U.S. stock market suffers ugly Black Friday selloff. Here are the biggest losers (and the winners). - MarketWatch
2021-11-30,"Though the Market Is a Winner, Most Stocks Are Losers - Economist Writing Every Day"
2021-11-30,"Stock Market News for Nov 30, 2021 - Nasdaq"
2021-11-29,"Here's what the Black Friday carnage may mean for the stock market's trade Monday, analysts say - MarketWatch"
2021-12-08,"S&P 500, Nasdaq break 3-day win streak as investors turn their attention to key inflation data - CNBC"
2021-12-03,Investors dump tech stocks in Wall Street sell-off after US jobs report - Financial Times
2021-12-08,S&P 500 closes near a record high as investors bet on minimal impact from Omicron - markets.businessinsider.com
2021-12-07,"Stocks rally, dollar gains as Omicron fears ease - nippon.com"
2021-12-04,Major stock market indices worldwide - Macau Business
2021-12-03,Monthly Market Wrap: November 2021 - Nasdaq
2021-12-07,Top 10 things to know before the market opens - Moneycontrol
2021-12-06,DocuSign share price: can it recover after falling 40%? - ig.com
2021-12-06,"Tech stocks lead the markets higher for a second day, Nasdaq notches its best day since March - CNBC"
2021-12-09,"Sensex ends higher, Nifty above 17,500 amid volatility; FMCG up, banks hit - livemint.com"
2021-12-08,Wall Street stocks close in on record highs - Financial Times
2021-12-07,"Intel Jumps, but This EV Stock Is Really on the Comeback Trail - The Motley Fool"
2021-12-09,Stock market volatility continues with S&P/TSX composite down more than 100 points - Times Colonist
2021-12-09,So What Did Happen on 12/9? Tesla Stock Dropped. - Barron's
2021-12-03,Gathering Strength In Apple Stock Helped Mask Market Weakness - Investor's Business Daily
2021-12-05,"Dow jumps nearly 650 points, erasing last week's losses as investors shake off omicron worries - CNBC"
2021-12-09,"S&P 500 rises to record close Friday despite inflation fears, posts best week since February - CNBC"
2021-12-07,"S&P 500 rises for a third day, nears another record as investors bet economy bucks omicron threat - CNBC"
2021-12-06,How Apple's cash explains its outperformance in the omicron tech stock crash - CNBC
2021-12-04,How Many Tech Stocks Should You Hold In Your Portfolio? - Nanalyze
2021-12-06,"Lucid Gets Subpoenaed, but These Stocks Are the Ones That Have Really Gotten Hammered - The Motley Fool"
2021-12-07,"Why Shares of Upstart, Katapult, and LendingClub Rose Today - The Motley Fool"
2021-12-09,[Good Morning Stock Market] Omicron Worries Eased for Now... Foreign Investors' Supply and Demand Key - 아시아경제
2021-12-10,"Inflation soars as prices spike 6.8 percent, most in 39 years - New York Post"
2021-12-15,Nasdaq Composite Index™: 50th Anniversary Brings New Records and Further Optimism - Nasdaq
2021-12-15,"Stocks fall, Nasdaq drops nearly 2.5% as tech sector stumbles - CNBC"
2021-12-13,Watch These 12 Nasdaq Stocks in 2022 - The Motley Fool
2021-12-13,Stocks fall as markets await central bank meetings - Reuters
2021-12-16,Global shares surge after the Fed's upbeat assessment of the US economy; gold gains from inflation outlook - markets.businessinsider.com
2021-12-13,Stock Market Highlights Today: Nifty forms a strong bearish candle on daily chart. What does it signal fo... - The Economic Times
2021-12-16,Top 10 things to know before the market opens - Moneycontrol
2021-12-16,"Electric vehicle startup Rivian to build $5BN Georgia, US plant - Al Jazeera"
2021-12-11,Major stock market indices worldwide - Macau Business
2021-12-17,"Sensex ends 800 points lower, Nifty below 17K as banks, realty hit; IT soars - livemint.com"
2021-12-16,Bitcoin and Ether Prices Give Up Gains as Tech Selloff Accelerates - Barron's
2021-12-16,"Stock Market News for Dec 16, 2021 - Nasdaq"
2021-12-16,"Dow tumbles more than 500 points to end a volatile week, S&P 500 sheds 1% - CNBC"
2021-12-16,The close: Nasdaq sharply lower as investors dump growth stocks - The Globe and Mail
2021-12-15,Nifty forms a bearish candle on daily chart. What does it signal for tomorrow's trade? - The Economic Times
2021-12-15,Roblox stock falls 9% as results show slowdown after Halloween outage - MarketWatch
2021-12-14,Stock Market Indices Retreat from Record Highs Ahead of Key Fed Meeting - Coinspeaker
2021-12-17,Is the Omicron Surge Helping These 2 Nasdaq Stocks Recover? - The Motley Fool
2021-12-17,US stocks mixed amid central bank extravaganza - Macau Business
2021-12-17,"Top 10 Metaverse Stocks in META, the World's First Metaverse ETF - The Motley Fool"
2021-12-15,User | ridgwayrecord.com - Mirum Pharmaceuticals Added to NASDAQ Biotechnology Index - FinancialContent
2021-12-21,"Stock Market News for Dec 21, 2021 - Nasdaq"
2021-12-23,Stock Market Highlights Today: Nifty forms a bullish candle on daily chart. What does it signal for tomor... - The Economic Times
2021-12-22,"LIVE MARKETS U.S. stocks rise, as more 50-day dominoes fall - Reuters"
2021-12-21,Stock Market Today: S&P 500 Is Rebounding as Omicron Lockdown News Eases - Barron's
2021-12-21,"Dow jumps 260 points, rising for a second day as investors look past omicron threat - CNBC"
2021-12-24,Is the U.S. stock market open on Christmas Eve? New Year's Eve? Here are the upcoming holiday trading hours. - MarketWatch
2021-12-20,"Stock Market Dives Again, But These Chip Stocks Stand Tall - Investor's Business Daily"
2021-12-22,Stock Market Today: Stocks Notch Second Straight Day of Gains - Kiplinger
2021-12-22,Stocks rise on Wall Street ahead of Christmas holiday - Los Angeles Times
2021-12-22,VIX and Biotech ETFs Invigorated Amid Pfizer COVID Pill News - ETF Trends
2021-12-21,Nifty forms an indecisive Doji candle on daily chart. What does it signal for tomorrow's trade? - The Economic Times
2021-12-20,"S&P 500 faces a further skid --- but that may offer chance to buy the dip, says Fundstrat - MarketWatch"
2021-12-18,U.S.-listed Chinese firms trade mostly lower - Macau Business
2021-12-20,"These are the big levels to watch for the S&P 500 and Nasdaq. Expect 'wild trade,' if they break, warns this strategist. - MarketWatch"
2021-12-18,Dow tumbles more than 500 points to end a volatile week as COVID rates continue to soar in the US - Daily Mail
2021-12-22,"Tesla's Rising, but This Nasdaq Biotech Stock Got Absolutely Crushed Wednesday - The Motley Fool"
2021-12-31,3 ETFs Following Nasdaq Indexes to Add to Your 2022 Watchlist - Nasdaq
2021-12-30,"S&P 500 ends 2021 with a nearly 27% gain, but dips in final trading day - CNBC"
2021-12-27,Stock market news live updates: S&P 500 closes at all-time high jump-starting the Santa Claus Rally - Yahoo Finance
2021-12-31,How the Stock Market Fared in 2021 - Nasdaq
2021-12-29,3 Charts That Show Why the Dow Could Keep Underperforming the S&P 500 and Nasdaq in 2022 - The Motley Fool
2021-12-31,"CLOSING BELL: Sensex ends 460 points higher on last day of 2021; Nifty tops 17,350; Indigo Paints, Voda I... - The Economic Times"
2021-12-30,These are the best-performing S&P 500 and Nasdaq-100 stocks of 2021 - MarketWatch
2021-12-25,Major stock market indices worldwide - Macau Business
2021-12-27,Stock Market Today: Monday Surge Sparks Santa Claus Rally Hopes - Kiplinger
2021-12-28,The Santa Claus rally is your end-of-year gift from the stock market — most of the time - CNBC
2021-12-25,The stock market hasn't been this stomach-churning in December since 2018. Here's the set-up for the year's final week. - MarketWatch
2021-12-28,Nasdaq is poised to underperform S&P 500 for first time since 2016 as investors shun tech stocks - CNBC
2021-12-26,3 Cathie Wood Charts That Show Why the Stock Market Feels Crazy Right Now - The Motley Fool
2021-12-27,Santa Claus rally is off to best start in 20 years. Here's what history says about the stock market's performance when rally starts this well. - MarketWatch
2021-12-29,Here's where stock investors should consider putting their money in 2022 - CNBC
2022-01-04,LIVE MARKETS Nasdaq Composite: Healthier gut - Reuters
2022-01-05,"Nasdaq futures fall as rate-hike expectations hit tech stocks, while investors look towards job data - markets.businessinsider.com"
2022-01-03,The Week that Was: December 27 to December 31 - Cboe Global Markets
2022-01-01,"The S&P 500 beat both Dow, and Nasdaq in 2021 by the widest margin in 24 years. Here's what history says happens in 2022. - MarketWatch"
2022-01-05,"Stock market news live updates: Stocks drop, tech shares sink after Fed minutes hint at earlier liftoff on interest rates; Nasdaq slides by 3.3% - Yahoo Finance"
2022-01-05,"Nasdaq falls for a third day as tech stocks struggle, Dow loses 170 points - CNBC"
2022-01-04,Crypto Assets Climbing While Bitcoin Slides - ETF Database
2022-01-05,LIVE MARKETS 2021 saw a lot less volatility in the S&P 500 - Reuters
2022-01-07,Why The S&P 500 Was Our Focus In This Last Rally - Investor's Business Daily
2022-01-07,The Nasdaq is quietly being shredded: new data - Yahoo Finance
2022-01-04,US stocks gain after hitting fresh records as investors await new economic data - markets.businessinsider.com
2022-01-03,2021 Review and Outlook for 2022 - Nasdaq
2022-01-05,Jim Cramer names 4 tech stocks that look attractive after Nasdaq's rough start in 2022 - CNBC
2022-01-07,Wall St posts declines for first week of 2022; Nasdaq has worst week since Feb - Reuters
2022-01-07,"Stock Market News for Jan 7, 2022 - Yahoo Finance"
2022-01-05,2021 Year in Review: Swelling the Ranks of the Nasdaq Biotechnology Index™ - Nasdaq
2022-01-07,Investing Strategy: 5 Stock Sectors Poised to Beat the Market in 2022 - Business Insider
2022-01-07,"Wahed Launches Nasdaq’s First Shariah-Compliant ESG ETF, UMMA - Nasdaq"
2022-01-04,"Stock Market Today: Dow Hits New Record, Nasdaq Takes a Spill - Kiplinger"
2021-12-31,Wall Street opens little changed on final trading day of 2021 - Reuters
2022-01-06,Tesla Stock Is Falling Again. Why Shares Are Giving Back Big Delivery Gains. - Barron's
2021-12-31,The S&P 500 rang up 68 records in Biden's 1st year? Here's how stock-market returns stack up for the 46th president against others. - MarketWatch
2022-01-05,Anticipation that Fed will raise rates sends stocks lower - Los Angeles Times
2022-01-05,Is Berkshire Hathaway Headed for $1 Trillion? - The Motley Fool
2022-01-10,Nasdaq Composite in jeopardy of a breach of key long-term trend line for first time in nearly 2 years - MarketWatch
2022-01-14,U.S. Tech Stocks Stumble to Worst Start Since 2016 on Rate-Hike Fears - Bloomberg.com
2022-01-10,"The Nasdaq Composite just staged its biggest intraday comeback in nearly 2 years, ending positive after a 2.7% plunge - MarketWatch"
2022-01-08,Major stock market indices worldwide - Macau Business
2022-01-11,"Boeing, Salesforce Lead Dow Jones Rally; Nasdaq 100 Jumps 1% As EV Maker Lucid, Illumina, Peloton Soar - Investor's Business Daily"
2022-01-10,How to Beat the S&P 500 in 2022 - The Motley Fool
2022-01-13,Opinion: Nasdaq near a 10% correction isn’t the sell signal you probably think it is - MarketWatch
2022-01-11,Bitcoin is trading in tandem with stocks? This chart shows that relationship as markets face a more hawkish Fed - MarketWatch
2022-01-19,LIVE MARKETS Nasdaq Composite ends down more than 10% from record high - Reuters
2022-01-20,"Nasdaq Turns Gain to Pain, Peloton Tumbles—and What Else Happened in the Stock Market Today - Barron's"
2022-01-18,"Nasdaq falls 1% Wednesday to close in correction territory, off 10% from its November record - CNBC"
2022-01-21,US stock sell-off deepens as Nasdaq falls nearly 3% on fears of higher rates and weak tech results - markets.businessinsider.com
2022-01-19,"Stock market news live updates: Nasdaq sinks by 1.2%, entering correction as tech rout extends - Yahoo Finance"
2022-01-20,The Nasdaq Composite just logged its 66th correction since 1971. Here's what history says happens next to the stock market. - MarketWatch
2022-01-21,The Markets Tremble as the Fed’s Lifeline Fades (Published 2022) - The New York Times
2022-01-20,How Often Should You Expect a Stock Market Correction? - A Wealth of Common Sense
2022-01-15,Major stock market indices worldwide - Macau Business
2022-01-20,"Nasdaq tumbles 2% Friday, notches worst week since 2020 and falls deeper into correction territory - CNBC"
2022-01-20,Why the Nasdaq in correction territory may be a short-term buy signal - Yahoo Finance
2022-01-20,Nasdaq Enters Correction Territory. Will Earnings Stop the Rot? - Barron's
2022-01-18,Here's what history says about the Nasdaq Composite's near-term returns after closing below its 200-day moving average - MarketWatch
2022-01-19,"Wall Street sell-off deepens, Nasdaq confirms correction - Reuters"
2022-01-19,Stock Market Crash: Dotcom-Like Bubble to Hit 50% of Market: Investor - markets.businessinsider.com
2022-01-21,"'Godfather' of technical analysis says the stock market could fall 20% or more, but don't panic: 'This market really, really did unbelievable' for 18 months - MarketWatch"
2022-01-20,Wall Street drops as bargain-hunting loses steam - Reuters
2022-01-20,Alibaba Stock and JD.com Are Outperforming Apple and Tesla. Here’s Why. - Barron's
2022-01-20,At least 7 signs show how the stock market is breaking down - MarketWatch
2022-01-20,Nasdaq plunge: Why Wall Street's tech index has now entered correction territory - Sky News
2022-01-25,"Market Close Report: NASDAQ Composite index closes at 13,539.30 down -315.83 points - Nasdaq"
2022-01-27,Wall Street’s volatility streak continues as stocks close lower - Al Jazeera
2022-01-23,"Stocks mount stunning comeback on Monday with Dow closing in the green after earlier 1,000-point loss - CNBC"
2022-01-24,"Nasdaq Will Fall Into Bear Market, Wharton’s Jeremy Siegel Says - Bloomberg.com"
2022-01-26,"Market mayhem shows deeper, long-term economic weakness - The New Indian Express"
2022-01-26,Bitcoin moves in lockstep with US stocks as big traders enter market - Financial Times
2022-01-23,A Rough January Doesn’t Mean a Lost Year. Where the Deals Are in This Stock Market. - Barron's
2022-01-21,Moving Averages Help Understand Stock Market's Direction; Here's How To Use Them - Investor's Business Daily
2022-01-24,"Dow closes lower, but well off session lows in another massive comeback - CNBC"
2022-01-26,TSP Takes Hit After Stock Market Enters Correction Territory - Serving Those Who Serve
2022-01-24,"Stock markets rebound after Dow, S&P 500 and Nasdaq all enter ""correction"" territory - CBS News"
2022-01-23,Why Netflix Just Had Its Worst Day in A Decade - Bloomberg.com
2022-01-25,"The stock market sell-off won't find its bottom until these 5 things happen, according to Stifel - markets.businessinsider.com"
2022-01-23,The Stock Market Just Suffered Its Worst Week Since 2020. Here’s What Comes Next. - Barron's
2022-01-24,"Is the market crashing? No. Here's what's happening to stocks, bonds as the Fed aims to end the days of easy money, analysts say - MarketWatch"
2022-01-24,S&P 500 plunges 3% into correction territory ahead of key Fed meeting and tech earnings - markets.businessinsider.com
2022-01-25,"Why Is ARK Innovation Dropping? Traders Get the Blame, But Might Not Deserve It. - Barron's"
2022-01-28,"Robinhood's Down, but This Nasdaq Stock's Fall Is More Surprising - The Motley Fool"
2022-01-21,The stock market in Biden’s first year - Fox Business
2022-01-25,US stocks come back to finish positive after volatile day - The Australian
2022-01-26,"Musk, Bezos, Gates, Other Tech Moguls Lose Billions As Stocks Suffer Slump - International Business Times"
2022-01-31,Nasdaq narrowly misses worst January ever as Wall Street gains - Reuters
2022-01-31,Nasdaq narrowly avoids worst-ever January - Yahoo Finance
2022-01-30,"Stocks rally to end a dismal January, but S&P 500 still posts worst month since March 2020 - CNBC"
2022-02-02,"How to Buy, Trade, Invest in the Nasdaq - ig.com"
2022-02-01,January 2022 Review and Outlook - Nasdaq
2022-02-04,US stocks shrug off Meta plunge for biggest weekly gains of 2022 - Financial Times
2022-02-03,Nasdaq drops 3.7% as Meta earnings disaster sends investors fleeing tech shares - markets.businessinsider.com
2022-01-31,"Stocks had a lousy start to the year, but Wall Street expects good times ahead. (Published 2022) - The New York Times"
2022-01-29,Here’s what history says about stock-market returns during Fed rate-hike periods - MarketWatch
2022-02-03,Nasdaq 100 Suffers Sharpest Fall Since 2020; Chile Leads LatAm Losses - bloomberglinea.com
2022-01-30,This Is What a Stock-Market Earnings Slowdown Looks Like. Things Could Take a Turn for the Worse. - Barron's
2022-01-31,Dow Jones Extends Gains As Nasdaq Outperforms; These Chip Stocks Have Earnings On Deck - Investor's Business Daily
2022-02-03,Stocks tumble amid Facebook's record $237 billion rout - CBS News
2022-02-03,"S&P 500 rises to end best week of the year so far, Amazon pushes Nasdaq 1.6% higher on Friday - CNBC"
2022-02-03,Wall St ends winning run as Facebook forecast halts tech-led recovery - Reuters
2022-01-31,"US stocks mixed as volatile January winds down, with investors bracing for mega-cap tech earnings - markets.businessinsider.com"
2022-02-02,"Stocks tumble as Facebook’s earnings-induced rout halts tech rebound, Nasdaq falls 3.7% - CNBC"
2022-01-28,"Wall Street rallies, capping frenetic week with best day of the year - Reuters"
2022-02-02,"Wall St posts gains after choppy session, energy index hits multi-year peak - Reuters"
2022-02-03,Meta's share price wipe-out shakes world tech stocks - Reuters
2022-02-01,Alphabet Just Made Its Pitch to Join the Dow Jones Industrials - The Motley Fool
2022-02-03,Facebook's historic stock drop spurs market slide. What's that mean for your 401(k) - USA Today
2022-01-31,Monday's Melt-Up Leaves the Market Muddled - The Motley Fool
2022-01-29,Spotify Lost More Than $2 Billion in Market Value After Neil Young Pulled His Music Over Joe Rogan’s Podcast - Variety
2022-02-10,LIVE MARKETS Nasdaq Composite: Leveling the playing field after CPI - Reuters
2022-02-09,Dow slides 500 points as yields spike following red-hot inflation report - CNBC
2022-02-11,"U.S. inflation data hits global stocks, lifts benchmark yields - nippon.com"
2022-02-11,Why the British Stock Market Is Outperforming the U.S. - Barron's
2022-02-11,Why a spike in US inflation has spooked India's equity markets today - Times of India
2022-02-08,Global Market Report - 9 February - Morningstar Australia
2022-02-05,This US fund is not yet affected by SEBI’s overseas investing limits. Should you invest in its NFO? - Moneycontrol
2022-02-04,Facebook owner Meta shares witness biggest single-day crash in history - India Today
2022-02-07,Why DigitalOcean Stock Plummeted 28.6% in January - The Motley Fool
2022-02-05,"US stocks up as market weighs good jobs data, Amazon surges - Macau Business"
2022-02-08,"Wall Street rallies on tech, European shares end flat - thedailyherald.sx"
2022-02-08,Stocks end another up-and-down day with mixed results - Jefferson City News Tribune
2022-02-07,"Stock Market Today: Dow Holds Steady, Bitcoin Pops, Peloton Soars - Barron's"
2022-02-04,Top 10 things to know before the market opens today - Moneycontrol
2022-02-04,Why Snap Snapped Back While Ford Stalled Out - The Motley Fool
2022-02-11,Why Did the Stock Market Drop Today? U.S. Warned Russian Invasion of Ukraine Could Happen. - Barron's
2022-02-07,Why Digital Turbine Stock Plummeted 27.6% in January and Continues to Fall - The Motley Fool
2022-02-06,U.S. Stock Futures Poised for Flat Open on Monday - Barron's
2022-02-08,Aleph Group Is Forging Ahead With an IPO - Barron's
2022-02-07,"Markets Live, Monday, 7 February, 2022 - WAtoday"
2022-02-07,Why First Solar Stock Sank 10.1% Last Month and Continues to Fall - The Motley Fool
2022-02-10,S&P/TSX composite ends on a down note over rate hike fears - iNFOnews.ca
2022-02-07,Market Live Updates Today: Trends on SGX Nifty indicate a negative opening for the broader index in India with a loss of 34 points - BizzBuzz
2022-02-18,"Death cross crystallizes in Nasdaq Composite on Friday for first time in 2 years, in a bearish sign for the stock market - MarketWatch"
2022-02-18,Nasdaq Sinks Into Death Cross After 16% Drop From November Peak - Bloomberg.com
2022-02-18,LIVE MARKETS What history says about geopolitics and the market - Reuters
2022-02-16,US stocks close mixed as investors digest Fed meeting minutes - markets.businessinsider.com
2022-02-13,U.S. Stock Futures Poised for Mixed Open on Monday - Barron's
2022-02-11,How To Identify Stock Market Bottoms: Use This Key Signal - Investor's Business Daily
2022-02-12,Major stock market indices worldwide - Macau Business
2022-02-18,2 Nasdaq Stock Favorites That Are Falling Fast Friday - The Motley Fool
2022-02-18,"Stock Market: Sensex Drops 135 pts, Nifty Below 17,300 Amid US Selloff, Ukraine Tensions - News18"
2022-02-17,"Stock market faces the most 'massive misallocation' of 'capital in the history of mankind,' says ARK's Cathie Wood - MarketWatch"
2022-02-17,Why These 2 Cloud Stocks Are Getting Pummeled Thursday - The Motley Fool
2022-02-18,"Stock Market Today: Dow Slid, Oil Fell, Roku Tumbled - Barron's"
2022-02-14,Dow Slides on Russia-Ukraine Tensions — and What Else Is Happening in the Stock Market Today - Barron's
2022-02-15,"Apple Stock Is Beating the Rest of Big Tech. Why It’s Outpacing Netflix, Microsoft, and Others. - Barron's"
2022-02-16,The ARK ETF Selloff Looks a Lot Like the Dot-Com Bust. History Says It Gets Worse. - Barron's
2022-02-15,Stocks Keep Falling on Ukraine-Russia News. Why the Dip Will Be Short-Lived. - Barron's
2022-02-25,How Is the Nasdaq Only Down 16.5% While So Many Stocks Are Crashing? - The Motley Fool
2022-02-25,"Stock Market Today: The Dow Gained, Oil Cooled, Bitcoin Bounced - Barron's"
2022-02-24,Dow climbs 800 points in its best day since late 2020 as investors weigh latest on Russia-Ukraine - CNBC
2022-02-24,LIVE MARKETS S&P 500 valuations starting to look not half bad - Reuters
2022-02-22,US stocks fall as Ukraine crisis escalates with Russian troops ordered to breakaway regions - markets.businessinsider.com
2022-02-24,U.S. stocks open down as Russia launches attack on Ukraine - NBC News
2022-02-24,"Amazon, Apple and Tesla see ‘scary’ selloff on Russia news, but recover - New York Post"
2022-02-23,S&P 500 logs first correction in 2 years as Russia-Ukraine conflict escalates. Here's what history says happens next to U.S. stock-market benchmark - MarketWatch
2022-03-01,LIVE MARKETS Nasdaq Composite: Bulls and bears battle it out - Reuters
2022-03-04,"STOCK MARKET HIGHLIGHTS: Nifty forms indecisive candle; stay on the fence, say analysts - The Economic Times"
2022-03-01,"Stock Market News for Mar 1, 2022 - Nasdaq"
2022-02-27,Did you panic sell during this week's market volatility? Here’s when to get back into the stock market - CNBC
2022-02-27,Ukraine: The optics and reality of sanctions - The New Indian Express
2022-02-28,"Stock Market Today: Dow Slid With Ukraine in Focus, Oil Surges, Gold Pops - Barron's"
2022-02-25,"Stocks rally, oil dips as investors digest sanctions on Russia - Reuters"
2022-02-25,"More volatility expected on Wall Street amid Ukraine tensions, Fed tightening - Macau Business"
2022-02-28,Art Hogan: Market Update - AdvisorHub
2022-02-25,Stock Market Highlights: Nifty forms Long Bearish candle; what does it signal for Friday's session? - The Economic Times
2022-03-04,Treatment of Russia in Alerian S-Network Global Equity Indexes - Nasdaq
2022-02-25,How Is the Dow Only Down 8.8% While So Many Stocks Are Crashing? - The Motley Fool
2022-02-25,Tech Stocks Get a Bear-Market Scare. 5 Things to Know Now. - Barron's
2022-02-25,5 Low-Beta ETFs to Buy Amid Market Volatility - Nasdaq
2022-02-25,Burned by the Stock Market? Consider These 2 ETFs Instead - The Motley Fool
2022-02-25,Friday's 2 Big Stock Winners Have This in Common - The Motley Fool
2022-03-02,"Rivian Is Falling, But 1 Surprise Winner Is Helping Lift the Nasdaq - The Motley Fool"
2022-03-03,Why Tesla Stock Fell on Thursday - The Motley Fool
2022-03-04,Grab's loss swells to $1.5 billion in Q4; shares lose nearly $30 billion since listing - The Straits Times
2022-03-08,"Wall St slides as oil prices surge, Nasdaq confirms bear market - Reuters"
2022-03-07,How Long Does it Take Tech Stocks to Recover From a Crash? with Ben Carlson - Nasdaq
2022-03-08,Option Flow 2021 – Retail Rising - Cboe Global Markets
2022-03-07,Wall Street suffers biggest slide in more than a year as oil prices surge - The Guardian
2022-03-11,Stock Market Today: Dow Falls While Tech Stocks Are Hit By Higher Bond Yields - Barron's
2022-03-08,‘Tech wreck’ looks more like another dotcom bubble bursting - Financial Times
2022-03-09,"The stock market is on the verge of flashing a 'death cross' for the first time in 2 years, suggesting more downside ahead - markets.businessinsider.com"
2022-03-07,Wall Street tumbles after oil prices hit $130 per barrel - PBS
2022-03-08,LIVE MARKETS Nasdaq 100 Futures: Fighting to hold February low - Reuters
2022-03-05,Major stock market indices worldwide - Macau Business
2022-03-11,3 Nasdaq 100 Stocks to Buy Hand Over Fist in March - The Motley Fool
2022-03-07,Why the TSX Outperformed the Nasdaq in the 2022 Market Downturn - Yahoo! Finance Canada
2022-03-09,Stock Market Highlights: Nifty50 forms Bullish Engulfing candle; what does it signal for Wednesday's trade? - The Economic Times
2022-03-11,US stocks gain after Putin says talks between Russia and Ukraine have made 'progress' - markets.businessinsider.com
2022-03-11,"LIVE MARKETS U.S. indexes fall, big growth stocks weigh - Reuters"
2022-03-11,STOCK MARKET HIGHLIGHTS: Nifty50 forms bearish candle; strong resistance ahead - The Economic Times
2022-03-09,"Tech, financials lead resurgent Wall St as oil plunges - Reuters"
2022-03-08,Wall St ends down in rocky session as U.S. bans Russian oil imports - Reuters
2022-03-08,Stocks tumble after oil prices touch US$130 per barrel - Jamaica Gleaner
2022-03-08,"Stock market's Monday rally can't halt death cross forming in S&P 500 amid inflation fears, Russia-Ukraine clash - MarketWatch"
2022-03-08,Why CRISPR Therapeutics Stock Is Soaring Today - The Motley Fool
2022-03-17,Stock Market Highlights: Nifty forms bullish candle; what does it signal for Thursday's trade? - The Economic Times
2022-03-14,S&P 500 turns lower as Russia-Ukraine ceasefire talks pause ahead of Fed meeting - markets.businessinsider.com
2022-03-16,Fed Chair Powell Scoffs at Recession Talk and Stock Market Cacophony Is Quieted - Bloomberg.com
2022-03-16,Stocks surge after Fed rate hike - CNN
2022-03-18,2 Nasdaq-100 Stocks to Buy Hand Over Fist Right Now - The Motley Fool
2022-03-17,"New on YCharts: Heat Maps for Stocks, Indices & Sectors - YCharts"
2022-03-12,Major stock market indices worldwide - Macau Business
2022-03-17,What happens to the stock market when the Fed raises interest rates? - USA Today
2022-03-14,As it happened: Miners the only drag as ASX climbs 1.2% - WAtoday
2022-03-18,3 Top Stock Market Trades to Make Right Now: Morgan Stanley CIO - Business Insider
2022-03-14,Opinion: The Ukraine War Likely Has Triggered a Lasting Bear Market - Barron's
2022-03-14,Wall Street’s China Stock Rout Nears Dot-Com Crash Levels - Bloomberg.com
2022-03-14,My Retirement Portfolio Dropped 25% During the Tech Stock Correction -- 3 Reasons That's Just Fine - The Motley Fool
2022-03-18,"US stocks rally for 4th straight day, capping strongest week since November 2020 - markets.businessinsider.com"
2022-03-17,These 2 Stocks Just Hit All-Time Highs - The Motley Fool
2022-03-17,Nasdaq enters bear market territory - Times of Malta
2022-03-15,Market Live Updates Today: The Indian stock market is expected to open in the red as trends on SGX Nifty indicate a gap-down opening for the broader index in India with a loss of 100 points. - BizzBuzz
2022-03-22,Stock Market Highlights: Nifty forms bearish candle; what does it signal for Tuesday's trade? - The Economic Times
2022-03-21,Stocks bounce as investors raise rate hike expectations after Powell’s comments - CNBC
2022-03-24,Nasdaq Launches World’s First Index Family Focused on Carbon Removal - Nasdaq
2022-03-22,Nasdaq jumps 2% as stocks stage a rebound following Powell's outlook for bigger rate hikes - markets.businessinsider.com
2022-03-22,Personal Finance: Beware the Bear Trap Disguised as a Stock Rally - Bloomberg.com
2022-03-23,"Sensex ends in the red, Nifty below 17,250; auto stocks hit, metals up - livemint.com"
2022-03-23,The stock market hit its COVID low 2 years ago today. Here's how its performance since then stacks up. - MarketWatch
2022-03-20,What Happens When You Buy Stocks in a Bear Market? - A Wealth of Common Sense
2022-03-20,How Long Do Stock Market Corrections Last? - Nasdaq
2022-03-24,STOCK MARKET HIGHLIGHTS: No follow-up buying for Nifty50 signals consolidation ahead - The Economic Times
2022-03-23,"As it happened: Tech boost lifts ASX 0.5%; Uniti soars on fresh bid, Fisher & Paykel drops 8% - WAtoday"
2022-03-22,"Sensex ends over 1% higher, Nifty above 17,300; RIL, IT, oil & gas stocks gain - livemint.com"
2022-03-21,"As stocks wobble, the March 2000 Nasdaq top is a harsh reminder that the long run isn't always your friend - MarketWatch"
2022-03-20,Tech Sell-Off: My 2 Best Growth Stocks to Buy Now and Hold Forever - The Motley Fool
2022-03-25,Why Bed Bath & Beyond and The Honest Company Moved the Nasdaq Friday - The Motley Fool
2022-03-25,"Bad News: This ""Safe"" Investment Has Lost More Than the Stock Market in 2022 - The Motley Fool"
2022-03-23,US stocks dip on Wall Street after best week since 2020 - Jamaica Gleaner
2022-03-25,What Are MANGO Stocks? - InvestorPlace
2022-03-20,Meta employees look to ditch jobs amid stock crash: ‘Feeling like s–t’ - New York Post
2022-03-31,Dow climbs more than 100 points as Wall Street begins second quarter on a positive note - CNBC
2022-03-29,Why gold and platinum are a window into the stock market's future and what investors can expect - MarketWatch
2022-03-31,Stock Market Highlights: Nifty forms small bullish candle; what does it signal for Thursday's trade? - The Economic Times
2022-03-29,S&P 500 climbs for third straight day as Tesla leads - Reuters
2022-03-31,Stock Market Today: Stocks Close Out Worst Quarter Since Q1 2020 - Kiplinger
2022-03-27,"S&P 500 rises on Monday to extend two-week comeback, Nasdaq adds 1% on tech rally - CNBC"
2022-03-31,This was Wall Street’s worst quarter in two years - Los Angeles Times
2022-03-31,Better Buy: Tesla or Every Nasdaq Stock? - The Motley Fool
2022-03-31,The dreaded 'yield curve' inversion just happened. Now what? - Fortune
2022-04-01,Wall Street posts modest gains as jobs report keeps Fed hikes on track - Reuters
2022-03-27,Stock Market Volatility Got You Down? Check Out This Rock-Solid Real Estate Stock - The Motley Fool
2022-03-31,"3 Nasdaq 100 Stocks That Can Turn $300,000 Into $1 Million by 2030 - The Motley Fool"
2022-03-28,Will Tesla Finally Put an Auto Stock Back in the Dow? - The Motley Fool
2022-03-28,The Best Metaverse Stocks to Consider Buying Now - The Motley Fool
2022-03-28,Market Live Updates Today: Trends on SGX Nifty indicate a cautious opening for the broader index in India with a gain of 8 points. - BizzBuzz
2022-04-05,Stock Market Highlights: Nifty forms long bullish candle. What does it signal for Tuesday's trade? - The Economic Times
2022-04-05,"Wall Street, tech shares stumble on fears of aggressive Fed - Reuters"
2022-04-08,Asian shares mostly lower after tepid gains on Wall Street - 朝日新聞
2022-04-04,Why Big Companies Like Tesla and Amazon Are Splitting Stocks - HowStuffWorks
2022-04-04,"Stocks close higher, Twitter soars on news of Musk stake - KSLTV.com"
2022-04-08,3 Nasdaq 100 Stocks to Buy Hand Over Fist in April - The Motley Fool
2022-04-04,These 2 IPO Stocks Made Big Waves Monday - The Motley Fool
2022-04-07,"Costco Climbs, but This Space Stock Is Really Blasting Off - The Motley Fool"
2022-04-13,"S&P 500, Nasdaq fall Thursday, notch weekly losses as investors assess earnings, inflation - CNBC"
2022-04-15,Is the Stock Market Open or Closed Today? Here Are Hours for Good Friday. - Barron's
2022-04-14,Stock Market Highlights Today: Nifty forms bearish candle; what does it signal for Monday's trade? - The Economic Times
2022-04-14,US stocks rise as investors digest bank earnings and slight jump in jobless claims - markets.businessinsider.com
2022-04-15,Nasdaq-100 vs a Chanel Bag – Which Makes A Better Investment? - Nasdaq
2022-04-11,Wall Street stumbles as surging Treasury yields slam growth stocks - Reuters
2022-04-14,"Key Market Moves: Taiwan Semiconductor, JPMorgan, Delta - Syfe"
2022-04-14,5 things to know before the stock market opens Thursday - CNBC
2022-04-11,Stock Market Today: Stocks Start the Week With Sharp Losses - Kiplinger
2022-04-12,Meta Platforms Inc. stock outperforms competitors despite losses on the day - MarketWatch
2022-04-11,"Stock Market News for Apr 11, 2022 - Nasdaq"
2022-04-12,Stock Market Highlights Today: Nifty forms bearish candle; what does it signal for Wednesday's trade? - The Economic Times
2022-04-12,"A Lesson About Wealth From Elon Musk, the World’s Richest Human - Barron's"
2022-04-12,Entering the collector car market: a guide for Gen Z - Hagerty
2022-04-13,Nasdaq Bear Market: 3 of the Safest Stocks to Buy on the Dip - The Motley Fool
2022-04-14,NIO Is Resuming Production of EVs After a Covid Halt: Report - Barron's
2022-04-20,"Nasdaq slides 2%, Dow falls more than 350 points in sharp reversal as rising rates weigh on stocks - CNBC"
2022-04-20,Nasdaq drops as Netflix subscriber numbers weigh on tech - Reuters
2022-04-20,Stock Market Highlights: Sensex snaps 5-day losing run. HDFC Bank gains for 1st time in 10 sessions; Nift... - The Economic Times
2022-04-19,Can an Index Fund Investor Lose Everything? - Investopedia
2022-04-18,"Wall Street up, Treasuries surge as investors eye earnings, global growth - Moneycontrol"
2022-04-22,Shopify’s Stock Split Fails to Rekindle Investor Romance - Bloomberg.com
2022-04-22,"Why did the stock market fall? Dow finishes nearly 1,000 points lower in worst day since October 2020 - MarketWatch"
2022-04-18,"Stock Market Edges Lower; Oil Stocks, 10-Year Yield Rise Again; Tesla Revs Higher Ahead Of Earnings - Investor's Business Daily"
2022-04-20,Is Now the Time to Buy Netflix Stock? - Morningstar
2022-04-18,What Is the Stock Market Doing Today? Tech Stocks Lag While Bond Yields Rise. - Barron's
2022-04-21,"Dow plunges more than 900 points for its worst day since 2020, falls for a fourth straight week - CNBC"
2022-04-20,Why Bitcoin could be poised to fall further - Yahoo Finance
2022-04-20,Buying These 2 Stocks Is a Good Way to Hedge Against a Market Crash - The Motley Fool
2022-04-21,Ironwood Pharmaceuticals to Host First Quarter 2022 Investor Update Call - FinancialContent
2022-04-21,2 Cheap Growth Stocks to Buy Now and Hold Forever - Nasdaq
2022-04-19,Here's an $800 billion reason why the stock market can keep rising with Tax Day in the rearview mirror: Fundstrat's Lee - MarketWatch
2022-04-20,3 Charts Showing How Top Stocks Have Performed After a Split - The Motley Fool
2022-04-25,"Nasdaq loses nearly 4%, hits fresh low for 2022 - CNBC"
2022-04-29,Stock Market Highlights: Nifty forms Bearish Engulfing pattern; what it signals for Monday's session - The Economic Times
2022-04-29,Why Is the Stock Market Down Today? What to Know. - Barron's
2022-04-27,"Stock market news live updates: S&P 500, Dow close higher to recover some of Tuesday’s losses; Nasdaq little changed - Yahoo Finance"
2022-04-25,"US stocks rebound to end higher, led by tech shares as Twitter accepts Elon Musk's takeover bid - markets.businessinsider.com"
2022-04-27,Here’s how far the S&P 500 has to fall to enter another stock-market correction - MarketWatch
2022-04-23,Major stock market indices worldwide - Macau Business
2022-04-26,Nasdaq closes flat at its 2022 low as a comeback attempt Wednesday fails - CNBC
2022-04-25,Why Bear Markets Can Help You Create Life-Changing Wealth - The Motley Fool
2022-04-27,"Stock Market Highlights: Nifty50 slips below 50-day SMA; hurdle seen at 17,150 - The Economic Times"
2022-04-23,U.S. Stock Market Indices Facing Intense Selling Pressure - See It Market
2022-04-29,"Stock market news live updates: Stocks slide to end April with steep losses, S&P 500 drops 8.8% in worst month since March 2020 - Yahoo Finance"
2022-04-29,"Dow, S&P 500 book worst April since 1970 as U.S. stocks close sharply lower - MarketWatch"
2022-04-24,"Bearish Now, Bullish Later: How Investors Are Sizing Up Stocks - Barron's"
2022-04-28,Dow tumbles more than 900 points and the Nasdaq drops 4% on Friday to close out a brutal month - CNBC
2022-04-23,U.S.-listed Chinese firms trade mostly higher - Macau Business
2022-04-29,Nvidia Is Down 37% in 2022: Is It Time to Buy? - The Motley Fool
2022-04-28,Tesla Stock Is Dropping Like a Stone. There’s No New Reason. - Barron's
2022-04-29,Investors Missed These 2 Stocks in Friday's Selloff - The Motley Fool
2022-04-28,Share prices fall on concerns of further China lockdowns - Post Courier
2022-04-29,Nasdaq dives 4% to finish its worst month since the Great Recession - Daily Mail
2022-05-05,Nasdaq index sees worst monthly performance since 2008 - ETF Stream
2022-05-05,"Dow tumbles 1,000 points, Nasdaq loses 5 percent in worst day since 2020 - NBC News"
2022-05-05,"Stocks fall on Friday to close out tumultuous week, Dow drops for sixth straight week - CNBC"
2022-04-30,Better Buy: Microsoft Stock or Every Nasdaq Stock? - The Motley Fool
2022-05-04,Wall Street closes with sharp gains after Fed's interest rate hike - Reuters
2022-05-04,9-Chart Wednesday (5/4/22) - Charlie Bilello's Blog
2022-05-05,Stock market news live updates: Stocks slide in violent U-turn from prior session; Nasdaq drops 5% - Yahoo Finance
2022-05-04,Stock Market Highlights: Nifty50 bears in driving seat; further downside on cards - The Economic Times
2022-05-05,Wall Street tumbles as investors fret over bigger Fed rate hikes - Reuters
2022-05-01,"Stocks rebound after S&P 500 hits lowest level of 2022, Nasdaq rises 1.6% - CNBC"
2022-05-02,A brutal April knocked the S&P 500 into its second stock-market correction of 2022 - MarketWatch
2022-05-06,Stock market news live updates: Stocks close rollercoaster week lower as technology shares lag - Yahoo Finance
2022-05-06,"MARKET CLOSING BELL: Sensex tumbles after 1-day hiatus, ends 867 pts down; Nifty below 16,450; DMart cras... - The Economic Times"
2022-05-05,Tech sell-off pushes Nasdaq to steepest drop since June 2020 - CNBC
2022-05-05,Stocks are tumbling. Here's what to keep in mind - CNBC
2022-05-02,XQQ vs ZQQ: Which NASDAQ 100 Index ETF Is the Better Buy for Canadian Investors? - Yahoo! Finance Canada
2022-05-06,Why Are Tech Stocks Getting Murdered? Interest Rates. War. Angst. - observer.com
2022-05-02,Travel Is Back and These 2 Stocks Are Celebrating - The Motley Fool
2022-05-02,These 2 Stocks Are Canaries in the Market Coal Mine - The Motley Fool
2022-04-30,"For stock markets in 2022, April is the cruellest month - Fool UK"
2022-05-12,"Nasdaq pops 3%, Dow jumps 400 points in comeback rally following steep losses earlier in the week - CNBC"
2022-05-13,"Tech Stocks Are in a Bear Market, But They Aren’t Cheap - Bloomberg.com"
2022-05-09,These charts warn the Dow’s new lower low won’t be the lowest - MarketWatch
2022-05-10,Nasdaq: What It Is & How It Works - Seeking Alpha
2022-05-10,Stock Market Highlights: Nifty continues with lower high-low formations; what does it signal for Wednesda... - The Economic Times
2022-05-09,Stocks and oil dive as investors hunt safe havens - Reuters
2022-05-12,The Tech Selloff Is Ugly. But the 2000 and 2008 Crashes Were Far Worse. - Barron's
2022-05-13,These 6 Nasdaq-100 Stocks Jumped More Than 10% Friday - The Motley Fool
2022-05-11,Consumer Prices Are Still Climbing Rapidly (Published 2022) - The New York Times
2022-05-10,"Nasdaq drops 3%, Dow loses 300 points following hot inflation report - CNBC"
2022-05-11,Just what is eating the US stock market in 2022? - Business Day
2022-05-12,Nasdaq ends down 3.2% as US stocks slump after inflation data - The Straits Times
2022-05-11,"S&P 500, Nasdaq end higher in choppy session as inflation data looms - Reuters"
2022-05-12,Stock Market Today: S&P Inches Toward Bear Market - Kiplinger
2022-05-18,Nasdaq Tumbles in Second Worst Day of Year - Barron's
2022-05-16,Dow rallies 400 points as market comeback from the year's lows gains steam - CNBC
2022-05-19,"A ‘summer of pain’ for stocks? Nasdaq Composite could plunge 75% from peak, and S&P 500 skid 45% from top, warns Guggenheim’s Scott Minerd - MarketWatch"
2022-05-18,Daily Markets: Stocks Take a Breather After Powell's Comments - Nasdaq
2022-05-16,Stock Market Highlights: Nifty forms indecisive Bullish Harami candle; what does it signal for Tuesday's ... - The Economic Times
2022-05-17,Stock Market Crash: Market Vet Says a 25% Single-Day Drop Could Happen - Business Insider
2022-05-14,Major stock market indices worldwide - Macau Business
2022-05-17,Beware of the Gains in Stocks. It Looks Like a ‘Bear Market Rally.’ - Barron's
2022-05-18,"Dow drops 1,100 points for its biggest decline since 2020 as the sell-off this year on Wall Street intensifies - NBC News"
2022-05-15,"S&P 500 falls as market struggles to recover from multiple weeks of losses, Nasdaq down more than 1% - CNBC"
2022-05-18,"Stock Market Today: Dow Sinks 1,164 Points in Worst Day Since June 2020 - Kiplinger"
2022-05-17,History Says Buying the Dips Is a Dangerous Game - Bloomberg.com
2022-05-17,Dow jumps 376 points as investors digest latest earnings and retail sales data - markets.businessinsider.com
2022-05-14,It Might Not Be Time to Buy the Dip. This Expert Sees Stocks Falling Even Lower. - Barron's
2022-05-18,"S&P 500 falls again on Thursday, inching closer to bear market territory - CNBC"
2022-05-20,Deere Falls Sharply as Industrials Weigh on Wall Street - The Motley Fool
2022-05-19,Stock Market Selloff May Be Entering a New Phase - Bloomberg.com
2022-05-20,Morgan Stanley's Parametric moves the wirehouse into ETF management - InvestmentNews
2022-05-13,Elon Musk declares that Twitter bots are angry at being counted - The Georgia Straight
2022-05-23,Dot Com Bubble 2.0? - Investing.com India
2022-05-20,"How to Buy, Trade, Invest in the Nasdaq - ig.com"
2022-05-24,What Is the Fall in the Stock Market Telling Us? - The New Yorker
2022-05-27,The Stock Market Finally Had a Winning Week. Why It Might Not Last. - Barron's
2022-05-24,"Stocks rise after Fed signals further rate hikes, Dow jumps nearly 200 points - CNBC"
2022-05-27,"Stock Market Highlights Today: Nifty50 breaches 20-day SMA, faces immediate hurdle at 16,400 - The Economic Times"
2022-05-20,"Closing Bell: Sensex nosedives 1,416 pts; Nifty sinks below 15,850; major IT stocks tank up to 6%; ITC up 3% - The Economic Times"
2022-05-25,"Top Stock Market News For Today May 25, 2022 - Nasdaq"
2022-05-21,Major stock market indices worldwide - Macau Business
2022-05-25,Retail Investors Keep Buying the Dip Even As Portfolio Values Slide - markets.businessinsider.com
2022-05-22,The Stock Market Has Avoided a Bear. But the Selloff Isn’t Over. - Barron's
2022-05-26,Asian stocks mixed after Fed confirms rate hike plans - The Standard (HK)
2022-05-25,Opinion: Strong insider buying suggests a 15% rally in the S&P 500 from here - MarketWatch
2022-05-26,"S&P 500, Dow snap losing streaks for best week since November 2020 - CNBC"
2022-05-24,"Nordstrom Breaks Retail's Losing Streak, But This Stock Just Broke a Cardinal Rule - The Motley Fool"
2022-05-27,"Micron, Netflix, and 5 Other Beaten-Up Tech Stocks That Could Be Bargains - Barron's"
2022-05-24,"Why Zoom, Meta Pulled the Nasdaq in Different Directions Tuesday - The Motley Fool"
2022-05-24,PSEi sinks further as net foreign selling surges - BusinessWorld - BusinessWorld Online
2022-05-24,Market Live Updates Today: Trends on SGX Nifty indicate a positive opening for the broader index in India with a gain of 55 points. - BizzBuzz
2022-06-01,"Dow jumps 400 points, Nasdaq adds more than 2% to cut two-day losing streak - CNBC"
2022-05-31,Stock market news live updates: Stocks close out volatile month lower after rally loses steam - Yahoo Finance
2022-06-02,"Stock Market Highlights Today: Nifty50 forms bullish candle, sets eyes on 16,750 - The Economic Times"
2022-06-02,"Stock Market Highlights Today: Tech View: Nifty50 forms bearish candle, analysts say 'buy on dips' - The Economic Times"
2022-06-01,5 Things to Know Before the Stock Market Opens Wednesday - NBC4 Washington
2022-06-01,SeatGeek and Billy Beane's SPAC Cancel Merger As Blank-Check Boom Fades - markets.businessinsider.com
2022-05-28,3 Valuable Lessons You Can Learn During Stock Market Corrections - The Motley Fool
2022-05-28,U.S. stocks advance after inflation data - Macau Business
2022-05-31,5 things to know before the stock market opens Tuesday - CNBC
2022-05-27,"Palantir Technologies: After An 80% Crash, Is It Finally Time To Buy? - Investing.com"
2022-06-03,The Stock Market Is Charting a New Course. It Won’t Be Pleasant. - Barron's
2022-05-31,Stock Market Today: May Delivers One Final Roller-Coaster Ride - Kiplinger
2022-05-30,"3 Extremely Safe Dividend Stocks That Can Turn $300,000 Into $1 Million by 2030 - The Globe and Mail"
2022-05-30,"Dow drops 200 points, finishes month little changed in turbulent May - CNBC"
2022-05-31,Stocks slip on Wall Street as messy May comes to a close - Honolulu Star-Advertiser
2022-06-05,"Nasdaq rises slightly to start week, shaking off jump in bond yields - CNBC"
2022-06-07,Stock Market Highlights Today: Nifty forms small bullish candle; what does it signal for Tuesday's trade? - The Economic Times
2022-06-04,"US stock market: How S&P-500, Dow Jones, Nasdaq and Russell-2000 fared o Friday - CNBC TV18"
2022-06-10,US Stocks Suffer Worst Week Since January as Inflation Runs Hot - Bloomberg.com
2022-06-10,"Stocks tumble after inflation worsens, raising rate fears - PBS"
2022-06-08,"Stock Market Highlights Today: Nifty defends support of 16,400; avoid bottom fishing, say analysts - The Economic Times"
2022-06-06,The stock-market impact of Apple’s WWDC keynote - TechCrunch
2022-06-09,Tesla gains as sales in China rebounded in May following a slide spurred by COVID-19 lockdowns - markets.businessinsider.com
2022-06-08,"US STOCKS-S&P 500, Dow fall as Intel slides - Yahoo Finance"
2022-06-10,Owens Corning (OC) & Pultron to Offer Fiberglass Rebar - Nasdaq
2022-06-08,"Stocks fall sharply, Dow drops more than 600 points ahead of pivotal inflation data - CNBC"
2022-06-10,These 19 large-cap stocks have now dropped at least 60% from their 52-week highs - MarketWatch
2022-06-09,The Stock Market’s Drop Is Worse Than It Looks - Barron's
2022-06-09,Druckenmiller Warns ‘Bear Market Has a Ways to Run’ as Fed Hikes Rates - Bloomberg.com
2022-06-09,Dow plunges more than 600 points as interest-rate pressures grow - New York Post
2022-06-06,The Candlestick: Click-clack did the Nasdaq just crack? - Stockhead
2022-06-05,"4 Ultra-Cheap, Time-Tested Stocks That Can Turn $300,000 Into $1 Million by 2030 - The Motley Fool"
2022-06-09,"Dow dives 800 points, S&P 500 posts worst week since January after inflation hits 40-year high - CNBC"
2022-06-08,How To Invest With $5K or Less Right Now - GOBankingRates
2022-06-15,The crash in the Nasdaq is looking a lot like the bursting of the 2000 dot-com bubble — and that lasted almost 3 years - markets.businessinsider.com
2022-06-13,"Stock Market News for Jun 13, 2022 - Nasdaq"
2022-06-14,"Stock Market Highlight: Nifty50 forms 'Inverted Hammer', recovery possible - The Economic Times"
2022-06-15,"Dow sinks 700 points, dropping back below 30,000 to the lowest level in more than a year - CNBC"
2022-06-13,"S&P 500 slumps into bear market, Dow dives again as 2022 losses accelerate - The Washington Post"
2022-06-16,Stocks tumble after Fed takes historic action on inflation - CNN
2022-06-14,Stocks up and down a day after Wall Street sinks into a bear market - PBS
2022-06-11,When Will the Nasdaq Bear Market End? Here's What History Shows - The Motley Fool
2022-06-13,Wall Street enters a bear market as the S&P 500 dives 3.9% - WHYY
2022-06-13,"S&P 500 closed in bear market, losing nearly 4% in one day as investors ready for a Fed meeting this week - USA Today"
2022-06-13,The S&P 500 just confirmed a bear market: What investors need to know - MarketWatch
2022-06-17,"Stock Market Highlights: Nifty50 falls below key support, trend negative - The Economic Times"
2022-06-15,US stocks rise as investors wait for the Federal Reserve's decision on the size of its next rate hike - markets.businessinsider.com
2022-06-12,"S&P 500 tumbles nearly 4% to new low for the year, closes in bear market territory - CNBC"
2022-06-16,How Long Do Bear Markets Last? - The Motley Fool
2022-06-14,"Stock Market Highlights: Nifty forms bearish candle, defending 15,670 a must to avoid weakness - The Economic Times"
2022-06-13,"S&P 500 falls for a fifth day, slips deeper into bear market territory ahead of Fed decision - CNBC"
2022-06-13,S&P 500 slips into a bear market as US stocks plunge on fears of a big rate hike after brutal inflation reading - markets.businessinsider.com
2022-06-14,3 Humbled Nasdaq Stocks Ready to Bounce Back - The Motley Fool
2022-06-11,Indices trading - City Index UK
2022-06-14,Faltering tech markets don't bother CPPIB's new equity growth team - Financial Post
2022-06-14,Explainer: What led to the US stock market rout and how will it affect Asian markets? - todayonline.com
2022-06-16,Five Israeli tech cos surviving the Nasdaq carnage - גלובס
2022-06-13,How Far Could the Stock Market Plunge? 1 Indicator May Hold the Answer. - The Motley Fool
2022-06-22,Wall Street gains over 2% in broad rebound - Reuters
2022-06-20,Is the Stock Market Closed Today? Here Are the Hours for Juneteenth. - Barron's
2022-06-24,Stock Market Today: Top 10 things to know before the market opens today - Moneycontrol
2022-06-21,Dow climbs 425 points as investors try to recover from the worst stock sell-off in 2 years - markets.businessinsider.com
2022-06-24,Asian Shares Gain As Commodities Decline On Growth Worries - RTTNews
2022-06-21,AP Style Update: Financial Markets - prnewsonline.com
2022-06-19,The Stock Market’s Selloff Will Eventually End. Bet On It. - Barron's
2022-06-24,The S&P 500 Is Down 24%: These 3 Indicators Suggest It Has Further to Fall - The Motley Fool
2022-06-21,"Stock Market Today: Dow Jumps, Tesla Gains, Kellogg Surges - Barron's"
2022-06-30,US stocks see worst first half drop in more than 50 years - BBC
2022-06-29,"S&P 500 posts worst first half since 1970, Nasdaq falls more than 1% to end the quarter - CNBC"
2022-06-30,S&P 500 limps to slightly lower close as quarter-end looms - Reuters
2022-06-25,Strong Dollar Crushing Shares of Firms With Big Business Overseas - markets.businessinsider.com
2022-06-29,Meta Faces Backlash Over VR App Charges; Deliveroo Introduces Ads on Delivery App to Bolster Revenue - exchangewire.com
2022-07-01,"Stock Market Today: Dow Rises, Bitcoin Struggles as Recession Fears Dominate - Barron's"
2022-06-28,Managed Futures Outperform In Bear Markets - ETF Database
2022-06-30,Investing In Stocks In The First Half Stunk; Will H2 Be Better? - Investor's Business Daily
2022-06-24,"Stock Market News for Jun 24, 2022 - Yahoo Finance"
2022-06-26,Stocks fall and begin week with losses as rebound attempt stalls - CNBC
2022-06-29,The Dow just booked its worst first half since 1962. What history says about the path ahead. - MarketWatch
2022-07-01,Stock Market Today: Stocks Catch a Second Wind to Start Second Half - Kiplinger
2022-06-28,Stocks tumble after weak U.S. confidence data; oil gains - Reuters
2022-06-28,Is Your Investment Portfolio Down Big? Here's the Simplest Road to Recovery - The Motley Fool
2022-06-27,Why Amazon Stock Slid Today - The Motley Fool
2022-06-30,"Down 20% in 6 Months, Is Now the Time to Buy Apple Stock? - The Motley Fool"
2022-06-26,"3 Dividend Aristocrats That Can Turn $300,000 Into $1 Million by 2032 - The Motley Fool"
2022-06-26,5 Unique Stocks That Can Generate Transformational Wealth - The Motley Fool
2022-06-27,Jim Cramer Recommends These 10 Stocks for Recession - Insider Monkey
2022-07-05,Nasdaq Index Fund Performance: June 2022 - Nasdaq
2022-07-02,Wall Street ends first day of third quarter with solid rebound - Reuters
2022-07-08,Delayed Ethereum Merge Proves Costly - VanEck
2022-07-08,Major stock market indices worldwide - Macau Business
2022-07-01,US stocks see worst first half drop in more than 50 years - BBC
2022-07-03,"Down 21%, Is the Stock Market Ready to Recover in the Back Half of 2022? - The Motley Fool"
2022-07-02,Forget the 1970s — this market is drawing comparisons to the 1870s - MarketWatch
2022-07-07,"Coatue's View of the Market, Or Why Catching a Falling Knife Is Dangerous - Eric Newcomer"
2022-07-08,Fri. 11:48 a.m.: Wall Street wavers following surprisingly strong jobs report - tribtoday.com
2022-07-05,"Stock Market Today: Energy Dampens Dow, FAANGs Elevate Nasdaq - Kiplinger"
2022-07-05,Markets shake off an early slump and eke out gains - Los Angeles Times
2022-07-05,Why Broadcom Stock Fell 16% in June - The Motley Fool
2022-07-02,U.S.-listed Chinese firms trade mostly higher - Macau Business
2022-07-06,What is Constellation (DAG) crypto and why is it up on Wednesday? - Kalkine Media
2022-07-07,3 Nasdaq 100 Stocks to Buy Hand Over Fist in July - The Motley Fool
2022-07-02,U.S. stocks rise after S&P 500’s worst half year in decades - Macau Business
2022-07-06,"Why Snowflake, Okta, and Atlassian Stocks All Beat the Market In June - The Motley Fool"
2022-07-11,"Dow drops more than 100 points, stocks fall ahead of key inflation report - CNBC"
2022-07-15,Wall St ends tumultuous week with strong rally as rate hike fears wane - Reuters
2022-07-12,Stock Futures Flat Ahead of Inflation Data Release - Barron's
2022-07-12,Global shares drop as the economic outlook darkens; dollar gains drive the euro to parity - markets.businessinsider.com
2022-07-15,Dow sinks as recession fears grip Wall Street - CNN
2022-07-10,Stock market: Here's what usually happens after a 20% plunge - Yahoo Finance
2022-07-14,Dow pops more than 600 points in relief rally Friday but closes with weekly losses - CNBC
2022-07-12,"ASX rises, RBNZ hikes rates, US dollar hits parity with euro - Australian Broadcasting Corporation"
2022-07-15,"Stock Market Today: Dow Rises, Citigroup Jumps, Wells Fargo Slumps - Barron's"
2022-07-11,A Large Chunk of the Bear Market in Stocks Is Behind Us: Oppenheimer - markets.businessinsider.com
2022-07-13,Moving TSP Money to G-Fund? Here’s Why You Should Proceed with Caution - Serving Those Who Serve
2022-07-14,3 Dirt-Cheap Asset Management Stocks You Can Buy and Hold for the Next Decade - The Motley Fool
2022-07-15,"US stocks tumble on inflation data, weak bank results - Macau Business"
2022-07-13,IPO market stays dormant as Justworks and Fresh Market withdraw their filings - CNBC
2022-07-15,3 Vanguard ETFs That Could Help You Retire a Millionaire - The Motley Fool
2022-07-22,"NASDAQ Composite: Target At 12,950, But Watch Out For Surprises - Investing.com India"
2022-07-20,3 Reasons Why Investing in the Nasdaq-100 Is Effective - Nasdaq
2022-07-19,Nasdaq-100 or FANG+? Which US tech index should aggressive investors opt for? - Moneycontrol
2022-07-22,Is the Stock Market Going Up? It Might Depend on the Definition of Recession. - Barron's
2022-07-19,"MARKET CLOSING BELL: Sensex rebounds to end 246 pts higher; Nifty tops 16,300; Axis Bank, M&M rise 2% each - The Economic Times"
2022-07-20,Why Should We Focus on the Nasdaq-100® Index in the Post-pandemic Era? - Nasdaq
2022-07-21,"S&P 500 sheds nearly 1% Friday on Snap-led tech sell-off, but finishes higher on week - CNBC"
2022-07-16,"U.S. stocks rally amid earnings, economic data - Macau Business"
2022-07-18,Why the analyst who called summer stock-market bounce now sees more S&P 500 upside - MarketWatch
2022-07-22,"S&P 500, Nasdaq fall as social media stocks drag - Business Recorder"
2022-07-22,"Stocks fall after touching six-week high, dollar weaker after U.S. data - Reuters"
2022-07-17,How Far Could the Stock Market Plunge? 1 Indicator Suggests We Could Be Near a Bottom - The Motley Fool
2022-07-21,What is the Euro STOXX 50 Index? - MarketBeat
2022-07-18,Jim Cramer gets trolled before ringing the opening bell on Monday - MarketWatch
2022-07-22,"Wall Street closes lower as ad tech, social media stocks drop - Reuters"
2022-07-18,U.S. equity funds' net assets shrank by $2 trillion in second quarter - Reuters
2022-07-27,CEO Message—SoftBank Group Report 2022 - ソフトバンクグループ株式会社
2022-07-28,"Stocks rally for a third day to cap a winning week, major averages post best month since 2020 - CNBC"
2022-07-25,"Nasdaq falls with dollar, oil rises; earnings, Fed in focus - Reuters"
2022-07-24,IT stocks in focus after continuous rally on Nasdaq. Details here - livemint.com
2022-07-29,Stocks Finish Higher; S&P 500 Posts Best Month Since 2020 - The Wall Street Journal
2022-07-27,Surprise? How the stock market has reacted on day of each Fed rate hike in 2022 - MarketWatch
2022-07-23,Major stock market indices worldwide - Macau Business
2022-07-27,Nasdaq Soars as Fed Raises Rates Again—and What Else Happened in the Stock Market Today - Barron's
2022-07-28,5 Monster Growth Stocks Begging to Be Bought - The Motley Fool
2022-07-28,Wall Street dips as US economy slips - Macau Business
2022-07-26,"Google revenue growth slowest in 2 years, adding to recession fears - CBS News"
2022-07-23,U.S.-listed Chinese firms trade lower - Macau Business
2022-07-23,U.S. stocks fall as tech lags - Macau Business
2022-08-02,"Stocks fall a second day on U.S.-China tensions, hawkish comments from Fed leaders - CNBC"
2022-08-01,The Stock Market Is Rallying. Here’s What Could Make It Tumble Again. - Barron's
2022-08-01,Examining the Health of the Stock Market with Dr. Ed Yardeni - Investopedia
2022-07-30,Major stock market indices worldwide - Macau Business
2022-08-01,Stocks slip to begin August following their best month since 2020 - CNBC
2022-08-03,"Moderna, PayPal, and More Wednesday Stock Market Movers - Barron's"
2022-08-05,"S&P 500, Nasdaq fall Friday, but notch weekly gains after blowout July jobs report - CNBC"
2022-08-02,Stock Futures Rise Slightly as Pelosi’s Taiwan Visit Continues - Barron's
2022-08-09,Nasdaq rallies more than 20% from recent lows after US inflation eases - Financial Times
2022-08-12,"Dow closes up 400 points, S&P 500 rises for fourth straight week as investors warm to cooler inflation - CNBC"
2022-08-11,Stock market bulls eye technical signal for further gains - Reuters
2022-08-10,"Dow Shoots Higher, Tesla Gains - Barron's"
2022-08-10,"Nasdaq enters bull market, exits worst bear market since 2008 - Fox Business"
2022-08-12,"Why stock market bulls are applauding the S&P 500’s close above 4,231 - MarketWatch"
2022-08-05,The stock market hates the fact it’s so easy for you to get a job right now. Here’s why - Fortune
2022-08-09,"Nasdaq falls more than 1% as chip stocks struggle, key inflation report looms - CNBC"
2022-08-07,'The market bottom is in': The chief investment strategist of a $1.4 billion firm explains why he's rotating back into growth stocks — and lays out the 4 high-quality tech stocks that investors should bet on now - Business Insider
2022-08-09,Nasdaq closes lower as chipmaker Micron's warning renews tech rout - Reuters
2022-08-12,Why Did the Stock Market Close Higher? Inflation May Have Peaked. - Barron's
2022-08-09,Wall Street steadies after US jobs report sell-off - The Express Tribune
2022-08-08,A surging stock market is on the verge of signaling a ‘huge’ move — but there’s a catch - MarketWatch
2022-08-09,Paycor CEO: Putting company's name on Bengals' stadium gives it 'instant credibility' - Cincinnati Enquirer
2022-08-11,Stocks' Gains Help the Rich but Consumer Sentiment Could Still Worsen - Barron's
2022-08-11,"Have stocks bottomed? Not until this 'gorilla' in equity markets budges, warns Bank of America. - MarketWatch"
2022-08-10,"Stocks soar, S&P 500 hits highest level in three months after key report shows slowdown in inflation - CNBC"
2022-08-11,Spirit Airlines Inc. stock outperforms market on strong trading day - MarketWatch
2022-08-05,"Stifel’s Barry Bannister raises S&P 500 target to 4,400 for 2022 and prefers ‘cyclical growth’ stocks - MarketWatch"
2022-08-15,Going Back to School with Stock Market Fundamentals - Investopedia
2022-08-17,"Wall Street ends down, but indexes briefly cut losses after Fed minutes - Reuters"
2022-08-18,Investors Can’t Get Enough of Apple Stock - The Wall Street Journal
2022-08-12,"'Big Short' Michael Burry Warns Spending Spree, Stock Rally Won't Last - markets.businessinsider.com"
2022-08-16,Watch What The VIX/VXV Ratio Is Showing - Investing.com India
2022-08-18,"Stocks fall Friday to notch weekly loss, S&P 500 snaps 4-week-long rally - CNBC"
2022-08-18,"Making the case for a bear market rally, not a new bull run: Morning Brief - Yahoo Finance"
2022-08-19,Here's Why You Should Never Go All-In on the Stock Market - The Motley Fool
2022-08-14,"Amazon, Google, Apple & many others not listed in India – Should you buy their stocks? - The Financial Express"
2022-08-15,What's the best way to invest in tech stocks right now? This strategy is working well for one fund manager. - MarketWatch
2022-08-15,"What Stocks Are Making Moves Monday? Li Auto, NIO, Peloton, and More. - Barron's"
2022-08-17,"Markets: Bitcoin, Ether fall; Dogecoin outperforms, Cardano edges higher - Forkast News"
2022-08-19,10 Best Fidelity Funds to Buy Now - Yahoo Finance
2022-08-16,"What Stocks Are Moving Tuesday? Walmart, Home Depot, Alibaba, and Bed Bath & Beyond - Barron's"
2022-08-19,Tech’s Rally Is Too Good to Be True. Why the Nasdaq Looks Due for Another Fall. - Barron's
2022-08-16,"Markets: Bitcoin, Ethereum fall, memecoins lose steam, BNB edges higher - Forkast News"
2022-08-26,The Top 10 Constituents of the Nasdaq-100 Index - Nasdaq
2022-08-26,"Powell comments fuel 1,000-point market rout Friday as stocks slide for a second week - CNBC"
2022-08-23,S&P sees biggest drop since June - Forbes India
2022-08-23,Five Myths about Nasdaq Indexes - Nasdaq
2022-08-22,US stocks drop more than 2% in biggest decline in 2 months - Financial Times
2022-08-25,"STOCK MARKET HIGHLIGHTS: Nifty50 shows signs of weakness; support seen at 17,480 - The Economic Times"
2022-08-20,Major stock market indices worldwide - Macau Business
2022-08-26,Dow Jones drop 3 percent after Fed Chair Powell warns interest rates to stay high - PBS
2022-08-25,"Dow closes 300 points higher, extends rally to second day ahead of Powell's Jackson Hole speech - CNBC"
2022-08-26,Federal Reserve's inflation fight could bring 'pain' and job losses warns Powell - PBS
2022-08-26,"How the Stock Market Performs After Jackson Hole, According to History - Barron's"
2022-08-23,Dow slumps 600 points Monday to wrap worst day since June as summer rally fades - CNBC
2022-08-26,"Stock Market News for Aug 26, 2022 - Nasdaq"
2022-08-26,Did the Fed Just Kill the Bear Market Rally? - The Motley Fool
2022-08-21,"4 Nasdaq 100 Stocks That Can Turn $300,000 Into $1 Million by 2029 - The Motley Fool"
2022-08-23,Tesla Cash Hoard Could Hit a Half-Trillion by 2030. What All That Money Could Do. - Barron's
2022-08-22,Jim Cramer: Here's why meme-stock manias are bad news for the Nasdaq - CNBC
2022-08-22,Why Tesla's Falling Ahead of Its Stock Split - The Motley Fool
2022-08-24,Fighting Inflation: S&P 500 has worst day since mid-June as Wall Street prices in next Fed move - RTL Today
2022-08-20,Nasdaq Bear Market: 5 Exceptional Growth Stocks You'll Regret Not Buying On the Dip - The Motley Fool
2022-08-26,"Dow plunges more than 1,000 after Powell says Americans should expect ‘pain’ - New York Post"
2022-08-26,US stocks open mixed ahead of Powell interest message - The Guardian Nigeria News
2022-08-29,"Dow closes 100 points lower as sell-off continues, surging Treasury yields reflect mounting rate fears - CNBC"
2022-08-31,Wall Street ends August with a whimper on Fed worry - Reuters
2022-09-01,Stocks Close Thursday Mixed as Dow Rises - The Wall Street Journal
2022-08-31,What history says about September and the stock market after summer bounce runs out of steam - MarketWatch
2022-08-28,The Fed Should Pause Rate Hikes After 2022 to Avoid Harm to the Economy - markets.businessinsider.com
2022-08-29,"Bitcoin Prices Drop Below $20,000 for First Time in More Than a Month - Barron's"
2022-09-01,Stocks end mixed on Wall Street. S&P 500 ekes out a gain - Los Angeles Times
2022-08-27,Stocks sink as Fed Chair Jerome Powell promises ‘forceful and rapid’ action on inflation - CNN
2022-09-01,Stock Market Today: Nasdaq Falls for a Fifth Straight Day - Kiplinger
2022-08-30,"Stocks extend their losing streak a third day, Dow closes down 300 points - CNBC"
2022-09-01,August 2022 Review and Outlook - Nasdaq
2022-09-02,Is the U.S. stock market closed today? - MarketWatch
2022-09-01,"Dow, S&P 500 close higher to snap four-day losing streak and begin September - CNBC"
2022-08-31,"Dow, S&P 500 fall for a fourth day, major averages end August with losses - CNBC"
2022-09-02,Why a Bearish Money Manager Likes Gambling Stocks and Is Ready to Dump Apple - Barron's
2022-09-07,"Dow closes more than 400 points higher, Nasdaq snaps 7-day slump as Wall Street shakes off rate hike concerns - CNBC"
2022-09-06,Nasdaq Marks Longest Losing Streak Since 2016 - Nasdaq
2022-09-05,Is the Stock Market Open Today? Here Are the Hours for Labor Day 2022. - Barron's
2022-09-09,Slumping U.S. stock market technical indicators flash warning sign - Reuters
2022-09-06,US stocks finish lower as strong services report backs Fed's view to keep pushing interest rates higher - markets.businessinsider.com
2022-09-09,The September Effect: Market Myths - Masterworks
2022-09-07,How to Buy NASDAQ Stocks - Value The Markets
2022-09-09,Stocks Snap Three Straight Weeks of Losses - The Wall Street Journal
2022-09-08,Amazon to slow down hiring to cut costs - People Matters Global
2022-09-07,"The stock market's June lows 'need to be back in the conversation,' says top chart watcher - MarketWatch"
2022-09-03,U.S.-listed Chinese firms trade mostly lower - Macau Business
2022-09-08,Stocks recover from a stumble on Wall Street and end higher - KALB
2022-09-05,Nasdaq Bear Market: 2 Top Growth Stocks You'll Wish You'd Bought on the Dip - The Motley Fool
2022-09-09,"The Dow Gained, Coinbase Soared—and What Else Is Happened in the Stock Market Today - Barron's"
2022-09-09,3 Large-Cap Growth Mutual Funds to Buy for Stellar Returns - Nasdaq
2022-09-03,U.S. stocks fall amid jobs data - Macau Business
2022-09-06,3 Nasdaq 100 Stocks to Buy Hand Over Fist in September - The Motley Fool
2022-09-09,T-Mobile Stock Market Value Has Been Rising. It’s Bigger Than Verizon. - Barron's
2022-09-07,S&P/TSX composite closes higher along with U.S. markets despite oil price drop - iNFOnews.ca
2022-09-14,"Nasdaq drops more than 1% as market comeback stumbles, Dow closes at lowest level in two months - CNBC"
2022-09-13,Wall St tumbles to biggest loss in two years following CPI data - Reuters
2022-09-12,"Stock Market News for Sep 12, 2022 - Nasdaq"
2022-09-10,The Stock Market Had a Crazy Good Week. One Way to Make Sense of It All. - Barron's
2022-09-14,Stocks End Wednesday Higher - The Wall Street Journal
2022-09-13,Markets Plunge as Inflation Data Undercuts Wall Street’s Optimism (Published 2022) - The New York Times
2022-09-10,"Down 25%, Is It Safe to Invest in the Nasdaq Right Now? - The Motley Fool"
2022-09-12,"Dow tumbles 1,200 points for worst day since June 2020 after hot inflation report - CNBC"
2022-09-13,Dow tumbles as America’s prices keep rising - CNN
2022-09-16,Stock Market Today: FedEx Warning Amplifies Wall Street Jitters - Kiplinger
2022-09-12,Better Buy: Tesla Stock or a Nasdaq Index Fund? - The Motley Fool
2022-09-14,Stocks plummet on worse-than-expected inflation news - Kiowa County Press
2022-09-10,Nasdaq Bear Market: 5 Unparalleled Growth Stocks You'll Regret Not Buying on the Dip - The Motley Fool
2022-09-21,Dow closes 500 points lower after the Fed delivers another aggressive rate hike - CNBC
2022-09-22,"You asked, we answered: Why has gold not performed better in 2022 despite high inflation? - World Gold Council"
2022-09-20,How to invest in all Nasdaq Composite stocks - The Financial Express
2022-09-21,"How to Buy, Trade, Invest in the Nasdaq - ig.com"
2022-09-19,Wall Street ends choppy session higher with focus firmly on Fed - Reuters
2022-09-18,Nasdaq closes higher on Wednesday as stocks stabilize following massive sell-off - CNBC
2022-09-17,Can the Fed tame inflation without further crushing the stock market? What's next for investors. - MarketWatch
2022-09-16,Stocks Lower in Early Afternoon Trading Friday - The Wall Street Journal
2022-09-20,What’s behind the collapse of “growth stocks” - Axios
2022-09-17,U.S.-listed Chinese firms trade lower - Macau Business
2022-09-16,Wall Street falls as FedEx warning adds to market woes - KALB
2022-09-21,This Investment Strategy Has Made Money 103 Out of 103 Times - The Motley Fool
2022-09-20,Asia shares track late Wall Street rebound with focus firmly on Fed - The Standard (HK)
2022-09-22,"If You Invested $10,000 in Amazon for Its IPO in 1997, Here's How Much You'd Have Now - The Globe and Mail"
2022-09-18,"Stocks close lower on Friday, extending sell off for worst week since June for S&P 500 and Nasdaq - CNBC"
2022-09-21,5 Best Stocks to Buy if You Have $100 to Spend - InvestorPlace
2022-09-23,Dow drops nearly 500 points to close at new low for 2022 on rising recession fears - CNBC
2022-09-19,"Dow closes nearly 200 points higher, stocks snap two-day losing streak to start big Fed week - CNBC"
2022-09-23,Dow Jones Sheds More Than 300 Points Amid Warnings On The New Global Economy - USA Herald
2022-09-26,"S&P 500 notches new closing low for 2022, Dow falls into bear market as dollar surges - CNBC"
2022-09-26,"Wall Street ends lower, Dow confirms bear market - Reuters"
2022-09-30,The Fed Is Starting to Break Things. The Stock Market Is Paying the Price. - Barron's
2022-09-26,"Stock market news live updates: S&P hits new closing low, stocks tumble again as Fed fears, currency turmoil persist - Yahoo Finance"
2022-09-28,US stocks trade mixed as investors assess Bank of England bond-market move and eye weaker Apple demand - markets.businessinsider.com
2022-09-27,Stock Market Today: Top 10 things to know before the market opens today - Moneycontrol
2022-09-27,"2 Investing Moves to Make Now That the S&P 500, Nasdaq and Dow Are All in Bear Markets - money.com"
2022-09-27,A Field Guide to Bear Markets - AARP
2022-09-28,"This stock market rout looks like the dot-com bust of 2000, says investing guru - MarketWatch"
2022-09-28,"Stocks rally, bonds soar in relief after UK calms markets - KALB"
2022-09-25,Where Will the Bear Market Bottom? 2 Valuation-Based Indicators Offer a Clear Range - The Motley Fool
2022-09-26,"Dow Enters Bear Market, Hits Lowest of 2022 - Barron's"
2022-09-30,Stocks dive on last day of September in worst closing since 2020 - The Hill
2022-09-30,"Stock Market News for Sep 30, 2022 - Yahoo Finance"
2022-09-29,"S&P 500 closes at new 2022 low, as Apple helms broad market sell-off - CNBC"
2022-09-29,Nike and Micron Just Set the Stage for Stock Market Disappointment - The Motley Fool
2022-09-28,Here’s How Close Stocks Are to Giving Up Pandemic-Era Gains - Barron's
2022-09-30,Dow tumbles 500 points on Friday to end September down nearly 9% - CNBC
2022-09-27,"S&P 500 ends Tuesday down after notching a fresh bear market low, Dow slips more than 100 points - CNBC"
2022-09-30,2 Perfect Index Funds to Buy in a Bear Market - The Motley Fool
2022-10-06,"Down 31%, Is It Safe to Invest in the Nasdaq Right Now? - Nasdaq"
2022-10-04,"Dow rallies more than 1,500 points in two days, S&P 500 posts best 2-day gain since 2020 - CNBC"
2022-10-07,"Rebound: Meaning, Causes, and Historical Examples - Investopedia"
2022-10-04,"Dow Jones Surges 765 Points To Start New Stock Market Rally Attempt, What To Do Now - Investor's Business Daily"
2022-10-04,Better Buy: Apple Stock or the Entire Nasdaq? - The Motley Fool
2022-10-02,Getting Long-Term Bullish - A Wealth of Common Sense
2022-10-06,"After months of selloffs, tech stocks could bounce back in 2023, Citi says - Fortune"
2022-10-03,"Stocks surge to kick off October and a new quarter as bond yields tumble, Dow closes up 760 points - CNBC"
2022-10-07,"Dow drops over 600 points, Nasdaq nearly 4% lower as job gains remain steady, complicating Fed effort to lower prices - NBC News"
2022-10-04,Latest Tech Sell-Off Opens Opportunities for Single-Stock ETFs - ETF Trends
2022-10-05,What’s in Store for Q4 for the Nasdaq-100 - Nasdaq
2022-10-07,"Why are stock indexes like the Dow, S&P 500 and S&P/TSX so closely watched? - The Globe and Mail"
2022-10-05,Entrepreneur Rani Kohen Takes SKYX Platforms Public On The Nasdaq - okmagazine.com
2022-10-07,"Dow drops 600 points, Nasdaq closes 3% lower as rates pop after September jobs report - CNBC"
2022-10-09,"Nasdaq closes at 2-year low on Monday, hurt by slumping chip stocks - CNBC"
2022-10-14,Is this a good time to Invest in NASDAQ 100 and S&P 500? - freefincal
2022-10-10,Is the Stock Market Open Today? Here Are the Hours for Columbus Day 2022. - Barron's
2022-10-10,"Stock market news live updates: Stocks fall to start busy week of earnings, inflation data - Yahoo Finance"
2022-10-12,"Stock Market News for Oct 12, 2022 - Nasdaq"
2022-10-11,"Stock Market Today: Dow Gives Back Earlier Gains, 10-Year Treasury Yield Nears 4% - The Wall Street Journal"
2022-10-11,"S&P 500 closes lower, notches 5-day losing streak ahead of key inflation report - CNBC"
2022-10-13,Wall Street rebounds with a vengeance after initial inflation sell-off - Reuters
2022-10-13,How the Stock Market Shrugged Off High Inflation -- For Now - The Motley Fool
2022-10-11,Stocks Close Tuesday Mostly Lower - The Wall Street Journal
2022-10-12,"S&P 500 closes lower, notching six days of losses ahead of key inflation report - CNBC"
2022-10-14,"Stock Market News for Oct 14, 2022 - Yahoo Finance"
2022-10-14,"Stocks Look Alluring. It’s Time to Snap Up Bargains, Say Big Money Managers. - Barron's"
2022-10-09,"This Bear Market Indicator Has Never Been Wrong, and It Portends More Downside to Come - Nasdaq"
2022-10-07,Stocks Tumble After Jobs Report; Indexes Stay On Pace for Weekly Gains - The Wall Street Journal
2022-10-14,Dow closes 400 points lower to end a wild week of trading - CNBC
2022-10-13,Dow closes 800 points higher after a historic one-day turnaround - CNBC
2022-10-11,"Stock Market Today: Nasdaq, S&P 500 Fall Again as Treasury Yields Rise - Kiplinger"
2022-10-08,U.S.-listed Chinese firms trade lower - Macau Business
2022-10-14,"Here’s how ‘rare’ S&P 500’s ‘violent’ reversal was after Thursday’s inflation report — and what history shows may come next, according to Bespoke - MarketWatch"
2022-10-14,Why Tesla Stock Was Falling This Afternoon - The Motley Fool
2022-10-20,Stocks close lower for second day as Treasury yields continue march to new highs - CNBC
2022-10-20,Live Coverage - The Wall Street Journal
2022-10-20,"Hall of Fame Village Mulls Reverse Split, More Time to Avoid Nasdaq Delisting - Sportico.com"
2022-10-18,"Microsoft lays off nearly 1,000 employees - abcnews.go.com"
2022-10-21,Dow climbs more than 700 points on Friday as Wall Street clinches its best week since June - CNBC
2022-10-15,3 Reasons Apple Is a Warren Buffett Stock - Nasdaq
2022-10-19,Stocks lose ground as more earnings roll in; yields rise - KALB
2022-10-17,"ASX and Wall Street rally after UK backflip on tax cuts, RBA to keep increasing rates - Australian Broadcasting Corporation"
2022-10-15,U.S. stocks fall amid inflation fears - Macau Business
2022-10-15,U.S. stocks tumble as inflation concerns intensify - The Arkansas Democrat-Gazette
2022-10-19,Stocks snap two-day winning streak as 10-year yield hits highest level since 2008 - CNBC
2022-10-19,"ASX falls as jobs growth stalls, and as recession fears resume on Wall Street with UK inflation at a 40-year high - Australian Broadcasting Corporation"
2022-10-17,"Dow closes up 550 points, Nasdaq pops more than 3% as strong bank earnings boost volatile market - CNBC"
2022-10-18,Dow closes up more than 300 points as strong earnings boost stocks in choppy market - CNBC
2022-10-14,The world’s largest academic endowment fund lost money for the first time in six years - qz.com
2022-10-15,Tesla Shares Get Halved - Wolf Street
2022-10-28,"Dow closes 800 points higher on Friday, registers fourth straight week of gains - CNBC"
2022-10-24,2 Perfect Index Funds to Buy in an S&P 500 and Nasdaq Bear Market - Nasdaq
2022-10-28,"The Dow Is Having a Great Month, the Nasdaq Is Having a Good One. What History Says Happens Next. - Barron's"
2022-10-24,Stocks Rise Ahead Of Key Economic Data - Investor's Business Daily
2022-10-26,Stocks end mixed on Wall Street amid weak tech earnings - Los Angeles Times
2022-10-27,Stock Market Today: Stocks Close Mixed on Muddled Earnings and Econ Data - Kiplinger
2022-10-27,Dow Gains After Strong GDP Report - Barron's
2022-10-26,Nasdaq snaps three-day winning streak as Big Tech weighs down index - CNBC
2022-10-25,"Stocks close higher for third consecutive day, Nasdaq adds 2.2% ahead of Big Tech earnings - CNBC"
2022-11-01,Stocks finish lower as Wall Street braces for key Fed decision - CNBC
2022-11-03,Asia stocks tumble after US Fed says more rate hikes likely - Al Jazeera
2022-10-31,Is The Dow Likely To Keep Outperforming The NASDAQ? - Investing.com
2022-11-02,"Dow closes 500 points lower, Nasdaq sheds 3% as Fed Chair Powell signals intent to continue hiking rates - CNBC"
2022-11-04,"Stocks Gain Friday, Suffer Weekly Losses - The Wall Street Journal"
2022-10-31,US stocks fall as investors anticipate another 75 basis point rate hike from the Fed this week - markets.businessinsider.com
2022-10-29,U.S. stocks rally as investors assess economic data - Macau Business
2022-10-28,"US Stock Market News: Dow Jones ends higher above 32,000; Nasdaq falls over 1.50% - Zee Business"
2022-10-28,"Tesla Inc. stock rises Friday, still underperforms market - MarketWatch"
2022-10-28,Why An S&P 500 Index ETF Trade Made Sense In This Market - Investor's Business Daily
2022-11-01,"In October, Stocks Soared. Is the Bear Market Dead? - Kiplinger"
2022-10-31,October Was Not So Scary After All - Investing.com
2022-10-31,Halloween Indicator Suggests Treats Ahead for Investors - Barron's
2022-11-01,"Wharton's Jeremy Siegel Sees Stocks Jumping 30%, House Prices Down 15% - markets.businessinsider.com"
2022-11-03,"Dow closes 400 points higher, but snaps four-week win streak on rising rate fears - CNBC"
2022-11-02,"Tesla, EV Stocks Sag as the Fed Makes It Clear: Expect Higher Rates - Barron's"
2022-11-03,Hong Kong's Hang Seng index closes 5% higher on China reopening speculation; Asia markets mixed - CNBC
2022-10-31,"Dow closes lower on Monday, but still posts best month since 1976 - CNBC"
2022-11-04,"Crane to Retire, Butler to be New CEO of Exelon - RTO Insider"
2022-11-02,"Why Salesforce, Snowflake, and CrowdStrike All Cratered on Wednesday - The Motley Fool"
2022-10-29,"Investing in the Stock Market Could Turn Your $10,000 Into $300,000. Here's How. - The Motley Fool"
2022-11-01,Stock Market Today: Stocks Retreat After Strong Job Openings Data - Kiplinger
2022-10-29,U.S.-listed Chinese firms trade mostly lower - Macau Business
2022-10-31,Why Tesla Stock Dropped Monday Morning - The Motley Fool
2022-10-31,The Bitcoin price may be decoupling from US stocks. Is this why? - The Motley Fool Australia
2022-11-10,Nasdaq Composite Heads For Best Day Since 2020 - The Wall Street Journal
2022-11-09,"Dow pops 1,200 points, S&P 500 jumps 5% in biggest rally in two years after light inflation report - CNBC"
2022-11-08,"Stock Market News for Nov 8, 2022 - Nasdaq"
2022-11-10,A better-than-expected inflation report sends stocks surging - CNN
2022-11-08,"S&P 500, Nasdaq Turn Negative - The Wall Street Journal"
2022-11-10,Your Stocks Have Halved in Price: What Should You Do Now? - Yahoo Finance Singapore
2022-11-10,"Market HIGHLIGHTS: Sensex down 420 points, Nifty manages 18000 closing as Tata Motors drag indices - Zee Business"
2022-11-11,US stocks mixed as investors eye easing of China's COVID restrictions and FTX bankruptcy filing - markets.businessinsider.com
2022-11-07,"This year's stock market, the short version - Axios"
2022-11-09,"'This is a dicey moment': Amazon, Apple, other tech giants lose billions in value as market wobbles - USA Today"
2022-11-09,The Stock Market Ultimately Doesn’t Care Who Wins the Midterms - money.com
2022-11-09,"Stock Market News for Nov 9, 2022 - Nasdaq"
2022-11-07,"S&P/TSX composite up almost 100 points Monday, U.S. markets also up - Coast Reporter"
2022-11-07,Stock Market Today: Stocks Rise Ahead of Midterms - Kiplinger
2022-11-08,"Dow closes more than 600 points lower after indecisive midterms, crypto selloff - CNBC"
2022-11-06,This Indicator Has Been Spot-On Calling Bear Markets Since 1870 -- Here's Where It Says We Bottom - The Motley Fool
2022-11-06,Get Smart: Dealing with Uncertainties in the Stock Market - The Smart Investor
2022-11-11,US stocks rise as easing China COVID restrictions leave stocks stronger for the week - markets.businessinsider.com
2022-11-10,"November 10, 2022 - Letters from an American | Heather Cox Richardson"
2022-11-15,"S&P 500 closes higher after another lighter-than-expected inflation report, Nasdaq jumps 1.4% - CNBC"
2022-11-12,The road to year-end gains for stocks will be hammered by volatility as investors try 'sniffing out' a rollover in inflation and a Fed U-turn on rates - markets.businessinsider.com
2022-11-13,This Investor Sentiment Indicator Has an Incredibly Successful Track Record of Forecasting Stock Market Bottoms - Nasdaq
2022-11-17,The Price of This New Dress Shirt Changes Based on the Stock Market - Robb Report
2022-11-14,"Inflation, U.S. Dollar and Interest Rates Cooling - Investing.com"
2022-11-18,Big tech will benefit most from the meltdown - The Economist
2022-11-14,"S&P 500, Nasdaq close lower to snap two-day rally, Dow sheds 200 points - CNBC"
2022-11-14,Stock Market Rally: 3 Once-in-a-Decade Buying Opportunities - The Motley Fool
2022-11-13,Wall St Week Ahead Soaring U.S. tech stocks leave some investors doubtful rebound will last - Reuters
2022-11-18,Is San Francisco on Track for Another Dot-com Bust? - The San Francisco Standard
2022-11-18,"Stock Markets HIGHLIGHTS: Sensex ends 90 points down, Nifty over 30 points lower as auto stocks drag - Zee Business"
2022-11-11,"Don’t be fooled—Thursday’s rally doesn’t mean we are out of a bear market, billionaire investor Carl Icahn warns - Fortune"
2022-11-17,"S&P 500, Nasdaq close lower for a second day as investors weigh outlook for higher interest rates - CNBC"
2022-11-17,"Why Palo Alto Networks, Palantir, and MongoDB Stocks All Traded Lower Thursday - The Motley Fool"
2022-11-11,Here are the top 10 ASX 200 shares today - The Motley Fool Australia
2022-11-18,Some of Your Favorite Growth Stocks May Never Reach Their Previous Highs. Here's Why You Shouldn't Worry - The Motley Fool
2022-11-11,Guggenheim CIO Scott Minerd Sees Stocks Rising Through Early 2023 - markets.businessinsider.com
2022-11-14,The Best Stocks to Buy With $500 Right Now - The Motley Fool
2022-11-25,Is the Stock Market Open Today? Here Are the Hours for Black Friday. - Barron's
2022-11-20,Worried We're in Another Dot-Com Crash? Here's the Biggest Mistake to Avoid. - Nasdaq
2022-11-22,"Dow closes nearly 400 points higher as Wall Street bets on easing inflation, smaller rate hikes into year end - CNBC"
2022-11-22,Snap Inc. stock underperforms Tuesday when compared to competitors - MarketWatch
2022-11-23,Is the stock market open on Thanksgiving or Black Friday? Here are the 2022 holiday hours - USA Today
2022-11-21,Stocks end lower on Wall Street as tech weighs down Nasdaq - Los Angeles Times
2022-11-25,Tech's reality check: How the industry lost $7.4 trillion in one year - CNBC
2022-11-23,Why AGNC Stock Was Up on Wednesday - The Motley Fool
2022-11-23,Here's how stocks have historically performed between Thanksgiving and year-end - MarketWatch
2022-11-22,Elon Musk Has Lost $100 Billion In 2022 So Far As Tesla Stock Plunges - observer.com
2022-11-20,"This Telltale Bear Market Indicator Is Sounding a Warning, Once Again - The Motley Fool"
2022-11-22,Is the stock market open on Black Friday? Here’s the post-Thanksgiving trading schedule. - MarketWatch
2022-12-02,S&P 500 and Nasdaq end Friday lower after November jobs report; indexes notch weekly gains - CNBC
2022-12-02,"Stock Market News for Dec 2, 2022 - Nasdaq"
2022-11-30,Wall Street update: Tech leads stocks lower as treasury yields climb - livemint.com
2022-11-26,Year-end rally? Bullish stock-market pattern set to collide with stagflation fears - MarketWatch
2022-12-01,US stocks rise as cooling of key inflation measure supports potential for smaller Fed rate hikes - markets.businessinsider.com
2022-11-28,"Stock Market News for Nov 28, 2022 - Yahoo Finance"
2022-11-30,"Stock Market News for Nov 30, 2022 - Nasdaq"
2022-11-30,Powell Says Fed Could Slow Rate Increases at Next Meeting (Published 2022) - The New York Times
2022-12-01,Dow closes nearly 200 points lower ahead of Friday’s key jobs report - CNBC
2022-11-26,Major stock market indices worldwide - Macau Business
2022-11-30,The Stock Market Could Have a Jolly December. Watch for a ‘Santa’ Rally. - Barron's
2022-12-01,Why the Nasdaq Will Beat the Dow in 2023 - The Motley Fool
2022-11-29,Wall Street ends an uneven day of trading with mixed results - KALB
2022-11-30,"Stock Market Today: Asian markets, oil prices, FPI flows & 7 other things you should know - Business Today"
2022-11-28,U.S. stock indexes fall as coronavirus lockdown protests spread in China - Los Angeles Times
2022-11-30,S&P 500 ends 3-day losing streak. Dow jumps 700 points after Powell signals smaller rate hikes - CNBC
2022-11-30,The Dow ‘exits’ bear-market territory. Here’s why investors should take it with a grain of salt - MarketWatch
2022-12-01,November 2022 Review and Outlook - Nasdaq
2022-11-25,Dow closes more than 150 points higher. Stocks notch gains for holiday week - CNBC
2022-11-29,"Santa and the stock market: December has highest winning percentage of any month for Dow, S&P 500 and small caps - MarketWatch"
2022-12-06,"S&P 500 notches fifth day of losses as traders consider recession odds, yields fall - CNBC"
2022-12-08,"S&P 500, Nasdaq snap losing streaks after jobless claims rise - Yahoo Finance"
2022-12-06,"Stocks Fall Midday, Yields Ease - The Wall Street Journal"
2022-12-09,3 Stock Market Indicators You've Probably Missed In IBD - Investor's Business Daily
2022-12-09,Stocks Slip After Higher-Than-Expected Inflation - Barron's
2022-12-07,3 Nasdaq 100 Stocks That Are Surefire End-of-Year Buys - The Motley Fool
2022-12-03,Here’s what history says about stock market performance in December - MarketWatch
2022-12-08,Prediction: These 2 Stocks Will Soar in 2023 - The Motley Fool
2022-12-13,"Stocks close higher on cooler inflation report, notch second day of gains - CNBC"
2022-12-15,Wall Street slumps as Fed heightens recession fears - Reuters
2022-12-11,Tech Stocks Will Have Trouble Even After the Fed Eases Rate Hikes - markets.businessinsider.com
2022-12-09,Will the Stock Market Have a Good December? Don't Count on a Santa Rally. - Barron's
2022-12-13,Target ESG While Stocks Rally - ETF Trends
2022-12-14,S&P 500 Tests Resistance At 4040 Ahead Of Fed Rate Decision - FXEmpire
2022-12-14,S&P 500 snaps 2-day winning streak after Fed raises rates and signals more hikes next year - CNBC
2022-12-14,Nifty to reclaim or 18700 or bears to drag index below 18400? 7 things to know before share market opens - The Financial Express
2022-12-13,Nasdaq Bear Market: 2 Stocks I'd Buy With No Hesitation - The Motley Fool
2022-12-14,Bad News? The Worse the Better! - AdvisorHub
2022-12-12,Wall Street rises ahead of year’s last barrage of rate hikes - KALB
2022-12-12,FOMC Meeting December 2022 HIGHLIGHTS: Fed slows pace of rate hike to 50 bps; brings funds rate at 4.25-4.5% range - Zee Business
2022-12-14,US stocks edge higher as investors hold their breath for the Fed's final rate hike of the year - markets.businessinsider.com
2022-12-14,"Dow closes out its worst day in three months, falls more than 700 points as recession fears grow - CNBC"
2022-12-12,Dow soars 528 points ahead of crucial inflation reading and start of Fed policy meeting - markets.businessinsider.com
2022-12-09,Elon Musk’s Tweeting Is Problematic for Tesla Stock. Here’s Proof. - Barron's
2022-12-16,"Dow closes more than 200 points lower, falls for a second straight week as recession fears grow - CNBC"
2022-12-09,"Dow tumbles 300 points Friday, posts worst week since September - CNBC"
2022-12-11,"No, the Bear Market for Stocks Isn't Over -- and Here's Why - The Motley Fool"
2022-12-15,"S&P/TSX composite down nearly 400 points, U.S. stock markets also lower - Bowen Island Undercurrent"
2022-12-23,"Analysts expect these Nasdaq stocks to rally in 2023, with some forecast to double - CNBC"
2022-12-19,What's Ahead for the Stock Market in 2023? Our Strategists Weigh In. - Barron's
2022-12-23,Biotech is Set for a Blockbuster 2023: Here's Why - Nasdaq
2022-12-20,"Stock market news live updates: Stocks snap four-day losing streak, Tesla sell-off intensifies - Yahoo Finance"
2022-12-23,Overseas mutual funds are again open for investments; what should be your strategy? - Moneycontrol
2022-12-23,S&P 500 suffers third straight weekly fall ahead of Christmas - MarketWatch
2022-12-22,Stock Market News Today: Dow Closes 349 Points Lower After Strong Economic Data - The Wall Street Journal
2022-12-19,US stocks dip after weekly drop as recession worries remain on the radar - markets.businessinsider.com
2022-12-20,"2 Growth Stocks That Can Turn $500,000 Into $1 Million by 2025 - The Motley Fool"
2022-12-22,Dow closes more than 300 points lower as December selloff resumes - CNBC
2022-12-22,Dow Drops Over 300 Points as Markets Give Back Gains - Barron's
2022-12-21,"Stock market news live updates: Stocks close sharply higher as Nike, consumer sentiment spur Wall Street rebound - Yahoo Finance"
2022-12-19,Nasdaq’s final IPOs of 2022 are a fitting end to a subdued year - qz.com
2022-12-21,"Wall Street gains ground, turning higher for the week - KALB"
2022-12-21,Here's What Experts Predict for the Stock Market in 2023 — and What Investors Should Do - money.com
2022-12-19,Stock Market Today: Stocks Turn Lower After Disappointing Housing Data - Kiplinger
2022-12-21,Ever Wonder What Drives Tesla's Revenue? - The Globe and Mail
2022-12-20,Wall Street falls fourth straight day as recession worries nag - The Straits Times
2022-12-22,Is the stock market open on Monday after Christmas Day? - MarketWatch
2022-12-19,"Wall Street loses more ground, extending a losing streak - Sent-trib"
2022-12-19,The close: Stocks fall for fourth straight day; Algonquin Power hits new low after analyst cuts target - The Globe and Mail
2022-12-30,Just How Badly Did Stock Markets Perform In 2022? - Nasdaq
2022-12-30,Wall Street ends 2022 with biggest annual drop since 2008 - Reuters
2022-12-30,"US stocks finish 2022 with another loss, ending the year down 20% in their worst performance since 2008 - markets.businessinsider.com"
2022-12-28,12 Best Performing NASDAQ Stocks in 2022 - Yahoo Finance
2022-12-27,"S&P 500 closes lower, Nasdaq sheds 1% as bond yields pop - CNBC"
2022-12-29,Stocks rally on Wall Street; job market remains strong - Los Angeles Times
2022-12-30,The stock market just had its worst year since 2008 - Fast Company
2022-12-30,"Inflation, recession and earnings among factors to drive U.S. stocks in 2023 - Reuters"
2022-12-29,"Stock market news live updates: Stocks surge, Nasdaq rallies, Tesla rebounds on second to last trading day of 2022 - Yahoo Finance"
2022-12-27,"How a Santa Claus rally, or lack thereof, sets the stage for the stock market in first quarter - MarketWatch"
2022-12-30,"Stocks fall to end Wall Street's worst year since 2008, S&P 500 finishes 2022 down nearly 20% - CNBC"
2022-12-30,"US stocks fall in last trading day of the year, capping worst performance since 2008 - markets.businessinsider.com"
2022-12-28,Nasdaq on track for worst December on record as stocks end sharply lower - MarketWatch
2022-12-30,"S&P 500 falls 19.4% in 2022, worst year since 2008 financial crisis - Yahoo Finance"
2022-12-30,5 things to know before the stock market opens Friday - CNBC
2022-12-30,S&P 500 caps off dismal year with worst loss since 2008 financial crisis - CBS News
2022-12-30,Goodbye 2022 – and good riddance. Markets close out their worst year since 2008 - CNN
2022-12-30,"Stock Market Today: In pre-open deals, Sensex rises 150 points, Nifty50 crosses 18250 - DNP India"
2023-01-04,Nasdaq Index Performance: December 2022 - Nasdaq
2023-01-04,Could the Dow Jones Keep Outperforming the Nasdaq Composite in 2023? - The Motley Fool
2023-01-03,Stocks Close Out 2022 With Worst Losses Since 2008 - Nasdaq
2023-01-04,Stock Market Today: Top 10 things to know before the market opens today - Moneycontrol
2022-12-31,The Dow Handily Beat the Nasdaq in 2022. Here’s What History Says Happens Next. - Barron's
2023-01-06,The Dow takes ‘important first step’ toward a new bull market - MarketWatch
2023-01-03,"Stocks close lower on first trading day of 2023, hurt by slumping Apple, Tesla - CNBC"
2023-01-05,What Stock Market Investors Need to Know About the ‘January Indicator Trifecta’ - Barron's
2023-01-03,Will Tesla Keep Weighing the Nasdaq Down in 2023? - The Motley Fool
2023-01-03,US stocks slump in first trading day of 2023 as recession fears weigh on investors - markets.businessinsider.com
2023-01-03,2022 Review and Outlook - Nasdaq
2023-01-03,"Stock Market News for Jan 3, 2023 - Nasdaq"
2023-01-06,Is the S&P 500 All You Need to Retire a Millionaire? - The Globe and Mail
2023-01-07,The Nasdaq Composite Just Did Something It's Only Done 3 Times in History - Nasdaq
2023-01-11,"Stocks close higher, Nasdaq clinches fifth day of gains after CPI report shows cooling inflation - CNBC"
2023-01-09,S&P 500 near flat as investors weigh chances of less aggressive rate hikes - Reuters
2023-01-06,Will record levels of dry powder trigger a delayed explosion of startup investment? - TechCrunch
2023-01-12,Fintech stocks did worse than fin or tech in 2022 - livemint.com
2023-01-13,"Stock Market News for Jan 13, 2023 - Yahoo Finance"
2023-01-13,"US Stock Market News Today: Dow Jones jumps 216 points, Nasdaq gains 69 points as data suggests inflation may be on downward trend - Zee Business"
2023-01-12,Dow Gains 200 Points After Latest Inflation Report - Barron's
2023-01-10,Asia-Pacific markets trade mixed after Nasdaq extends gains backed by technology - CNBC
2023-01-13,"Stocks will suffer this year as a recession hits, so it could be time to load up on bonds, PIMCO says - markets.businessinsider.com"
2023-01-11,Stock Market Today: Nasdaq Climbs for Fourth Straight Day Ahead of CPI - Kiplinger
2023-01-12,How to Know When the Bear Market Is Over — and Why You Shouldn't Wait to Invest - money.com
2023-01-09,The Best & Worst Performing S&P500 Sectors in 2022 - tastylive
2023-01-09,"Markets: Bitcoin back above US$17,000; Ether, crypto market extend weekend gains - Forkast News"
2023-01-08,12 Stock Market Predictions for 2023 - The Motley Fool
2023-01-10,The Smartest Stocks to Buy With $100 in 2023 - Nasdaq
2023-01-06,"Stocks stage first big rally of 2023 as hope grows that inflation will ease, Dow closes up 700 points - CNBC"
2023-01-08,This May Be the Longest Bear Market in History - The Motley Fool
2023-01-13,"Gold and Stocks - Performance Past, Performance Future - U.S. Gold Bureau"
2023-01-13,Why Plug Power Is Soaring by Almost 25% This Week - The Motley Fool
2023-01-11,ASX rallies to five-week high on hopes US inflation numbers will show rate rises working — as it happened - Australian Broadcasting Corporation
2023-01-20,"Stocks close higher Friday, Nasdaq notches third straight week of wins - CNBC"
2023-01-17,Nasdaq Composite: Liftoff? - TradingView — Track All Markets
2023-01-16,"US Stock Market today holiday: Dow Jones, Nasdaq Index open or closed today? | Martin Luther King Jr Day 2023, US Stock Market Holiday Calendar 2023 - Zee Business"
2023-01-17,The Nasdaq Will Likely Soar in 2023 -- 2 Tech Stocks to Buy If It Does - The Motley Fool
2023-01-14,Major stock market indices worldwide - Macau Business
2023-01-18,"S&P 500 posts worst day in more than a month, Dow closes 600 points lower - CNBC"
2023-01-20,A Bull Market Is Coming: 2 Perfect Index Funds to Buy Now and Hold Forever - The Motley Fool
2023-01-20,The Stock Market Bottom Could Already Be In. Don't Miss the Recovery. - The Motley Fool
2023-01-15,How Long Will the Bear Market Last? History Offers 2 Well-Defined Clues - The Motley Fool
2023-01-26,There Is More to Nasdaq ETFs Than QQQ - Nasdaq
2023-01-24,Dow closes 100 points higher for third consecutive day of gains - CNBC
2023-01-22,The Nasdaq Composite Just Had One of Its Worst Years In History. Here's What Usually Happens Next - The Motley Fool
2023-01-27,"Nasdaq sees best start to year since 2000. But early gains don't always last, data show - MarketWatch"
2023-01-27,How Nasdaq’s Stellar Run Could Squash Tech’s Bear Market by March - Barron's
2023-01-27,"Wall Street ends higher, notches weekly gains as Fed meeting looms - Reuters"
2023-01-21,"Tech rally boosts S&P 500, Nasdaq sharply higher - AFR"
2023-01-20,"The huge wave of tech layoffs is laying the groundwork for a 20% rally among stocks in the sector, Wedbush says - markets.businessinsider.com"
2023-01-24,Wall Street falls as earnings kicks into high gear - livemint.com
2023-01-26,XLC ETF: Performing Better Than The Nasdaq And The S&P 500 - Seeking Alpha
2023-01-27,Back to bull: Investors expect bull market by the end of 2023 - The Business Journals
2023-01-27,"S&P 500 Nears First ‘Golden Cross’ in 2.5 Years, but This Doesn’t Guarantee More Gains Ahead - Barron's"
2023-01-24,If the stock market crashes in 2023 it will be the fault of the Fed and U.S. banks. Here's what could go wrong. - MarketWatch
2023-01-23,"Nasdaq jumps 2%, Dow closes 250 points higher as investors weigh Fed rate path - CNBC"
2023-01-20,Stocks and Bonds Are Sending Different Messages. One of Them Is Wrong. - Barron's
2023-01-27,Tesla Stock Wasn’t Supposed to Gain This Much. Where It Goes Next. - Barron's
2023-01-25,1 ETF to Make Investing Easy for You in 2023 - The Motley Fool
2023-01-26,Redfin and Zillow Stock Slide Shows Possible Shift in Home Listings Landscape - Barron's
2023-01-23,Invesco Canada announces changes to its product line - Newswire Canada
2023-02-01,"S&P 500 closes higher on Wednesday, Nasdaq adds 2% as investors look past Fed's rate hike - CNBC"
2023-02-02,Nasdaq Index Performance: January 2023 - Nasdaq
2023-02-02,"Nasdaq jumps more than 2% on Meta surge, Fed relief - livemint.com"
2023-02-02,"Nasdaq, S&P 500 post strong gains on Fed relief, Meta surge - Reuters"
2023-01-28,"Inflation has cooled, but investors risk being caught off guard by a 'head fake' that could halt the latest stock-market rally - markets.businessinsider.com"
2023-02-03,Major stock market indices worldwide - Macau Business
2023-02-01,Stocks Keep Climbing as Wall St. and Fed Diverge (Published 2023) - The New York Times
2023-01-30,"Stocks close lower, Dow sheds more than 250 points to snap six-day win streak - CNBC"
2023-02-02,Biden’s Stock Market Is Nearly Identical to Trump’s - Bloomberg.com
2023-02-03,Astonishingly strong US jobs report sends stocks wavering - CNN
2023-02-01,"Stock Market News for Feb 1, 2023 - Nasdaq"
2023-02-01,‘Won’t get fooled again’? Nasdaq jumped more than 10% in January. Here’s what history shows happens next to the tech-heavy index. - MarketWatch
2023-01-28,Major stock market indices worldwide - Macau Business
2023-02-03,Cathie Wood hails her flagship ARKK ETF as 'the new Nasdaq' after the fund just notched its best month ever in January - markets.businessinsider.com
2023-02-01,"Dow closes more than 350 points higher, S&P 500 caps best January in four years - CNBC"
2023-02-01,January 2023 Review and Outlook - Nasdaq
2023-02-02,S&P 500 advances more than 1% to its best level in five months as Meta leads tech-fueled rally - CNBC
2023-02-01,The Nasdaq Is Rebounding: 2 Supercharged Growth Stocks to Buy in February - The Motley Fool
2023-01-30,What is the Russell 2000 Index? - Yahoo Finance
2023-02-01,Why the Invesco QQQ ETF Gained 10.6% in January - The Motley Fool
2023-02-07,"Dow finishes more than 250 points higher, Nasdaq climbs 1.9% after Fed Chair Powell says inflation is declining - CNBC"
2023-02-03,"US Stock Market: Nasdaq Composite, S&P 500 surge as Wall Street cheers remarks; Meta shares soar - Zee Business"
2023-02-06,Eton’s index shirt changes prices as per Nasdaq - Luxebook India
2023-02-07,Stocks Pop After Powell Says Inflation Is Declining - Barron's
2023-02-09,"Dow closes nearly 250 points lower, Nasdaq sheds 1% as Alphabet shares slide: Live updates - CNBC"
2023-02-06,How the U.S. dollar could put this stock-market rally to a big test - MarketWatch
2023-02-08,'Big Short' Michael Burry Hints Stock Rally Will End With Epic Crash - markets.businessinsider.com
2023-02-06,S&P 500 Poised for Short-Term Gains but Long-Term Challenges Loom - Investing.com
2023-02-06,Seoul stocks end lower amid Fed rate hike woes - The Korea Times
2023-02-10,Why Lyft and Expedia Dragged Down the Nasdaq Friday - The Motley Fool
2023-02-07,"S&P/TSX composite edges lower in late-morning trading, U.S. stocks mixed - Pique Newsmagazine"
2023-02-08,‘Big Short’ investor Michael Burry tweets a one-word stern warning to investors - The Financial Express
2023-02-06,US stocks fall as investors assess Fed path after the strong January jobs report - markets.businessinsider.com
2023-02-04,Major stock market indices worldwide - Macau Business
2023-02-06,"S&P/TSX composite edges lower Monday across sectors, U.S. stocks also slip - Richmond News"
2023-02-04,Should You Still Buy the Nasdaq's Best-Performing January Stocks? - The Motley Fool
2023-02-08,Lucid Stock Beats Tesla to Lead Techs' 2023 Rally on PIF Takeover Rumor - markets.businessinsider.com
2023-02-07,Stock Market News Today: Bulls Take Over after Powell Speech - TipRanks
2023-02-10,The Candlestick: The Top 5 NASDAQ stocks to buy right now according to Carl’s ‘sticks - Stockhead
2023-02-17,"Dow closes more than 100 points higher on Friday, but notches third straight week of losses on rate fears: Live updates - CNBC"
2023-02-13,FAQ: Options on Micro E-mini S&P 500 and Nasdaq-100 futures - CME Group
2023-02-17,Stock Market Today: S&P 500 suffers back-to-back weekly losses as rate-hike worries rise - MarketWatch
2023-02-16,Is Fidelity Nasdaq Composite (FNCMX) a Strong Mutual Fund Pick Right Now? - Nasdaq
2023-02-14,Wall Street ends mixed as inflation data supports rate worries - Reuters
2023-02-16,"Dow closes 400 points lower as hot inflation report, comments from Fed's Bullard raise rate hike fears: Live updates - CNBC"
2023-02-17,Stocks Pare Losses as Investors Fear More Rate Hikes - Barron's
2023-02-14,"The worst is over for stocks but the bull market is 'stuck in traffic', Wells Fargo says - markets.businessinsider.com"
2023-02-16,2 Nasdaq Stocks for Investors Who Like Winners - The Motley Fool
2023-02-17,Nasdaq Composite Leads Stock Market Losses as Rate Hike Fears Return - Coinspeaker
2023-02-16,What Is the S&P 500 Index? - money.com
2023-02-17,"What recession? Strong economy buoys U.S. stocks, though Fed casts shadow - The Globe and Mail"
2023-02-11,"Dow closes nearly 170 points higher, S&P 500 and Nasdaq post worst week since December - CNBC"
2023-02-14,US stocks end volatile session mixed after inflation cools by less than expected - markets.businessinsider.com
2023-02-15,Stock Market Today: Stocks end higher despite strong retail sales reinforcing rate hike worries - MarketWatch
2023-02-16,Stock Market News Today: Bears Dominate after Disappointing Economic Data - TipRanks
2023-02-15,"Stocks close slightly higher, Nasdaq notches 3-day win streak as investors weigh retail sales and inflation data: Live updates - CNBC"
2023-02-16,Workhorse Group Inc. stock outperforms competitors despite losses on the day - MarketWatch
2023-02-14,Dow closes more than 150 points lower following January's hotter-than-expected inflation report: Live updates - CNBC
2023-02-14,Stock Market News Today: Stocks Struggle for Direction after CPI Report - TipRanks
2023-02-20,Stock Futures Little Changed on U.S. Holiday - Barron's
2023-02-22,Wall Street posts worst day of 2023 on higher-for-longer rate fears - Reuters
2023-02-22,S&P 500 notches fourth day of losses after Fed minutes reaffirm tough stance on inflation: Live updates - CNBC
2023-02-22,US stocks trade mixed as Fed minutes show central bank willing to push on with rate hikes to fight inflation - markets.businessinsider.com
2023-02-22,Insurer in Full: Large cap stocks’ underperformance drags US insurance composite to negative territory - Slipcase
2023-02-22,"Share Market HIGHLIGHTS: Sensex crashes over 900 pts, Nifty below 17,600 as rate hike woes hit global equities; Adani stocks bleed - Zee Business"
2023-02-21,Investors Fear 2023's Stock Market Bounce Is Over -- But You Shouldn't - The Motley Fool
2023-02-24,"Ukraine War is great for the portfolio, as defense stocks enjoy a banner year - Responsible Statecraft"
2023-02-18,QQQE: It's Time To Equal-Weight The Nasdaq-100 - Seeking Alpha
2023-02-24,US stocks fall after new inflation data boosts outlook the Fed will stay aggressive - markets.businessinsider.com
2023-02-23,"Stocks close higher Thursday, S&P 500 snaps four-day losing streak: Live updates - CNBC"
2023-02-21,QQQ: A Deep-Dive Into The Fund's Characteristics (NASDAQ:QQQ) - Seeking Alpha
2023-02-24,US stocks close lower to wrap up losing week as hot inflation data jolts markets - markets.businessinsider.com
2023-02-19,CNBC Daily Open: Growth stocks look hot but investors should be wary - CNBC
2023-02-21,US stocks fall as worries persist over the Fed keeping rates higher for longer - markets.businessinsider.com
2023-02-21,Stock Market News Today: Stocks Fall as Recent Carnage Continues - TipRanks
2023-02-27,The Dot-Com Bubble Peaked 23 Years Ago. The Nasdaq Has Barely Beaten Inflation Since Then. - Barron's
2023-02-25,Stocks close lower Friday after hot inflation report; major averages log worst week in 2023 - CNBC
2023-02-28,Wall Street closes out weak February as Fed concerns remain - Reuters
2023-02-28,"Dow closes more than 200 points lower Tuesday, major averages end February with losses: Live updates - CNBC"
2023-02-28,"Nasdaq, S&P 500 Futures Flatline Ahead Of Housing, Consumer Data: Analyst Pins Hopes On Dollar, Fed Rates To Keep Flickering Rally Hopes Alive - TradingView — Track All Markets"
2023-03-02,Looking for stock dividends of 9% to 11%? That’s what these ETF managers are aiming for with an AI-aided strategy. - MarketWatch
2023-03-02,AMLP and MLPB Underlying Index Methodology Changes - Nasdaq
2023-02-27,Stock Market News Today: Bulls Finish Today’s Session in Control - TipRanks
2023-03-01,2 Artificial Intelligence Stocks Millionaires Are Buying in a Nasdaq Bear Market - The Motley Fool
2023-02-26,The Resilience of Henry G. Parks Jr: Leading One of the Nation's Most Profitable Black-Owned Food Manufacturers - Black Enterprise
2023-02-26,This Bear Market Predictive Tool Hasn't Been Wrong in 77 Years: Here's Where It Says Stocks Head Next - The Motley Fool
2023-03-06,Dow closes higher Monday to notch four-day win streak: Live updates - CNBC
2023-03-10,US stock indices closed lower - وكالة أنباء البحرين
2023-03-07,"Dow closes 570 points lower, turns negative for 2023 as Powell ignites higher rate fears: Live updates - CNBC"
2023-03-05,Asia Morning Call-Global Markets - KITCO
2023-03-08,"Tesla Inc. stock falls Wednesday, underperforms market - MarketWatch"
2023-03-10,'Big Short' Michael Burry Warns on SVB Stock Rout: 'We Found Our Enron' - markets.businessinsider.com
2023-03-09,"Financials Lead Indexes Lower; Toro, General Electric, Iridium Hold Up - Investor's Business Daily"
2023-03-06,"Share Market HIGHLIGHTS: Sensex ends 415 pts higher, Nifty50 reclaims 17,700 led by IT, financial shares; Infosys, TCS among top movers - Zee Business"
2023-03-07,Stocks close sharply down after Powell says rates will rise more than expected - CNN
2023-03-06,Why Should You Invest in Blue Chip Stocks? - The Motley Fool
2023-03-10,"CATL’s Growing EV Battery Profits Don’t Mean Higher Costs for Tesla, BYD - Barron's"
2023-03-06,Stock Market Today: Snap Stock Soars in a Quiet Day for Markets - Kiplinger
2023-03-10,"Dow closes more than 300 points lower, posts worst week since June as Silicon Valley Bank collapse sparks selloff: Live updates - CNBC"
2023-03-09,Stock Market News Today: Bears Take Over as Stocks Close Lower - TipRanks
2023-03-03,Peloton Interactive Inc. stock outperforms market on strong trading day - MarketWatch
2023-03-05,1 Big Reason a Recession Could Actually Help the Stock Market in 2023 - The Motley Fool
2023-03-08,Dow finishes slightly lower as traders consider a faster Fed tightening cycle: Live updates - CNBC
2023-03-03,Novavax Inc. stock outperforms competitors on strong trading day - MarketWatch
2023-03-09,3 Common Misconceptions Investors Have About Mastercard - The Motley Fool
2023-03-08,"Energy Transfer LP stock rises Wednesday, still underperforms market - MarketWatch"
2023-03-07,Grab prepays $807 million in 2026 debt with extra cash - The Straits Times
2023-03-08,Stock Market Update March 8: Things You Should Know Before the Market Opens On Wednesday - The Daily Jagran
2023-03-16,Dow closes nearly 400 points lower on Friday as First Republic and regional banks resume slide: Live updates - CNBC
2023-03-15,Wall Street down as Credit Suisse sparks fresh bank selloff - Reuters
2023-03-14,"Stocks rally on Wall Street following inflation report, bank failures - PBS"
2023-03-17,The Stock Market Storm Is Far From Over - Barron's
2023-03-14,Guide to the 10 Most Popular Leveraged ETFs - Nasdaq
2023-03-17,Latest on banks and global markets - CNN
2023-03-15,Global Markets Report - 16 March - Morningstar Australia
2023-03-17,US stock market: Wall Street stocks slip as worries worsen about banks - Zee Business
2023-03-16,"Stocks close higher, Dow jumps more than 300 points as banks step in to aid First Republic: Live updates - CNBC"
2023-03-13,US stocks fall as investors brace for further impacts of Silicon Valley Bank's collapse - markets.businessinsider.com
2023-03-13,Stock Market Today: Nasdaq Gains as Treasury Yields Collapse - Kiplinger
2023-03-17,"Stock Market News for Mar 17, 2023 - Yahoo Finance"
2023-03-11,Wall St sinks on jitters about banks after mixed jobs report - Reuters
2023-03-15,"Share Market HIGHLIGHTS: Nifty closes below 17,000 for first time in five months, Sensex 918 pts off day's high - Zee Business"
2023-03-16,"March 15, 2023 Global stocks and banking news - CNN"
2023-03-12,Global Markets Report - 13 March - Morningstar Australia
2023-03-13,"Stock Market News for Mar 13, 2023 - Yahoo Finance"
2023-03-14,"Share Market HIGHLIGHTS: Sensex makes a big U-turn to end 591 pts below day's high, Nifty sinks below 17,050 - Zee Business"
2023-03-17,"Snap Inc. stock falls Friday, underperforms market - MarketWatch"
2023-03-13,Bank stocks dive and S&P 500 jumps as Wall Street trembles amid SVB failure - CBS News
2023-03-13,"SPX 2023 VS SPX 2008, Is it possible for this to happen again? for SP:SPX by DiYWALLST - TradingView — Track All Markets"
2023-03-12,"For Only the 5th Time in 153 Years, This Leading Economic Indicator Is Sending a Terrifying Warning to Wall Street - The Motley Fool"
2023-03-23,Stocks close higher Thursday following a volatile trading session: Live updates - CNBC
2023-03-22,Daily Markets: What Will the Fed Say About the Path Ahead? - Nasdaq
2023-03-20,Nasdaq Leaps Back To The Forefront: 4 Good Value Stocks - Forbes
2023-03-18,"Stock Market Today, March 17, 2023: Dow Ends Lower, First Republic and Credit Suisse Fall - The Wall Street Journal"
2023-03-21,Stocks Could Be Headed for Another Tumble. It Won’t Look Like the Last One. - Barron's
2023-03-21,"Stocks close higher Tuesday, S&P 500 adds more than 1% as regional banks pop: Live updates - CNBC"
2023-03-21,US stocks climb as banking fears ease and investors focus on key Fed meeting - markets.businessinsider.com
2023-03-22,Jet Token Takes Off onto NASDAQ Capital Markets - Law Street Media
2023-03-23,The stock market hit a pandemic bottom 3 years ago. Here’s how it has performed since then. - MarketWatch
2023-03-23,Better Buy: Apple vs. AMD - The Motley Fool
2023-03-21,"Share Market HIGHLIGHTS: Nifty 50 reclaims 17,100, Sensex back above 58,000; HDFC Bank, ICICI Bank aid 500-point surge in banking index - Zee Business"
2023-03-20,Stocks Rose Despite Bank Concerns. Investors Are Looking Ahead to the Fed. - Barron's
2023-03-20,"Tesla Inc. stock rises Monday, outperforms market - MarketWatch"
2023-03-23,"Share Market HIGHLIGHTS: Nifty sheds 75 pts to give up 17,100, Sensex loses 289 pts after Jerome Powell hints at more hikes - Zee Business"
2023-03-20,Meta Platforms Inc. stock underperforms Monday when compared to competitors despite daily gains - MarketWatch
2023-03-24,"FuelCell Energy Inc. stock falls Friday, underperforms market - MarketWatch"
2023-03-20,"Plug Power Inc. stock falls Monday, underperforms market - MarketWatch"
2023-03-19,Will This Be an Abnormally Long Bear Market? 1 Unorthodox Indicator Weighs In - The Motley Fool
2023-03-23,JetBlue Airways Corp. stock outperforms competitors despite losses on the day - MarketWatch
2023-03-24,"Peloton Interactive Inc. stock rises Friday, outperforms market - MarketWatch"
2023-03-23,"Aurora Cannabis Inc. stock falls Thursday, underperforms market - MarketWatch"
2023-03-21,Tesla and Coinbase Just Gave Shareholders Something to Smile About - The Motley Fool
2023-03-31,"Stocks close higher Friday, Nasdaq notches best quarter since 2020: Live updates - CNBC"
2023-03-28,The Nasdaq US Buyback Achievers Index: Delivering an Important Component of Total Yield for Income-Oriented Investors - Nasdaq
2023-03-30,"Stocks close higher a second-straight day, Dow jumps more than 100 points: Live updates - CNBC"
2023-03-30,"Stocks End Higher Thursday, Extend Gains - The Wall Street Journal"
2023-03-29,Asian stocks rise as anxiety over banks starts to fade - وكالة أنباء البحرين
2023-03-31,Big 6 Canadian Banks Make TSX a March Loser While US Indexes Jump - Bloomberg.com
2023-03-27,"Share Market HIGHLIGHTS: Nifty 50 comes within 14 pts of 17,000, Sensex ends 127 pts higher as bulls take charge of Street from bears after two days - Zee Business"
2023-03-30,"MFA Financial Inc. stock falls Thursday, underperforms market - MarketWatch"
2023-03-31,"How To Prepare For A New Stock Market Uptrend: Signals, Screens, Routines - Investor's Business Daily"
2023-03-31,"Sensex, Nifty climb 1.5%: Top factors why stock market rallied today - Business Today"
2023-03-30,'Big Short' Michael Burry admits he was 'wrong to say sell' after the Nasdaq 100 entered a bull market - markets.businessinsider.com
2023-03-30,"S&P/TSX composite up nearly 100 points, U.S. stock markets also climb higher - CityNews Kitchener"
2023-03-28,"Stocks close lower, Nasdaq drops a second day as higher yields press tech names: Live updates - CNBC"
2023-03-26,These 2 Valuation Metrics Have Been Infallible for 25 Years: Here's Where They Say Stocks Head Next - The Motley Fool
2023-03-27,Stocks Mixed Around Midday - The Wall Street Journal
2023-03-25,Is Mastercard Stock a Buy? - Nasdaq
2023-03-29,"Moderna Inc. stock rises Wednesday, still underperforms market - MarketWatch"
2023-03-29,"Stocks close higher on Wednesday as tech names lead a turnaround, Dow adds 300 points: Live updates - CNBC"
2023-03-27,"Dow closes nearly 200 points higher, S&P 500 notches third straight advance as bank shares jump: Live updates - CNBC"
2023-03-31,"TSX futures flat ahead of domestic GDP data, U.S. inflation data - wibqam.com"
2023-03-30,"I Was Wrong To Say Sell, Says Michael Burry – The Big Short Investor - CryptoRank"
2023-03-28,Bear Traps’ McDonald sees a ‘sharp drawdown’ ahead in Nasdaq - Invezz
2023-03-28,Paul Finnegan to Retire from CDW Board of Directors - FinancialContent
2023-04-03,"The world's largest AI fund has surged 23% this year, beating even the red-hot Nasdaq index - markets.businessinsider.com"
2023-04-06,Bitcoin Rises as Global Sanctions Trigger Resistance to U.S. Dollar Hegemony - VanEck
2023-04-06,Stocks Mixed Around Midday - The Wall Street Journal
2023-04-04,"Dow closes 300 points higher to begin April’s trading, S&P 500 notches fourth day of gains: Live updates - CNBC"
2023-04-05,Asian shares mixed after Wall St dips on weak economic data - DT Next
2023-04-06,"S&P/TSX composite posts small gain Thursday, U.S. markets also up - TownAndCountryToday.com"
2023-04-05,"Share Market HIGHLIGHTS: Sensex soars 2,076 pts in four days, Nifty reclaims 17,550; HDFC twins top movers - Zee Business"
2023-04-05,"As credit tightens, beware the debt maturity walls - TradingView — Track All Markets"
2023-04-04,"The latest rally in stocks 'makes little sense' and the market will likely slump back toward 2022 lows, JPMorgan says - markets.businessinsider.com"
2023-04-05,Which Are the 10 Most Valuable Latin American Companies on the NYSE? - bloomberglinea.com
2023-04-07,"Wall St reverses to end higher, bond yields steady ahead of US jobs report, holiday - Inquirer.net"
2023-03-31,Stocks End a Turbulent Quarter Higher - The Wall Street Journal
2023-04-04,"Stocks close lower Tuesday, Dow and S&P 500 snap four-day win streaks as economic worries loom: Live updates - CNBC"
2023-04-02,'Cracks in the foundation': 3 leading Wall Street strategists reveal the overlooked reason why stocks are on shaky ground right now — and how to invest with a downturn looming - Business Insider
2023-04-06,Heard on the Street Recap: Jobs Thursday - The Wall Street Journal
2023-03-31,Stock Market News Today – Stocks Rally to End Quarter with a Bang - TipRanks
2023-04-06,"Stocks dip, yields drop on latest signs of slowing economy - Jamaica Gleaner"
2023-04-12,"Stocks fall as fear of recession weighs on investors, Dow snaps four-day win streak: Live updates - CNBC"
2023-04-12,"US stock market news: Dow jumps nearly 100-points, Nasdaq down almost 0.5% - Zee Business"
2023-04-14,Retail investors are sitting on big losses in their stock portfolios even as the market rallies in 2023 - markets.businessinsider.com
2023-04-10,S&P 500 closes little changed Tuesday as traders await March inflation report: Live updates - CNBC
2023-04-10,"Nasdaq, S&P, Dow end mixed as traders look ahead to inflation data, bank earnings - Seeking Alpha"
2023-04-13,Why Are Stocks Up Today? - InvestorPlace
2023-04-10,"Share Market HIGHLIGHTS: Nifty holds 17,600, Sensex retreats 263 pts from day's high amid choppy trade; Tata Motors rallies - Zee Business"
2023-04-14,"S&P/TSX composite ekes out small Friday gain, U.S. markets down - CityNews Toronto"
2023-04-12,What every Canadian investor needs to know today: TSX gains ahead of BoC; Wall Street up on inflation reading - The Globe and Mail
2023-04-18,S&P 500 ends Tuesday little changed as earnings season picks up steam: Live updates - CNBC
2023-04-20,History Repeats: Applying What We Know About Tech Stocks to a New Market - Nasdaq
2023-04-21,Nasdaq Composite Technical Analysis - TradingView — Track All Markets
2023-04-19,"Sensex, Nifty Poised For Flat Start With Earnings In Focus - RTTNews"
2023-04-18,"S&P 500 ekes out gain as tech supports, J&J, Goldman disappoint - Reuters"
2023-04-19,US stocks fall as investors assess latest earnings and climbing bond yields - markets.businessinsider.com
2023-04-19,U.S. Stocks Open Wednesday Lower - The Wall Street Journal
2023-04-20,What's In The Stock Market Forecast For 2023? - Investor's Business Daily
2023-04-17,U.S. stocks end slightly higher with earnings season set to pick up steam - MarketWatch
2023-04-18,"Jobs are strong, inflation is cooling — yet recession worries remain - CNN"
2023-04-19,US stocks end mixed after new batch of earnings reports - markets.businessinsider.com
2023-04-21,"Bitcoin, Ether decline; equities fall amid U.S.-China tension - Forkast News"
2023-04-17,U.S. Stocks Open the Week Mixed - The Wall Street Journal
2023-04-19,Wall Street Might Retreat At Open - RTTNews
2023-04-21,US stocks rise but close lower for the week as investors mull mixed bag of corporate earnings - markets.businessinsider.com
2023-04-18,A single order from Elon Musk's Tesla has boosted a family's fortune to over $800 million - markets.businessinsider.com
2023-04-15,The stock market rally in 2023 has added $213 billion to the wealth of the world's top 10 billionaires - markets.businessinsider.com
2023-04-17,'Big Short' Michael Burry Followers Question 'Wrong to Say Sell' Tweet - markets.businessinsider.com
2023-04-14,Stocks tick higher on Wall Street as inflation slows further - Jamaica Gleaner
2023-04-19,The Fed Is Predicting a Recession: Here's What 95 Years of History Says Stocks Will Do Next - The Motley Fool
2023-04-24,Nasdaq closes lower Monday as investors prepare for Big Tech earnings: Live updates - CNBC
2023-04-25,From Index Investing to Index Options: A Beginner's Guide - Nasdaq
2023-04-25,How UPS and First Republic Crushed the Stock Market - Barron's
2023-04-25,"Tech powers Nasdaq gains; recession fears weigh on cyclicals, dollar By Reuters - Investing.com"
2023-04-26,"Dow, S&P 500 close lower Wednesday as First Republic woes eclipse Big Tech earnings: Live updates - CNBC"
2023-04-26,US stocks trade mixed as investors weigh solid earnings against continued bank stress - markets.businessinsider.com
2023-04-25,Stock Market Today: Top 10 things to know before the market opens - Moneycontrol
2023-04-25,Wall St sinks as weak earnings fan fears of economic slowdown - Reuters
2023-04-22,Why the stock market is causing so much frustration right now - MarketWatch
2023-04-27,"Sensex ends above 60,600, Nifty tops 17,900; Realty, IT, Metal shine - livemint.com"
2023-04-26,"Stock Market News for Apr 26, 2023 - Nasdaq"
2023-04-25,"Stocks close lower Tuesday as investors’ bank fears return, Dow sheds more than 300 points: Live updates - CNBC"
2023-04-25,Digging Into Up-and-Coming Quality Growth ETF QGRW - ETF Trends
2023-04-23,What Happens After a Bad Year in the Stock Market? - A Wealth of Common Sense
2023-04-25,"If You Invested $1,000 in Peloton Stock in 2019, This Is How Much You'd Have Now - The Motley Fool"
2023-04-27,"Nikola Corp. stock rises Thursday, outperforms market - MarketWatch"
2023-04-28,"SpaceX Is Still Private, but That Doesn’t Mean Its Stock Isn’t Traded - Barron's"
2023-04-26,Elon Musk's Tesla Just Lost a Whopping $140B in Market Value - Here's Why - markets.businessinsider.com
2023-04-27,"Biden’s Numbers, April Update - FactCheck.org"
2023-05-03,Dow closes more than 250 points lower Wednesday after Fed hikes rates for a 10th time: Live updates - CNBC
2023-05-04,"Stocks fall, dollar rises as investors eye weakening economy - Reuters"
2023-05-01,US stocks close lower after First Republic falls and ahead of the Fed's 2-day policy meeting - markets.businessinsider.com
2023-05-05,Dow jumps 500 points to break four-day losing streak as regional banks and Apple shares surge: Live updates - CNBC
2023-05-04,"The S&P 500, Dow and Nasdaq Since Their 2000 Highs: May 2023 - ETF Trends"
2023-05-02,The 16 Commandments of Raising Equity in a Challenging Market - Andreessen Horowitz
2023-05-03,"Sensex, Nifty fall ahead of Fed's rate hike decision; PSU Bank, Metal, IT lag - livemint.com"
2023-05-04,"S&P/TSX composite loses more than 100 points, U.S. markets also down - CityNews Halifax"
2023-05-03,Why MSCI Stock Fell 13.8% in April - The Motley Fool
2023-05-01,Tesla CEO Elon Musk Is Betting the Farm on a Product That Doesn’t Work Yet - Barron's
2023-05-05,"Tilray Brands Inc. stock rises Friday, outperforms market - MarketWatch"
2023-05-04,"Fed hikes rates by a quarter point, Bitcoin drops 0.48% - Forkast News"
2023-05-03,US stocks fall after Fed raises rates but points to possible pause on further increases - markets.businessinsider.com
2023-05-04,Wall Street sinks as bank fears flare - Los Angeles Times
2023-05-02,Australia's central bank hikes rates by 25 basis points; Asia-Pacific markets mixed - CNBC
2023-05-02,Winners of the etf.com 2023 Awards - ETF.com
2023-05-05,"Sensex, Nifty end deep in the red dragged by losses in HDFC twins, IndusInd Bank - livemint.com"
2023-05-04,Apple Stock and Big Tech Are Winners. Why Cathie Wood’s ARK Is Still a Loser. - Barron's
2023-05-02,Why KeyCorp Stock Dropped 10% in April - The Motley Fool
2023-04-30,"U.S. Money Supply Is Doing Something It Hasn't Done in 90 Years, and It May Signal a Big Move for Stocks - The Motley Fool"
2023-05-01,Fidelity’s 5 Best Dividend ETFs - DividendInvestor.com
2023-05-11,Nasdaq closes 1% higher Wednesday after inflation data is cooler than anticipated: Live updates - CNBC
2023-05-12,"Tech stocks' superb 2023 is about to be shattered by a recession, Bank of America warns - markets.businessinsider.com"
2023-05-10,"Stocks rise as U.S. inflation trends lower, bond yields slide - Reuters"
2023-05-08,Under Modi’s Watch Crony Capitalist Sector’s Share In India’s GDP Goes Up From 5% To 8% – Analysis - Eurasia Review
2023-05-10,The latest on inflation and markets - CNN
2023-05-11,Global Market Update: What investors need to know today - The Financial Express
2023-05-09,What Big Tech’s ‘Identity Crisis’ Means for Investors - money.com
2023-05-11,Buy Nintendo Stock. The New Zelda Is Just One Reason. - Barron's
2023-05-09,Energy Transfer LP stock outperforms market on strong trading day - MarketWatch
2023-05-09,"Sensex, Nifty end flat; PSU Bank, FMCG, Realty drag; IT gains - livemint.com"
2023-05-10,US stocks trade mixed as investors assess cooler April inflation data - markets.businessinsider.com
2023-05-12,"S&P 500 closes lower, notches a second week of losses, following disappointing consumer sentiment data: Live updates - CNBC"
2023-05-10,Baron Funds Q1 2023 Report - Letter From Linda - Seeking Alpha
2023-05-08,Stock Market Today: Stocks Choppy With Inflation Data on Deck - Kiplinger
2023-05-08,Wall Street steadies as banks stabilize - Los Angeles Times
2023-05-11,"U.S. Money Supply Is Doing Something Truly Historic, and It May Foreshadow a Big Move for the Stock Market - The Motley Fool"
2023-05-09,"Stocks close lower as investors eye inflation data, White House meeting on debt ceiling: Live updates - CNBC"
2023-05-08,Majority of People Prefer Traditional Banks Over Online Banks - Kiplinger
2023-05-07,"For Only the 4th Time in 50 Years, This Banking Metric Is Forecasting a Big Move in the Stock Market - The Motley Fool"
2023-05-08,"CDW to Participate in the J.P. Morgan 51st Annual Global Technology, Media & Communications Conference - FinancialContent"
2023-05-11,US shares slump as another regional bank tumbles - News of Bahrain
2023-05-11,Asian shares dip ahead of US inflation report - Borneo Bulletin
2023-05-19,"Stocks end Friday lower as GOP negotiators halt debt ceiling talks, S&P 500 notches best week since March: Live updates - CNBC"
2023-05-18,This Equities Rally Is Running on Hope and a Story - Bloomberg.com
2023-05-18,There are 2 things needed to sustain this year's blistering rally in tech stocks - markets.businessinsider.com
2023-05-17,"Stocks close higher Wednesday, Dow surges 400 points as traders grow optimistic on a debt ceiling deal: Live updates - CNBC"
2023-05-19,China’s economy is growing again. So why are investors getting out? - CNN
2023-05-16,The AI Revolution: A Speculative Bubble or a New Era for Investors? - Investing.com UK
2023-05-17,"K-Pop Stocks Soar on Quarterly Earnings, Strong Growth - Billboard"
2023-05-15,"Stock Market News, May 15, 2023: S&P 500, Nasdaq Close Higher With Debt Ceiling in Focus - The Wall Street Journal"
2023-05-19,US stocks climb as Wall Street hopes debt ceiling deal is in sight - markets.businessinsider.com
2023-05-16,"Spirit Airlines Inc. stock falls Tuesday, underperforms market - MarketWatch"
2023-05-13,Why You Should Teach Your Kids Investing - Kiplinger
2023-05-19,US stocks close lower after Republicans and the White House hit an impasse in debt-ceiling talks - markets.businessinsider.com
2023-05-17,Take-Two stock soars as outlook suggests 'Grand Theft Auto VI' is coming in 2024 - MarketWatch
2023-05-16,"Dow closes more than 300 points lower on discouraging Home Depot forecast, debt ceiling concerns: Live updates - CNBC"
2023-05-19,5 things to know before the stock market opens Friday - CNBC
2023-05-18,Tech leads US stocks higher as traders ride AI hype and cheer debt ceiling progress - markets.businessinsider.com
2023-05-18,US stocks trade mixed as jobless claims tick down and Fed's Logan says data supports more rate hikes - markets.businessinsider.com
2023-05-19,"Mega-cap tech stocks are 'overbought' and their rally may be getting closer to stalling out, Fundstrat's Mark Newton says - markets.businessinsider.com"
2023-05-17,The Oscar Mayer Wienermobile Gets a Beefy New Name for the First Time in Nearly 100 Years - FinancialContent
2023-05-13,Best Mutual Funds in UAE 2023 (UPDATED) - Business24-7
2023-05-25,Nasdaq closes 1.7% higher Thursday as Nvidia's surge powers tech rally: Live updates - CNBC
2023-05-25,Nvidia Stock Jumps to New High. Nasdaq Climbs With it. - Barron's
2023-05-20,Stocks of Chinese companies have lost $540 billion in value - DT Next
2023-05-22,What the stock market of 1945 says about the resilient performance of 2023 - MarketWatch
2023-05-26,Stock market: Wall Street joins worldwide slump - Economy - Business - Ahram Online
2023-05-26,"Stocks rally Friday on hopes for a debt ceiling deal, Nasdaq notches fifth straight week of wins: Live updates - CNBC"
2023-05-25,This Investment Strategy Has Been Foolproof Since 1900 -- 104 for 104 -- and It's the Closest Thing to a Wall Street Guarantee - The Motley Fool
2023-05-26,"Stock Market News Today, 5/26/23 – Stocks End Week with a Bang - TipRanks"
2023-05-21,"For Only the 6th Time Since 1870, This Valuation Metric Offers a Warning to Wall Street - The Motley Fool"
2023-05-31,"Stocks slip as investors look to House vote on debt ceiling, Nasdaq pops nearly 6% in May: Live updates - CNBC"
2023-06-01,Nasdaq Composite Technical Analysis - investingLive
2023-06-02,Stock Market Today: Friday rally drives S&P 500 to verge of bear-market exit - MarketWatch
2023-06-02,"Dow leaps 700 points on hot jobs report, Nasdaq notches sixth straight winning week: Live updates - CNBC"
2023-06-02,"The AI craze drove investors to pour a record $8.5 billion into tech funds last week, Bank of America says - markets.businessinsider.com"
2023-05-31,What's Ahead for the 10 Stocks That Have Driven Over 80% of U.S. Market Returns So Far in 2023 - Nasdaq
2023-06-02,The Dow Soars 700 Points - Barron's
2023-05-30,Are Stocks Headed for a Bull Market? Here’s What Experts Say - money.com
2023-06-01,Lessons From 1999 Market Mania - Forbes
2023-06-02,"Stock market today: Wall Street leaps, nearly escapes its bear market after strong jobs report - NewsNation"
2023-06-01,Stock market today: Wall Street rises with hopes for pause to rate hikes - ABC15 Arizona
2023-05-31,Wall Street slumps with markets worldwide - Honolulu Star-Advertiser
2023-05-26,Virgin Galactic Completed Its Space Mission. The Stock Didn’t Lift Off. - Barron's
2023-06-02,"FTSE leads global market surge, rejuvenated optimism for the US economy - Share Talk"
2023-06-02,Chijet Motor Company Listed on NASDAQ - FinancialContent
2023-06-02,GBP/AUD Rate Retreats on Aus Wage and RBA Developments - Pound Sterling LIVE
2023-05-30,ARK's Cathie Wood on Missing Nvidia Rally: Tesla Is 'Most Obvious' AI Play - Barron's
2023-05-30,How to Invest in the Best Canadian Stocks - MarketBeat
2023-06-08,Nasdaq: Is the tech rally running out of steam? - ig.com
2023-06-09,"S&P 500, Nasdaq hit fresh 2023 highs as Tesla rallies - Reuters"
2023-06-05,A New Bull Market Has Arrived - Nasdaq
2023-06-09,"S&P 500 notches fourth straight positive week, touches highest level since August: Live updates - CNBC"
2023-06-06,"The S&P 500, Dow and Nasdaq Since Their 2000 Highs - ETF Trends"
2023-06-06,My 3 Biggest Stock Market Predictions for June - The Motley Fool
2023-06-06,UK vs US stock market – who comes out on top? - Hargreaves Lansdown
2023-06-06,Nasdaq closes at 14-month high as small-cap stocks rally - MarketWatch
2023-06-08,5 Momentum ETFs That You Can Bet On - Nasdaq
2023-06-04,S&P 500 closes slightly lower on Monday after touching highest level since August: Live updates - CNBC
2023-06-03,"The 15 Most ""Baffling"" Investing Terms - Nasdaq"
2023-06-06,S&P 500 ticks up on Tuesday to close at highest level in 2023: Live updates - CNBC
2023-06-12,Daily Markets: Markets Wait for Inflation Data Before Fed Meeting - Nasdaq
2023-06-13,Stock-Market Bulls See Room to Run - WSJ - The Wall Street Journal
2023-06-09,Stock Market Highlights: Nifty forms make-or-break support at 18389. What should traders do next week - The Economic Times
2023-06-13,Stock Market Today: Top 10 things to know before the market opens - Moneycontrol
2023-06-12,Bearish investors are chasing the rally in U.S. stocks. Here’s what that means for the market. - MarketWatch
2023-06-14,"June 14, 2023 Fed interest rate and stock market news - CNN"
2023-06-13,"Up 27% In 2023, Is It Safe to Invest In the Nasdaq Right Now? - Nasdaq"
2023-06-12,XPeng Stock Investors Got Some Needed Good EV News - Barron's
2023-06-15,"S&P 500, Nasdaq rally for sixth straight day as traders hope Fed’s rate-hiking cycle is nearly over: Live updates - CNBC"
2023-06-12,"Stock market today: Wall Street rises, and S&P 500 hits highest level in more than a year - WDIO.com"
2023-06-13,How to Invest in the S&P 500 Index - Acorns
2023-06-16,Stock Market Today: Nasdaq Nabs Longest Weekly Win Streak Since 2019 - Kiplinger
2023-06-15,"IPO, AI Stocks Help Lead Wall Street Higher - The Motley Fool"
2023-06-15,US FOMC meet outcome Highlights: US Fed leaves key rates unchanged at 5-5.25%; foresees 2 small hikes by end of 2023 - livemint.com
2023-06-14,Should You Buy a Covered-Call ETF? - Morningstar Canada
2023-06-15,"Stock Market News Today, 6/15/23 – Stocks Finish Today’s Trading with a Bang - TipRanks"
2023-06-16,5 things to know before the stock market opens Friday - CNBC
2023-06-12,"Stock Market News Today, 6/12/23 – Stocks Start Week Strong as Tech Leads Rally - TipRanks"
2023-06-13,"Stock Market News Today, 6/13/23 – Stocks Rally on Slowing Inflation, Improving Business Optimism - TipRanks"
2023-06-13,"Based on History, This Old-School Indicator Spells Trouble for Wall Street - The Motley Fool"
2023-06-11,"This Bull Market Indicator Hasn't Been Wrong in 67 Years, and It Has a Clear Message for Where Stocks Head Next - The Motley Fool"
2023-06-20,"Stocks close lower for a second straight day, Dow sheds 200 points as market rally cools: Live updates - CNBC"
2023-06-22,Are Tech Stocks in a Bubble? - Nasdaq
2023-06-20,Nasdaq 100 vs Nifty 50 | Is Nasdaq better than Nifty? - Value Research
2023-06-23,"Wall Street ends down, snaps weekly winning streak on Fed worries - Reuters"
2023-06-23,AI Investment Is Booming—What Happens When It Flags? | Chief Investment Officer - ai-cio.com
2023-06-19,Is the Stock Market Open Today? Here Are the Trading Hours for Juneteenth. - Barron's
2023-06-21,"Stocks close lower for third straight day, Nasdaq drops 1% as investors' optimism wanes: Live updates - CNBC"
2023-06-23,Is the AI-led 'baby bubble' bursting? BofA says tech stocks just saw their biggest outflow in 10 weeks. - markets.businessinsider.com
2023-06-19,"Updates on Stocks, Rates, and Crypto - Topstep"
2023-06-23,"Stocks fall, dollar up as investors weigh more rate hikes - Reuters"
2023-06-19,Did We Just Go From a Bear Market to a Stock Market Bubble? - The Motley Fool
2023-06-23,AI Stocks Are a Long Way From Bubble Territory - Barron's
2023-06-23,Stock Market Today: Rising Recession Fears Sink Stocks - Kiplinger
2023-06-20,This New Bull Market Has Lasting Power - Nasdaq
2023-06-19,"Stock market today: Asia follows Wall St lower as US, Chinese foreign ministers meet - The Hill"
2023-06-20,Apple (NASDAQ: AAPL) Share Forecast and Fundamentals - Selfwealth
2023-06-19,Best Safe Mutual Funds Right Now - Benzinga
2023-06-22,What to Know About the Annual Russell Index Changes - Nasdaq
2023-06-17,Cathie Wood Sold More Tesla Stock. She Might Not Be Done. - Barron's
2023-06-22,World Markets: Stocks dip as Fed Chair Powell warns of more 'moderate' rate hikes - RTL Today
2023-06-22,Here's Precisely How Long the Average Bull and Bear Market Has Lasted Since 1929 - The Motley Fool
2023-06-20,This Economic Indicator Has Flawlessly Predicted Directional Stock Movements for 70 Years. Here's What It Says Happens Next - The Motley Fool
2023-06-26,Nasdaq sheds 1% on Monday as investors dump tech names to start final week of June: Live updates - CNBC
2023-06-30,"Wall St rallies; Nasdaq hits 40-year milestone, Apple scales $3 trillion - Reuters"
2023-06-30,Nasdaq records best start to year in four decades - Financial Times
2023-06-30,What Is the Average Stock Market Return? - US News Money
2023-06-26,"Charted: Companies in the Nasdaq 100, by Weight - Visual Capitalist"
2023-06-29,"Dow closes 200 points higher as major banks pop on stress test results, GDP revised upward: Live updates - CNBC"
2023-06-30,"Wall Street rallies as it heads for a winning week, month and first half of year - وكالة أنباء البحرين"
2023-06-26,One of the top stock watchers alive called the big S&P 500 comeback this year—and now he sees a ‘mild recession’ by the holidays - Fortune
2023-06-27,Why You Shouldn’t Use the Best Six Months Strategy - Cabot Wealth Network
2023-06-28,"Nifty hits 19,000 for the first time; here's why market is rallying today - livemint.com"
2023-06-30,"Share Market Highlights: Nifty hits all-time closing high near 19200, Sensex jumps 800 points; IT, Auto stocks in focus - The Financial Express"
2023-06-28,"Stock market up, some Mobile-area stocks down - AL.com"
2023-06-28,S&P 500 closes near flat as Powell warns that more restrictive policy could be on the way: Live updates - CNBC
2023-06-28,"Nasdaq edges up, S&P 500, Dow decline slightly; more Fed rate hikes in focus - Reuters"
2023-06-29,"Dow, S&P gain with bank rally countering rate worries - Reuters"
2023-06-26,"US stocks slip, crude gains on Russia tensions, rate hike worries - Reuters"
2023-06-27,Best Fidelity ETFs Right Now • Updated Daily - Benzinga
2023-06-27,Best Index Funds for November 2024 - AOL.com
2023-06-29,Constellation Signs Hourly Carbon-Free Energy Matching Agreement with Microsoft to Support a Clean-Powered Data Center - FinancialContent
2023-06-27,"Stock Market Today: Indices likely to start flat; SBI, Bharti Airtel in focus - DNP India"
2023-07-06,Wall St slides as labor data stokes rate hike fears - The Economic Times
2023-07-05,Dow slips 100 points to snap 3-day win streak as investors consider Fed’s latest comments: Live updates - CNBC
2023-07-06,15 Best NASDAQ Stocks To Buy Today - Yahoo Finance
2023-07-03,US Stocks Shrug Off Warnings as EV Makers Rally: Markets Wrap - Bloomberg.com
2023-07-07,"Stock Market Today: Dow, S&P 500, Nasdaq Composite Slide After June Jobs Report - Barron's"
2023-07-02,"Nasdaq Seasonality, Interest Rates, and Grain Futures - Topstep"
2023-07-03,Friday’s close caps off best half for Nasdaq in 40 years - Sharecafe
2023-07-07,"Top Stock Market Highlights of the Week: NASDAQ’s Record Run, UOL Group, Meta Platforms’ Threads and HDB Resale Volumes and Prices - Yahoo Finance Singapore"
2023-07-05,What is a Stock Market Index and How Do You Use Them? - MarketBeat
2023-07-04,Rob Carrick: A quick guide to investing in AI with Canadian-listed ETFs - The Globe and Mail
2023-07-10,Dow closes 200 points higher Monday to snap 3-day losing streak: Live updates - CNBC
2023-07-10,Market heavyweights dip ahead of Nasdaq 100 rebalance - Reuters
2023-07-11,Market heavyweights dip ahead of Nasdaq 100 rebalance - The Economic Times
2023-07-13,"Stock Market Today: Nasdaq, Dow Close Higher; Dollar, Bond Yields Fall - The Wall Street Journal"
2023-07-11,Dow closes 300 points higher Tuesday as key consumer inflation report looms: Live updates - CNBC
2023-07-11,Mega-Cap Tech Stocks Are so Big That the Nasdaq 100 Is Forcing a Shake-up - markets.businessinsider.com
2023-07-08,The Nasdaq Had Its Best First Half in 40 Years: History Says This Will Happen Next - The Motley Fool
2023-07-13,"Up 31% in 2023, Is It Safe to Invest in the Nasdaq Right Now? - The Globe and Mail"
2023-07-12,Nasdaq leads Wall St to higher close as CPI report lifts sentiment - Reuters
2023-07-11,Stock market today: Wall Street ends higher; Activision jumps - Bowen Island Undercurrent
2023-07-13,"Stocks rise a fourth day on soft inflation data, S&P 500 and Nasdaq close at highest levels in 2023: Live updates - CNBC"
2023-07-12,Here's Where History Says the Latest Bull Market Is Headed Next - markets.businessinsider.com
2023-07-13,"Stock Market News Today, 7/13/23 – Stocks Close Higher amid Slowing Inflation - TipRanks"
2023-07-11,Big Tech’s lead hits breakpoint for Nasdaq 100 - Free Malaysia Today
2023-07-13,"Up 31% in 2023, Is It Safe to Invest in the Nasdaq Right Now? - The Motley Fool"
2023-07-13,S&P 500 and Nasdaq Touch Their 15-Month High with Easing Inflation - Coinspeaker
2023-07-10,"US stocks trade mixed as investors prepare for busy week of economic data, earnings - markets.businessinsider.com"
2023-07-12,"S&P 500, Nasdaq close at highest levels since April 2022, buoyed by cooler-than-expected inflation report: Live updates - CNBC"
2023-07-14,Emerge ETFs rebound as cease-trade order and firm wind-down continue - Investment Executive
2023-07-21,One measure of 'the market' is up 34% this year while another is only up 6%—here's why - CNBC
2023-07-17,The Nasdaq-100 Is Undergoing a Special Rebalance. Here's How Investors Should Prepare. - Nasdaq
2023-07-19,Stocks advance as earnings pick up; Dow notches 8th day of gains - Reuters
2023-07-18,A passive reckoning for Nasdaq 100? - ETF Stream
2023-07-20,Nasdaq Is Reducing the Influence of Giant Tech Firms in a Popular Stock Market Index - money.com
2023-07-21,"Stock-market bubble trouble? Check out the 3-year view on Nasdaq, S&P 500 returns. - MarketWatch"
2023-07-19,12 Best NASDAQ Stocks Under $50 - Yahoo Finance
2023-07-17,'Rich Dad Poor Dad' author warns of a massive crash in stocks - and fears the US economy will crater - markets.businessinsider.com
2023-07-21,"Dow ekes out narrow gain Friday for 10th straight positive day, longest rally since 2017: Live updates - CNBC"
2023-07-21,Stock Market Today: Dow Brings Win Streak to 10 Ahead of Big Tech Earnings - Kiplinger
2023-07-20,Stock Market Today: Nasdaq ends more than 2% lower after earnings disappointment - MarketWatch
2023-07-18,Bank results lift stocks; Dow up for seventh straight session - Reuters
2023-07-21,Stock market closes another winning week by barely moving - Los Angeles Times
2023-07-20,"Rosenberg Warns Economy at Risk, Stock Mania Similar to Past Bubbles - markets.businessinsider.com"
2023-07-15,Why bother picking stocks? Why not just invest everything in index funds? - The Motley Fool Australia
2023-07-19,8 Best Invesco Funds for Your Investment Portfolio - US News Money
2023-07-14,Inari's shares hit 15-month high amid interest in tech stocks as US inflation cools - The Edge Malaysia
2023-07-14,Stock Market Plunge: Which Sectors are Suffering Most? - Investment U
2023-07-14,Stocks Are Staying Strong and Investors Seem ‘Fearless.’ What’s Next for the S&P 500. - Barron's
2023-07-17,How the NASDAQ 100 Special Rebalancing Will Hurt Performance - FinancialContent
2023-07-24,Nasdaq Inches Higher After Special Rebalance - Barron's
2023-07-25,"The Nasdaq 100 Has Been Rebalanced, but It Still Has a ""Big"" Problem - Nasdaq"
2023-07-24,"Dow rises nearly 200 points, extends rally to 11 days for longest winning streak in six years: Live updates - CNBC"
2023-07-26,U.S. stocks close little changed as Fed leaves door open - Reuters
2023-07-22,Artificial intelligence boom generates optimism in tech sector as stocks soar - The Guardian
2023-07-27,Stock Market Today: Top 10 things to know before the market opens - Moneycontrol
2023-07-27,"Stock Market News for Jul 27, 2023 - Yahoo Finance"
2023-07-25,How To Invest In The Nasdaq - London Evening Standard
2023-07-28,"Beyond Local: S&P/TSX composite rises Friday on energy, tech gains, U.S. markets also rise - TownAndCountryToday.com"
2023-07-28,Mobile and Alabama stocks have down day - AL.com
2023-07-26,"Dow rises for a 13th straight day, posting its best winning streak since 1987: Live updates - CNBC"
2023-07-28,Wall Street ends week higher on US soft landing hopes - Reuters
2023-07-26,What History Tells Us About the Nasdaq-100's Future - Nasdaq
2023-07-28,"Tesla Inc. stock rises Friday, outperforms market - MarketWatch"
2023-07-22,"If You Invested $1,000 in Tesla in 2018, This Is How Much You Would Have Today - Nasdaq"
2023-07-28,"PENN Entertainment Inc. stock falls Friday, underperforms market - MarketWatch"
2023-07-27,QQQM: More Upside Is Ahead (NASDAQ:QQQM) - Seeking Alpha
2023-07-25,Stock market today: Asian markets follow Wall St up after Chinese promise to support economy - WDTN.com
2023-08-02,Nasdaq drops more than 2% in worst day since February as Fitch downgrade ignites selloff: Live updates - CNBC
2023-08-01,"S&P 500, Nasdaq end lower on first day of August in busy earnings week - Reuters"
2023-08-02,"Closing Bell: Nifty below 19,550, Sensex falls 700 points; all sectors in red - Moneycontrol"
2023-08-02,S&P 500 slumps nearly 1.4% in worst day since April as Nasdaq falls over 2% after Fitch lowers U.S. credit rating - MarketWatch
2023-08-01,US stocks trade mixed amid earnings rush and fresh economic data - markets.businessinsider.com
2023-08-01,"S&P 500 slips to kick off August, Dow notches small gain after touching highest level in over a year: Live updates - CNBC"
2023-07-31,"Gift Nifty, rally in Asian markets and US stocks to Japan’s policy tweak - key triggers for Indian stock market today - livemint.com"
2023-08-03,2 Nasdaq 100 Stocks to Double Down On in August - The Motley Fool
2023-08-04,"Stock Market LIVE: Nifty ends above 19500, Sensex snaps 3-day losing streak; SBI sinks 3% on Q1 earnings - The Financial Express"
2023-08-02,Stocks sink after historic US credit rating downgrade - CNN
2023-08-02,The investment trusts that have beaten the best market of the decade - Trustnet
2023-08-01,"S&P/TSX composite falling, U.S. stocks mixed - North Shore News"
2023-08-02,Stock market today: Asia follows Wall St lower after the US government’s credit rating was cut - NewsNation
2023-08-02,"Wall Street ends down, investors step back after Fitch US rating cut - Reuters"
2023-08-03,"S&P/TSX composite down almost 100 points Thursday, U.S. markets also decline - TimminsToday.com"
2023-08-01,U.S. stocks roar back in 2023 to book best seven months to start a year in decades - MarketWatch
2023-08-02,Fitch's US debt-rating downgrade is bad news for stocks. Here's everything you need to know. - markets.businessinsider.com
2023-08-03,"Statistically Speaking, These Have Been the Best- and Worst-Performing Months for the Stock Market Since 1928 - The Motley Fool"
2023-07-31,Wall St finishes strong month on upbeat company earnings - Reuters
2023-07-30,"A Bull Market Is Coming -- 1 Incredible AI Growth Stock to Buy Hand Over Fist Before It Soars 300%, According to Wall Street - The Globe and Mail"
2023-08-01,"US: S&P 500, Nasdaq slide after mixed pharma earnings; economic data in focus - The Business Times"
2023-08-02,Stock market today: Wall Street tumbles to its worst loss in months - Boston Herald
2023-07-30,"If You'd Invested $1,000 in Apple in 2000, This Is How Much You'd Have Today - The Motley Fool"
2023-07-29,"This Investing Strategy Has a 100% Success Rate, But It Comes With a Very Big Catch - The Motley Fool"
2023-08-10,"Nasdaq Composite slips Friday, falls two weeks straight for the first time in 2023: Live updates - CNBC"
2023-08-10,"Wall Street ends flat, after pop from July inflation data fizzles - Reuters"
2023-08-09,The super 7 active funds that have beaten the Nasdaq over 10 years - Trustnet
2023-08-10,IXIC: Nasdaq Composite Kicks Off Up 1% as Inflation Stays Cool at 3.2% for July - TradingView — Track All Markets
2023-08-06,The Stock Market’s Rally Paused. It’s Time to Buy the Dip. - Barron's
2023-08-07,"Dow jumps more than 400 points, S&P 500 and Nasdaq snap four-day losing streaks as stocks rebound: Live updates - CNBC"
2023-08-08,"The S&P 500, Dow, and Nasdaq Since Their 2000 Highs - Nasdaq"
2023-08-10,"Up 34% in 2023, Is the Nasdaq Safe to Invest in Right Now? - The Motley Fool"
2023-08-10,Bearish investor Boaz Weinstein is feeling the pain from this year's unexpected stock rally - markets.businessinsider.com
2023-08-08,MIRA Pharmaceuticals Closes $8.9 Million IPO - MarketScreener
2023-08-07,"Stock Market Today: Dow Outperforms as Amgen, Boeing Gain Ground - Kiplinger"
2023-08-07,Stocks Bounce Back From Last Week's Losses - Barron's
2023-08-09,"Dow sheds nearly 200 points, Nasdaq drops 1% as August slide resumes ahead of inflation report: Live updates - CNBC"
2023-08-08,Microsoft Keeps Dropping. Here's Why You Should Buy the Dip. - The Globe and Mail
2023-08-10,Competing Forces - FS Insight
2023-08-09,"Dow ends Thursday slightly higher, lifted by weaker-than-expected inflation data, Disney pops nearly 5%: Live updates - CNBC"
2023-08-07,The Dow Jumps 400 Points. Investors Await Inflation Report. - Barron's
2023-08-08,Dow sheds more than 150 points as Moody’s bank downgrade rekindles market selloff: Live updates - CNBC
2023-08-11,‘Dangerous point for investors’: Strategist warns of overconfidence about A.I. - CNBC
2023-08-08,Asian benchmarks mostly slip after Wall Street’s losing week - Khmer Times
2023-08-09,How I'm Going to Invest My Mega Millions Lottery Jackpot - Kiplinger
2023-08-17,Dow tumbles nearly 300 points as stocks fall for a third straight day and yields pop: Live updates - CNBC
2023-08-18,12 Best NASDAQ ETFs - Yahoo Finance
2023-08-18,Stock Market News - Barron's
2023-08-16,'Big Short' investor Michael Burry's new bets against the S&P 500 and Nasdaq-100 are no surprise. Here's why. - markets.businessinsider.com
2023-08-18,"Nasdaq falls a fourth day in a row, notches longest weekly losing streak since December: Live updates - CNBC"
2023-08-16,3 Beaten-Down Value Stocks You’ll Regret Not Buying During This Nasdaq Correction - InvestorPlace
2023-08-14,'Big Short' Michael Burry Reveals Bets Against S&P 500 and Nasdaq-100 - markets.businessinsider.com
2023-08-16,"Stocks fall a second straight day, Nasdaq drops 1% as Fed cites lingering inflation woes: Live updates - CNBC"
2023-08-18,"Stock Market News Today, 8/18/23 – Indices Close Little Changed; Nasdaq Ends Week on Low Note - TipRanks"
2023-08-13,Nasdaq Composite (IXIC): Is the AI bubble getting busted? - The Coin Republic
2023-08-15,'Big Short' investor Michael Burry appears to bet on US market crash with $1.6 billion position against the S&P 500 and Nasdaq indexes - Daily Mail
2023-08-23,"Markets News, Aug. 23, 2023: Tech Stocks Boost Nasdaq, S&P 500 Ahead of Nvidia Earnings - Investopedia"
2023-08-21,US yields hit decade highs; European shares and Nasdaq rise - Reuters
2023-08-24,August once again lives up to its dismal reputation for stocks - CNBC
2023-08-25,Some Overlooked Names Are Supporting QQQ - ETF Trends
2023-08-18,Nasdaq Faces Worst Week Since Regional Banking Crisis - The Wall Street Journal
2023-08-22,2 No-Brainer Stocks That Could Go Parabolic - Nasdaq
2023-08-22,Stock Market Today: Top 10 things to know before the market opens - Moneycontrol
2023-08-18,"'Big Short' Michael Burry Is 'One-Trick Pony,' Wrong on Stocks: Expert - markets.businessinsider.com"
2023-08-23,"Nvidia Stock Earnings, Credit Card Debt Surges, Housing Data - tastylive"
2023-08-23,Stock market today: Asian shares mostly rise after Wall Street rally - NewsNation
2023-08-24,NASDAQ index now down 1% and back below its 100 hour moving average - investingLive
2023-08-22,VinFast shares break three-day losing streak on Nasdaq rally - Báo VietNamNet
2023-08-18,"S&P 500 ends near flat as energy, defensive sectors counter megacap declines - Reuters"
2023-08-24,Why Applied Digital Stock Plummeted Today - Nasdaq
2023-08-23,US stocks tick higher ahead of key earnings report from Nvidia - markets.businessinsider.com
2023-08-23,"How the Stock Market Performs After Jackson Hole, According to History - Barron's"
2023-08-18,Vanguard Is Launching an International Dividend Growth Fund. Here's Why. - Barron's
2023-08-22,VinFast Stock Soars 109%. It’s a Head-Scratcher. - Barron's
2023-08-18,"S&P/TSX composite ekes out gain Friday, U.S. stock markets mixed - iNFOnews.ca"
2023-08-24,Big Tech leads Wall Street to best day since June - The Arkansas Democrat-Gazette
2023-08-22,The Most Important Investment Chart You'll Ever See - The Motley Fool
2023-08-23,The best ETFs for retirement income - MoneySense
2023-09-01,"Dow closes more than 100 points higher to kick off September, notches best week since July: Live updates - CNBC"
2023-08-30,Stock market may face a stormy September. What investors need to know about Wall Street's worst month. - MarketWatch
2023-08-28,"Markets News, Aug. 28, 2023: Nasdaq, S&P 500 Gain to Start the Week; Dow Boosted by 3M - Investopedia"
2023-08-28,Investors can look at US equities to diversify portfolio - The New Indian Express
2023-09-01,Get A Handle On The Stock Market With This Set Of Indicators - Investor's Business Daily
2023-08-30,"S&P 500 rises for a fourth straight day, major averages curtail monthly losses in late August hot streak: Live updates - CNBC"
2023-08-27,13 NASDAQ Stocks with Lowest PE Ratios That May Not Be Value Traps - Yahoo Finance
2023-08-29,Global markets update: US stocks surge ahead of economic data - livemint.com
2023-09-01,Upstart’s Abrupt Stock Drop Shows Perils of AI Hype: Tech Watch - Bloomberg.com
2023-08-28,"Buffett Expects Recession, Burry's Big Short a 'Good Move': Steve Hanke - markets.businessinsider.com"
2023-09-01,Stock market today: Wall Street edges higher following data that shows the labor market is cooling - qz.com
2023-09-01,SPX: Stock Rally Loses Steam as S&P 500 Snaps 5-Month Winning Streak - TradingView — Track All Markets
2023-08-28,"Share Market Highlights: Nifty closes just over 19300, Sensex under 65k; RIL AGM today, JFS ends 2% lower, RIL sheds 1.3% - The Financial Express"
2023-08-31,"Let's Be Blunt, Stocks Are Expensive. Historically, That's Bad News for Investors. - The Motley Fool"
2023-08-28,"The stock market is set up for a relief rally. Don't chase it, says technician. - MarketWatch"
2023-08-28,Dow closes 200 points higher as Wall Street aims to curtail August’s decline: Live updates - CNBC
2023-08-31,"Share Market Highlights: Nifty closes below 19260, Sensex below 64840; Adani Enterprise, BPCL among the top losers - The Financial Express"
2023-08-28,Dow 30 Stocks List: Ranked By Hedge Fund Bullishness Index - Yahoo Finance
2023-09-01,August jobs report: Stocks end mostly higher as data seen putting Fed rate hikes on pause - MarketWatch
2023-08-31,“September Effect”: Are Stock Markets Doomed to Fall? - TipRanks
2023-08-28,"Stock market today: Asian shares mostly rise as attention turns to earnings, economies - CityNews Toronto"
2023-08-31,"Stock Market News Today, 8/31/23 – Stocks Finish Mixed on August’s Last Trading Day - TipRanks"
2023-09-07,Fidelity Investments Rings the Nasdaq Stock Market Closing Bell - Nasdaq
2023-09-08,A New Stock Market High Looks Far Away. There’s a Lot at Stake. - Barron's
2023-09-08,US stocks rise but indexes head for weekly losses on rate fears - markets.businessinsider.com
2023-09-07,"How major US stock indexes fared Thursday, 9/7/2023 - qz.com"
2023-09-05,"Dow tumbles nearly 200 points, Nasdaq falls a third straight day as Fed rate hike fears return: Live updates - CNBC"
2023-09-07,Introducing An AI Trading System Designed to Make You Money - InvestorPlace
2023-09-06,Stock market today: Wall Street loses ground as weak stretch continues - Richmond News
2023-09-08,"S&P, Nasdaq rise as megacaps gain ahead of key inflation data - Business Recorder"
2023-09-05,Stocks Slip as Trading Resumes After Long Weekend - Barron's
2023-09-04,"Stocks tend to plummet in September - but expect a better month this year, Bank of America says - markets.businessinsider.com"
2023-09-05,Dow closes nearly 200 points lower as rising oil prices drag down stocks: Live updates - CNBC
2023-09-01,"Another ""Worst Month"" for Stocks this September? Here's the Biggest Risk Right Now - Nasdaq"
2023-09-04,Is the Stock Market Open Today? These Are the Trading Hours for Labor Day. - Barron's
2023-09-08,Stock market today: Wall Street closes its worst week in the last 3 with a quiet finish - qz.com
2023-09-08,Stock market today: Asian shares track decline on Wall St as Japan cuts GDP estimate for 2nd quarter - The Hill
2023-09-05,"Australian economy slows down as rate hikes bite, ASX and Australian dollar lose ground — as it happened - Australian Broadcasting Corporation"
2023-09-01,"Stock Market News Today, 9/01/23 – Stocks Finish Mixed amid New Economic Data and Fedspeak - TipRanks"
2023-09-07,Cautious sentiment drags Bursa slightly lower - Free Malaysia Today
2023-09-03,"U.S. Money Supply Is Contracting for the First Time Since the Great Depression. Historically, This Is an Ominous Sign for Stocks. - The Motley Fool"
2023-09-15,"Nasdaq Composite could expect a year-end rally, despite weakness for the coming weeks - MarketWatch"
2023-09-12,"Nasdaq closes lower by 1% Tuesday as Apple slides and tech suffers, Oracle sheds 13%: Live updates - CNBC"
2023-09-08,BondBloxx Monthly Update – August 2023 - Nasdaq
2023-09-12,Dow slips a second day after August’s slightly hotter core inflation reading: Live updates - CNBC
2023-09-14,Asian shares mostly higher after U.S. inflation data ease rate hike worries - 朝日新聞
2023-09-15,"Wall Street tumbles, Treasury yields gain as focus turns to Fed - Reuters"
2023-09-12,"Shares of TKO, New Parent Company of WWE and UFC, Climb 2.4% in Stock Market Debut - Variety"
2023-09-10,"Stocks notch back-to-back wins Monday, Nasdaq pops 1% as tech shares rebound: Live updates - CNBC"
2023-09-12,Buying S&P 500 Was More Profitable Than Following Burry Tweets: Expert - markets.businessinsider.com
2023-09-15,"1 Surefire Warren Buffett Index Fund Could Turn $400 Per Month Into $825,000 - Nasdaq"
2023-09-15,"Snap Inc. stock remains steady Friday, still outperforms market - MarketWatch"
2023-09-08,Business Highlights: IRS launches crackdown on millionaires with back taxes; iPhone security update - qz.com
2023-09-13,Dow jumps 300 points for best day since early August as Arm debut revives IPO market hopes: Live updates - CNBC
2023-09-11,Tech sector leads US stocks higher after bullish upgrade to Tesla - markets.businessinsider.com
2023-09-12,"iBio Inc. stock rises Tuesday, outperforms market - MarketWatch"
2023-09-15,"Dow sheds nearly 300 points Friday, S&P 500 and Nasdaq suffer second straight week of losses: Live updates - CNBC"
2023-09-11,Here’s an easy way to make a more concentrated play on the ‘Magnificent Seven’ stocks - MarketWatch
2023-09-15,"Stock market today: Wall Street closes lower, giving S&P 500 another losing week - The Hill"
2023-09-11,Stock market today: Rising Big Tech stocks help Wall Street claw back half its loss from last week - WDIO.com
2023-09-10,"HS-haastattelu | Hallituksen maahanmuuttolinja on tahrinut Suomen maineen huippuosaajien keskuudessa, sanoo Aalto-yliopiston rehtori - HS.fi"
2023-09-21,"Dow tumbles more than 300 points to notch third day of losses amid fears of higher rates, government shutdown - CNBC"
2023-09-22,"Dow slides 100 points on Friday, S&P 500 and Nasdaq post worst weeks since March after Fed update: Live updates - CNBC"
2023-09-20,US stocks fall as Fed signals another rate hike this year and fewer cuts next year - markets.businessinsider.com
2023-09-21,"Stocks to Watch on Sept 21: Infosys, Sheela Foam, SJVN, Cipla, DCB Bank - Business Standard"
2023-09-20,"Google: Shares Are Up, Still Worth Buying (NASDAQ:GOOG) - Seeking Alpha"
2023-09-22,Invesco QQQ Trust Is Great. Here's Why You Shouldn't Buy It. - The Motley Fool
2023-09-22,Stock Market Today: Stocks Lose Steam as Fed Hangover Lingers - Kiplinger
2023-09-21,US stocks fall as 10-year Treasury yield surges to highest since 2007 after Fed meeting - markets.businessinsider.com
2023-09-20,10 Best Large-Cap Growth ETFs - Yahoo Finance
2023-09-16,Stock Market Sectors Guide: 11 Official GICS Sectors Every Investor Should Know - timothysykes.com
2023-09-16,Better Buy: Amazon vs. Costco - The Motley Fool
2023-09-19,The Dow closes 100 points lower as the Federal Reserve’s rate decision approaches: Live updates - CNBC
2023-09-20,Forget The Nasdaq And Buy SPGP Instead (NASDAQ:QQQ) - Seeking Alpha
2023-09-19,"'Bond King' Jeffrey Gundlach Warns About Stocks, Dollar, Recession - markets.businessinsider.com"
2023-09-21,5 things to know before the stock market opens Thursday - CNBC
2023-09-19,3 Stocks That Could Be Kicked Out of the Dow -- and the Companies That May Replace Them - The Motley Fool
2023-09-17,"If You Invested $10,000 in Tesla in 2013, This Is How Much You Would Have Today - The Motley Fool"
2023-09-19,The S&P 500 just notched up a surprisingly positive 5-year milestone - The Motley Fool Australia
2023-09-20,"If I’d bought US$2,000 worth of Tesla shares 5 years ago, here’s how much I’d have now - The Motley Fool Australia"
2023-09-22,World's 10 Richest People Lose $24 Billion In Single Day As US Stock Market Goes Down - Indiatimes
2023-09-28,The Nasdaq 100 Is Wildly Popular. It’s Also Deeply Flawed. - Barron's
2023-09-27,Stock market today: World shares mixed after Wall Street retreat deepens - 朝日新聞
2023-09-27,"Nasdaq up over 33% in 6 months, becomes top-performing index of 2023; Nikkei close second - livemint.com"
2023-09-27,‘Extreme fear’ has returned to the U.S. stock market - MarketWatch
2023-09-27,Comparing Stock Indices in 2026 - Benzinga
2023-09-26,"Stock Market News Today, 9/26/23 – Stocks Fall amid Soft Economic Data - TipRanks"
2023-09-24,"Before You Buy the Invesco QQQ, Here's an ETF I'd Buy First - The Motley Fool"
2023-10-04,Nasdaq Index Performance: September 2023 - Nasdaq
2023-10-03,Why the Nasdaq 100 is likely headed for big losses after a period of unusual calm - MarketWatch
2023-10-04,Dow adds 100 points to snap 3-day losing streak as Treasury yields ease from 16-year highs: Live updates - CNBC
2023-10-04,Wall Street's fear gauge spikes to a 4-month high as investors worry the market downturn will deepen - markets.businessinsider.com
2023-10-03,"Stocks, Bonds Selloff as Volatility Makes a Return: Markets Wrap - Bloomberg.com"
2023-10-03,Dow loses more than 400 points and goes negative for 2023 as interest rates spike: Live updates - CNBC
2023-10-05,"Dollar slips, stocks gain amid still tight U.S. labor market - Reuters"
2023-10-06,2023 Q4 Investment Outlook: What could “Higher for Longer” Mean? - Syfe
2023-09-29,4 Numbers That Explain the Stock Market’s Miserable September - Barron's
2023-09-30,"Global market performance: Equities witnessed global selloff in September amid surging crude oil prices, US dollar. What's next? - Business Today"
2023-09-29,U.S. stock-market seasonality suggests a potential rally in the fourth quarter. Why this time might be different. - MarketWatch
2023-10-06,Is the stock market open on Columbus Day? Yes and here's how it's doing? - USA Today
2023-09-29,Why Wall Street's Inflation Celebration Proved Short Lived - The Motley Fool
2023-10-04,Here's where Wall Street strategists see the stock market headed next after a brutal September - markets.businessinsider.com
2023-10-06,Dow soars nearly 300 points Friday as stocks reverse sharp losses after hot jobs report: Live updates - CNBC
2023-10-03,Dow plunges 430 points as yields surge to levels not seen since 2007 and slam US stocks - markets.businessinsider.com
2023-10-05,S&P 500 closes slightly lower as traders brace for Friday's big jobs report: Live updates - CNBC
2023-10-05,Long bonds are cratering - with the asset class racking up losses that rival the 2008 stock-market crash - markets.businessinsider.com
2023-10-06,These 4 charts show how the bond meltdown stacks up against some of the worst-ever stock-market crashes - markets.businessinsider.com
2023-10-06,"Coca-Cola, Bank of America, Other Big-Name Stocks Fall to 52-Week Lows - markets.businessinsider.com"
2023-09-29,The S&P 500 is brushing up against ‘the mother of all trend lines.’ What happens next could make or break the market. - MarketWatch
2023-09-30,Birmingham health care stocks carry the day - AL.com
2023-09-29,"U.S. Stocks: Will the ""October Effect"" Add More Volatility After a Dismal September? - The Globe and Mail"
2023-10-06,Stock Market News - Barron's
2023-10-13,"S&P 500, Nasdaq fall with data, geopolitics offsets strong results - Reuters"
2023-10-11,Asian shares rise after eased pressure on bonds pushes Wall Street higher - 朝日新聞
2023-10-09,CHART OF THE DAY: A bullish formula for the stock market is brewing as the Nasdaq follows 1999 playbook - markets.businessinsider.com
2023-10-08,How the Stock Market Performed Under Each President - Nasdaq
2023-10-09,"Dow adds more than 100 points to notch third positive day, as falling Treasury yields lift stocks: Live updates - CNBC"
2023-10-09,Wall Street advances as investors monitor Mideast conflict headlines - Reuters
2023-10-12,Dow closes more than 150 points lower as inflation data reignites interest rate fears: Live updates - CNBC
2023-10-09,7 Inverse ETFs for the Opportunistic Bear - Nasdaq
2023-10-09,Is the Stock Market Open Today? These Are the Columbus Day Trading Hours. - Barron's
2023-10-11,'Big Short' Investor Steve Eisman Says to Stay Away From Bank Stocks - markets.businessinsider.com
2023-10-10,S&P 500 closes higher for a fourth day as traders prepare for consumer inflation data: Live updates - CNBC
2023-10-09,"Dow closes nearly 200 points higher, as investors shake off rising oil prices from Israel-Hamas war: Live updates - CNBC"
2023-10-12,US stocks drop as hot inflation data and a weak Treasury auction send yields back up - markets.businessinsider.com
2023-10-11,US stocks rise as traders assess new inflation data and await Fed minutes - markets.businessinsider.com
2023-10-06,"MFA Financial Inc. stock falls Friday, underperforms market - MarketWatch"
2023-10-12,World shares mixed after Wall St buoyed by easing pressure on bonds - Khmer Times
2023-10-15,"Stocks close higher, Dow rallies 300 points as optimism over earnings outweighs higher rates: Live updates - CNBC"
2023-10-19,Daily Markets: Fed Chair Powell to Deliver Key Speech Today. Here's What to Expect - Nasdaq
2023-10-17,"Nasdaq ends down on higher yields, chipmaker share declines - Reuters"
2023-10-17,"Up 29% in 2023, Is It Safe to Invest in the Nasdaq Right Now? - The Motley Fool"
2023-10-20,"Gold & Oil Prices Surge, Housing Market Faces Slowdown - tastylive"
2023-10-14,Stock market today: Wall Street struggles as war worries collide with hope for stronger profits - وكالة أنباء البحرين
2023-10-16,"Stock Market News for Oct 16, 2023 - Yahoo Finance"
2023-10-17,U.S. shares mixed at close of trade; Dow Jones Industrial Average up 0.04% - Investing.com UK
2023-10-17,US stocks trade mixed as bond yields spike after hot retail sales data - markets.businessinsider.com
2023-10-19,GLP-1 Drugs Drop More Than Just Weight - Penn Mutual Asset Management
2023-10-20,Seoul shares open lower on US losses - The Korea Herald
2023-10-20,Broader US indices move to new session lows. NASDAQ index leads way. S&P near 200D MA - investingLive
2023-10-17,AI gave tech giants a $2.4 trillion boost to their market caps in 2023 - CNBC
2023-10-17,Wall Street drifts after a strong retail sales report - وكالة أنباء البحرين
2023-10-18,"Wall St ends mixed, US Treasury yields spike on robust data, solid earnings - Reuters"
2023-10-18,6 Stock Picks From a Top 1% Fund Manager Who's Crushing the Nasdaq - Business Insider
2023-10-17,The 5 Irrefutable Truths of Investing on Wall Street - The Motley Fool
2023-10-17,"The ""Magnificent Seven"" Have Made the S&P 500 More Concentrated Than Ever. Historically, That's Bad News for Stocks. - The Motley Fool"
2023-10-23,What Is NASDAQ? - Business News Daily
2023-10-26,The Nasdaq Composite Hits an Important Level. Is It About to Turn? - Nasdaq
2023-10-21,Dow closes nearly 300 points lower after 10-year Treasury yield tops 5% for the first time since 2007: Live updates - CNBC
2023-10-25,"S&P 500, Nasdaq end sharply lower as Alphabet disappoints, Treasury yields bounce - Reuters"
2023-10-26,12 Best Performing NASDAQ Stocks in 2023 - Yahoo Finance
2023-10-24,"S&P 500 (SPX), Dow Jones (DJI), Nasdaq Composite (IXIC) Daily Technical Outlook: Bond Shifts, Tech Rises, and the DJI’s Triple Bottom Play - FXEmpire"
2023-10-24,The S&P 500 just logged its longest losing streak of the year as spiking bond yields sow panic on Wall Street - markets.businessinsider.com
2023-10-24,"Stock Market Forecast For The Next Six Months: After Big Gains In Tech Stocks, Eye These Caution Signs - Investor's Business Daily"
2023-10-27,Where Is the Stock Market Headed? Big Money Pros Weigh In. - Barron's
2023-10-24,"S&P 500 falls more than 1% to close below 4,200 for first time since May, Nasdaq notches worst day since February - CNBC"
2023-10-23,"Wall Street ends mixed as Treasury yields ease, focus turns to earnings - Reuters"
2023-10-27,The 7 companies propping up the U.S. stock market are sending a bearish warning that investors should not ignore - MarketWatch
2023-10-25,Market Recap: The Nasdaq Falls 8X More than the Dow Jones - 24/7 Wall St.
2023-10-23,1 Extraordinary ETF Every Growth Investor Should Consider - The Motley Fool
2023-10-27,QLD Is the Nasdaq-Tracking QQQ on Steroids - ETF.com
2023-10-23,"S&P 500 (SPX), Dow Jones (DJI), Nasdaq Composite (IXIC) Daily Technical Outlook: US 30 Faces Slides - Bond Yields, Earnings to Blame? - FXEmpire"
2023-10-23,"Dow closes 200 points higher to end 4-day losing streak, as strong earnings lift stocks: Live updates - CNBC"
2023-10-23,Nasdaq snaps four days of losses as 10-year Treasury yield retreats from 5%: Live updates - CNBC
2023-10-26,Stock market chart echoes dot-com bubble; Are your investments safe? - Finbold
2023-10-26,The Nasdaq just hit correction territory: Time to buy the Betashares Nasdaq 100 ETF (NDQ)? - The Motley Fool Australia
2023-10-29,"Stocks rebound to start week, Dow rallies 500 points for best day since June: Live updates - CNBC"
2023-11-02,"S&P 500, Dow, Nasdaq Since 2000 Highs - October - ETF Database"
2023-11-02,"Stocks Continue to Rally. Apple Earnings, Jobs Data Loom. - Barron's"
2023-11-03,An Advisor’s Guide to the Nasdaq-100® Rebalance - ETF Trends
2023-10-30,Stock market rebounds after S&P 500 slides into a correction. What's next for your 401(k)? - USA Today
2023-11-02,Dow jumps more than 550 points for best day since June as bond yields recede: Live updates - CNBC
2023-11-01,BTC's correlation with the S&P 500 has dropped below zero - Binance
2023-11-01,"Stock Market News for Nov 01, 2023 - Yahoo Finance"
2023-10-27,"Stock Market News, Oct. 27, 2023: S&P 500 Ends Lower, Enters a Correction - The Wall Street Journal"
2023-10-28,ETFs Highly Exposed to the 'Magnificent 7' Have Been Pummeled Amid a Tech Selloff - Investopedia
2023-10-27,4 Reasons Why November Will Be Another Volatile Month on Wall Street - Investing.com
2023-10-28,S&P 500 index enters a correction. Here’s what it means for future performance. - MarketWatch
2023-10-30,5 Inverse Tech ETFs That Rose on Nasdaq Entry Into Correction - Nasdaq
2023-10-27,S&P 500 enters correction territory to close volatile trading week - CNN
2023-11-03,The Stock Market Is Hot Again. Earnings Say Be Careful. - Barron's
2023-10-31,"S&P 500 closes higher Tuesday, but logs first 3-month losing streak since 2020: Live updates - CNBC"
2023-10-27,"Stock Market News for Oct 27, 2023 - Yahoo Finance"
2023-11-03,Are Higher Interest Rates Beginning to Impact Growth Expectations? - ETF Trends
2023-11-02,Stock market today: Wall Street leaps toward its best week of 2023 on hopes for halt to rate hikes - CityNews Kitchener
2023-10-31,Stock Market Correction: A Closely Watched Indicator Offers a Clear Picture of What's Next for Stocks - The Motley Fool
2023-11-03,Bursa to witness the return of buyers - Free Malaysia Today
2023-11-06,"S&P 500, Nasdaq finish higher to clinch longest winning streaks since November 2021: Live updates - CNBC"
2023-11-08,"Nasdaq 100, WTI crude oil: Divergence beckons as lead e - City Index UK"
2023-11-08,"Nasdaq 100, Dow Jones, S&P 500 News: Fed’s Tone Shift Fuels Market Optimism while Earnings Waver - FXEmpire"
2023-11-06,Stocks Flatten Out in Afternoon Trading - Barron's
2023-11-06,Nasdaq closes higher Monday to notch longest winning streak since January: Live updates - CNBC
2023-11-07,"Energy stocks drag TSX down as oil falls below US$80, while U.S. markets rise - CityNews Toronto"
2023-11-06,Invest in the Market’s Momentum – and NVIDIA’s – With SPMO - ETF Trends
2023-11-16,All About Index Concentration - Nasdaq
2023-11-14,Wall St rallies as data supports view Fed may be done hiking rates - Reuters
2023-11-14,The stock market is breaking out — signaling more gains through the end of the year - markets.businessinsider.com
2023-11-14,Russell 2000 outperforms S&P 500 by the most since 2020 - MarketWatch
2023-11-15,Wall Street soars as cooling inflation raises hopes for an end to rate hikes - 朝日新聞
2023-11-16,"Share Market Highlights: Nifty trades below 19,750, Sensex above 65,900 ; Nifty Bank down over 100 points - The Financial Express"
2023-11-16,"Stock Market Today: Dow Drops After Cisco, Walmart Earnings - Kiplinger"
2023-11-15,One chart shows how the 'Magnificent 7' have dominated the stock market in 2023 - Yahoo Finance
2023-11-13,"Global stocks hamstrung by inflation, interest rate worries - Reuters"
2023-11-14,Stock market today: Asian shares get a lift from rally in US following encouraging inflation report - CityNews Kitchener
2023-11-13,2 Top Tech Stocks to Buy During a Recession - Nasdaq
2023-11-15,US stocks extend gains as fresh inflation data show wholesale prices falling by the most since 2020 - markets.businessinsider.com
2023-11-14,Amazon’s stock reaches a milestone not seen in 19 months - MarketWatch
2023-11-15,Turning $500 Monthly Into $1 Million Could Be as Simple as Investing in This Index - Nasdaq
2023-11-16,"Wall Street gains on easing inflation, Target's upbeat forecast - Reuters"
2023-11-16,US stocks trade lower as latest jobless claims data points to cooling labor market - markets.businessinsider.com
2023-11-15,Don’t be fooled: Huge one-day stock rallies are more common in bear markets - MarketWatch
2023-11-13,Here's One Major Mistake to Avoid if You're Investing in ETFs - Nasdaq
2023-11-14,"The 'face-ripper' rally in the stock market will continue as inflation may have just hit a wall, Fundstrat's Tom Lee says - markets.businessinsider.com"
2023-11-15,Rising Interest Rates Are Negatively Impacting Funding for Small Caps: Here's What Investors Need to Watch For - Nasdaq
2023-11-15,The Message From 12 Post-CPI Charts (NYSEARCA:SPY) - Seeking Alpha
2023-11-14,QLD Turbocharges Tech Stocks And The QQQ ETF - Seeking Alpha
2023-11-22,How Economic surprises affect different equity indices - LSEG
2023-11-21,Nasdaq leads Wall Street gains as Microsoft hits record - Reuters
2023-11-20,"Stock Market News for Nov 20, 2023 - Nasdaq"
2023-11-24,"Stock Market Today, Nov. 24, 2023: Dow Finishes Black Friday Session Higher - The Wall Street Journal"
2023-11-23,Is the Stock Market Open Today? Here Are the Trading Hours for Thanksgiving. - Barron's
2023-11-20,Thanksgiving trading: How the markets tend to perform - Yahoo Finance
2023-11-24,Here’s how the stock market has performed on Black Friday going back to 1990 - MarketWatch
2023-11-21,"Share Market Highlights: Nifty settles above 19750, Sensex above 65,900, Realty and Media stocks shine - The Financial Express"
2023-11-24,Stock Market Today: Stocks Keep Their Weekly Win Streak Alive - Kiplinger
2023-11-21,"Wall Street ends lower, gold jumps as Fed minutes reveal cautious policy approach - Reuters"
2023-11-20,S&P 500 Just Had Its Best Three Weeks Since 2020. What History Says Happens Next. - Barron's
2023-11-24,"Stock market today: Wall Street ends mixed in half-day session, marks fourth straight winning week - CW39 Houston"
2023-11-23,Thanksgiving week and stock market - Fox Business
2023-11-21,It's not just AI driving 49% growth in the Betashares Nasdaq 100 ETF (NDQ) this year - The Motley Fool Australia
2023-11-24,"Stock Market News Today, 11/24/23 – Stocks Close Mixed; Analysts Predict Tough 2024 - TipRanks"
2023-11-20,"Small-cap stocks have been left in the dust. Seasonal factors may help them catch up, analyst says. - MarketWatch"
2023-11-21,Market Rally Stalls Ahead of Nvidia Earnings - Barron's
2023-11-22,"Stock Market News Today, 11/22/23 – Stocks Close Higher; Consumers Still Weary of Inflation - TipRanks"
2023-11-30,"Dow jumps 500 points to new 2023 high Thursday, capping 8% November rally: Live updates - CNBC"
2023-11-30,"Stock Market News, Nov. 30, 2023: Dow Logs Highest Close of 2023 - The Wall Street Journal"
2023-11-27,"The S&P 500 could have another 23% upside if this key level is breached, according to Bank of America - markets.businessinsider.com"
2023-11-30,"Stock market today: Asian shares mostly higher ahead of US price update, OPEC+ meeting - qz.com"
2023-11-27,Global Markets Report - 28 November - Morningstar Australia
2023-12-01,"If You Invested $10,000 in Meta Platforms in 2013, This Is How Much You Would Have Today - Nasdaq"
2023-12-01,The Stock Market Had an Impressive November. What Comes Next. - Barron's
2023-12-01,The 2023 stock rally is back on track - CNN
2023-11-27,This exchange is expanding its short-term options portfolio as 'zero-day' bets boom - CNBC
2023-12-01,Markets start December in the green after ‘remarkable’ November comes to a close - CityNews Kitchener
2023-11-30,Closing Bell: Guardian I3 Global Quality Growth ETF up on Thursday (GIQG-B) - The Globe and Mail
2023-11-28,3 Reasons Why Nasdaq’s Breakout Will Continue - Investing Haven
2023-11-28,This Is the Single Most Telling Data Point That a Bear Market May Be on Tap in 2024 - The Motley Fool
2023-12-01,"1 Cathie Wood Stock With Over 100% Upside, According to Analysts - Nasdaq"
2023-11-30,"Novavax Inc. stock falls Thursday, underperforms market - MarketWatch"
2023-11-28,Leading Stock Market Indicator Still Bullish - Investing Haven
2023-11-30,Stocks' November rally bodes well for the market in December and next year - MarketWatch
2023-11-30,Closing Bell: Morguard Un down on Thursday (MRT-UN) - The Globe and Mail
2023-11-27,Principal Asset Management bets on tech and energy in 2024 - The Edge Malaysia
2023-11-28,"Global Stock Index Falls with Treasury Yields, Oil Prices Dip - KONTAN"
2023-12-03,Nasdaq closes lower Monday as major averages take a breather from 5 weeks of gains: Live updates - CNBC
2023-12-08,Stock Market News - Barron's
2023-12-05,Nasdaq 100 forecast :Stocks slip for a second day with jobs data in focus - FOREX.com
2023-12-08,"Stock Market News for Dec 8, 2023 - Nasdaq"
2023-12-07,Nasdaq Composite Technical Analysis - investingLive
2023-12-08,"S&P 500 notches new high for 2023 Friday, on six-week hot streak after solid economic data: Live updates - CNBC"
2023-12-05,Asian shares slip ahead of key US economic reports - 朝日新聞
2023-12-06,Stock market today: Asian shares slide after retreat on Wall Street as crude oil prices skid - CityNews Toronto
2023-12-06,Workhorse shares dip Tuesday as NASDAQ rises and Dow retreats By Investing.com - Investing.com UK
2023-12-06,"Dow, S&P 500 slide for a third straight day as recent rally falters: Live updates - CNBC"
2023-12-04,Solid Foundations: Puerto Rico Public Companies' Consolidated Success in 2023 - The Weekly Journal
2023-12-08,Small-Cap Tech Stocks Could Shine in 2024. Here Are 13 Top Ideas. - Barron's
2023-12-04,U.S. shares lower at close of trade; Dow Jones Industrial Average down 0.11% - Investing.com Canada
2023-12-06,"Elon Musk Says Tesla’s ‘Model 2’ Will Be Smaller, Mass-Produced in Texas - Barron's"
2023-12-03,"U.S. Money Supply Is Shrinking for the First Time Since the Great Depression, and It May Portend a Big Move for Stocks - Nasdaq"
2023-12-04,Pure Storage stock fumbles for a rare buying opportunity - FinancialContent
2023-12-06,Dow Jones drops 80 points as Wall Street meanders - Big News Network.com
2023-12-14,"Dow continues rally, closes up 100 points after strong economic data, hopes for falling rates: Live updates - CNBC"
2023-12-15,"Markets News, Dec. 15, 2023: Stocks Post Seventh Weekly Gain as Dow Closes at Fresh Record - Investopedia"
2023-12-13,"Dow rallies more than 500 points to record, closes above 37,000 for the first time: Live updates - CNBC"
2023-12-12,"How major US stock indexes fared Tuesday, 12/12/2023 - qz.com"
2023-12-15,Stock Market Timing: The Subtle Sign Of Market Tops - Investor's Business Daily
2023-12-11,The Nasdaq-100 Has Had a Monster 2023 So Far. Is It Too Late to Invest in It Before 2024 Arrives? - The Motley Fool
2023-12-13,Global markets: US stocks rise ahead of Fed monetary policy decision - livemint.com
2023-12-14,"Why your 401(k) is happy: Dow hit new record Wednesday, and stocks are still climbing - USA Today"
2023-12-15,"Stock Market Outlook: After a Stellar Year, What’s in Store for 2024? - Barron's"
2023-12-12,VIX Index at Lowest Levels Since 2017 for CBOE:VIX by kingthies - TradingView — Track All Markets
2023-12-10,The S&P 500 Just Had 1 of Its Best Months in History. Here's What the Stock Market Usually Does Next - The Motley Fool
2023-12-11,Dow rises 150 points to clinch third straight winning day as stocks' December hot streak resumes: Live updates - CNBC
2023-12-12,The Stock Market Just Did Something It's Only Done Five Times Since 1954. Here's What It Could Mean for 2024. - The Motley Fool
2023-12-15,A DocuSign Buyout Makes Sense. Here’s Why. - Barron's
2023-12-15,How the Invesco QQQ ETF Could Turn You Into a Millionaire - The Motley Fool
2023-12-14,Friday's S&P 500 and Nasdaq-100 rebalance may reflect concerns over concentration risk - CNBC
2023-12-14,Stock Market Today: Stocks Edge Higher After Upbeat Retail Sales Data - Kiplinger
2023-12-15,Stock Market Today: S&P 500 Nabs Longest Weekly Win Streak in 6 Years - Kiplinger
2023-12-13,Closing Bell: BMO Covered Call Technology ETF up on Wednesday (ZWT) - The Globe and Mail
2023-12-13,This Recession-Predicting Tool Hasn't Been Wrong in 57 Years. - The Wealth Advisor
2023-12-15,What does stock market’s record high mean for your 401(k)? - San Francisco Chronicle
2023-12-11,Closing Bell: Picton Mahoney Fort Mkt Neutral Fund ETF up on Monday (PFMN) - The Globe and Mail
2023-12-15,Wall Street closes out its 7th straight winning week - Honolulu Star-Advertiser
2023-12-14,Cathie Wood's Ark Innovation ETF Is Soaring. Can It Make You a Millionaire? - The Motley Fool
2023-12-19,Accessing Nasdaq’s Universe of Innovators - Nasdaq
2023-12-21,"Dow closes higher by more than 300 points, S&P 500 rebounds from worst day since September: Live updates - CNBC"
2023-12-20,Wall Street tumbles to sharply lower close as abrupt sell-off snaps rally - Reuters
2023-12-19,Stock market today: Asian shares gain after Wall Street ticks higher amid rate-cut hopes - CityNews Kitchener
2023-12-17,History Says the Nasdaq Will Surge in 2024: 1 Stock-Split Stock to Buy Before It Does - The Motley Fool
2023-12-20,"Stock Market Today: Dow, Nasdaq Snap Daily Win Streaks - Kiplinger"
2023-12-17,New to Investing? 1 Foolproof Tip to Conquer 2024 and Beyond. - Nasdaq
2023-12-21,Will There Be a Santa Claus Rally in 2023? What History Tells Us. - InvestorPlace
2023-12-20,"The Ultimate Growth Stocks to Buy With $1,000 Right Now - The Globe and Mail"
2023-12-20,Stock Market Does Sharp About-Face; Dow Breaks Win Streak - Investor's Business Daily
2023-12-28,"S&P 500 falls slightly Friday, but rides 9-week win streak to end 2023 with 24% gain: Live updates - CNBC"
2023-12-27,"Markets News, Dec. 27, 2023: Stocks Finish Higher, Pushing Dow to New High; S&P 500 Still Just Shy of Record - Investopedia"
2023-12-26,"Wall Street ends higher in final stretch of 2023, rate cuts in view - Reuters"
2023-12-27,5 Tech Stocks That Have Returned More Than 100% in 2023 - Nasdaq
2023-12-29,The stock market ends 2023 on a surprisingly high note - Fast Company
2023-12-26,How does the US market influence the Indian stock market? - livemint.com
2023-12-29,FTSE 100 ends year up 3.8% but trails rival markets in Europe and US - The Guardian
2023-12-29,"Stock market surges into 2024, shrugging off recession fears - The Washington Post"
2023-12-29,"Markets News, Dec. 29, 2023: Stocks Fall to Cap Off Otherwise Sunny Year - Investopedia"
2023-12-27,The Dow Jones Just Hit an All-Time High. Here's Why It Could Beat the Nasdaq in 2024. - The Motley Fool
2023-12-29,Stock Market Today: S&P 500 ends slightly lower but posts 24% 2023 gain - MarketWatch
2023-12-29,"Stock Market News for Dec 29, 2023 - Nasdaq"
2023-12-27,"Stock Market News Today, 12/27/23 – Indices Finish Higher as Bond Yields Fall - TipRanks"
2023-12-26,Top ten Israeli cos on Wall Street worth $130b - גלובס
2023-12-28,"Markets News, Dec. 28, 2023: S&P 500 Edges Toward All-Time High, Dow Hits Another Record as Year-End Rally Continues - Investopedia"
2023-12-29,This Was a Funny Two Years in the Stock & Treasury Markets - Wolf Street
2023-12-26,"Markets News, Dec. 26, 2023: Stocks Kick Off Final Week Of Year With Gains as S&P 500 Nears Record High; Oil Prices Jump - Investopedia"
2024-01-03,"Dow tumbles nearly 300 points Wednesday, Nasdaq closes lower for a 2nd straight day in 2024: Live updates - CNBC"
2024-01-02,"Markets News, Jan. 2, 2024: Nasdaq Sinks as Apple Loses $100B in Market Cap; Bitcoin Jumps Above $45K - Investopedia"
2024-01-05,Nasdaq Index Performance: December 2023 - Nasdaq
2024-01-05,Stock Market News: S&P 500 and Nasdaq Composite Snap Losing Streaks - Barron's
2023-12-31,Stock-Market Gurus Predicted a Grim 2023. They Were Dead Wrong. - markets.businessinsider.com
2024-01-01,CNBC Daily Open: Winners and losers of 2023 - CNBC
2024-01-01,Biden's strong stock market still trails Trump's - Axios
2024-01-03,"Markets News, Jan. 3, 2024: Stocks Sink for Second Day as Oil Rises, Bitcoin Retreats - Investopedia"
2023-12-29,Nasdaq Down Over 100 Points; Fortress Biotech Shares Plummet By Benzinga - Investing.com UK
2024-01-02,"Stock Market News for Jan 2, 2024 - Nasdaq"
2024-01-03,"Got $10,000 and 25 Investing Years Left? Invest in This ETF and Forget About It. - The Motley Fool"
2024-01-05,"S&P 500 closes slightly higher Friday, but major averages end 9-week win streak: Live updates - CNBC"
2024-01-05,"Markets News, Jan. 5, 2024: Stocks Inch Up but Snap 9-Week Winning Streak as Treasury Yields Rise - Investopedia"
2024-01-02,"S&P 500 closes lower to begin 2024, Nasdaq notches worst day since October: Live updates - CNBC"
2024-01-03,This Invesco QQQ ETF Is at an All-Time High: History Says This Is What's to Come - The Motley Fool
2024-01-01,10 Stock Market Predictions for 2024 - The Motley Fool
2024-01-09,"Markets News, Jan. 9, 2024: Nasdaq Inches Higher as Tech Advances; Dow Slips - Investopedia"
2024-01-09,Why the AI investing craze is nothing like the dot-com bubble - markets.businessinsider.com
2024-01-09,"Stock Market News, Jan. 9, 2024: Dow Retreats, Nasdaq Finishes Higher - The Wall Street Journal"
2024-01-08,The Federal Reserve Signals Interest Rate Cuts in 2024. History Says the Stock Market Will Do This Next. - The Motley Fool
2024-01-10,"Artificial-intelligence boom could lead to Dow surpassing 100,000 in a decade - MarketWatch"
2024-01-05,Nasdaq Exposure for Investors Beyond QQQ - ETF.com
2024-01-07,"After an abrupt stumble, can the stock market reclaim its mojo? - thestreet.com"
2024-01-11,Closing Bell: Bank of Montreal down on Thursday (BMO) - The Globe and Mail
2024-01-08,US stocks trade mixed with Boeing's decline dragging down the Dow - markets.businessinsider.com
2024-01-09,History Says the Nasdaq Should Soar in 2024: Here's the Stock Cathie Wood Thinks Will Help - Nasdaq
2024-01-10,Why S&P 500 Pain Could Turn to Gains - Barron's
2024-01-08,"Markets News, Jan. 8, 2024: Big Tech Boosts Nasdaq as Stocks Rebound; Bitcoin Hits $47K - Investopedia"
2024-01-08,Closing Bell: Purpose Ether Yield ETF USD down on Friday (ETHY-U) - The Globe and Mail
2024-01-12,"Markets News, Jan. 12, 2024: Stocks Muted After Mixed Big Bank Earnings, Falling Wholesale Prices - Investopedia"
2024-01-11,"Markets News, Jan. 11, 2024: Stocks Close Little Changed; Crypto Rally Moderates as Bitcoin ETFs Debut - Investopedia"
2024-01-10,"Markets News, Jan. 10, 2024: Stocks Finish Higher; Crypto Market Shrugs at Bitcoin ETF Approval - Investopedia"
2024-01-07,U.S. Money Supply Hasn't Done This Since the Great Depression - The Wealth Advisor
2024-01-10,"US Stocks Set For Mixed Open, Cryptos Slip As Bitcoin ETF Decision Day Arrives: Analyst Says S&P 500 Was 'Due For A Break' After Red-Hot 2023 Finish By Benzinga - Investing.com UK"
2024-01-06,Hedge Funds Navigate Volatile Markets in 2023 - LondonInsider
2024-01-19,"S&P 500 rallies 1% to all-time high, surpassing previous record set in 2022: Live updates - CNBC"
2024-01-19,"Markets News, Jan. 19, 2024: S&P 500 Closes at Record High as Tech Leads Broad Stock Rally - Investopedia"
2024-01-19,S&P 500 hits record as technology rally pushes stocks higher - Financial Times
2024-01-13,Better Tech Stock: Nvidia vs. Amazon - Nasdaq
2024-01-15,Is the Stock Market Open Today? These Are the Trading Hours for Martin Luther King Jr. Day. - Barron's
2024-01-19,Stock Market Today: US Futures Advance As Chipmakers Shine; Oil Rises - markets.businessinsider.com
2024-01-16,The Options ETF Portfolio That Yields 13.76% and Pays Monthly - DataDrivenInvestor
2024-01-16,"A Bull Market Is Coming: 1 Magnificent Index Fund Could Turn $300 Per Month Into $915,600 - The Motley Fool"
2024-01-16,GovCon Index Closed Last Week With Notable Gains - ExecutiveGov
2024-01-17,"Markets News, Jan. 17, 2024: Stocks Retreat as Central Banks Temper Rate Cut Expectations - Investopedia"
2024-01-15,D.E. Shaw: $60 Billion Hedge Fund Set For Strong Returns In 2024 - Disruption Banking
2024-01-19,The Stock Market Doesn’t Care About the Slow Start to Earnings Season - Barron's
2024-01-16,"Stock Market Today: US Futures Slide on Rate Doubts, China Growth Fears - markets.businessinsider.com"
2024-01-19,"Stock Market News for Jan 19, 2024 - Nasdaq"
2024-01-13,History Says the Nasdaq Could Soar in 2024: Here's What I Would Buy Before Then - The Motley Fool
2024-01-16,"Markets News, Jan. 16, 2024: Stocks Sink as Dollar Surges, Treasury Yields Edge Higher - Investopedia"
2024-01-19,"Animal spirits have returned to the stock market, Blackstone boss Steve Schwarzman says - markets.businessinsider.com"
2024-01-18,"Humana, Discover, Spirit Airlines, Taiwan Semi, Apple, M.D.C. Holdings, and More Movers - Barron's"
2024-01-15,"Stock Market News for Jan 15, 2024 - Yahoo Finance"
2024-01-17,What every Canadian investor needs to know today - The Globe and Mail
2024-01-19,"Should You Buy Peloton Stock Hand Over Fist With $1,000 in 2024? - The Globe and Mail"
2024-01-14,This Recession Indicator Hasn't Been Wrong in 58 Years: Here's What It Says Happens Next - The Motley Fool
2024-01-22,"Dow rises more than 100 points to close above 38,000 for the first time ever: Live updates - CNBC"
2024-01-22,"Markets News, Jan. 22, 2024: Dow Passes 38,000; S&P 500 Adds to Record as Treasury Yields, Bitcoin Retreat - Investopedia"
2024-01-25,Daily Markets: Tesla Earnings and 4Q 2023 GDP - Nasdaq
2024-01-20,The Nasdaq Just Did Something It Has Done Only 5 Times Before. History Says a Big Move in Stocks Could Follow in 2024 - The Motley Fool
2024-01-19,"S&P 500 hits all-time high, surpassing previous record set in 2022 - NBC News"
2024-01-23,"S&P 500, Nasdaq slip as mixed earnings weigh on risk appetite - وكالة أنباء البحرين"
2024-01-23,"Markets News, Jan. 23, 2024: Stocks Inch Up Amid a Torrent of Mixed Corporate Earnings - Investopedia"
2024-01-26,Is there a correlation between great place to work and stock performance? - DataDrivenInvestor
2024-01-22,Take a look at your 401(k). The S&P 500 and Dow just hit record highs. - USA Today
2024-01-26,"Stock Market News for Jan 26, 2024 - Nasdaq"
2024-01-25,"Dow, S&P, Nasdaq bumped up after stronger Q4 GDP data - Seeking Alpha"
2024-01-24,"Markets News, Jan. 24, 2024: Dow Slips as Stock Rally Loses Steam; Netflix, ASML Soar on Earnings - Investopedia"
2024-01-21,Here's the Average Stock Market Return Over the Last 10 Years - The Motley Fool
2024-01-23,"Nasdaq, S&P, Dow open mixed as traders wade through quarterly earnings (SP500) - Seeking Alpha"
2024-01-22,"Got $1,000 to Invest in Stocks? Put It in This ETF - The Motley Fool"
2024-01-26,"Markets News, Jan. 26, 2024: Stocks Slip as Chip Rally Cools, Treasury Yields Inch Up - Investopedia"
2024-01-25,"Markets News, Jan. 25, 2024: Stocks Rise Following Strong GDP Print; Tesla Tumbles - Investopedia"
2024-01-23,Will the Vanguard Growth ETF Beat the S&P 500 Again in 2024? - The Motley Fool
2024-01-24,"Stock market today: Asian shares are mixed, led by gains in Chinese markets following policy moves - WRIC ABC 8News"
2024-01-23,Nasdaq’s Bet on a $4 Trillion Problem May Change Wall Street’s View of the Stock - Barron's
2024-01-31,"Dow closes more than 350 points higher, Nasdaq jumps 1% in rebound from Fed Day sell-off: Live updates - CNBC"
2024-01-29,"Markets News, Jan. 29, 2024: Nasdaq Leads Stocks Higher To Start Big Tech Earnings Week - Investopedia"
2024-01-30,Most Important Risks in Portfolio Management - tastylive
2024-01-31,"Dow closes 300 points lower, Nasdaq drops 2% after Fed indicates March rate cut unlikely: Live updates - CNBC"
2024-02-02,"S&P 500 surges to record closing high on solid earnings, robust data - Reuters"
2024-01-29,"Microsoft Hits an All-Time High, But It's Still Some Way From Becoming the Most Important Stock in the Dow Jones Industrial Average - The Motley Fool"
2024-01-30,"Markets News, Jan. 30, 2024: Dow Gains and Nasdaq Lags Ahead of Big Tech Earnings - Investopedia"
2024-02-01,"S&P 500 closes at a record, rises for a fourth-straight week on strong tech earnings: Live updates - CNBC"
2024-01-28,"20 ""Tech"" Stocks Make Up Over 35% of the S&P 500. Here's What That Means for Your Portfolio. - The Motley Fool"
2024-02-02,"Markets News, Feb. 2, 2024: Meta, Amazon Propel S&P 500 to Record; Yields Soar on Strong Jobs Report - Investopedia"
2024-01-29,"(01/29/24) Seasonality, Historical Election-Year Patterns Point to a Solid - moneyshow.com"
2024-01-31,"Markets News, Jan. 31, 2024: Stocks Tumble as Google Earnings Disappoint and Fed Signals Caution - Investopedia"
2024-02-01,"Markets News, Feb. 1, 2024: Tech Rebounds Ahead of Apple, Amazon Earnings; Regional Bank Stocks Slip - Investopedia"
2024-02-09,6 Top Nasdaq ETFs For 2024 to Buy Now: December Edition - Forbes
2024-02-05,"Dow closes more than 250 points lower, S&P 500 slips from record as bond yields surge: Live updates - CNBC"
2024-02-09,"Markets News, Feb. 9, 2024: S&P 500 Tops 5K, Nasdaq Approaches 16K Amid Tech Rally - Investopedia"
2024-02-09,"S&P 500 closes above 5,000 for first time ever, notches fifth straight winning week - NBC News"
2024-02-09,"Megacaps rally pushes S&P 500 to first close above 5,000 milestone - Reuters"
2024-02-09,"Tech Rally Lifts S&P 500 Above 5,000 Mark (Published 2024) - The New York Times"
2024-02-07,5 Simple Indicators to Gauge Market Health (Avoid Paralysis by Analysis) - Nasdaq
2024-02-06,Stock Market Today: Dow ends higher as investors digest earnings - MarketWatch
2024-02-08,Stock Traders in Congress Beat the Market Again: News Article - Independent Institute
2024-02-08,Falling Treasury yields spur equities selloff - Food Business News
2024-02-09,"S&P 500 has its first close above 5,000 in another winning week for Wall Street - WCNC"
2024-02-07,"Markets News, Feb. 7, 2024: S&P 500 Notches Record Just Shy of 5,000 - Investopedia"
2024-02-03,The SPAC-bubble collapse triggered a surge in the number of penny stocks. That's not great news for the market. - markets.businessinsider.com
2024-02-07,How high can the US stock market go? Which index measures its performance best? - Market Index
2024-02-06,"Markets News, Feb. 6, 2024: Stocks Tick Up; Yields Retreat After Two-Day Run-Up - Investopedia"
2024-02-05,"Markets News, Feb. 5, 2024: Stocks Fall as Yields Climb After Fed Officials Urge Caution - Investopedia"
2024-02-08,"Markets News, Feb. 8, 2024: Stocks Inch Higher as Arm, Disney Soar on Earnings Beats - Investopedia"
2024-02-09,"On Paper, This Investment Strategy Has Been a Foolproof Moneymaker for Over a Century - The Motley Fool"
2024-02-03,Could the Apple Vision Pro fund my retirement? - Fast Company
2024-02-08,"S&P/TSX composite down almost 50 points, U.S. stock markets post gains - Vancouver Is Awesome"
2024-02-06,'Extreme optimism has consequences': This market legend warns there's 'so much risk' in stocks right now — believes safety 'should be paramount' in 2024. Here's his 'no risk' alternative - moneywise.com
2024-02-14,Dow closes more than 100 points higher as stocks recoup some losses following big sell-off: Live updates - CNBC
2024-02-15,Key Indicators for Following the Stock Market and Economy - Investopedia
2024-02-15,"Dow tops 40,000 as stock indexes continue to cross milestones − making many investors feel wealthier - The Conversation"
2024-02-16,The Stock Market Is Melting Up. Prepare for a Short-Term Correction. - Barron's
2024-02-14,Stock Market Today: Dow Jones ends higher as equities bounce after big CPI-inspired selloff - MarketWatch
2024-02-15,Market Breadth - Penn Mutual Asset Management
2024-02-12,US stocks trade mixed as investors brace for January inflation data - markets.businessinsider.com
2024-02-15,Stock market today: S&P 500 hits fresh record as stocks recover from CPI rout - Yahoo Finance
2024-02-13,Wall St ends sharply lower as hot inflation sparks sell-off - Reuters
2024-02-12,"Markets News, Feb. 12, 2024: Stock Rally Loses Steam; Bitcoin Tops $50K - Investopedia"
2024-02-13,"Markets News, Feb. 13, 2024: Hot Inflation Print Sparks Stock and Bond Sell-Off - Investopedia"
2024-02-15,"Markets News, Feb. 15, 2024: Dow Leads Stocks Higher; Apple Slips as Berkshire Trims Stake - Investopedia"
2024-02-14,"Markets News, Feb. 14, 2024: Stocks Rebound From CPI Sell-Off; Bitcoin Regains $1T Market Cap - Investopedia"
2024-02-15,Top Tech Stocks For Less Than $50 for February 2024 - Investopedia
2024-02-13,"Stock Market Price Prediction in 2030: Bull, Base and Bear Forecasts - 24/7 Wall St."
2024-02-14,Is Tesla Stock a Buy? - The Globe and Mail
2024-02-12,"Is a Recession Imminent? The Fed's Leading Indicator, Which Hasn't Been Wrong Since 1966, Offers a Clear Answer. - The Motley Fool"
2024-02-21,Nasdaq Composite closes lower for a 3rd day as investors brace for Nvidia earnings: Live updates - CNBC
2024-02-20,Nvidia Weighs on Tech Stocks Ahead of Earnings - Barron's
2024-02-23,"Markets News, Feb. 23, 2024: Stocks Close Mixed to Cap Winning Week; Nvidia Briefly Tops $2T - Investopedia"
2024-02-20,"Stock Market News for Feb 20, 2024 - Nasdaq"
2024-02-23,"S&P 500, Dow surge to record closing highs as Nvidia sparks AI frenzy - Reuters"
2024-02-23,Nasdaq-100 rose 3% for the first time since the dot-com bubble era. Why it brings up old memories of this ‘scary’ period. - MarketWatch
2024-02-22,Stock Market Today: US equities climb on Thursday as S&P 500 drives into new all-time high - FXStreet
2024-02-23,"S&P 500 closes at a fresh record, Nasdaq jumps nearly 3% fueled by Nvidia: Live updates - CNBC"
2024-02-20,These 3 charts show that today's stock market is nowhere near the bubble extremes of 1999 - markets.businessinsider.com
2024-02-23,Global rally in equities showing no signs of exhaustion - Siasat.com
2024-02-22,"Markets News, Feb. 22, 2024: Nvidia Propels S&P 500 to Record; Nasdaq Soars to 2-Year High - Investopedia"
2024-02-16,"Stock market today: Wall Street falls to a rare losing week, but not far off its record - Coast Reporter"
2024-02-17,QGRW: Harnessing Quality And Growth Beyond The Magnificent Seven And Nasdaq 100 - Seeking Alpha
2024-02-20,Stock market today: Wall Street starts holiday-shortened week on a down note - WDIO.com
2024-02-23,"Dow rises to close at fresh record, S&P 500 hits all-time high: Live updates - CNBC"
2024-02-22,"Dow jumps 450 points and S&P 500 hits record high, powered by AI darling Nvidia - New York Post"
2024-02-20,"Markets News, Feb. 20, 2024: Tech Leads Stocks Lower; Home Depot, Walmart Report Mixed Earnings - Investopedia"
2024-02-23,Meet the ASX's new NASDAQ ETFs - The Motley Fool Australia
2024-02-21,"Markets News, Feb. 21, 2024: Dow, S&P 500 Rally to Close Higher; Nasdaq Lags Ahead of Nvidia Earnings - Investopedia"
2024-02-18,Are Stocks About to Plunge? A Top Valuation Metric With an Immaculate Track Record Dating Back to 1871 Weighs In. - The Motley Fool
2024-03-01,"Nasdaq surges more than 1% to take out 2021 record, S&P 500 closes above 5100 for the first time: Live updates - CNBC"
2024-02-29,"Markets News, Feb. 29, 2024: Nasdaq Notches Record Close as Tech Stocks Surge - Investopedia"
2024-02-29,Nasdaq Composite posts first record close in over 2 years - MarketWatch
2024-02-26,Stocks Edge Higher to Start Week - Barron's
2024-02-29,Nasdaq and S&P 500 soar to record highs as markets appear unsinkable - CNN
2024-02-27,Here's the Average Stock Market Return Over the Last 20 Years - The Motley Fool
2024-02-29,The Nasdaq just hit a new high for the first time since 2021 - Axios
2024-02-27,"S&P 500, Nasdaq Composite close higher on Tuesday: Live updates - CNBC"
2024-02-29,The Magnificent 7 Are Falling Like Dominos; Only 3 Remain - Forbes
2024-02-27,Is Fidelity Nasdaq Composite (FNCMX) a Strong Mutual Fund Pick Right Now? - Nasdaq
2024-03-01,The Stock Market Looks Like a Bubble. What Is It Really? - Barron's
2024-02-28,"Markets News, Feb. 28, 2024: Nasdaq Slides; Bitcoin Briefly Tops $63K - Investopedia"
2024-02-26,History Says February Is a Terrible Month for the Stock Market. Here's How It's Shaping Up (and What Investors Can Do About It). - The Motley Fool
2024-02-28,Stock Market Today: Dow Jones ends lower for third straight session after revised GDP data - MarketWatch
2024-02-27,"Markets News, Feb. 27, 2024: Nasdaq, S&P 500 Advance as Dow Slips; Bitcoin Soars Above $57K - Investopedia"
2024-02-26,"Markets News, Feb. 26, 2024: Stocks Fall as Chip Rally Continues - Investopedia"
2024-02-29,"TSX gains more than 100 points, U.S. stock markets rise to new records - CityNews Halifax"
2024-02-26,ONEQ: Nasdaq Exposure With Late Cycle Momentum - Seeking Alpha
2024-03-04,"Stock rally stalls as week begins, Nasdaq falls from record despite Nvidia gain: Live updates - CNBC"
2024-03-05,What Does a Record Stock Market Mean? - Yale Insights
2024-03-06,"Markets News, Mar. 6, 2024: Stocks Climb as Job Openings Dip, Powell Reiterates Fed's Patience - Investopedia"
2024-03-07,A Guide to the 10 Most Popular Leveraged ETFs - Nasdaq
2024-03-08,Stock market today: US stocks tumble amid tech sell-off as investors weigh mixed jobs data - markets.businessinsider.com
2024-03-01,"S&P 500, Nasdaq close at fresh records on AI boost, easing yields - Reuters"
2024-03-08,Stocks Soar as S&P 500 and Nasdaq Extend Yearly Gains - tastylive
2024-03-07,"Stock market today: S&P 500 hits fresh record, Nasdaq pops ahead of jobs day - Yahoo Finance"
2024-03-01,How Apple Could Finally Drive This Bull Market Down - Barron's
2024-03-08,The Nasdaq Just Hit a New High for the First Time Since 2021. The Stock Market Usually Does This Next. - The Motley Fool
2024-03-04,"Bullish Nikkei 225 index closes at record high 40,109 | The Asahi Shimbun: Breaking News, Japan News and Analysis - 朝日新聞"
2024-03-07,"Equities rally, crypto trades sideways as Powell visits the Senate - Blockworks"
2024-03-07,Stock Market Today: S&P 500 notches record close as investors claw back tech-driven losses - MarketWatch
2024-03-08,"Markets News, March 8, 2024: Stocks Sink After Jobs Report; Chip Sell-Off Hits Nvidia - Investopedia"
2024-03-01,"Stocks Are Ignoring the Fed, Why AI’s Becoming a Powerful High-Risk Catalyst. And 5 Other Things to Know Before Markets Open. - Barron's"
2024-03-06,"S&P 500 might crash 60%, a recession is looming, and speculation is rife, warns elite technical analyst Milton Berg - markets.businessinsider.com"
2024-03-04,Nasdaq has gone more than 300 days without a major pullback. Does that mean a shakeout is overdue? - MarketWatch
2024-03-07,"Markets News, March 7, 2024: Stocks Gain as Tech Rallies; Powell Reiterates Fed's Patience - Investopedia"
2024-03-07,Stock market today: Asian shares rise after Wall Street sets another record - WDHN
2024-03-03,"Stock market today: Japan’s Nikkei tops 40,000, as investors await China political meeting - CityNews Halifax"
2024-03-01,"GLOBAL MARKETS - Equities Gain on In-Line US Inflation, Treasury Yields Dip - KONTAN"
2024-03-13,"Markets News, March 13, 2024: Dow Ekes Out Gain; Nasdaq Slips as Bitcoin Trades Near Record - Investopedia"
2024-03-12,"Indian stock market: 7 key things that changed for market overnight - Gift Nifty, crude oil to Bitcoin price rally - livemint.com"
2024-03-12,"Markets News, March 12, 2024: Nasdaq Climbs 250 Points, Yields Jump Following Inflation Data - Investopedia"
2024-03-10,"Dow, Nasdaq end higher after choppy session - The Standard (HK)"
2024-03-14,US: Wall St ticks up as traders stick to rate-cut bets after data deluge - The Business Times
2024-03-14,"Markets News, March 14, 2024: Stocks, Bitcoin Slip as Yields Rise; Oil Climbs to 2024 High - Investopedia"
2024-03-15,"Forget the ""Magnificent Seven"" Stocks: 1 Magnificent Index Fund Could Turn $375 Per Month Into $953,800 - The Motley Fool"
2024-03-18,Stock market today: US futures jump as investors look to the Fed for more rate cut clues - markets.businessinsider.com
2024-03-19,What Is The Nasdaq? - Forbes
2024-03-20,"Markets News, March 20, 2024: Stocks Climb to Records, Yields Fall as Fed Maintains Rate Cut Forecast - Investopedia"
2024-03-21,"Stock Market Today: Dow Jones, S&P 500 and Nasdaq post new records - MarketWatch"
2024-03-20,10 NASDAQ Stocks with Biggest Upside - Yahoo Finance
2024-03-22,S&P 500 ends near flat but index posts biggest weekly gain of year - Reuters
2024-03-22,Cathie Wood’s ETF Is Beating the Nasdaq 100. This Is a Better Bet. - Barron's
2024-03-22,Investors Pour Money Into Wall St. as Stocks Set New Highs (Published 2024) - The New York Times
2024-03-18,"Stock Market Highlight: Markets end higher! Nifty above 22,000, Sensex over 72,700; Nifty Midcap 100 slips over 100 points - The Financial Express"
2024-03-18,"Markets News, March 18, 2024: Alphabet, Tesla Lead Indexes Higher; Nvidia Ticks Up on Day 1 of 'AI Woodstock' - Investopedia"
2024-03-20,"Fed meeting: Dow, S&P 500, Nasdaq end at all-time highs as policymakers maintain rate-cut forecast - MarketWatch"
2024-03-15,Alphabet vs. Tesla: Which is the Best Magnificent 7 Stock to Buy Now? - The Globe and Mail
2024-03-19,"S&P/TSX composite creeps higher after inflation report, U.S. stock markets rise - Times Colonist"
2024-03-16,"Tech slump, inflation concerns weigh down stocks - The Arkansas Democrat-Gazette"
2024-03-18,Nasdaq resolves technical glitch that impacted premarket trading - Reuters
2024-03-15,"Markets News, March 15, 2024: Big Tech Weighs on Stocks; Adobe Tumbles on Weak Outlook - Investopedia"
2024-03-21,"Markets News, March 21, 2024: Indexes Notch Records; Apple Slumps While Reddit Jumps in Debut - Investopedia"
2024-03-20,"Fed Meeting Live: Fed Holds Rates Steady, Projects Three Cuts in 2024, Markets Pop - Investopedia"
2024-03-26,S&P 500 closes lower for a third straight session as market rally cools: Live updates - CNBC
2024-03-28,US stock market hits record high after three-day lull - Al Jazeera
2024-03-26,Stock Market News: Dow Falls - Barron's
2024-03-28,"Stock Market News, March 28, 2024: Dow, S&P 500 End Quarter at Record Highs - The Wall Street Journal"
2024-03-27,"Markets News, March 27, 2024: Broad Rally Takes S&P 500 to Record; Trump Media Continues to Surge - Investopedia"
2024-03-28,How the US stock market rocketed through the first quarter - Reuters
2024-03-25,Stock Market Today: Dow suffers back-to-back declines as rally takes breather - MarketWatch
2024-03-25,"Nasdaq 100, S&P 500 Extend Weekly Gains Amid Earnings Buzz - tastylive"
2024-03-29,"This Magnificent Growth Stock Has Skyrocketed Nearly 6,000% in the Past 5 Years: Here's Why I'm Not Buying It. - Nasdaq"
2024-03-29,Asian shares are mostly higher after another set of Wall Street records - 朝日新聞
2024-03-24,"The Nasdaq Just Did Something It Has Only Done 8 Times Since 1990, and It Could Signal a Big Move in the Stock Market - The Motley Fool"
2024-03-25,"Markets News, March 25, 2024: Stocks Slip; Boeing Rises on Leadership Shake-Up - Investopedia"
2024-03-26,Stock market today: Wall Street pulls back further from its all-time highs - Times Colonist
2024-03-25,Nasdaq slips into negative territory in final hour of trade - MarketWatch
2024-03-28,"Markets News, March 28, 2024: S&P 500 Notches 22nd Record Close To Cap Off Winning Quarter - Investopedia"
2024-03-25,Analyst Tom Lee targets an eye-popping Russell 2000 gain in 2024 - thestreet.com
2024-03-29,The Stock Market Had a Great Start to the Year. What History Says Happens Next. - Barron's
2024-03-26,"Markets News, March 26, 2024: Trump Media Jumps on First Trading Day; Indexes Slip - Investopedia"
2024-04-01,Why Is the Dow Down While the Nasdaq Is Up? - Barron's
2024-04-04,"Dow closes 500 points lower, its 4th straight losing session and worst day since March 2023: Live updates - CNBC"
2024-03-31,Here's Why Vanguard's Largest Growth Fund Keeps Outperforming the S&P 500 and the Nasdaq Composite - Nasdaq
2024-04-04,"Markets News, April 4, 2024: Dow Drops 500 Points as Oil Surges to 5-Month High - Investopedia"
2024-04-03,"Stock Market Today: Dow Jones ends with third straight day of losses, S&P 500 ekes out small gain - MarketWatch"
2024-03-31,Here's Why Vanguard's Largest Growth Fund Keeps Outperforming the S&P 500 and the Nasdaq Composite - The Motley Fool
2024-04-01,"Markets News, April 1, 2024: Tech Spared Stock Pullback; Treasury Yields Jump After PCE - Investopedia"
2024-04-04,How to Manage Stock Market Volatility - The Smart Investor
2024-04-05,The Stock Market Bounces Back. Bad Things Don’t Happen in April. - Barron's
2024-03-31,Should You Buy and Hold Stocks for the Next 10 Years? Here's What History Says Your Returns Could Be. - Nasdaq
2024-04-05,Stock market today: Wall Street gains ground following surprisingly strong US jobs report - North Shore News
2024-04-03,Trump's social media company loses billions in value as stock price swings wildly - CBS News
2024-04-01,Stock Market Today: Dow ends 240 points lower as bond yields climb - MarketWatch
2024-04-05,"Markets News, April 5, 2024: Stocks Rise; Treasury Yields Climb Following Jobs Report - Investopedia"
2024-04-01,"Tech-heavy Nasdaq is up five straight months. History shows this happens next, Bespoke says. - MarketWatch"
2024-04-02,"Markets News, April 2, 2024: Tesla Tumbles; Stocks Slump as Treasury Yields Climb to 2024 Highs - Investopedia"
2024-04-03,"Markets News, April 3, 2024: Dow Dips and Nasdaq Gains; Disney Defeats Peltz - Investopedia"
2024-04-06,5 Best Nasdaq ETFs To Invest In - Nasdaq
2024-04-09,Dow closes little changed on Tuesday as Wall Street braces for key U.S. inflation report: Live updates - CNBC
2024-04-08,All About the Nasdaq Stock Market - Shiksha.com
2024-04-08,Does AI Know About Nasdaq's Drawdowns? - Advisor Perspectives
2024-04-11,"S&P 500, Nasdaq end sharply higher on soft inflation data, eyes on earnings - Reuters"
2024-04-10,"Markets News, April 10, 2024: Stocks Plummet, Treasury Yields Jump on Another Hot Inflation Report - Investopedia"
2024-04-09,Stock Market Today: Dow ends flat as investors await Wednesday's inflation data - MarketWatch
2024-04-10,Turn Tech Sector Volatility Into Income With QQQI - ETF Trends
2024-04-12,"Markets News, April 12, 2024: Stocks Tumble as Big Banks Kick Off Q1 Earnings, Interest Rate Jitters Linger - Investopedia"
2024-04-12,"S&P 500, Nasdaq hit new records as markets eye US rate cut - The Standard (HK)"
2024-04-09,"Dow Jones stalls, Nasdaq inches up ahead of inflation data - Proactive financial news"
2024-04-12,FOMO Is Dead. Welcome to the ‘OMO’ Stock Market. - Barron's
2024-04-11,"Markets News, April 11, 2024: Tech Leads Stocks Higher as Investors Mull Mixed Inflation Data - Investopedia"
2024-04-09,"Markets News, April 9, 2024: Nasdaq Rebounds as Treasury Yields Retreat; Gold Hits Record High - Investopedia"
2024-04-08,"Markets News, April 8, 2024: Stocks Finish Flat While Treasury Yields Rise; Bitcoin Nears $72K - Investopedia"
2024-04-19,Nasdaq falls more than 2% to post sixth straight losing day as Nvidia craters 10%: Live updates - CNBC
2024-04-19,Why the Dow and Nasdaq Are Going in Different Directions - Barron's
2024-04-19,Don't Freeze Up When On Expectation Breakers - Investor's Business Daily
2024-04-15,"Markets News, April 15, 2024: Stocks Tumble as Consumer Spending, Treasury Yields Surge - Investopedia"
2024-04-12,"Stock Market News, April 12, 2024: Indexes Finish Week Lower as Bank Earnings Land - The Wall Street Journal"
2024-04-17,S&P 500 and Nasdaq close lower for a fourth straight day as Nvidia shares slide: Live updates - CNBC
2024-04-19,"Nasdaq tumbles, Treasuries dip amid earnings, geopolitical crosscurrents - Reuters"
2024-04-18,Nasdaq Composite Technical Analysis - investingLive
2024-04-15,"Stock Market Today: Dow ends 250 points lower, bond yields jump on Mideast tensions - MarketWatch"
2024-04-19,"Markets News, April 19, 2024: Tech Sell-Off Hands Nvidia Worst Day in 4 Years; Nasdaq, S&P 500 Fall for 6th Day - Investopedia"
2024-04-17,Want Exposure to the Hottest AI Stocks? Buy This ETF Hand Over Fist. - The Motley Fool
2024-04-17,"Stock Market News, April 17, 2024: Nasdaq Drops, Indexes Fall as More Earnings Roll In - The Wall Street Journal"
2024-04-15,"S&P 500 and Nasdaq close 1% lower as yields jump, traders await Israel response to Iran: Live updates - CNBC"
2024-04-18,"Markets News, April 18, 2024: Nasdaq Falls as Tech Stocks Lag; Treasury Yields, Gold Climb - Investopedia"
2024-04-19,Nasdaq Down 1.4%. Netflix Spooked Tech Investors. - Barron's
2024-04-12,5 things to know before the stock market opens Friday - CNBC
2024-04-16,"Markets News, April 16, 2024: UnitedHealth Boosts the Dow as S&P 500 Slips; Treasury Yields Climb - Investopedia"
2024-04-15,5 Tech Stocks for Less Than $50 for April 2024 - Investopedia
2024-04-19,Some ugly stock-market factoids - MarketWatch
2024-04-16,Stock Market Today: S&P 500 closes lower as Nvidia leads tech stumble By Investing.com - Investing.com Canada
2024-04-26,"Markets News, April 26, 2024: S&P 500, Nasdaq Snap Losing Streaks; Alphabet Soars Past $2T - Investopedia"
2024-04-26,Wall Street Humbled as Fast-Reversing Markets Confound the Pros - Bloomberg.com
2024-04-26,"S&P 500 posts best week since November, Nasdaq surges 2% Friday as Alphabet soars: Live updates - CNBC"
2024-04-23,Nasdaq Composite Technical Analysis - investingLive
2024-04-23,"Markets News, April 23, 2024: Tech Leads Stock Rally Ahead of Tesla Earnings - Investopedia"
2024-04-22,1 No-Brainer ETF to Buy With $100 Right Now - The Motley Fool
2024-04-20,Netflix weighs on Nasdaq as market reacts to reported strike of Iran - Free Malaysia Today
2024-05-02,"Markets News, May 2, 2024: Nasdaq Leads Stocks Higher; Apple Gains Ahead of Earnings - Investopedia"
2024-05-02,"Stock Market News, May 2, 2024: Nasdaq Closes Higher; Apple Delivers Latest Earnings - The Wall Street Journal"
2024-05-02,"Stock Market News for May 2, 2024 - Nasdaq"
2024-04-29,"Dow climbs more than 100 points, Tesla's 15% pop pushes Nasdaq to close higher: Live updates - CNBC"
2024-05-01,Stock market today: Nasdaq sinks 2% as stocks plummet to end worst month of 2024 - Yahoo Finance
2024-04-29,"Stock Market Today: Dow ends 150 points higher with earnings, Fed in focus - MarketWatch"
2024-04-30,Stock market today: An ugly April for Wall Street gets even worse as it crosses the finish line - qz.com
2024-04-29,Stocks Finish Higher on Solid Q1 Earnings Results - The Globe and Mail
2024-04-29,Stock market today: Wall Street edges higher at the start of a busy week - Vancouver Is Awesome
2024-05-01,Dow closes higher as Powell says Fed’s next move is unlikely to be a hike: Live updates - CNBC
2024-04-29,"Stock market today: Asian shares mostly rise to start a week full of earnings, Fed meeting - ConchoValleyHomepage.com"
2024-04-28,"Before You Buy the Invesco QQQ ETF, Here Are 3 Others I'd Buy First - The Motley Fool"
2024-04-30,Stock Market Today: Dow slumps 570 points to end worst month since September 2022 as Fed decision looms - MarketWatch
2024-05-03,"Markets News, May 3, 2024: Stocks End Higher After Benign Jobs Data; Major Indexes Post 2nd Straight Week of Gains - Investopedia"
2024-05-03,Dow closes higher by more than 400 points as April jobs report bolsters Fed rate cut hopes: Live updates - CNBC
2024-05-01,"Markets News, May 1, 2024: S&P 500, Nasdaq Fall Back to Earth After Post-Fed Rally - Investopedia"
2024-04-30,"Markets News, April 30, 2024: Dow Notches Worst Month Since September 2022; Eli Lilly, 3M Jump on Earnings - Investopedia"
2024-05-03,"Here's How Much It Would Cost to Build Your Own Personal Equal Weight ""Magnificent Seven"" ETF - The Motley Fool"
2024-05-03,Wall Street rallies after hiring shows welcome signs of cooling - The Detroit News
2024-05-06,What Is The Nasdaq 100 Index? - Bankrate
2024-05-08,"With the S&P 500 and Nasdaq Composite at All-Time Highs, Is Now the Worst Time to Buy Stocks in History? - Nasdaq"
2024-05-08,Dow jumps more than 100 points to post 8th winning day and best week of 2024: Live updates - CNBC
2024-05-10,Dow Jones Today: Dow Extends Winning Streak to Eight Days as Major Indexes Gain For Third Consecutive Week - Investopedia
2024-05-08,"Dow ends higher for 6th session, but Treasury yields pressure market - Reuters"
2024-05-09,"Dow closes more than 300 points higher, securing 7th winning day: Live updates - CNBC"
2024-05-06,"Indian stock market: 8 key things that changed for market over weekend - Gift Nifty, US jobs data to Nasdaq rally - livemint.com"
2024-05-09,3 Vanguard ETFs That Have Outperformed the S&P 500 and Nasdaq Composite Over the Last Year - The Motley Fool
2024-05-05,May 2024 Review and Outlook - Nasdaq
2024-05-10,5 Reasons China’s Recent Stock Market Rally Could Be Fundamentally Different - Syfe
2024-05-09,"Markets News, May 9, 2024: Dow Finishes More Than 300 Points Higher To Extend Winning Streak to Seven Straight Sessions - Investopedia"
2024-05-06,3 Ways To Play The Nasdaq With ETFs: Top Nasdaq Funds - Bankrate
2024-05-09,Stock market today: Asian shares are mixed after Wall St rally takes S&P 500 near record - CityNews Halifax
2024-05-08,Dow pops more than 170 points to notch sixth positive day and longest win streak in 2024: Live updates - CNBC
2024-05-04,4 Colossal Growth Stocks You'll Regret Not Buying in the New Nasdaq Bull Market - The Motley Fool
2024-05-07,What Is A Broad-Based Index Fund? - Bankrate
2024-05-07,"Markets News, May 7, 2024: S&P 500, Dow Edge Higher To Extend Winning Streaks; Nasdaq Ends Lower - Investopedia"
2024-05-13,Dow slips for first losing day in nine as consumers’ expectations for inflation rise: Live updates - CNBC
2024-05-16,"Meet the Only 3 ""Magnificent Seven"" Stocks Outperforming the Nasdaq Composite Over the Last 3 Months - The Motley Fool"
2024-05-17,"Markets News, May 17, 2024: Dow Tops 40K, Capping Fourth Straight Winning Week for Stocks - Investopedia"
2024-05-17,The Stock Market Celebrated Inflation Too Soon. Why an Exhausted S&P 500 Is Set to Drop. - Barron's
2024-05-14,"Stock Market Today: Dow ends higher, Nasdaq scores 7th record close of 2024 as investors await key inflation reading - MarketWatch"
2024-05-16,"Dow Jones hits record-high 40,000 points - PBS"
2024-05-16,"Stock market today: Dow tops 40,000 for the first time as Wall Street drifts higher - Business & Economy News - WION"
2024-05-15,"S&P 500 jumps 1% to post record close, ending session above 5,300 for the first time: Live updates - CNBC"
2024-05-17,"The Dow's climb to a record 40,000 points - Reuters"
2024-05-16,ONEQ: What Owning The Entire Nasdaq Composite Index Gets You - Seeking Alpha
2024-05-15,IXIC: Nasdaq Composite Logs Fresh Record Close as Meme Stocks Stage Mega Rally - TradingView — Track All Markets
2024-05-16,"Dow briefly tops 40,000 for first time but ends the day lower - CNN"
2024-05-13,"Markets News, May 13, 2024: Stocks End Mixed As Investors Await Key Inflation Data; Dow's Winning Streak Is Snapped - Investopedia"
2024-05-11,Everyone Is Talking About the Fidelity Nasdaq Composite Index ETF. Is It a Good Long-Term Option? - The Motley Fool
2024-05-16,"Record U.S. stock market is not yet overbought, but it’s getting close - MarketWatch"
2024-05-14,"Nasdaq jumps to record close, Dow adds more than 100 points ahead of consumer inflation report: Live updates - CNBC"
2024-05-15,"Markets News, May 15, 2024: Stocks Close at Record Highs After Inflation Report; Meme Stocks Slump - Investopedia"
2024-05-16,"Dow closes lower Thursday after briefly topping 40,000 for first time: Live updates - CNBC"
2024-05-14,"Markets News, May 14, 2024: Stocks Rise Ahead of CPI; GameStop, AMC Back in Spotlight - Investopedia"
2024-05-17,"Dow closes at record high above 40,000 to cinch a five-week winning streak - CNBC"
2024-05-14,"Wall Street ends higher, sending Nasdaq to a record high - Los Angeles Times"
2024-05-15,"S&P 500, Nasdaq and Dow all hit record highs after encouraging inflation data - CNN"
2024-05-17,"The Dow hit a new record. What it tells us about the economy, what it means for 401(k)s. - USA Today"
2024-05-16,"S&P/TSX composite up slightly, U.S. markets dip despite earlier gains - CityNews Toronto"
2024-05-20,"S&P 500, Nasdaq rise on Tuesday to close at fresh records: Live updates - CNBC"
2024-05-22,"S&P 500, Nasdaq notch record closing highs, Treasury yields dip ahead of Fed minutes - Reuters"
2024-05-24,"Markets News, May 24, 2024: Nvidia Rally Hands Nasdaq 5th Straight Winning Week - Investopedia"
2024-05-23,"Stock market today: Stocks slide, Dow suffers worst day in a year as Nvidia fails to spur market rally - Yahoo Finance"
2024-05-22,Analysis: Earnings from AI-heavyweight Nvidia to test US stocks' record run - ET Telecom
2024-05-21,3 Growth Stocks That Could Continue Outperforming the Nasdaq-100 - The Motley Fool
2024-05-22,Walmart and 3 Other Dividend Kings That Are Outperforming the S&P 500 and Nasdaq Composite in 2024 - Nasdaq
2024-05-21,"Stock Market Today: S&P 500 and Nasdaq close at fresh records, Dow remains below 40K - MarketWatch"
2024-05-24,The Stock Market Is Looking Vulnerable. It Could Be the Start of a Summer Slump. - Barron's
2024-05-20,"Nasdaq hits record, S&P ticks higher with Nvidia results eyed - Reuters"
2024-05-21,Bitcoin correlation with Nasdaq grows amid fed rate optimism - Wealth Professional
2024-05-23,S&P 500 and Nasdaq 100 Post Record Highs on Nvidia’s Blowout Earnings - Nasdaq
2024-05-23,Dow falls 600 points in worst day of 2024 as Nvidia's blockbuster earnings fail to lift broader market: Live updates - CNBC
2024-05-23,This Vanguard ETF Just Hit an All-Time High as It Continues to Outperform the S&P 500 and the Nasdaq Composite Over the Last 5 Years - The Motley Fool
2024-05-23,"Markets News, May 23, 2024: Dow Tumbles 600 Points as Nvidia Rally Fizzles, Treasury Yields Climb - Investopedia"
2024-05-20,Stock market today: Asian shares mostly decline after Nasdaq ticks to a record high - WKRG
2024-05-23,"$10,000 Invested in This Vanguard ETF Incurs a Mere $7 Annual Fee, and It Has Outperformed the S&P 500 and the Nasdaq Composite So Far This Year - Nasdaq"
2024-05-22,The Top 10 S&P 500 Stocks By Weight: December 2025 Edition - Forbes
2024-05-20,"Fox News kept talking down the economy under Biden — then the Dow Jones closed above 40,000 - Media Matters for America"
2024-05-28,"Nasdaq closes above 17,000; S&P 500 slightly higher, Dow down - Reuters"
2024-05-30,"Stocks close lower, Dow falls more than 300 points as Salesforce plunges 20%: Live updates - CNBC"
2024-05-28,"Stock market today: Nvidia, Nasdaq reach record highs as AI rally continues - Yahoo Finance"
2024-05-30,Stock Market Today: Dow logs largest 3-day loss since October - MarketWatch
2024-05-31,Investors May Be Too Optimistic. The Stock Market Drop Could Just Be Getting Started. - Barron's
2024-05-28,"Nasdaq closes above 17,000 for the first time, Dow slides more than 200 points: Live updates - CNBC"
2024-05-25,Nasdaq sets another record as Wall Street wins back earlier losses - وكالة أنباء البحرين
2024-05-30,Forget the Nasdaq -- Buy This Magnificent ETF Instead - The Motley Fool
2024-05-30,U.S. shares lower at close of trade; Dow Jones Industrial Average down 1.06% By Investing.com - Investing.com India
2024-05-28,Stock market today: Most of Wall Street slips in quiet trading after returning from a 3-day weekend - MooseJawToday.com
2024-05-28,Stock Market Today: Nasdaq Nabs New High as Nvidia Stock Soars - Kiplinger
2024-05-24,Stock Market Today: All You Need To Know Going Into Trade On May 24 - NDTV Profit
2024-05-28,"Markets News, May 28, 2024: Nvidia Soars to Record; Rising Treasury Yields Weigh on Dow - Investopedia"
2024-05-31,Dow has best daily gain for year; indexes up sharply for May - Reuters
2024-05-28,"S&P 500 posts first losing day in 3 as Nvidia's climb fails to lift market, Dow drops 400 points: Live updates - CNBC"
2024-05-31,This Vanguard ETF Just Hit an All-Time High as It Continues to Outperform the S&P 500 and the Nasdaq Composite Over the Last 3 Years - The Motley Fool
2024-05-31,"Markets News, May 31, 2024: Dow Posts Best Day of 2024; S&P 500 Swings Higher After Inflation Report - Investopedia"
2024-05-30,"Markets News, May 30, 2024: Stocks Slump as Salesforce Sparks Tech Sell-Off - Investopedia"
2024-05-29,This Nasdaq-100 Growth Stock Just Hit a New 52-Week Low. Here's Why It's Worth Buying Now - The Motley Fool
2024-06-04,"Dow closes more than 100 points higher Tuesday, S&P 500 ekes out a gain in muted session: Live updates - CNBC"
2024-06-06,"S&P 500, Nasdaq close slightly down ahead of US payrolls data - Reuters"
2024-06-06,"Stock market today: S&P 500, Nasdaq hit record highs as Nvidia leads tech rally - Yahoo Finance"
2024-06-03,"Markets News, June 3, 2024: Nasdaq Ticks Higher; Oil, Treasury Yields Tumble - Investopedia"
2024-06-06,"The S&P 500, Dow & Nasdaq Since Their 2000 Highs as of May 2024 - ETF Database"
2024-06-07,"The S&P 500, Dow and Nasdaq Since Their 2000 Highs - Advisor Perspectives"
2024-06-07,Stock market’s records belie the cracks forming beneath the surface - MarketWatch
2024-06-04,"Markets News, June 4, 2024: Stocks Tick Up as Oil, Treasury Yields Retreat; Indian Stocks Tumble - Investopedia"
2024-06-14,"Nasdaq Composite ekes out fifth straight record close, notches a 3% weekly gain: Live updates - CNBC"
2024-06-11,US stock market hits new record ahead of interest rates decision - Al Jazeera
2024-06-14,"Markets News, June 14, 2024: Tech Lifts Nasdaq to Fifth Straight Record; Dow Lags - Investopedia"
2024-06-13,"Nasdaq, S&P 500 post all-time closing highs for 4th day as tech boosts - Reuters"
2024-06-13,"Stock market today: S&P 500, Nasdaq soar to fresh records after inflation cools and Fed sees improving outlook - Yahoo Finance"
2024-06-10,"There's a stock market crash coming in 2025 as the 'bubble of all bubbles' bursts, economist says - markets.businessinsider.com"
2024-06-10,Similarities and Differences Between the Late 1990’s Stock Markets and Today - Investing.com
2024-06-12,"S&P 500 closes above 5,400 for the first time as Fed notes ‘modest’ inflation progress: Live updates - CNBC"
2024-06-14,The Stock Market Doesn’t Need Your Stinking Rate Cuts - Barron's
2024-06-11,"S&P 500, Nasdaq end at fresh record highs ahead of CPI report, Fed decision - MarketWatch"
2024-06-11,"Markets News, June 11, 2024: Apple Lifts Nasdaq, S&P 500 to Records; Dow Lags Ahead of CPI - Investopedia"
2024-06-12,"S&P 500, Nasdaq post closing record highs after CPI, Fed - Reuters"
2024-06-14,"Stock Market Today: Dow posts weekly loss, S&P 500 pauses record-setting rally - MarketWatch"
2024-06-13,"S&P 500 posts its fourth straight record close, buoyed by cooler inflation data: Live updates - CNBC"
2024-06-10,"Markets News, June 10, 2024: S&P 500, Nasdaq Hit Records; Apple Slides After AI Demo - Investopedia"
2024-06-09,"S&P 500 and Nasdaq close at fresh records, clinch first winning day in three as Fed decision approaches: Live updates - CNBC"
2024-06-13,S&P 500 Gains and Losses Today: Broadcom Stock Soars After AI-Driven Revenue Beat - Investopedia
2024-06-13,"Markets News, June 13, 2024: Tech Rally Propels S&P 500 to Fourth Straight Record - Investopedia"
2024-06-07,"Markets News, June 7, 2024: Stocks Slip After Strong Jobs Report; Treasury Yields Jump - Investopedia"
2024-06-09,"$1,000 in This Vanguard ETF Incurs a Mere $1 Annual Fee, and It Has Beaten the S&P 500 and Nasdaq Composite in 2024 - The Motley Fool"
2024-06-21,It’s Been a Good Bull Run for Stocks. Here’s What Could Kill It. - Barron's
2024-06-17,"S&P 500, Nasdaq hit record closing highs ahead of data, Fed comments - Reuters"
2024-06-17,Stock market today: Stocks zoom higher as S&P 500 notches 30th record close of 2024 - Yahoo Finance
2024-06-21,What To Do In An Extended Market As A Swing Trader - Investor's Business Daily
2024-06-16,Is the Stock Market Going to Crash? 153 Years of Valuation History Weighs In and Provides a Big Clue. - Nasdaq
2024-06-19,"S&P 500 closes slightly lower after briefly breaching 5,500, Nvidia takes a breather: Live updates - CNBC"
2024-06-17,"Markets News, June 17, 2024: Autodesk, Broadcom Lead Nasdaq to Sixth Straight Record - Investopedia"
2024-06-21,"S&P, Nasdaq end lower as Nvidia drags the tech sector for second day - Reuters"
2024-06-20,The Smartest Tech ETF to Buy With $500 Right Now - The Motley Fool
2024-06-20,"S&P 500 closes lower Friday as Nvidia falters, Dow posts best week since May: Live updates - CNBC"
2024-06-21,"Markets News, June 21, 2024: Nasdaq, S&P 500 Dip as Nvidia, Chip Rally Lose Steam - Investopedia"
2024-06-18,"$20,000 in This Vanguard ETF Incurs a Mere $8 Annual Fee, and It Has Beaten the S&P 500 and Nasdaq Composite in 2024 - Nasdaq"
2024-06-16,"$5,000 in This Vanguard ETF Incurs a Mere $4 Annual Fee, and It Has Beaten the S&P 500 and Nasdaq Composite in 2024 - The Motley Fool"
2024-06-21,What a Triple Witching Day Means for the Stock Market - Barron's
2024-06-20,"Markets News, June 20, 2024: Semiconductor Slump Snaps Nasdaq's Winning Streak; Dow Gains - Investopedia"
2024-06-18,"Markets News, June 18, 2024: Nvidia Market Cap Tops Microsoft; S&P 500, Nasdaq Eke Out Record Closes - Investopedia"
2024-06-20,"European stocks advance, AI propels US into record territory - Digital Journal"
2024-06-21,Stock market today: Wall Street coasts to the close of another winning week as Nvidia cools again - The Globe and Mail
2024-06-24,"Dow closes more than 250 points higher as investors snap up energy and bank stocks, Nvidia slides 6%: Live updates - CNBC"
2024-06-28,"Markets News, June 28, 2024: S&P 500, Nasdaq Retreat From Records; Indexes Notch Positive H1 - Investopedia"
2024-06-22,"If Nvidia stumbles, how far will the stock market fall? - MarketWatch"
2024-06-27,Here's the Average Stock Market Return Over the Last 15 Years - The Motley Fool
2024-06-27,S&P 500 closes little changed as investors brace for Fed’s preferred inflation gauge: Live updates - CNBC
2024-06-24,"SNAPSHOT Nasdaq drops as Nvidia, chips drag; inflation data in focus - KITCO"
2024-06-27,Stock market today: Wall Street inches higher ahead of inflation report - Times Colonist
2024-06-25,"Stock Market Today: S&P 500, Nasdaq Snap Losing Streaks - Kiplinger"
2024-06-25,Nasdaq ends higher on tech strength; Dow pulls back - Reuters
2024-06-28,"S&P 500 closes lower Friday, but AI trade drives a 14.5% gain in first half of 2024: Live updates - CNBC"
2024-06-26,"Markets News, June 26, 2024: Nasdaq Leads Stocks Higher; Amazon Market Cap Tops $2T - Investopedia"
2024-06-26,"Investing $1,000 Into Each of These Top ETFs Would Incur a Mere $12 Annual Fee, and They Have All Beaten the S&P 500 and Nasdaq Composite So Far in 2024 - The Motley Fool"
2024-06-24,"Markets News, June 24, 2024: Dow Advances; Nvidia's Worst Day Since April Weighs on Nasdaq - Investopedia"
2024-07-01,"S&P 500, Nasdaq close higher to kick off second half's trading: Live updates - CNBC"
2024-07-01,Echoes of dotcom bubble haunt AI-driven US stock market - Reuters
2024-07-05,July 2024 Review and Outlook - Nasdaq
2024-07-03,"Markets News, July 3, 2024: Nasdaq, S&P 500 Climb to Fresh Records; Tesla Rally Continues - Investopedia"
2024-07-01,Stock Market Today: Nasdaq scores record close to kick off second half of 2024 - MarketWatch
2024-07-01,Stocks surged during the first half of 2024. What’s next? - CNN
2024-07-05,"Stock market today: S&P 500, Nasdaq close at record highs as Powell touts inflation progress - Yahoo Finance"
2024-07-03,"The S&P 500, Dow & Nasdaq Since Their 2000 Highs as of June 2024 - ETF Database"
2024-07-04,"S&P 500, Nasdaq post record closes Friday as jobs report raises Fed rate cut hopes: Live updates - CNBC"
2024-07-01,"Stock Market News for Jul 1, 2024 - Nasdaq"
2024-07-05,"Nasdaq, S&P 500 hit record highs as payrolls data raises rate cut hopes - Reuters"
2024-07-05,Nasdaq vs. Dow Jones: A Detailed Breakdown of Stock Indexes - MarketBeat
2024-07-03,"S&P 500, Nasdaq close at fresh records as investors look past soft economic data: Live updates - CNBC"
2024-07-01,First Half 2024 Review and Outlook - Nasdaq
2024-07-01,"Markets News, July 1, 2024: US Stocks Kick Off Third Quarter With Gains - Investopedia"
2024-07-05,"Markets News, July 5, 2024: Big Tech Lifts Nasdaq, S&P 500 to Records After Jobs Report - Investopedia"
2024-07-02,"Markets News, July 2, 2024: Nasdaq, S&P 500 Notch Records; Tesla Soars on Deliveries Beat - Investopedia"
2024-07-10,"Market Close Report: Historical high reached as NASDAQ Composite Index closes at 18,647.45. - Nasdaq"
2024-07-07,"S&P 500, Nasdaq close at all-time highs ahead of inflation data and second-quarter earnings reports - CNBC"
2024-07-09,"Markets News, July 9, 2024: S&P 500, Nasdaq Inch Higher to Extend Winning Streaks - Investopedia"
2024-07-11,Stock Market News: Why Tech Stocks Fell After the Cool Inflation Report - Barron's
2024-07-12,"Dow rises more than 200 points, touches new record above 40,000: Live updates - CNBC"
2024-07-10,"Stock Market Today: Dow logs best day since May, S&P 500 ends above 5,600 for first time - MarketWatch"
2024-07-09,"Stock market today: Japan's Nikkei 225 index logs record close, as markets track rally on Wall St - 毎日新聞"
2024-07-08,World Stock Market Performance: 10 Year Returns of Major Global Indices - Trade Brains
2024-07-08,"Markets News, July 8, 2024: S&P 500, Nasdaq Hit Record Highs as Chipmakers Surge - Investopedia"
2024-07-09,S&P 500 posts another record close as Fed Chair Powell calls out risks of keeping rates high: Live updates - CNBC
2024-07-12,"Markets News, July 12, 2024: Stocks Close Higher to Finish Week With Gains; Dow Above 40K - Investopedia"
2024-07-11,"Markets News, July 11, 2024: Tech Selloff Sends Nasdaq, S&P 500 Lower as Investors Rotate Into Small Caps - Investopedia"
2024-07-11,"S&P 500 retreats from record as investors sell high-flying Big Tech stocks, Nvidia drops 5%: Live updates - CNBC"
2024-07-11,Watch These Key Russell 2000 Levels Amid Rotation Into Small Cap Stocks - Investopedia
2024-07-10,"Markets News, July 10, 2024: S&P 500, Nasdaq Close at Record Highs Again, Led by Technology Stocks - Investopedia"
2024-07-11,Traders piled into bets against small-cap stocks at exactly the wrong time - MarketWatch
2024-07-12,Why did the Nasdaq Index take a dive on promising US inflation data? - The Motley Fool Australia
2024-07-18,Exploring Nasdaq: The Digital Stock Market Powerhouse - Business Insider
2024-07-19,"Markets News, July 19, 2024: Stocks End Lower, Pushing S&P 500, Nasdaq to Weekly Losses Amid Tech Selloff - Investopedia"
2024-07-18,"Dow tumbles more than 370 points, S&P 500 posts worst week since April as investors dump big tech: Live updates - CNBC"
2024-07-16,"Stock market news today: S&P 500, Dow surge to record highs as blue chip index gains over 700 points - Yahoo Finance"
2024-07-17,"Nasdaq, S&P 500 end sharply lower, hit by chips, megacaps; Dow extends rally - Reuters"
2024-07-17,"Nasdaq posts worst day since 2022, Dow gains 200 points as investors rotate out of tech: Live updates - CNBC"
2024-07-16,3 Dividend Stocks That Have Outperformed the S&P 500 and Nasdaq Composite Over the Last 5 Years - The Motley Fool
2024-07-17,"Markets News, July 17, 2024: Nasdaq, S&P 500 Close Sharply Lower; Dow Rises to New Record - Investopedia"
2024-07-18,"Don’t buy the dip as the summer slump is officially here, says Goldman strategist - MarketWatch"
2024-07-19,Dow's winning streak comes to an end | NASDAQ:MSFT - Proactive financial news
2024-07-19,5 Non-Tech Nasdaq Stocks to Buy Amid Index's Recent Bloodbath - Yahoo Finance
2024-07-18,"The stock market is flashing warning signs as tech shares are a 'valuation timebomb,' SocGen says - markets.businessinsider.com"
2024-07-18,"Wall Street ends sharply lower as anxiety rises, earnings heat up - Reuters"
2024-07-19,"Up 19% Year to Date, Can Gold Outperform the S&P 500 and Nasdaq Composite by the End of 2024? - The Motley Fool"
2024-07-16,"Dow rallies 700 points for best day in more than a year, Russell 2000 small-cap index jumps 3%: Live updates - CNBC"
2024-07-18,"Markets News, July 18, 2024: Stocks End Lower as Tech Selloff Continues; Dow Drops 500 Points - Investopedia"
2024-07-16,"Markets News, July 16, 2024: Dow Adds More Than 700 Points to Close at Record; S&P 500 Also Hits New High - Investopedia"
2024-07-15,"Markets News, July 15, 2024: Stocks Close Higher as Dow Industrials Hit New Record - Investopedia"
2024-07-17,"Nasdaq slide: biggest decliners, advancers in Nasdaq-100 slide on trade worries, rotation - Seeking Alpha"
2024-07-17,"S&P/TSX composite closes down on broad losses led by tech, U.S. markets mixed - BNN Bloomberg"
2024-07-17,SCHG Is Facing Headwinds & Will Continue To Underperform Broader NASDAQ Index - Seeking Alpha
2024-07-17,"Stock Market News Today, 7/17/24 – Nasdaq Sinks Almost 3%; Housing Data Beats Estimates - TipRanks"
2024-07-18,"Stock market today: A washout on Wall Street sends stocks, big to small, lower - CityNews Halifax"
2024-07-23,"S&P 500, Nasdaq tumble for worst day since 2022 as Tesla, Alphabet slide after quarterly results: Live updates - CNBC"
2024-07-24,"Stock Market News, July 24, 2024: Big Tech Selloff Slams Nasdaq With Worst Day Since 2022 - The Wall Street Journal"
2024-07-25,"S&P, Nasdaq end lower in fickle trading, megacap trend uncertain - Reuters"
2024-07-22,"Stock Market News for Jul 22, 2024 - Nasdaq"
2024-07-24,Stock market today: Nasdaq suffers worst day since 2022 as weak earnings spark steep sell-off - markets.businessinsider.com
2024-07-24,Tech Rout Erases Almost $1 Trillion From Nasdaq Composite - Investopedia
2024-07-25,How Far Can the Stock Market Fall? Technical Analysis Has Answers. - Barron's
2024-07-26,"Stocks soar, Dow closes 650 points higher buoyed by bullish inflation report: Live updates - CNBC"
2024-07-24,"Stock market news today: Stocks smoked, Nasdaq falls over 3.5% in worst day since 2022 after Tesla, Alphabet trigger Big Tech sell-off - Yahoo Finance"
2024-07-23,Stocks close slightly lower as Wall Street gears up for major tech earnings - CNBC
2024-07-24,"Markets News, July 24, 2024: Tech Rout Sends Stocks Sharply Lower; Nasdaq Has Worst Day Since 2022 - Investopedia"
2024-07-22,"Stock market news today: Tech roars back as S&P 500, Nasdaq surge ahead of earnings - Yahoo Finance"
2024-07-23,"Markets News, July 23, 2024: Major Stock Indexes End Lower Ahead of Mega-Cap Tech Earnings - Investopedia"
2024-07-25,"Markets News, July 25, 2024: S&P 500, Nasdaq End Lower As Big Tech Stocks Come Under Renewed Pressure - Investopedia"
2024-07-26,"Markets News, July 26, 2024: Stocks End Higher on Tech Sector Recovery, Strong Earnings, Rate-Cut Hopes - Investopedia"
2024-07-22,"Markets News, July 22: S&P 500, Nasdaq End Sharply Higher as Nvidia and Tesla Lead Tech-Stock Surge - Investopedia"
2024-07-26,What the Tech Bubble in 2000 May Tell Us About the Stock Market Today - Investopedia
2024-07-24,Nvidia and Other Magnificent 7 Earnings Could Spur Stocks to Ride On - Barron's
2024-07-26,Trump vs. Biden: Who’s Actually Better for Stock Market Investors? - inc.com
2024-07-22,The 3 Best ETFs to Beat the Nasdaq Through 2030 - InvestorPlace
2024-07-25,"FTSE 100 Live: Wise shares halted, Revolut receives banking licence - London Evening Standard"
2024-08-01,"Dow closes down 600 points, Nasdaq enters correction after weak jobs report: Live updates - CNBC"
2024-08-02,Tech-heavy Nasdaq in correction as equity selloff deepens - Reuters
2024-07-29,"1 Nasdaq ETF to Buy With $1,000 and Hold Forever - The Motley Fool"
2024-08-02,"Market News, August 2, 2024: Stocks Tumble as Jobs Report Heightens Economic Fears, Tech Rout Continues - Investopedia"
2024-08-02,Stocks crash on recession fears as the ‘Fed is seizing defeat from the jaws of victory’ - Fortune
2024-08-02,"Stock Market News, Aug. 2, 2024: Nasdaq Falls Into Correction; S&P 500 Slides After Weak Jobs Report - The Wall Street Journal"
2024-08-02,Stock market today: Indexes tank after weak jobs report sparks panic - markets.businessinsider.com
2024-07-31,Stock Market News: Stocks End July With Exclamation Point - Barron's
2024-07-31,Dow closes nearly 500 points lower Thursday as investors’ recession fears awaken: Live updates - CNBC
2024-08-02,"Stocks drop, Nasdaq confirms correction as recession fears mount - Reuters"
2024-07-31,"Market News, July 31, 2024: S&P 500, Nasdaq Close Sharply Higher on Chip Stock Rally, Rate-Cut Hopes - Investopedia"
2024-08-02,"Tech stocks see steepest three-week slump in two years, led by plunge in Amazon and Intel - CNBC"
2024-07-29,"Markets News, July 29, 2024: S&P 500, Nasdaq Inch Higher to Finish With Gains for 2nd Straight Session - Investopedia"
2024-08-01,Stocks slump in August kick-off as data reignites slowdown worries - Reuters
2024-07-31,S&P 500 posts best day since February as Powell points to possible September rate cut: Live updates - CNBC
2024-08-01,"Markets News, August 1, 2024: Major Indexes Fall Sharply Amid Chip Stock Selloff, Economic Concerns - Investopedia"
2024-08-02,Experts react to equities sell-off as Nasdaq heads for correction - Reuters
2024-07-29,"S&P 500, Nasdaq close lower Tuesday as investors dump tech before big earnings reports: Live updates - CNBC"
2024-07-30,"Markets News, July 30, 2024: S&P 500, Nasdaq End Lower Ahead of Big Tech Earnings; Nvidia Slides 7% - Investopedia"
2024-07-30,"S&P 500, Nasdaq stumble on caution ahead of tech earnings - Reuters"
2024-07-31,"Stock Market News for Jul 31, 2024 - Nasdaq"
2024-07-31,"S&P 500, Nasdaq boosted by chip rally, Fed rate cut signals - Reuters"
2024-07-28,"S&P 500, Nasdaq eke out small gain Monday as investors gear up for big tech earnings this week: Live updates - CNBC"
2024-08-01,"Stock Market News From Aug. 1, 2024: Dow Slides 500 Points; 10-Year Yield Below 4%; Meta Earnings; Apple, Amazon, Market Movers; and More - Barron's"
2024-08-02,Markets end the day sharply lower after weak jobs report ignites fears of a slowing economy - CNN
2024-07-31,What Is The NYSE Composite Index? - Bankrate
2024-07-30,"Nvidia and Other Chip Stocks Drag S&P 500, Nasdaq Lower Tuesday—Here’s Why - Investopedia"
2024-07-30,NASDAQ Stock Exchange - AskTraders.com
2024-08-02,"Wall Street today: S&P 500 set for worst day since 2022, tech-heavy Nasdaq crashes 3% on weak US jobs data - livemint.com"
2024-07-30,"Stocks In 2nd Half Look Bullish, But Heed These Risks - Investor's Business Daily"
2024-08-02,"Stock market news today: Nasdaq enters correction, Dow falls 600 points as disappointing jobs report shakes investors - Yahoo Finance"
2024-07-29,"Season of Change, Big Tech's Big Week, S&P, Nasdaq Charts, How Many Rate Cuts? - TheStreet Pro"
2024-07-31,"Nasdaq, S&P 500 ride chip-stock wave before Fed verdict; Microsoft slips - KITCO"
2024-08-02,Stock Market Today: Dow Sinks 611 Points on Rising Recession Fears - Kiplinger
2024-08-06,Dow closes nearly 300 points higher to snap three-day losing run in broad relief rally: Live updates - CNBC
2024-08-05,Why the stock market is freaking out again - CNN
2024-08-05,"Dow plunges more than 1,000 points as global stock rout deepens on recession fear - markets.businessinsider.com"
2024-08-05,"Stock Market News, Aug. 5, 2024: Dow, S&P 500, Nasdaq Slide Amid Global Selloff - The Wall Street Journal"
2024-08-05,"Dow drops over 1000 points, Nasdaq slides 6% in global market rout - ddnews.gov.in"
2024-08-06,The Nasdaq Just Entered Correction Territory. History Says This Will Happen Next (Hint: It May Surprise Investors). - The Motley Fool
2024-08-04,"Dow tumbles 1,000 points, S&P 500 posts worst day since 2022 in global market sell-off: Live updates - CNBC"
2024-08-05,"Nasdaq, S&P 500 fall 3% each amid US recession fears, Apple drop - Reuters"
2024-08-05,"Markets News, August 5, 2024: Major Indexes Record Their Biggest One-Day Losses in Nearly Two Years - Investopedia"
2024-08-08,"Nasdaq, S&P 500 end 2% higher in rally after US jobless data - Reuters"
2024-08-09,"Stocks close higher, clawing back much of the week's losses in major recovery from Monday's sell-off: Live updates - CNBC"
2024-08-06,Stocks close lower on Wednesday as market’s comeback attempt fizzles out: Live updates - CNBC
2024-08-07,Nasdaq ends down 1% as tech shares fall; Treasury auction weak - Reuters
2024-08-08,S&P 500 notches its best day since 2022 as Wall Street claws its way back from Monday's rout: Live updates - CNBC
2024-08-05,Nasdaq 100 futures down over 700 points as sell-off intensifies; Indian IT stocks take a hit - CNBC TV18
2024-08-05,"Stock Market News for Monday, Aug. 5, 2024: Stocks Tumbled Amid Global Selloff - Barron's"
2024-08-09,"Markets News, August 9, 2024: Stocks Rise for 2nd Straight Day to Close Out Volatile Week of Trading - Investopedia"
2024-08-06,US Stock Futures Bounce Back After Three-Day Global Selloff - Bloomberg.com
2024-08-08,"Markets News, August 8, 2024: S&P 500, Nasdaq Post Biggest Gains Since 2022 as Economic Fears Ease, Tech Stocks Rally - Investopedia"
2024-08-04,Japan's Nikkei logs worst day since 1987 Black Monday crash - CNBC
2024-08-05,Wall Street suffers worst day in nearly two years after global sell-off - The Guardian
2024-08-06,IXIC: Nasdaq Composite Stages 1% Relief Rally as Traders Rush Back to Tech on Discount - TradingView — Track All Markets
2024-08-05,"The S&P 500, Dow and Nasdaq Since Their 2000 Highs - ETF Database"
2024-08-06,"Markets News, August 6, 2024: US Stocks Close Higher to Snap Three-Session Selloff - Investopedia"
2024-08-07,"Markets News, August 7, 2024: Stocks Give Back Early Gains to Close Lower as Chip Stocks Slide - Investopedia"
2024-08-05,Nasdaq 100 Futures Indicate Gauge’s Worst Open in Four Years - Bloomberg.com
2024-08-06,Stock markets rally after global rout - CNN
2024-08-05,"Dow sinks more than 1,000 points in global market sell-off - The Washington Post"
2024-08-05,Live updates: Global stock markets plunge | CNN Business - CNN
2024-08-05,Global stock markets are sliding as Japan suffers biggest fall since 1987 - Business Insider
2024-08-05,Stock market recap: Wall Street hammered amid plunging global markets - USA Today
2024-08-07,Stocks fall as comeback rally falters; Dow lower by 100 points - NBC News
2024-08-04,Nasdaq Composite Technical Analysis - investingLive
2024-08-05,"Dow drops 1000 points, worst fall since 2022, amid global rout - PBS"
2024-08-06,"Stock Market Today: Dow finishes up nearly 300 points, S&P 500 logs 1% advance after Monday's big rout - MarketWatch"
2024-08-05,"Stock market crash today worries investors, but experts say don't panic as NASDAQ, Dow Jones, S&P 500 all down - ABC7 Chicago"
2024-08-05,A stock market circuit breaker will be triggered if the S&P 500 falls this much - MarketWatch
2024-08-05,"US stock market crash: Dow Jones plunges over 1000 points, S&P slides over 5% | Hindustan Times - Hindustan Times"
2024-08-05,"Dow crashes 1,000 points and the Nasdaq loses 3% as recession fears fuel market panic - markets.businessinsider.com"
2024-08-05,"Japan’s Nikkei 225 index crashes 7%, yen rallies as US recession concerns shake global markets - livemint.com"
2024-08-05,"Stock Market Today: Dow closes down 1,000 points as global equity rout continues - MarketWatch"
2024-08-05,"Global market crash: From Asian markets to crypto prices, US recession fears jolt financial markets globally - livemint.com"
2024-08-02,Stock market today: Dow drops 600 on weak jobs data as a global sell-off whips back to Wall Street - AP News
2024-08-05,"Stock market news today: Stock rout deepens as Dow plunges over 1000 points, S&P 500, Nasdaq sink over 3% - Yahoo Finance"
2024-08-05,"Dow plunges more than 1,000 points amid fears of U.S. economic slowdown - CBS News"
2024-08-05,4 reasons the stock market is plunging — and what experts say you should do - CBS News
2024-08-05,Wall Street has its worst day since 2022 as fears of U.S. recession deepen - CBC
2024-08-06,Rising economy fears prompt stock free fall - Northwest Arkansas Democrat-Gazette
2024-08-05,Inverse ETFs Spike as Nasdaq Enters Correction - Yahoo Finance
2024-08-05,Why is the stock market down today? - Fast Company
2024-08-05,Nasdaq Market Correction: 3 No-Brainer Stocks to Buy on the Pullback - The Motley Fool
2024-08-06,Fears of America recession send stock markets tumbling with worst US day in nearly two years - Sky News
2024-08-06,"Here are the signals to watch for a stock-market bottom, says JPMorgan - MarketWatch"
2024-08-06,The stock market plunged amid recession fears: Here's what it means for your 401(k) - USA Today
2024-08-02,Global stock markets end week in a slump over fears of U.S. recession - CBC
2024-08-07,Nasdaq and Dow Jones Hit All-Time Lows in August 2024? - Snopes
2024-08-06,How short-sighted computers fuelled the stock market crash - The Telegraph
2024-08-08,The Nasdaq Is in Turmoil: 3 High-Yield Dividend Stocks That Make for Screaming Buys During This Historic Sell-Off - AOL.com
2024-08-05,Reporter warns Kamala Harris 'hype' might be coming 'back down to earth' after stocks plunged - Fox News
2024-08-05,"Huge $6.4 trillion global stock market meltdown could be just the start, traders fear - Daily Mail"
2024-08-04,U.S. Money Supply Has Done Something So Unusual That It Hasn't Happened Since the Great Depression -- and a Big Move in Stocks May Await - The Motley Fool
2024-08-13,"Nasdaq closes up 2%, Dow adds 400 points as tame inflation data fuels market comeback - CNBC"
2024-08-13,Stocks Stage Everything Rally. Traders Bet on a Bigger Rate Cut. - Barron's
2024-08-16,This Signal Suggested Bullishness Despite The Noise - Investor's Business Daily
2024-08-12,"Markets News, August 12, 2024: S&P 500, Nasdaq Inch Higher as Stocks Stabilize After Last Week's Wild Ride - Investopedia"
2024-08-15,"Stock market today: S&P 500, Nasdaq rally to fully recoup losses from August sell-off - Yahoo Finance"
2024-08-13,"Stock Market Today: Dow ends up over 400 points, S&P 500 scores biggest 4-day rally of 2024 ahead of July CPI report - MarketWatch"
2024-08-13,Summer of 2024 Has Been a Rollercoaster Ride for Investors - Statista
2024-08-16,Stocks close higher Friday as market comeback lifts S&P 500 to best week of 2024: Live updates - CNBC
2024-08-12,Stocks rebound after volatile week as investors buy the dip - Wealth Professional
2024-08-14,"Markets News, August 14, 2024: S&P 500, Nasdaq Extend Winning Streaks to Five Sessions After Benign Inflation Data - Investopedia"
2024-08-10,Comparing the dot-com bubble with today’s market - Investing.com
2024-08-15,Stock Market News: Dow Surges 500 Points - Barron's
2024-08-13,Stock market today: Tech stocks lead rally after inflation data sets table for CPI - Yahoo Finance
2024-08-12,"S&P 500, Nasdaq eke out small gains to hold last week's momentum ahead of key inflation data - CNBC"
2024-08-13,"Markets News, August 13, 2024: S&P 500, Nasdaq Close Higher for 4th Straight Session, Led by Tech Rally - Investopedia"
2024-08-15,"Stocks close higher, S&P 500, Nasdaq notch six-day winning streak as comeback rally gains steam - CNBC"
2024-08-16,"Markets News, August 16, 2024: Stocks Close Higher to Propel Major Indexes to Best Week of 2024 - Investopedia"
2024-08-15,"Markets News, August 15, 2024: Stocks Close Sharply Higher as Encouraging Economic Data, Strong Earnings Boost Sentiment - Investopedia"
2024-08-20,"Markets News, August 20, 2024: S&P 500 and Nasdaq Composite Close Lower to Snap Winning Streaks - Investopedia"
2024-08-20,"S&P 500, Nasdaq close higher as Fed minutes lift investors’ hopes for a September rate cut: Live updates - CNBC"
2024-08-19,"Stock market today: S&P 500, Nasdaq notch longest win streaks of 2024 as August turnaround continues - Yahoo Finance"
2024-08-20,Stock Market News: S&P 500 Snaps Winning Streak - Barron's
2024-08-20,Stock Market Today: Nasdaq exits correction territory; S&P 500 scores longest winning streak since November 2023 - MarketWatch
2024-08-20,Your Questions Answered: I want to invest in mutual funds tracking NASDAQ 100. Please elaborate its pros and cons - livemint.com
2024-08-19,"S&P 500, Nasdaq post eighth positive session as stocks extend their winning run: Live updates - CNBC"
2024-08-19,"Markets News, August 19, 2024: S&P 500, Nasdaq Composite Surge to Extend Winning Streaks - Investopedia"
2024-08-22,Stock Market Today: Dow ends about 175 points lower on eve of Powell's Jackson Hole speech - MarketWatch
2024-08-20,"Stock market today: S&P 500, Nasdaq snap 8-day winning streak as focus turns to Jackson Hole - Yahoo Finance"
2024-08-19,The S&P 500 Just Had Its Best Week of 2024. History Says the Stock Market Will Do This Next. - The Motley Fool
2024-08-22,Is the August stock-market volatility behind us? This key indicator says not yet. - MarketWatch
2024-08-20,"S&P 500, Nasdaq snap eight-day winning streak as rebound rally pauses: Live updates - CNBC"
2024-08-22,"Markets News, August 22, 2024: Stocks End Lower Ahead of Fed Chair Powell's Eagerly Awaited Speech on Friday - Investopedia"
2024-08-21,"Stock market today: S&P 500, Nasdaq resume climb as Fed minutes signal 'likely' September rate cut - Yahoo Finance"
2024-08-23,"Markets News, August 23, 2024: S&P 500, Dow Close Near Record Highs as Fed Chair Powell Indicates Rate Cuts are Coming - Investopedia"
2024-08-21,"Markets News, August 21, 2024: Stocks Close Higher as S&P 500 Approaches New Record - Investopedia"
2024-08-26,"Dow closes at record high, while tech stocks drag down S&P and Nasdaq - CNBC"
2024-08-26,"Markets News, August 26, 2024: S&P 500, Nasdaq Fall as Chip Stocks Slide; Dow Inches Higher to Record Close - Investopedia"
2024-08-27,"Stock Market Today: Dow notches fresh record close as S&P 500, Nasdaq end slightly higher - MarketWatch"
2024-08-30,"Wall Street today: US stocks surge after July inflation data, Nasdaq up 1% - livemint.com"
2024-08-29,Should Fidelity Nasdaq Composite Index ETF (ONEQ) Be on Your Investing Radar? - Nasdaq
2024-08-28,"S&P 500, Nasdaq 100 – Caution Reigns Ahead of Nvidia Earnings - Investing.com"
2024-08-30,Invesco QQQ Trust vs. Fidelity Nasdaq Composite Index ETF: Which Is the Best Nasdaq ETF For You? - The Motley Fool
2024-08-30,"Stocks close higher Friday, S&P 500 posts fourth straight winning month: Live updates - CNBC"
2024-08-29,"Markets News, August 29, 2024: Nasdaq Closes Lower as Nvidia Tumbles; Dow Hits Another Record High - Investopedia"
2024-08-26,Stock market today: Dow hits record high while tech shares stumble ahead of Nvidia earnings - markets.businessinsider.com
2024-08-29,"Stock Market Today: Dow scores 25th record close of year, while S&P 500 and Nasdaq slip - MarketWatch"
2024-08-28,"Nasdaq 100 (NDX) – Today’s Movers, Charts, & Price Targets - AskTraders.com"
2024-08-27,DJI: Dow Jones Ekes Out Tiny Gain to Pop New Record High. Tech Shares Drag Nasdaq. - TradingView — Track All Markets
2024-08-27,Is Fidelity Nasdaq Composite (FNCMX) a Strong Mutual Fund Pick Right Now? - Nasdaq
2024-08-29,"Dow rises 200 points for fresh record close, Nasdaq falls as Nvidia shares tumble: Live updates - CNBC"
2024-08-30,Forget the Nasdaq -- Buy This Magnificent ETF Instead - The Motley Fool
2024-08-27,"Markets News, August 27, 2024: Stocks Edge Higher as Market in Holding Pattern Ahead of Nvidia Earnings - Investopedia"
2024-08-30,Stock Market Today: Dow ends August at record high after PCE inflation report - MarketWatch
2024-08-30,"Markets News, August 30, 2024: Stocks Rise as Major Indexes Wrap up a Volatile August With Monthly Gains - Investopedia"
2024-08-29,"Nasdaq, S&P, Dow move higher as Nvidia trims post-earnings loss - Seeking Alpha"
2024-08-30,Forget the Nasdaq -- Buy This Magnificent ETF Instead - AOL.com
2024-08-30,Drilling into the details of Canadian-listed S&P 500 and Nasdaq ETFs - The Globe and Mail
2024-09-05,This ETF's 2024 gains nearly match the Nasdaq Composite — with less volatility - CNBC
2024-09-04,"Markets News, September 4, 2024: S&P 500, Nasdaq Composite Close Lower as Nvidia Continues Sliding - Investopedia"
2024-09-05,"(OFFICIAL) QUOTES U.S. stocks tumble as September starts, investors cool on chips - Reuters"
2024-09-03,"Stock Market News: S&P 500, Nasdaq Dive on Weak Manufacturing Data - Barron's"
2024-09-04,"Dow falls 200 points, S&P 500 posts third straight loss as growth fears plague investors: Live updates - CNBC"
2024-09-03,"The S&P 500, Dow & Nasdaq Since Their 2000 Highs as of August 2024 - ETF Database"
2024-09-06,"Markets News, September 6, 2024: Stocks Tumble After Jobs Report, Led by Tech Selloff; Nasdaq Has Worst Week Since Early 2022 - Investopedia"
2024-09-03,Dow falls by more than 600 points as September turns ugly - CNN
2024-09-02,Is the Stock Market Open Today? Here Are the Labor Day Trading Hours. - Barron's
2024-09-04,S&P 500 books back-to-back losses as Wall Street grapples with a rocky start to September: Live updates - CNBC
2024-09-03,"Markets News, September 3, 2024: Stocks Plunge To Start September as Nvidia Leads Chipmakers Sharply Lower - Investopedia"
2024-09-06,"S&P 500 tumbles Friday to post worst week since 2023, Nasdaq drops 2% for worst weekly performance since 2022: Live updates - CNBC"
2024-09-06,The Stock Market Is Sinking. Why the Next 2 Months Could Hurt. - Barron's
2024-09-03,"Dow closes 600 points lower to begin September, S&P 500 drops 2%: Live updates - CNBC"
2024-09-03,This chart shows how the stock market has performed from Labor Day to year-end - MarketWatch
2024-09-06,Preparing To Bet Against Nasdaq With The PSQ ETF (NYSEARCA:PSQ) - Seeking Alpha
2024-09-06,"Stocks plunge, with the S&P 500 ending its worst week since March 2023 - CBS News"
2024-09-13,"Markets News, September 13, 2024: Stock Rally Continues as S&P 500, Nasdaq Composite Wrap Up Best Week of 2024 - Investopedia"
2024-09-11,Stock Market Today: Nasdaq ends 2.2% higher as Wall Street rebounds from post-CPI selloff - MarketWatch
2024-09-09,5 Reasons Why the S&P 500 Is Outperforming the Nasdaq Composite and Dow Jones Industrial Average in 2024 - Nasdaq
2024-09-13,Wall Street indexes close up; data keeps smaller Fed rate cut in view - Reuters
2024-09-12,IXIC: Nasdaq Composite Stages Powerful U-Turn After Mixed Bag of Inflation Data - TradingView — Track All Markets
2024-09-12,Nasdaq Index Elliott Wave technical analysis [Video] - FXStreet
2024-09-11,"S&P 500 rises, Nasdaq closes 2% higher in rebound from inflation report rout: Live updates - CNBC"
2024-09-12,"Stock market today: S&P 500, Nasdaq jump for 4th straight day as tech leads stocks higher - Yahoo Finance"
2024-09-10,"Markets News, September 10, 2024: S&P 500, Nasdaq Rise to Extend Rally; Dow Falls as Bank Stocks Slide - Investopedia"
2024-09-11,Wall Street closes up on tech boost; inflation data dents hopes for big Fed rate cut - Reuters
2024-09-09,"Should You Buy the 4 ""Magnificent Seven"" Stocks That Underperformed the S&P 500 and Nasdaq Composite in 2024? - Nasdaq"
2024-09-13,S&P 500 and Nasdaq rally Friday to cap best week in 2024: Live updates - CNBC
2024-09-12,"Markets News, September 12, 2024: Stock Rally Continues as S&P 500, Nasdaq Close Higher for 4th Straight Day - Investopedia"
2024-09-09,S&P 500 rises for a second straight day as investors try to shake September doldrums: Live updates - CNBC
2024-09-11,"Markets News, September 11, 2024: Stocks Surge as Nvidia Soars; S&P 500, Nasdaq Extend Winning Streaks - Investopedia"
2024-09-09,Dow closes nearly 500 points higher in rebound from Wall Street’s worst week of 2024: Live updates - CNBC
2024-09-09,"Markets News, September 9, 2024: Major Indexes Close Higher as Stocks Rebound From Last Week's Selloff - Investopedia"
2024-09-11,Stock market today: Wall Street shakes off a morning wipeout to end higher - Rocky Mountain Outlook
2024-09-12,"Nasdaq, S&P 500 close higher for fourth consecutive session - Yahoo Finance"
2024-09-12,"These 3 Dividend Stocks Are Beating the S&P 500 and Nasdaq Composite in 2024, and They Could Still Have More Room to Run - The Motley Fool"
2024-09-09,Tech stocks tumble as weak jobs data fuels market concerns - Wealth Professional
2024-09-10,QQQ: My In-Depth Look At The Nasdaq-100 Fundamentals - Seeking Alpha
2024-09-12,"Stocks dive at opening, then roar back for solid gains - The Arkansas Democrat-Gazette"
2024-09-16,"S&P 500 inches closer to record, Dow touches all-time high ahead of Fed meeting: Live updates - CNBC"
2024-09-19,"Stock market today: Dow, S&P 500 close at record highs, Nasdaq surges amid rate cut euphoria - Yahoo Finance"
2024-09-13,"Stock Market News, Sept. 13, 2024: Investors Ramp Up Bets on Jumbo Fed Rate Cut - The Wall Street Journal"
2024-09-19,"Dow jumps 500 points, S&P 500 closes above 5,700 for the first time a day after Fed slashes rates: Live updates - CNBC"
2024-09-18,Wall Street ends lower in choppy trade as Fed rate cut fails to lift investor sentiment - The Economic Times
2024-09-17,"Stock Market News for Sep 17, 2024 - Nasdaq"
2024-09-13,Stock market today: S&P 500 goes for 5-day win streak as markets look ahead to next week's Fed meeting - markets.businessinsider.com
2024-09-18,Wall Street Has Its Eye on a Big Rate Cut (Published 2024) - The New York Times
2024-09-16,"Markets News, September 16, 2024: Dow Closes at New High, Nasdaq Winning Streak Snapped as Investors Prepare for Fed Decision - Investopedia"
2024-09-16,"Stock market today: Apple pulls down Nasdaq, while Dow hits record close with Fed rate cut on the horizon - Yahoo Finance"
2024-09-18,"Dow closes lower, giving up 375-point pop after big Fed rate cut: Live updates - CNBC"
2024-09-17,This Is the Most Boring (but Effective) Way to Become a Millionaire - Nasdaq
2024-09-19,"Stock Market Highlights: Nifty forms shooting star candle, consolidation likely to continue. How to trade... - The Economic Times"
2024-09-18,"Markets News, September 18, 2024: Stocks Close Lower as Investors Digest Fed's Rate Cut Decision - Investopedia"
2024-09-20,"Markets News, Sept. 20, 2024: Dow Ekes Out Fresh Record; S&P 500 Retreats Following Fed-Fueled Rally - Investopedia"
2024-09-17,S&P 500 closes little changed Tuesday after notching all-time high ahead of key Fed decision: Live updates - CNBC
2024-09-19,"Markets News, Sept. 19, 2024: S&P 500, Dow Jump to Record Highs After Fed Cuts Rates - Investopedia"
2024-09-20,"Market today: Dow, S&P 500 hit record highs; your trading guide for Sept 20 - Business Standard"
2024-09-19,"Stock Market Today: Dow finishes above 42,000 for first time in history after Fed's big rate cut - MarketWatch"
2024-09-17,Stock market today: Stocks hold steady as world awaits Fed decision - Yahoo Finance
2024-09-17,"Beyond the obvious, here are the business benefits of investing in employee wellbeing - Business Insider"
2024-09-19,These Are The 5 Best Tech Stocks To Buy And Watch Now - Investor's Business Daily
2024-09-17,Stock market today: Wall Street stays stuck in place as it counts down to a rate cut - Business in Vancouver
2024-09-19,"S&P/TSX composite up more than 1%, U.S. stock markets rally to new heights - BNN Bloomberg"
2024-09-15,Bitcoin’s Correlation With Gold Turns Negative as Market Slips Into Bear Phase: CryptoQuant - TradingView — Track All Markets
2024-09-13,"S&P 500, Nasdaq Jump For 4th Straight Day As Tech Leads Stocks Higher - BusinessToday Malaysia"
2024-09-24,"Dow falls nearly 300 points to snap four-day win streak, S&P 500 retreats from record: Live updates - CNBC"
2024-09-25,"Stock Market News for Wednesday, Sept. 25, 2024: The S&P 500, Dow Snap Their Winning Streaks - Barron's"
2024-09-23,"Markets News, September 23, 2024: S&P 500, Dow Close at Record Highs, Led by Tesla, Intel Gains - Investopedia"
2024-09-23,"Wall Street today: US stocks rise as Fed policymakers favour more rate cuts, Tesla jumps 4.8% - livemint.com"
2024-09-26,"Stock Market Today: S&P 500 closes at record, Dow up 260 points after upbeat economic data - MarketWatch"
2024-09-27,"Stock Market News for Sep 27, 2024 - Nasdaq"
2024-09-25,Stocks mixed as markets take a breather after China’s economic stimulus announcement - Fortune
2024-09-27,"Tech 5: Micron Shares Spike on AI Demand, OpenAI Speculation Swirls - Investing News Network"
2024-09-27,"Dow jumps 100 points to close at a record, major averages extend rally to third week: Live updates - CNBC"
2024-09-24,"Markets News, September 24, 2024: S&P 500, Dow Hit Record Highs as Nvidia Surges, China Stimulus Plan Boosts Stocks - Investopedia"
2024-09-27,Stock Markets Today: US markets cool from records - Fortune
2024-09-23,S&P 500 rises to fresh record close Monday as traders aim to extend Fed cut relief rally: Live updates - CNBC
2024-09-26,Stock market today: Markets close up across the board - Fortune
2024-09-25,"Dow jumps more than 250 points, S&P 500 closes higher to post fresh record: Live updates - CNBC"
2024-09-25,Why the Dow Is Down 200 Points - Barron's
2024-09-25,"Markets come down from China stimulus highs, closing lower but strong - Fortune"
2024-09-23,"S&P 500 rises to new record high Tuesday, posts back-to-back gains: Live updates - CNBC"
2024-09-25,The Stock Market is Flashing a 'Buy' Signal Thanks to Indicators With a Near-Perfect Track Record - TradeAlgo
2024-09-25,What is the S&P 500? A Complete Beginner’s Guide to Investing! - INDODAX
2024-09-24,"Stock Market News for Tuesday, Sept. 24, 2024: S&P 500, Dow Hit New Record Highs - Barron's"
2024-09-23,Is Now a Good Time to Invest in the US Stock Market? - The Smart Investor
2024-09-23,Market Roundup 23 September 2024: Thailand’s SET Index fell 0.26% due to profit-taking in key sectors - Thailand Business News
2024-09-30,S&P 500 posts record close on Monday to cap winning month and quarter: Live updates - CNBC
2024-09-30,Stock market today: Stocks rise in China on property stimulus - Fortune
2024-09-30,"Stock Market News for Sep 30, 2024 - Nasdaq"
2024-10-02,"Markets News, October 2, 2024: Major Indexes Inch Higher as Stock Market Steadies After Selloff - Investopedia"
2024-09-27,"Stock Market News for Friday, Sept. 27, 2024: Dow Closes at a New Record - Barron's"
2024-10-04,Nasdaq Composite Technical Analysis - investingLive
2024-10-04,Dow jumps 300 points for record close as September's big jobs report spurs rally: Live updates - CNBC
2024-10-03,"Stock Market Today: Iran-Israel war, Sebi F&O rules, KRN Heat IPO listing - Business Standard"
2024-10-01,"Markets News, October 1, 2024: Stocks Close Lower as Big Tech Tumbles; Oil Rises on Middle East Tensions - Investopedia"
2024-10-02,Stocks soar in Hong Kong while Middle East tensions sober Japan and Europe - Fortune
2024-10-04,The Stock Market Looks Very Strong. Prepare for the S&P 500 to Hit 6000 Soon. - Barron's
2024-09-30,"Markets News, September 30, 2024: Stocks Cap Off Strong Month and Quarter on a High Note; S&P 500, Dow at Record Highs - Investopedia"
2024-10-01,"S&P 500 falls, Nasdaq drops 1% to start October as Middle East tensions intensify: Live updates - CNBC"
2024-10-04,"Markets News, Oct. 4, 2024: Stocks Surge After Strong Jobs Report; Dow Closes at Record High - Investopedia"
2024-10-03,Dow closes nearly 200 points lower as oil spikes and October malaise continues: Live updates - CNBC
2024-10-01,"A New Month, Another Bout of Stock Market Volatility - Investopedia"
2024-10-01,"Stock Market Today: Dow ends lower as S&P 500, Nasdaq suffer worst day in nearly a month after Iran launches missile attack on Israel - MarketWatch"
2024-10-04,Donald Trump Beats Joe Biden in the Stock Market - Hungarian Conservative
2024-10-08,China markets start like a lion and end like a lamb after Beijing stimulus comes up short - Fortune
2024-10-11,"Markets News, October 11, 2024: S&P 500, Dow Close at Record Highs as Bank Earnings, Inflation Data Give Stocks a Boost - Investopedia"
2024-10-08,"Stock Market News, Oct. 8, 2024: S&P Gains; Tumult Grips Chinese Stocks - The Wall Street Journal"
2024-10-08,Nasdaq Bounces Back. Oil Takes a Dive. - Barron's
2024-10-07,BlackRock extends range of US equity ETFs with double launch - ETF Stream
2024-10-09,"Dow jumps more than 400 points to record close, S&P 500 hits all-time high: Live updates - CNBC"
2024-10-06,"Before You Buy the Invesco QQQ ETF, Here Are 3 Others to Try First - Nasdaq"
2024-10-08,Market Update: NVIDIA and AI Stocks Lead Nasdaq Composite to Big Gains - 24/7 Wall St.
2024-10-09,"Markets News, October 9, 2024: S&P 500, Dow Hit Record Closing Highs as Stock Market Rally Continues - Investopedia"
2024-10-10,Stock market today: Wall Street retreats from records - Fortune
2024-10-07,"S&P 500 jumps nearly 1%, Dow adds 100 points as cooler oil prices lift stocks: Live updates - CNBC"
2024-10-09,Stock market today: China markets plunge on Beijing stimulus disappointment - Fortune
2024-10-09,Dow and S&P 500 retreat from records as sticky inflation report weighs on stocks: Live updates - CNBC
2024-10-11,Stock market today: Wall Street soars to new records as banks rally - Fortune
2024-10-06,Dow closes lower by nearly 400 points as surging oil prices and rising Treasury yields weigh on stocks: Live updates - CNBC
2024-10-09,Wall Street scores fresh records as stocks continue their red-hot rally - Fortune
2024-10-08,Stock Market News Today: S&P 500 Rises Led By Magnificent 7 Stocks - 24/7 Wall St.
2024-10-08,Stock market today: Wall Street soars as Hong Kong sees biggest single-day drop since 2008 - Fortune
2024-10-08,ONEQ: High Exposure To Technology Stocks Is Favorable - Seeking Alpha
2024-10-08,Hong Kong Stock Market Suffers Biggest Single-Day Drop Since 2008 - Newsweek
2024-10-15,"Dow closes 300 points lower, retreating from record; Nvidia drags down Nasdaq: Live updates - CNBC"
2024-10-17,Stock market today: Wall Street hovers near records as chipmakers soar - Fortune
2024-10-15,"Wall Street indexes end lower as chip, oil stocks drop - Reuters"
2024-10-15,"Stock Market Today: Dow ends down 320 points, Nasdaq tumbles 1% as chip stocks fall - MarketWatch"
2024-10-14,"Stock Market Highlights: Nifty targets upside breakout, resistance at 25,500-25,600 levels. How to trade ... - The Economic Times"
2024-10-14,"Stock Market News for Monday, Oct. 14, 2024: Dow and S&P 500 Hit Records - Barron's"
2024-10-16,Dow climbs 300 points to another record close on Wednesday: Live updates - CNBC
2024-10-17,Gold Prices in Record Territory - 24/7 Wall St.
2024-10-16,Understanding VXN – The Implied Volatility Index for Nasdaq 100 Options - Kalkine Media
2024-10-14,China shares rise on vague stimulus news while Europe’s luxury brands take a hit - Fortune
2024-10-14,"Market News, October 14, 2024: S&P 500, Dow Hit Record Highs as Nvidia and Other Tech Stocks Surge - Investopedia"
2024-10-17,"S&P 500, Nasdaq lose steam, Dow nabs closing record, gold hits all-time high - Reuters"
2024-10-16,"Stock Market Today: Dow ends at record; S&P 500, Nasdaq bounce after tech pullback - MarketWatch"
2024-10-16,"Markets News, October 16, 2024: Stocks Rise as Banks Surge After Earnings and Nvidia Rebounds; Dow Closes at New Record - Investopedia"
2024-10-18,"Dow and S&P end at fresh record highs, lifted by Netflix earnings and tech stocks - Reuters"
2024-10-18,"Markets News, Oct. 18, 2024: Stocks Notch Longest Winning Streak of the Year; Netflix Jumps to Record High - Investopedia"
2024-10-18,Stock market today: Record-breaking rally pushes Wall Street to longest winning streak of the year - Fortune
2024-10-15,What Happens When a Stock Is Dropped From the S&P 500? - Investopedia
2024-10-18,ONEQ: Expensive By Several Metrics (NASDAQ:ONEQ) - Seeking Alpha
2024-10-14,Stock market today: S&P 500 and Dow notch new records - Fortune
2024-10-18,Guess which top 100 ASX stock is venturing off to the Nasdaq - The Motley Fool Australia
2024-10-21,"Dow falls nearly 350 points, snapping a three-day win streak: Live updates - CNBC"
2024-10-25,Stock market today: Nasdaq closes near record high amid rough week for stocks - Yahoo Finance
2024-10-22,"Markets News, October 22, 2024: Stocks Mixed After Earnings Deluge; Nasdaq Rises for 5th Straight Session - Investopedia"
2024-10-24,"Stock Market News for Oct 24, 2024 - Nasdaq"
2024-10-23,"Stock Market Today: Dow ends down over 400 points, S&P 500 suffers worst day in over 2 weeks - MarketWatch"
2024-10-22,Japan shares fall as elections and earnings take center stage - Fortune
2024-10-23,"If I Could Invest $1,000 In Any Nasdaq ETF, It Would Be This One - The Motley Fool"
2024-10-25,"Magnificent Seven pushes tech-heavy Nasdaq higher: Nvidia rises 2%, Meta up 1% ahead of earnings week, Tesla gains 3% - livemint.com"
2024-10-22,Dow posts back-to-back loss Tuesday as Wall Street’s rally pauses: Live updates - CNBC
2024-10-25,The Stock Market Enters the Danger Zone - Barron's
2024-10-21,"Markets News, October 21, 2024: S&P 500, Dow Fall From Records; Nasdaq Rises as Nvidia Surges to New High - Investopedia"
2024-10-24,Nasdaq rises to hit new all-time high Friday as rest of market languishes: Live updates - CNBC
2024-10-24,"Markets News, October 24: S&P 500, Nasdaq Rise as Tesla Surges; Dow Closes Lower for 4th Straight Day - Investopedia"
2024-10-23,McDonald's and Starbucks shares tumble while stimulus proposal gives China markets reason for optimism - Fortune
2024-10-24,"S&P 500 rises to end three-day losing run, lifted by surge in Tesla: Live updates - CNBC"
2024-10-25,"Markets News, October 25, 2024: Stocks End Mixed as S&P 500 and Dow Snap Six-Week Winning Streaks - Investopedia"
2024-10-23,"Markets News, October 23, 2024: Major Indexes Tumble as Tech Stocks Slide; Nasdaq's 5-Day Winning Streak Snapped - Investopedia"
2024-10-19,Best ETFs for Nasdaq to Invest in 2024 | 5 ETFs to Buy Now - Stocks Down Under
2024-10-19,"US Market Reaction To Yahya Sinwar's Death Amid Israel-Iran Row; Big Rally In DJIA, Nasdaq On Friday, Oct 18 - Goodreturns"
2024-10-21,Stock market today: Wall Street pulls back from its records ahead of a big week for profit reports - Business in Vancouver
2024-10-25,Stock Market Today: Nasdaq Gains Ahead of Mega-Cap Earnings - Kiplinger
2024-10-21,Stock market today: Wall Street pauses record streak as investors eye earnings - Fortune
2024-10-25,Beyond QQQ: Two Nasdaq ETFs For Finding Potential Future Tech Superstars - Seeking Alpha
2024-10-30,"US tech stocks send Nasdaq to hit record high, as Alphabet beats forecasts - Al Jazeera"
2024-11-01,"Stock market today: Nasdaq leads sell-off after Microsoft, Meta earnings prompt Big Tech slide - Yahoo Finance"
2024-10-29,Nasdaq jumps to record close as major tech names rise ahead of earnings: Live updates - CNBC
2024-10-29,"Markets News, October 29, 2024: Nasdaq Surges to Record Close Ahead of Big-Tech Earnings; Bitcoin Nears All-Time High - Investopedia"
2024-10-31,How Many Investors Really Track the Major Indexes? - Nasdaq
2024-10-29,Stock Market Today: Nasdaq Closes at a Record Ahead of Key Tech Earnings - markets.businessinsider.com
2024-10-28,"Stock Market News, Oct. 28, 2024: Oil Prices Tumble; Dow, S&P 500 Close Higher - The Wall Street Journal"
2024-10-30,Japan's Nikkei rises nearly 1% after Big Tech stocks push Nasdaq to record high - 朝日新聞
2024-10-31,"S&P 500 and Nasdaq suffer their worst day in over a month, led lower by tech: Live updates - CNBC"
2024-11-01,"Stock Market News for Nov 1, 2024 - Nasdaq"
2024-10-31,"Markets News, October 31, 2024: Stocks Tumble as Earnings Weigh on Big Tech; S&P 500, Nasdaq and Dow Post Losses for the Month - Investopedia"
2024-10-30,S&P 500 closes lower on Wednesday as investors brace for more Big Tech earnings: Live updates - CNBC
2024-10-28,Nasdaq Hits All-Time High Ahead of Earnings: Will ETFs Soar Further? - Nasdaq
2024-10-28,"Dow closes more than 250 points higher, S&P 500 rises as softening oil prices lift stocks: Live updates - CNBC"
2024-10-30,"Markets News, October 30, 2024: Stocks Slide Ahead of Big-Tech Earnings Reports; Gold Hits Record High - Investopedia"
2024-10-31,"Stock Market News for Oct 31, 2024 - Nasdaq"
2024-11-01,Dow closes nearly 300 points higher to begin November as investors shake off weak jobs report: Live updates - CNBC
2024-10-31,Should Fidelity Nasdaq Composite Index ETF (ONEQ) Be on Your Investing Radar? - Yahoo Finance
2024-10-30,"Stock Market Today: Dow ends lower, Nasdaq pulls back from record ahead of more Big Tech earnings - MarketWatch"
2024-11-01,"Markets News, Nov. 1, 2024: Nasdaq Snaps 7-Week Winning Streak Despite Rally After Big-Tech Earnings, Jobs Report - Investopedia"
2024-10-29,Rising tech stocks send Nasdaq to a record as most of Wall Street stumbles - The Detroit News
2024-11-01,"Nasdaq Composite index forms a risky pattern, pointing to a reversal - Invezz"
2024-10-31,Stock market suffers a Halloween selloff as tech investors get the chills - MarketWatch
2024-10-28,This 1 Simple ETF Could Turn $250 a Month Into $1 Million - The Globe and Mail
2024-10-31,Nasdaq Futures Climb Ahead of Jobs Report - Finance Monthly
2024-10-31,A Guide to Choosing Some of the Most Popular ETFs - The Smart Investor
2024-11-05,"US Market On Election Day: Is Trading On Dow Jones, S&P 500, Nasdaq Composite Open On Tues, November 5, 2024 - Goodreturns"
2024-11-06,"S&P 500, Nasdaq close at records and extend postelection rally as Fed cuts rates: Live updates - CNBC"
2024-11-06,"US Closing Bell : S&P500 closes 1.2% higher, Nasdaq 100 up 1.3%, Dow Jones up 1%; Tesla, Nvidia lead gains - Moneycontrol"
2024-11-06,Stocks surge to record highs as Trump returns to presidency - Reuters
2024-11-07,"Markets News, November 7, 2024: Stocks Extend Post-Election Rally as Fed Cuts Rates; S&P 500, Nasdaq Close at Record Highs - Investopedia"
2024-11-08,Election result carries stock market to its best week in a year - The Washington Post
2024-11-07,"Stock Market News: S&P 500, Nasdaq Notch New Records - Barron's"
2024-11-06,Wall Street and bitcoin soar to record highs as Trump wins US election - The Guardian
2024-11-07,"Stock market today: S&P 500, Nasdaq hit records as Fed cuts rates, post-election rally rolls on - Yahoo Finance"
2024-11-04,"US Market Open Or Closed On November 4, Monday: Weekly Outlook On Dow Jones, S&P 500, Nasdaq Composite - Goodreturns"
2024-11-08,It’s Trump’s Stock Market Now. How to Play It. - Barron's
2024-11-06,"Dow soars 1,500 points to record high in best day since 2022 after Trump election win: Live updates - CNBC"
2024-11-04,Dow closes down more than 200 points ahead of presidential election: Live updates - CNBC
2024-11-08,"Stock market today: Dow, S&P 500 cap best week of year with records as post-election rally rolls on - Yahoo Finance"
2024-11-05,"Dow rallies 400 points, S&P 500 gains 1% as traders await U.S. election results: Live updates - CNBC"
2024-11-08,"Dow tops 44,000 for first time, S&P 500 closes at record high to cap election week rally: Live updates - CNBC"
2024-11-06,US Stock Market Updates: Trump Presidency Positive For Global Market; Wall Street To Open Soon - Goodreturns
2024-11-05,"Markets News, November 5, 2024: Stocks Surge, Led by Tech Sector Rally, as Investors Await Presidential Election Results - Investopedia"
2024-11-08,"Markets News, November 8, 2024: Stocks Hit Record Highs as Election-Fueled Rally Continues; S&P 500, Dow Wrap Up Their Best Weeks of 2024 - Investopedia"
2024-11-06,"Stocks and bitcoin soar after Trump's victory, while inflation worries rise; Dow surges 1,200 - PBS"
2024-11-06,"Stock market today: Dow, Nasdaq, S&P 500 all soar to records after Trump triumphs in election - Yahoo Finance"
2024-11-05,Stock Market News: Dow Rallied on Election Day - Barron's
2024-11-06,"Markets News, November 6, 2024: Stocks Surge to Record Highs After Trump Wins Election; Tesla, Banks, Crypto Among Big Gainers - Investopedia"
2024-11-04,"Markets News, November 4, 2024: Stocks Slip Ahead of Presidential Election, Federal Reserve Rate Decision - Investopedia"
2024-11-05,"Stock Market News, Nov. 5, 2024: S&P 500, Nasdaq Rise as Election Day Votes Pour In - The Wall Street Journal"
2024-11-02,9 High-Yield Dividend ETFs to Buy to Generate Passive Income - Nasdaq
2024-11-06,Stocks Are Soaring on Trump’s Election Win. The Hard Part Comes Soon. - Barron's
2024-11-04,QQQ vs QQQM: Choosing the Best Nasdaq-100 ETF - ETF.com
2024-11-05,Stocks Set Records and Dollar Soars After Trump Election Win (Published 2024) - The New York Times
2024-11-08,Here's why the Nasdaq index bolted to a record high last night - The Motley Fool Australia
2024-11-07,Stock market today: Most of Wall Street rises after the Fed cuts interest rates - St. Albert Gazette
2024-11-04,Bullish on the S&P 500 or the Nasdaq 100? ETFs aren't the only way to play it - The Edge Singapore
2024-11-06,"Live Markets Today: Russell 2000 Up 4%, Nasdaq Jumps After Trump Victory | TSLA, DJT, RIVN - 24/7 Wall St."
2024-11-06,"Dow soars 1,500 points after Trump election win, with investors banking on higher corporate profits - CBS News"
2024-11-04,"Hey, investors. You probably have too much money in the stock market - The Globe and Mail"
2024-11-05,"U.S. Stock market: S&P 500, NASDAQ 100 dip while Dow Jones and NYSE Composite rise in early trading trends - Business Upturn"
2024-11-11,What Do Nasdaq Futures and Other Futures Contracts Represent? - Investopedia
2024-11-12,"Dow falls more than 350 points, retreating from record as postelection rally takes breather: Live updates - CNBC"
2024-11-11,How To Invest In The Nasdaq - Forbes
2024-11-10,Magnificent Seven: Unstoppable Tech Giants or Risky Buys? - Nasdaq
2024-11-14,Stock market today: Indexes mixed as traders digest wholesale inflation and await Powell's remarks - markets.businessinsider.com
2024-11-15,"Stock Market News, Nov. 15, 2024: Nasdaq Drops 2.2%; Trump's RFK Jr. Pick Hits Pharma - The Wall Street Journal"
2024-11-15,"Stock market today: Dow, S&P 500, Nasdaq sink as post-election rally fades, Fed prompts rate-cut rethink - Yahoo Finance"
2024-11-14,"Wall Street today: US stocks decline after producer prices data, Walt Disney jumps 10% - livemint.com"
2024-11-12,"US Market Reaction On Veterans Day; Dow Jones, S&P 500, Nasdaq Hits New All-Time High On November 11 - Goodreturns"
2024-11-12,"Dow, S&P 500 close little changed Wednesday as postelection rally falters: Live updates - CNBC"
2024-11-14,"Stock Market News for Nov 14, 2024 - Nasdaq"
2024-11-13,"Markets News, November 13, 2024: Major Indexes Close Mixed as Post-Election Stock Market Rally Fizzles - Investopedia"
2024-11-14,"Dow drops 200 points as postelection rally sputters, Fed Chair Powell signals caution on rate cuts: Live updates - CNBC"
2024-11-11,"Stock Market News for Nov 11, 2024 - Nasdaq"
2024-11-14,"Markets News, November 14, 2024: Stocks Slip as Fed's Powell Sees 'Sometimes-Bumpy Path' to Inflation Target; Disney Jumps, Supermicro Keeps Falling - Investopedia"
2024-11-11,"Dow jumps 300 points to close above 44,000 for the first time as Trump enthusiasm continues - CNBC"
2024-11-13,Where Will Apple Stock Be in 5 Years? - Nasdaq
2024-11-15,"Markets News, November 15, 2024: Stocks Fall as Big Tech Tumbles; Major Indexes Record Weekly Losses - Investopedia"
2024-11-15,Dow closes 300 points lower Friday as rate worries hinder postelection rally: Live updates - CNBC
2024-11-13,Stock Market Today: Dow finishes with small gain after CPI inflation reading - MarketWatch
2024-11-15,"Dow Jones falls 198 pts in early trade, S&P 500 holds 5,900; Apple shares dip to $225.5 - Zee Business"
2024-11-12,"Stock Market Today: Dow ends down 380 points, S&P 500 snaps 5-day winning streak as Treasury yields surge ahead of CPI - MarketWatch"
2024-11-11,Growth of $10K: Comparing America’s 3 Major Stock Indices - Visual Capitalist
2024-11-11,"Markets News, November 11, 2024: Stocks Close at Record Highs as Post-Election Rally Continues; Tesla, Bitcoin Keep Soaring - Investopedia"
2024-11-11,"Stock market today: Dow, S&P 500 close above key milestones as Tesla, bitcoin surge - Yahoo Finance"
2024-11-11,Is the US stock market open on Veterans Day today? - The Financial Express
2024-11-12,Investor’s dilemma: to buy or not to buy - The Business Times
2024-11-15,"Nasdaq, Dow Jones & S&P 500 Declines On The Wall Street; Trump-Musk Charm Fades Away - Free Press Journal"
2024-11-19,"Stock Market News for Nov 19, 2024 - Nasdaq"
2024-11-19,"Nasdaq jumps 1% as Wall Street looks past Russia-Ukraine tensions, Nvidia shares surge: Live updates - CNBC"
2024-11-22,Wall Street closes higher after business activity data - Reuters
2024-11-19,5 Non-Tech Nasdaq Composite High Flyers to Buy for More Gains Ahead - Yahoo Finance
2024-11-19,"Markets News, November 19, 2024: Nasdaq, S&P 500 Rise as Nvidia Surges Ahead of Earnings Report; Bitcoin Hits Record High - Investopedia"
2024-11-18,Bitcoin's Correlation with U.S. Equities and Ether Hits Multi-Year Lows - Binance
2024-11-22,"Stock Market News Today, 11/22/24 – Stocks Close in the Green amid Mixed Economic Data - Nasdaq"
2024-11-22,"Dow rises more than 400 points for record close, Wall Street posts weekly gain: Live updates - CNBC"
2024-11-22,"Stock market today: Dow closes at record, S&P 500, Nasdaq rise as Wall Street notches strong weekly gains - Yahoo Finance"
2024-11-18,"Markets News, Nov. 18, 2024: S&P 500, Nasdaq Rise as Stocks Recover Portion of Last Week's Losses; Tesla Surges, Nvidia Slips - Investopedia"
2024-11-18,"Stock Market News, Nov. 18, 2024: Tesla Stock Gains; Nasdaq Rallies - The Wall Street Journal"
2024-11-19,S&P 500 closes little changed ahead of Nvidia’s big earnings report: Live updates - CNBC
2024-11-20,"Stock Market News for Nov 20, 2024 - Nasdaq"
2024-11-21,"Markets News, November 21, 2024: Stocks End Higher as S&P 500 Extends Winning Streak; Bitcoin Hits Record High Above $99K - Investopedia"
2024-11-18,Nasdaq closes higher as Tesla rally helps start week on an upbeat note - CNBC
2024-11-18,"Stock Market News for Nov 18, 2024 - Nasdaq"
2024-11-17,The Stock Market Has Only Seen This 5 Times in 30 Years. It May Signal a Big Move in 2025. - The Motley Fool
2024-11-18,Stock Market Today: Tesla Powers Tech Rally As Nasdaq Snaps 5-Day Skid - markets.businessinsider.com
2024-11-19,Stock Market News: Dow Extends Its Slide - Barron's
2024-11-20,Stock Market Today: Dow ends with first day of gains in five sessions; Nasdaq drops 0.1% ahead of Nvidia's earnings - MarketWatch
2024-11-19,"Live Markets Today: Nasdaq Composite Turns Green & Super Micro Soars | SMCI, WMT - 24/7 Wall St."
2024-11-21,"Indian stock market: 10 things that changed for market overnight - Gift Nifty, Maharashtra exit polls to Nvidia earnings - livemint.com"
2024-11-18,Bitcoin's Correlation to U.S. Equities and Ether Weakens: Van Straten - Yahoo Finance
2024-11-18,"Stock Market News for Monday, Nov. 18, 2024: S&P Rebounds to Start the Week - Barron's"
2024-11-18,Why the Dow Is Lagging the S&P 500 and Nasdaq - Barron's
2024-11-22,"Markets News, November 22, 2024: Dow Closes at Record High as Stocks Wrap Up a Winning Week; Bitcoin Nudges Closer to $100K - Investopedia"
2024-11-22,Stock market today: Wall Street gains ground as it notches a winning week and another Dow record - Business in Vancouver
2024-11-19,"Stock market today: Nasdaq jumps as Nvidia surges before earnings, Wall Street shrugs off Russia-Ukraine tensions - Yahoo Finance"
2024-11-19,"S&P 500, Nasdaq end up with Nvidia; Walmart hits record after forecast - Reuters"
2024-11-20,"Markets News, November 20, 2024: Stocks Close Mixed Ahead of Highly Anticipated Nvidia Earnings Report; Bitcoin Hits Another Record High - Investopedia"
2024-11-18,Stock market today: Wall Street rises following last week's slide - Business in Vancouver
2024-11-19,Should You Buy the 3 Highest-Paying Dividend Stocks in the Nasdaq? - The Motley Fool
2024-11-21,"S&P/TSX composite index gains more than 350 points, U.S. stock markets also rise - St. Albert Gazette"
2024-11-21,Did Nasdaq Out-Performance Double Top At Year 2000 Peak? - See It Market
2024-11-19,Stock market today: Nvidia and Walmart drive US indexes higher - Times Colonist
2024-11-17,The Stock Market Is Doing Something Witnessed Only 3 Times in 153 Years -- and History Is Very Clear What Happens Next - The Motley Fool
2024-11-19,Best Index Funds for 2024 - GOBankingRates
2024-11-21,How to buy US shares in Australia - The Motley Fool Australia
2024-11-25,Nasdaq Composite vs. S&P 500 vs. Dow: What’s the Difference? - Investopedia
2024-11-27,"Stocks slip the day before Thanksgiving as Nvidia, Dell decline - CNBC"
2024-11-27,US stock market surges to record high despite Trump’s tariff threats - Al Jazeera
2024-11-29,"Wall Street holiday: Nasdaq, NYSE to close early on account of Black Friday; S&P 500 up 25% YTD - livemint.com"
2024-11-27,"Wall Street stocks end lower after inflation data, tech stocks push Nasdaq down - Reuters"
2024-11-27,"Stock market today: S&P 500, Nasdaq, Dow slide after key Fed inflation gauge shows faltering progress - Yahoo Finance"
2024-11-29,Stock market today: Markets rise on Black Friday to cap off a memorable November - markets.businessinsider.com
2024-11-29,Stocks End November With a Bang. Next Up: A Santa Claus Rally? - Barron's
2024-11-29,"Dow jumps nearly 200 points to record in short session, S&P 500 posts best month of 2024: Live updates - CNBC"
2024-11-27,"Markets News, November 27, 2024: Stock Market Rally Stumbles as Technology Shares Slide; Bitcoin Rebounds - Investopedia"
2024-11-28,"Here's the Average Stock Market Return Over the Last 10 Years, and What It Means for the Next 10 Years - Nasdaq"
2024-11-26,These Are the 5 Worst-Performing Stocks in the Nasdaq-100 With 2024 Almost Over - Yahoo Finance
2024-11-28,"Wall Street Holiday: Nasdaq, NYSE to remain closed on November 28 on account of Thanksgiving holiday - livemint.com"
2024-11-29,"Markets News, November 29, 2024: S&P 500, Dow Hit Record Highs, Post Biggest Monthly Gains of 2024 - Investopedia"
2024-11-25,"Markets News, November 25, 2024: Dow Closes at Record High; S&P Gains for 6th Straight Day as Stock Market Rally Continues - Investopedia"
2024-11-25,"Dow jumps 400 points to new record close, Russell 2000 hits all-time high after Trump makes Treasury pick - CNBC"
2024-11-26,"Markets News, November 26, 2024: S&P 500, Dow Hit Record Highs as Stock Market Rally Continues; Bitcoin Slides - Investopedia"
2024-11-26,"Stocks rise Tuesday, Dow and S&P 500 close at records: Live updates - CNBC"
2024-11-26,Wall Street today: US stocks mixed as focus shifts to Trump’s proposed trade tariff plans on Mexico and Canada - livemint.com
2024-11-28,"US Market Reaction Ahead Of Thanksgiving; Is Trading In Dow Jones, S&P 500, Nasdaq Closed On November 28, 2024 - Goodreturns"
2024-11-29,"Stock market today: Dow, S&P 500 close at record highs to cap winning month for US stocks - Yahoo Finance"
2024-11-25,Dow hits another record as stocks rise on treasury secretary pick - VOA - Voice of America English News
2024-11-27,"Stock Market Highlights: 24,500 remains crucial resistance in Nifty. How to trade tomorrow - The Economic Times"
2024-11-27,Stock Market Today: Dell Earnings Crash the Nasdaq Composite - 24/7 Wall St.
2024-11-25,Stock Market News: Nasdaq Composite Rises & Wall St Upgrades MicroStrategy (MSTR) and Palantir (PLTR) - 24/7 Wall St.
2024-11-26,"Stock Market Highlights: Nifty short-term trend remains bullish, strong resistance at 24,350. How to trad... - The Economic Times"
2024-11-24,"US Market Open Or Closed On Thanksgiving Day; Weekly Outlook On Dow Jones, S&P 500, Nasdaq - Goodreturns"
2024-11-28,"SPX: S&P 500 Snaps 7-Day Winning Streak, Loses Grip on 6,000 Milestone - TradingView — Track All Markets"
2024-11-26,US stocks head into holiday week with history on their side - Blockworks
2024-11-26,Futures Mixed After Trump Tariff Threat - Investor's Business Daily
2024-11-25,"Stock Market News for Monday, Nov. 25, 2024: The Dow Notches a New Record as Bond Yields Fall - Barron's"
2024-11-29,"Stock Market News From Nov. 29, 2024: Dow, S&P 500 Hit Records in Shortened Black Friday Session - Barron's"
2024-11-27,Stock market today: Indexes slide as tech sell-off ends 7-day winning streak - markets.businessinsider.com
2024-11-27,Pony AI Stock Volatile in Trading Debut - Barron's
2024-11-24,This Is the Best-Performing Vanguard ETF This Year. Will It Be a Winner in 2025? - Nasdaq
2024-11-29,A veteran strategist sees an 'extraordinary' S&P 500 surge ahead — and shares 3 top ways to invest your money - Business Insider
2024-11-29,Why Does Nvidia Make Up a Smaller Share of the Dow Jones Than the S&P 500 or Nasdaq-100? - The Motley Fool
2024-11-29,GPIQ: Nasdaq-100 Exposure With Yield - Seeking Alpha
2024-11-29,Get Smart: Did You Miss the US Stock Market Bull Run? - The Smart Investor
2024-11-29,Better Buy Now: Nvidia or the Other 29 Stocks in the Dow Jones Industrial Average? - The Motley Fool
2024-11-29,Veteran fund manager delivers alarming S&P 500 forecast - thestreet.com
2024-12-06,"S&P 500 rises to a record close Friday, posts third straight winning week: Live updates - CNBC"
2024-11-30,The Stock Market Just Breached a Never-Before-Seen Threshold -- and History Couldn't Be Clearer About What Happens Next - Nasdaq
2024-12-06,"Markets News, December 6, 2024: S&P 500, Nasdaq Hit Record Highs After Jobs Data; Bitcoin Back Above $100,000 - Investopedia"
2024-12-03,"Wall Street today: S&P 500 and Dow Jones slip, Nasdaq edges higher - livemint.com"
2024-12-03,"Stock market today: S&P 500, Nasdaq drift near record levels as Dow falls following key jobs data - Yahoo Finance"
2024-12-02,"S&P 500, Nasdaq post record highs as tech-related shares gain - Reuters"
2024-12-02,Palantir Stock Could Join Nasdaq 100 When It Rebalances. Who Could Join—and Who Could Be Out. - Barron's
2024-12-04,Stock market today: Indexes notch fresh records as Powell voices optimism on the US economy - markets.businessinsider.com
2024-12-04,"Stock Market News, Dec. 4, 2024: Dow Closes Above 45000 for First Time - The Wall Street Journal"
2024-12-02,"S&P 500, Nasdaq close at records to kick off December trading: Live updates - CNBC"
2024-12-02,"Markets News, December 2, 2024: S&P 500, Nasdaq Close at Record Highs as Tech Stocks Surge - Investopedia"
2024-12-04,"Stock market today: Nasdaq, Dow, S&P 500 hit records as tech surges, Fed's Powell says economy in 'remarkably good shape' - Yahoo Finance"
2024-12-05,"Dow drops more than 200 points, S&P 500 retreats from record as big payrolls report looms: Live updates - CNBC"
2024-12-03,"Markets News, December 3, 2024: S&P 500, Nasdaq Hit Record Highs as Post-Election Rally Continues - Investopedia"
2024-12-01,"Wall Street Holiday: Nasdaq, NYSE to remain closed on these days in December - livemint.com"
2024-12-04,"Dow posts first close above 45,000; S&P 500 reaches new record as tech shares surge: Live updates - CNBC"
2024-12-02,Asia-Pacific markets trade higher after key Wall Street benchmarks hit record highs - CNBC
2024-12-03,S&P 500 ticks higher for another record close on Tuesday: Live updates - CNBC
2024-12-06,"Stock market today: Nasdaq, S&P 500 pop to strong weekly gains after jobs report boosts Fed rate cut odds - Yahoo Finance"
2024-12-04,"Dow Closes Above 45,000. The S&P 500 and Nasdaq Also Hit New Highs. - Barron's"
2024-12-06,"S&P 500, Nasdaq hit record closing highs; Lululemon gains, data supports rate cut view - Reuters"
2024-12-05,"Markets News, December 5, 2024: Stocks Slip as Market Takes Breather from Rally Ahead of Jobs Report; Bitcoin Drops Below $100K - Investopedia"
2024-12-04,"Stock Market News: Dow Closes Above 45,000 - Barron's"
2024-12-04,Futures Rise On Earnings; 3 Hot AI Stocks - Investor's Business Daily
2024-12-04,"Dow Jones Rises 280 Points After Surprise Jobs Report, Powell Speech Next; Salesforce Soars On Earnings - Investor's Business Daily"
2024-12-06,How the Nasdaq 100 Remakes Itself Every December - Barron's
2024-12-02,Stock Market Today: Dow Jones Dips As Intel Fades After CEO Exit; This Warren Buffett Stock On 44% Run Clears Entry (Live Coverage) - Investor's Business Daily
2024-12-02,"Stock market today: S&P 500, Nasdaq close at record highs as tech surges to kick off December - Yahoo Finance"
2024-12-05,"Stock Market News, Dec. 5, 2024: Indexes Slip, Bitcoin Retreats From $100,000 - The Wall Street Journal"
2024-12-03,Nasdaq Composite Technical Analysis - investingLive
2024-12-03,Stock Market Highlights: Nifty sustains above 21EMA. What are cues for Wednesday trade? - The Economic Times
2024-12-04,"Nasdaq, S&P 500 post record closing highs; investors await more data - Reuters"
2024-12-06,"US Market Reaction Ahead Of Jobs Report, RBI Policy; Dow Jones, S&P 500, Nasdaq Fall On December 5 - Goodreturns"
2024-12-03,Stock market today: Indexes eke out another record close as traders brace for new economic data - markets.businessinsider.com
2024-12-05,"Indexes dip with UnitedHealth, tech, ahead of jobs report - Reuters"
2024-12-03,US Futures Steady After Another Record Close - TradingView — Track All Markets
2024-12-04,"Markets News, December 4, 2024: Dow, S&P 500, Nasdaq Hit Record Highs as Tech Stocks Soar; Bitcoin Surges Above $100K - Investopedia"
2024-12-02,"Stock Market News for Monday, Dec. 2, 2024: S&P 500, Nasdaq Notch New Records as Dow Slips - Barron's"
2024-12-02,"Stock Market News, Dec. 2, 2024: Dollar Strengthens; Yuan, Euro Weaken - The Wall Street Journal"
2024-12-02,Stock market today: Indexes trade mixed as traders take a breather after the best month of 2024 - markets.businessinsider.com
2024-12-03,"Stock Market News, Dec. 3, 2024: Investors Raise Bets on December Rate Cut - The Wall Street Journal"
2024-12-04,Stock market today: Indexes rise on strong earnings as traders await Powell commentary - markets.businessinsider.com
2024-12-05,Stock Market Highlights: Nifty gives inverse heads & shoulders breakout. How to trade on Friday? - The Economic Times
2024-12-02,Stock market today: Stocks climb to record highs as Fed members point to December rate cut - markets.businessinsider.com
2024-12-02,Futures: Tesla Rises On FSD News; 3 Titans Near Buy Points - Investor's Business Daily
2024-12-04,"DJI: Dow Jones Closes Above 45,000 for First Time Ever. What’s the Outlook for Stocks? - TradingView — Track All Markets"
2024-12-04,"Stock Market Today: Dow scores record close above 45,000 after Fed's Powell takes cautious tone on rates - MarketWatch"
2024-11-30,5 Stocks To Watch in December—And What To Watch For - Investopedia
2024-12-02,Check out November's biggest stock market winners (and losers!) - thestreet.com
2024-12-04,New Target Price for Palantir as it Seeks Major Boost From Nasdaq 100 - TheStreet Pro
2024-12-04,"ASX edges higher as Aussie dollar remains near seven-months lows and Bitcoin passes $US100,000 — as it happened - Australian Broadcasting Corporation"
2024-12-11,"Nasdaq surges for first close above 20,000, lifted by Alphabet shares: Live updates - CNBC"
2024-12-11,"Nasdaq Composite Crosses 20,000 for First Time - Investopedia"
2024-12-13,"Meet the Newest Stock in the Nasdaq-100. It's Soared 3,250% Since Early Last Year and Is Still a Buy Heading Into 2025, According to Wall Street. - Nasdaq"
2024-12-11,"Stock Market News, Dec. 11, 2024: Nasdaq Crosses 20000; Inflation Data Boosts Rate-Cut Hopes - The Wall Street Journal"
2024-12-11,"Nasdaq Composite Crosses 20,000 for First Time - Yahoo Finance"
2024-12-12,"Stunning rally in Big Tech drives Nasdaq to 20,000 - Reuters"
2024-12-11,"Nasdaq Rises To All-Time High—Hitting 20,000 For First Time - Forbes"
2024-12-11,Wall Street today: US stocks edge higher after inflation data boosts rate cut hopes - livemint.com
2024-12-13,"Nasdaq Announces Annual Reconstitution of the Nasdaq-100 Index, Adding Palantir, MicroStrategy, and Axon - Nasdaq"
2024-12-13,"Palantir, MicroStrategy, and Axon Enterprise To Join Nasdaq 100 - Investopedia"
2024-12-11,"Stock market today: Nasdaq tops 20,000 for first time as Big Tech surges, Tesla hits first record in 3 years - Yahoo Finance"
2024-12-10,Dow falls more than 150 points to notch four losing days as year-end rally takes a breather: Live updates - CNBC
2024-12-12,"Stock Market News for Dec 12, 2024 - Nasdaq"
2024-12-11,"Markets News, December 11, 2024: Stocks Surge as Big-Tech Rally Pushes Nasdaq Above 20,000; Tesla Hits First Record High in 3 Years - Investopedia"
2024-12-08,"Dow drops more than 200 points, S&P 500 pulls back from record as Nvidia slides: Live updates - CNBC"
2024-12-13,Bitcoin proxy MicroStrategy to join the Nasdaq 100 and heavily traded 'QQQ' ETF - CNBC
2024-12-13,Dow slides for a seventh straight day for longest losing streak since 2020: Live updates - CNBC
2024-12-12,"Dow falls more than 200 points after warm inflation report, Nasdaq retreats from record: Live updates - CNBC"
2024-12-13,5 things to know before the stock market opens Friday - CNBC
2024-12-09,"Markets News, December 9, 2024: Stocks Slip To Start Week of Inflation Data; Nvidia, Nuclear Stocks Fall - Investopedia"
2024-12-09,Tech Futures Fall As China Probes Nvidia; Beware These Signs - Investor's Business Daily
2024-12-13,"Markets News, December 13, 2024: Stocks End Mixed as Post-Election Rally Loses Steam; S&P 500 Snaps 3-Week Winning Streak - Investopedia"
2024-12-12,"Wall Street today: S&P 500, Nasdaq slid at US market open as investors eye economic data ahead of Fed meeting - livemint.com"
2024-12-09,5 things to know before the stock market opens Monday - CNBC
2024-12-09,Stock Market Today: Dow futures pause near record levels ahead of looming CPI report - MarketWatch
2024-12-10,"Stock market today: Dow, S&P 500, Nasdaq fall as investors await key inflation data - Yahoo Finance"
2024-12-13,"Stock Market News for Dec 13, 2024 - Nasdaq"
2024-12-13,"Stock market today: Dow, S&P 500 cap weekly losses, Broadcom surges 24% to top $1 trillion market cap - Yahoo Finance"
2024-12-11,"Tame US inflation boosts S&P 500, Nasdaq rallies above 20,000 - Reuters"
2024-12-11,Will Bulls Continue to Run? 5 Stock Market Predictions for 2025 - Nasdaq
2024-12-13,"Stock Market News, Dec. 13, 2024: Dow Falls for Seventh Day; Broadcom Rallies - The Wall Street Journal"
2024-12-10,"Stock Market News, Dec. 10, 2024: Nasdaq, S&P 500 Slip; Oracle Stock Sells Off - The Wall Street Journal"
2024-12-12,"Stock market today: S&P 500, Nasdaq, Dow slide with rate cuts, sticky inflation in focus - Yahoo Finance"
2024-12-11,"Nasdaq hits 20,000 for first time. It may spell trouble for investors next year. - MarketWatch"
2024-12-13,"Palantir, MicroStrategy Could Join Nasdaq 100. Super Micro Could Be Dropped. - Barron's"
2024-12-12,"Markets News, December 12, 2024: Stocks Slip as Market Pulls Back From Record Highs; Trump Makes Historic Visit to NYSE - Investopedia"
2024-12-09,"Stock market today: S&P 500, Nasdaq pull back from records as Nvidia tumbles - Yahoo Finance"
2024-12-10,"Wall Street today: US stocks open mixed; Google rises over 4%, Oracle slumps 8% - livemint.com"
2024-12-09,Stock market today: Nvidia drags Wall Street from its records as oil and gold rise - Yahoo Finance
2024-12-12,Upcoming Nasdaq-100 changes could boost the stocks of these 11 companies - MarketWatch
2024-12-13,U.S. stocks drop on hot PPI data - Xinhua
2024-12-11,MicroStrategy Stock Could Get Added to the Nasdaq 100 Because of a Quirk - Barron's
2024-12-12,What you need to know about investing in the Nasdaq-100 - Wealth Professional
2024-12-09,"Stock Market News for Monday, Dec. 9, 2024: Dow Falls; Workday, AppLovin, Alibaba, More Movers; Syria Fallout - Barron's"
2024-12-12,Stock Market News: Dow Falls for Sixth Day in a Row - Barron's
2024-12-13,Here's How Much Wall Street Expects Stocks To Rise in 2025 - Investopedia
2024-12-12,"Stock Market Highlights: Nifty forms red candle, 100-DEMA holds strong; What's in store for D-St - The Economic Times"
2024-12-10,"Stock Market News From Dec. 10, 2010: Dow, S&P 500 Fall; Tesla, Nvidia, Oracle, Alphabet, More Movers - Barron's"
2024-12-13,"US Market Reaction On Dec-12; Dow Jones, S&P 500, Nasdaq Fall On Hot Inflation, Trump's Tariff Risks - Goodreturns"
2024-12-13,"US stocks close flat as Nasdaq extends weekly gains, S&P 500 and Dow dip - Reuters"
2024-12-13,Stock Market Soared in 2024. What to Expect in 2025. - Barron's
2024-12-10,"US Market Reaction To Bashar al-Assad's Fall & Syria Civil War; Dow Jones, S&P 500, Nasdaq Dip 0.5-1% On Dec-9 - Goodreturns"
2024-12-10,"Markets News, December 10, 2024: S&P 500 Falls for Second Day as Oracle Slumps; Google, Tesla Rise - Investopedia"
2024-12-10,Stock market today: Indexes trade mixed as rally wavers ahead of key inflation data - markets.businessinsider.com
2024-12-09,Stock Market Today: Nasdaq Composite and S&P 500 Fall While Applovin (APP) Plummets - 24/7 Wall St.
2024-12-09,"US Market Open Or Closed On Mon, Dec-9; Weekly Outlook On DJIA, S&P 500, Nasdaq; Syria Civil War, CPI In Focus - Goodreturns"
2024-12-12,Wall Street closes lower as investors assess data after recent gains - Reuters
2024-12-09,Wall Street closes down as tech stocks fall - Reuters
2024-12-11,History Says the Nasdaq Could Soar in 2025: 1 Trillion-Dollar AI Stock to Buy That's Highly Rated by Wall Street - The Motley Fool
2024-12-09,Stock Market Highlights: Nifty shows small body candle formation. How should one trade on Tuesday? - The Economic Times
2024-12-09,"S&P 500, Nasdaq marginally lower as chip stocks fall; focus on inflation data - KITCO"
2024-12-07,History Says the Nasdaq Will Surge in 2025. 1 Stock-Split Stock to Buy Before It Does. - The Motley Fool
2024-12-13,"Stock market today: Dow logs 7-day losing streak as stocks wobble, yields jump before Fed meeting - markets.businessinsider.com"
2024-12-13,"Stock Market News, Dec. 12, 2024: S&P 500, Nasdaq Fall; Trump Rings NYSE Bell - The Wall Street Journal"
2024-12-12,"The Nasdaq Composite surpassed 20,000 points for the first time, closing Wednesday at 20,034.89. - CMC Markets"
2024-12-12,ETFs Gaining Momentum as Nasdaq Tops 20000 - Yahoo Finance
2024-12-13,Here's a complete rundown of Wall Street's 2025 stock market predictions - markets.businessinsider.com
2024-12-12,GOOGL: Alphabet Stock Hits Record as New Quantum Chip May Prove Parallel Universes Exist - TradingView — Track All Markets
2024-12-10,Wall St indexes fall with inflation data and rates in focus - Reuters
2024-12-11,"Wall Street gets back to climbing, and the Nasdaq tops 20,000 - Los Angeles Times"
2024-12-09,Stock market today: Rally stalls as Nvidia slips and investors await latest inflation data - markets.businessinsider.com
2024-12-12,"News - Stunning rally in Big Tech drives Nasdaq to 20,000 - Business Reporter"
2024-12-13,A Guide to the 25 Cheapest ETFs - Nasdaq
2024-12-13,"Super Micro Computer Hits a Rough Patch, Down 23% on Auditor Issue - Yahoo Finance"
2024-12-12,"BTC/USD: Bitcoin Reclaims $100,000 as Crypto Joins Stock Rally After Inflation Data - TradingView — Track All Markets"
2024-12-13,Stock market today: Wall Street ends mixed after a bumpy week - Business in Vancouver
2024-12-13,"MicroStrategy to Enter Nasdaq 100, Exposing Bitcoin-Linked Stock to Billions in Passive Investment Flows - Yahoo Finance"
2024-12-12,The Nasdaq’s almost doubled in the past 2 years! Here’s what I think happens next - Fool UK
2024-12-13,How long can US stocks keep up this momentum? - The Motley Fool Australia
2024-12-11,"Tesla, GameStop, Super Micro, Macy’s, Hershey, Dave & Buster’s, Walgreens, Stitch Fix, and More Movers - Barron's"
2024-12-12,Stock Market Today: Dow Logs Longest Losing Streak Since April - Kiplinger
2024-12-12,Is the Stock Market Going to Crash Under President-Elect Donald Trump? Here's What History Has to Say. - The Motley Fool
2024-12-12,"Stock Market News Today, 12/12/24 – Indices Fall on Disappointing Data - TipRanks"
2024-12-11,Stock Market highlights: Nifty range-bound as Doji candle points to investor indecision; how to trade on ... - The Economic Times
2024-12-07,The Stock Market Is Doing Something Observed Just 3 Times Since 1871 -- and History Is Crystal Clear What Happens Next - Nasdaq
2024-12-12,Will Axon Enterprise Stock Skyrocket on December 13? - 24/7 Wall St.
2024-12-07,The Stock Market Is Doing Something Observed Just 3 Times Since 1871 -- and History Is Crystal Clear What Happens Next - The Motley Fool
2024-12-18,Index Scorecard: December 2024 - Nasdaq
2024-12-16,"Dow falls for an eighth day ahead of Fed, but Nasdaq notches another record: Live updates - CNBC"
2024-12-16,"Stock market today: Nasdaq soars to record as Tesla, Google, Amazon, Apple hit fresh highs - Yahoo Finance"
2024-12-16,Stock market today: Nasdaq hits a record high as mega-cap tech surges before the Fed meeting kicks off - markets.businessinsider.com
2024-12-17,IXIC: Nasdaq Composite Charts New Record After 1.2% Pump Led by Alphabet - TradingView — Track All Markets
2024-12-15,Palantir and MicroStrategy Are Joining the Nasdaq 100. Which Stocks Are Getting the Boot. - Barron's
2024-12-17,"Dow tanks by 1,100 points, posts first 10-day losing streak since 1974: Live updates - CNBC"
2024-12-16,"Markets News, December 16, 2024: Nasdaq Hits Record as Broadcom Soars, Dow Falls for 8th Straight Day; Bitcoin Surges to New High - Investopedia"
2024-12-19,"Dow closes nearly 500 points higher on cooler inflation data, but index posts third straight losing week: Live updates - CNBC"
2024-12-17,"Dow tumbles more than 260 points for 9-day losing streak, its longest since 1978: Live updates - CNBC"
2024-12-16,"Stock Market News for Dec 16, 2024 - Nasdaq"
2024-12-14,"The Nasdaq-100 Just Announced Its Latest Addition. The Stock Soared 1,090% Since Early Last Year, and It's Still a Buy Heading Into 2025, According to a Certain Wall Street Analyst. - Nasdaq"
2024-12-19,"Dow ekes out narrow gain to snap 10-day losing streak, its longest in 50 years: Live updates - CNBC"
2024-12-18,"US stocks fall sharply and Dow tumbles 1,100 points after the Fed hints at just 2 rate cuts for 2025 - Yahoo Finance"
2024-12-20,"Stock Market News for Dec 20, 2024 - Nasdaq"
2024-12-17,5 things to know before the stock market opens Tuesday - CNBC
2024-12-18,These Sectors Led Wednesday's Fed-Fueled Stock Market Sell-Off - Investopedia
2024-12-16,"Palantir Stock Retreats, MicroStrategy Rises on News of Nasdaq 100 Addition - Investopedia"
2024-12-18,MicroStrategy’s quirky Nasdaq-100 nod could mean more risk for fund investors - MarketWatch
2024-12-20,Stocks rally after inflation data but close lower for the week - Reuters
2024-12-20,"S&P 500, Nasdaq-100 are getting an update. Trillions depend on who’s in and who’s out - CNBC"
2024-12-19,"Stock Market News, Dec. 19, 2024: Dow Ekes Out Gain; S&P 500, Nasdaq Finish Lower After Fed-Fueled Selloff - The Wall Street Journal"
2024-12-20,Stock Market Today: Dow Jones Soars As Nvidia Bounces; Speaker Johnson Promises This (Live Coverage) - Investor's Business Daily
2024-12-20,Santa Claus Rally: What It Is and Means for Investors - Investopedia
2024-12-19,"Stock Market News for Dec 19, 2024 - Nasdaq"
2024-12-18,"Markets News, December 18, 2024: Stocks Plunge as Fed Projects Fewer Interest Rate Cuts; Dow Slides 1,100 Points, Extends Losing Streak to 10 Days - Investopedia"
2024-12-17,Stock market today: Dow hits a 9-day losing streak as indexes slide ahead of Fed's rate decision - markets.businessinsider.com
2024-12-20,"Markets News, December 20, 2024: Stocks Rise After Encouraging Inflation Data to Wrap Up Rough Week; Major Indexes Post Weekly Losses - Investopedia"
2024-12-17,"Wall Street: US stocks slip after strong retail sales data, Nvidia dips 3.5%, Pfizer jumps 4% — Why markets are falling - livemint.com"
2024-12-18,"Wall Street today: US stocks edge higher in anticipation of Fed rate cut, Nvidia rallies - livemint.com"
2024-12-20,"Stock market today: Dow, S&P 500, Nasdaq rebound on fresh inflation data to cap volatile week - Yahoo Finance"
2024-12-17,"Stock Market News for Dec 17, 2024 - Nasdaq"
2024-12-18,"Stock market today: Dow, S&P 500, Nasdaq clobbered as Fed, Powell signal fewer rate cuts in 2025 - Yahoo Finance"
2024-12-19,"Stock market today: Dow ekes out gain, snapping longest losing streak in 50 years - Yahoo Finance"
2024-12-19,"Stock Market News From Dec. 18, 2024: Dow Falls 1100 Points After Fed Decision; Bond Yields Spike; Dollar Surges - Barron's"
2024-12-19,Stock Market: What Happened to Cause Wednesday’s Plunge—and What to Do Now - Barron's
2024-12-15,Will Artificial Intelligence Stocks Continue to Dominate in 2025? Here's What History Says. - Nasdaq
2024-12-16,"Stock Market News, Dec. 16, 2024: Nasdaq, S&P 500 Rise; Bitcoin Rallies - The Wall Street Journal"
2024-12-17,"Markets News, December 17, 2024: Stocks Slide as Investors Await Fed Rate Decision; Dow Falls for 9th Straight Day, Its Longest Slump Since 1978 - Investopedia"
2024-12-15,"MSTR: MicroStrategy to Join Nasdaq 100, Tech-Heavy ‘QQQ’ ETF After 500% Rise This Year - TradingView — Track All Markets"
2024-12-16,"Stock Market News for Monday, Dec. 16, 2024: Dow Falls While Nasdaq Hits a Record - Barron's"
2024-12-16,Microstrategy's Nasdaq-100 Inclusion: Boosted by Bitcoin Holdings and Financial Turnaround - Yahoo Finance
2024-12-18,"Dow Jones Futures Rise With Fed Rate Decision Due; Nvidia, Tesla Switch Directions - Investor's Business Daily"
2024-12-19,"Wall Street today: Dow rebounds 200 points after US Fed's hawkish cut, set to snap 10-day decline; Accenture up 6.5% - livemint.com"
2024-12-20,"Shutdown Fears Slam Futures; Novo Nordisk, Bitcoin Dive - Investor's Business Daily"
2024-12-20,"Stock Market News, Dec. 20, 2024: Dow Rises Nearly 500 Points, but Remains Lower for the Week - The Wall Street Journal"
2024-12-19,"Dow crashes 500 points, Nasdaq down 2% after Fed cuts rates by 0.25% as expected - The Economic Times"
2024-12-16,"Palantir, MicroStrategy, and Axon Are Joining the Nasdaq 100. Only 1 of the Stocks Is Rising. - Barron's"
2024-12-20,Stock market today: Dow soars 498 points as stocks bounce back from Fed-fueled plunge - markets.businessinsider.com
2024-12-16,These 3 Stocks Will Join the NASDAQ 100 Soon — and These 3 Will Be Removed - Investing.com
2024-12-16,Nasdaq closes at record as investors prepare for Fed rate decision - Reuters
2024-12-18,Stock market today: Indexes trade mixed ahead of Fed rate decision and Powell's commentary - markets.businessinsider.com
2024-12-17,"Stock Market News, Dec. 17, 2024: Dow Extends Losing Streak; Bitcoin Briefly Tops $108,000 - The Wall Street Journal"
2024-12-16,Microstrategy stock spikes as the red-hot bitcoin proxy set to join the Nasdaq 100 - markets.businessinsider.com
2024-12-15,These Are the 5 Top-Performing Stocks in the Nasdaq-100 With 2024 Almost Over - The Motley Fool
2024-12-14,History Says the Nasdaq Will Surge in 2025. 2 Stock-Split Stocks to Buy Before It Does - The Motley Fool
2024-12-19,"Markets News, December 19, 2024: Stocks Close Mixed as Recovery From Sell-Off Loses Steam; Dow Snaps 10-Day Losing Streak - Investopedia"
2024-12-17,Stock Market Today: Asian Shares Mostly Decline after Nasdaq Sets Record ahead of Fed Meeting - outlookbusiness.com
2024-12-20,"Stock Market News Today, 12/20/24 – Futures Rally after Key Inflation Data - Nasdaq"
2024-12-18,Stock market plummets after Fed forecasts fewer rate cuts in 2025 - CBS News
2024-12-18,"Dow Jones Rises Ahead Of Fed Decision, Powell; Nvidia Rebounds, Tesla Slides - Investor's Business Daily"
2024-12-19,History Says the Nasdaq Will Surge in 2025. 1 Stock-Split Stock to Buy Before It Does. - Nasdaq
2024-12-16,"Super Micro, MicroStrategy, Palantir, Tesla, Broadcom, Micron, Ford, and More Movers - Barron's"
2024-12-19,"Dow Jones, Sensex sink on US Fed rate cut news; check key takeaways - Business Standard"
2024-12-19,Stocks end flat after Fed-induced selloff as early bounce fades - Reuters
2024-12-19,"Dow Jones Rebounds 450 Points After Surprise GDP, Jobless Claims; AI Chip Giant Micron Plunges - Investor's Business Daily"
2024-12-17,MicroStrategy to Join Nasdaq-100: Tap MSTR ETFs - Yahoo Finance
2024-12-15,The Stock Market Is Flashing Some Warning Signs - Barron's
2024-12-16,Stock Market Highlights: Nifty closes below 100 DEMA: uptrend intact. How to trade tomorrow - The Economic Times
2024-12-18,Dow Jones Industrial Average Levels to Watch as Index Rides 9-Day Losing Streak - Investopedia
2024-12-18,Stocks fall sharply after Federal Reserve signals fewer rate cuts than expected for 2025 - PBS
2024-12-19,Stock Market Today: Dow ekes out tiny gain to end 10-day losing streak - MarketWatch
2024-12-15,Want to Invest in the Nasdaq? This ETF Is a Great Option Heading Into the New Year - Nasdaq
2024-12-20,MicroStrategy Hits The Nasdaq 100: What It Means For The Bitcoin Firm - Forbes
2024-12-18,"Stock Market News, Dec. 18, 2024: Stocks Fall Sharply After Fed Interest-Rate Decision - The Wall Street Journal"
2024-12-18,"Dow plunges more than 1,100 points and marked its longest losing streak since 1974 - CNN"
2024-12-18,Here’s Why the Dow Just Had Its Worst Slump in 50 Years - Investopedia
2024-12-18,History Says the Nasdaq May Soar in 2025: 1 Stock-Split AI Stock to Buy Ahead of the New Year - The Motley Fool
2024-12-18,"Stocks dive after Fed cuts rates, signals slower easing pace in 2025 - Reuters"
2024-12-17,Stock market today: Dow logs longest losing streak since 1978 as stocks slide ahead of Fed decision - Yahoo Finance
2024-12-15,The Stock Market Has Crossed This Threshold 6 Times Since 1871 -- and History Couldn't Be Clearer What Comes Next - Nasdaq
2024-12-16,Stock market today: Indexes rise ahead of Fed's final policy meeting of the year - markets.businessinsider.com
2024-12-18,"Stock market today: Dow drops 1,123 points and bond yields soar as markets adjust rate outlook after Fed meeting - markets.businessinsider.com"
2024-12-18,Nvidia Is Gaining Today Despite Big Sell-Offs for the S&P 500 -- Is It Time to Buy the Artificial Intelligence (AI) Stock? - Nasdaq
2024-12-23,"Stock Market News for Dec 23, 2024 - Nasdaq"
2024-12-23,"IXIC: Nasdaq Composite Jumps 1%, Fueling Hopes of Santa Rally in Holiday Week - TradingView — Track All Markets"
2024-12-22,"S&P 500 closes higher to begin holiday week, tech stocks lead the advance: Live updates - CNBC"
2024-12-27,"Markets News, December 27, 2024: Stocks Slide as Tesla Leads Big-Tech Slump; Major Indexes Hang on to Gains for the Week - Investopedia"
2024-12-25,"US Market Reaction Ahead Of Christmas; Is Trading In Dow Jones, S&P 500, or Nasdaq Open Or Closed On Dec-25 - Goodreturns"
2024-12-26,"Nasdaq, Hang Seng beat Nifty by wide margin. Will it be India's turn in 2025? - The Economic Times"
2024-12-24,Stock Market News: Dow Rises Nearly 400 Points - Barron's
2024-12-24,"Stock market today: Nasdaq, S&P 500, Dow surge in start to 'Santa Claus' rally ahead of Christmas break - Yahoo Finance"
2024-12-27,Stock market today: Dow drops over 300 points amid a tech stock rout - markets.businessinsider.com
2024-12-27,Dow falls more than 300 points Friday but breaks 3-week losing streak: Live updates - CNBC
2024-12-23,Will MicroStrategy ETFs Get a Boost from the Nasdaq-100 Joining? - Nasdaq
2024-12-23,"Markets News, December 23, 2024: Broadcom, Nvidia Lead Stocks Higher To Start Shortened Week - Investopedia"
2024-12-23,"S&P 500 rises 1% on Christmas Eve, tech stocks lift the market again - CNBC"
2024-12-27,5 things to know before the stock market opens Friday - CNBC
2024-12-26,"Dow ekes out small gain in thin holiday trading, rising 5 days in a row: Live updates - CNBC"
2024-12-24,Stock market today: Santa Claus rally kicks off with nearly 400-point gains for Dow Jones - markets.businessinsider.com
2024-12-26,Dow ends up to extend win run to five; rising yields pressure megacap stocks - Reuters
2024-12-27,"Stock Market News From Dec. 27, 2024: Dow, S&P 500, Nasdaq Slide; Tesla, Super Micro and More Market Movers - Barron's"
2024-12-24,"Markets News, Dec. 24, 2024: Tesla, Supermicro Lead Stocks Higher to Kick Off Santa Claus Rally - Investopedia"
2024-12-26,"Markets News, December 26, 2024: Stocks Mixed as Dow Gains for 5th Straight Session; Bitcoin Slides - Investopedia"
2024-12-23,"Stock market today: Indexes trade mixed as markets weigh potential Santa Claus rally, rates outlook - markets.businessinsider.com"
2024-12-26,How Stocks Perform After Nasdaq-100 Rebalancing - Yahoo Finance
2024-12-24,"Stock Market News, Dec. 24, 2024: Stocks Finish Higher in Short Christmas Eve Trading Session - The Wall Street Journal"
2024-12-26,Stocks Fall After Jobless Claims - Investor's Business Daily
2024-12-26,Stock market today: Indexes edge lower in first trading day after Christmas - markets.businessinsider.com
2024-12-26,"Wall Street Today: US stocks trade lower after markets reopen post Christmas break; Nvidia, Amazon down nearly 1% - livemint.com"
2024-12-23,"Stock Market Today: Dow ends higher for third straight daily gain, as bulls hold out hope for Santa rally - MarketWatch"
2024-12-25,History Says the Nasdaq Will Soar in 2025. 1 Stock-Split Stock to Buy Before It Does. - The Motley Fool
2024-12-24,"Stock Market News, Dec. 23, 2024: All Three Indexes Climb on Bargain-Hunting - The Wall Street Journal"
2024-12-27,"Dow falls 330 points while scoring weekly gain, snapping three-week losing streak - MarketWatch"
2024-12-27,Stock market today: Indexes slip as bond yields disrupt holiday gains - markets.businessinsider.com
2024-12-23,"With Recent Volatility for the S&P 500 and Nasdaq, Should You Sell Growth Stocks Before 2025? - The Motley Fool"
2024-12-27,Markets stumble as Wall Street sells off Big Tech - CNN
2024-12-24,Wall Street ends higher as Santa rally begins - Reuters
2024-12-27,The stock market slumped today. Why is the 'Santa rally' over? - USA Today
2024-12-23,Wall Street ends higher on gains by most megacaps - Reuters
2024-12-20,NASDAQ Trading Hours: Opening and Closing Times of the NASDAQ - ig.com
2024-12-20,The Fed Crushed the Stock Market. Where to Find the Best Value Now. - Barron's
2024-12-20,History Says the Nasdaq Will Soar in 2025. 1 Stock-Split Stock to Buy Before It Does - The Motley Fool
2024-12-24,Stock Market Today: Dow ends higher for 4th straight day to kick off Santa rally period in shortened trading on Christmas Eve - MarketWatch
2024-12-24,What time does the stock market close today? Christmas Eve hours - NBC 5 Chicago
2024-12-24,"Dow, Nasdaq, S&P 500 rally on eve of holiday - USA Today"
2024-12-26,"Argentina and Turkey Defy Odds, Beat US Stock Market in 2024 - Barron's"
2024-12-27,Stock market today: Wall Street slips as the 'Magnificent 7' weighs down the market - Business in Vancouver
2024-12-26,Live Market Updates: Nasdaq Composite Drops Thurday – Where is the QQQ Headed in 2025? - AOL.com
2024-12-27,Motilal Oswal Mutual Fund pause inflows from SIPs in two international funds - The Economic Times
2024-12-24,Stock Market Today: Stocks Soar to Start the Santa Claus Rally - Kiplinger
2024-12-23,MicroStrategy Stock Is Up 400% This Year—What You Need to Know About the Bitcoin Proxy - Investopedia
2024-12-26,2 Stocks to Buy Hand Over Fist Before the Nasdaq Soars Higher in 2025 - The Motley Fool
2024-12-22,What's next for the stock market in 2025 (hint: expect some drama) - thestreet.com
2024-12-24,"S&P/TSX composite rises on morning of Christmas Eve, U.S. stock markets also up - BNN Bloomberg"
2024-12-24,"US stock market holidays 2024, timings: Will S&P 500, Dow Jones, Nasdaq function on Christmas, Boxing Day? - The Economic Times"
2024-12-23,"Tonight! MicroStrategy officially joins the Nasdaq-100 index components, and Nasdaq investors are all becoming part of the cryptocurrency circle. - 富途牛牛"
2024-12-26,Beyond The Index: Why Nasdaq Is A Fintech Powerhouse (NASDAQ:NDAQ) - Seeking Alpha
2024-12-21,The Stock Market Is Historically Pricey: Here's How I'm Positioning My Portfolio for 2025 - The Motley Fool
2024-12-27,Stock Market Today: Dow Sinks 333 Points as Mega Caps Slide - Kiplinger
2024-12-23,Is MicroStrategy Heading for a Massive Correction? - 24/7 Wall St.
2024-12-25,Will President-Elect Donald Trump's Plan to Implement Tariffs Cause Stocks to Plunge? Here's What History Tells Us. - The Motley Fool
2025-01-03,"S&P 500, Nasdaq snap five-day losing streak, but still close lower on the week: Live updates - CNBC"
2025-01-02,"Stock Market News for Jan 2, 2025 - Nasdaq"
2025-01-03,"Stock market today: Dow, S&P 500, Nasdaq jump as Nvidia, Tesla lead spark to end losing week - Yahoo Finance"
2024-12-31,Stocks just did something they haven’t done in nearly three decades - CNN
2024-12-30,"Stock Market News, Dec. 30, 2024: Nasdaq Composite Leads Indexes Lower in Tech Pullback - The Wall Street Journal"
2024-12-30,Nasdaq 100: 2 Most Important Market Price Levels to Watch in 2025 - Investing.com
2024-12-31,"Wall Street holiday: When are Nasdaq, NYSE shut for trading on account of New year’s holiday- December 31 or January 1? - livemint.com"
2025-01-02,Wall Street ends lower on first trading session of 2025; Tesla weighs - Reuters
2024-12-30,"US Market Reaction Ahead Of New Year's Eve; Dow Jones, S&P 500, Nasdaq Fell Sharply On Monday, December 30 - Goodreturns"
2024-12-31,S&P 500 posts 23% gain for 2024 as stocks close slightly lower in final session of year - CNBC
2025-01-03,"Markets News, January 3, 2025: Stocks Snap 5-Session Losing Streak as Tesla and Nvidia Lead Big-Tech Rally - Investopedia"
2024-12-31,Should Fidelity Nasdaq Composite Index ETF (ONEQ) Be on Your Investing Radar? - Nasdaq
2025-01-01,"Wall Street ends lower, capping a banner year - Reuters"
2024-12-30,Dow closes down 400 points as Wall Street limps into year-end - CNBC
2024-12-30,"Markets News, December 30, 2024: Stocks Slide to Extend Year-End Slump; S&P 500 on Pace for Worst Month Since April - Investopedia"
2025-01-02,Stocks close lower in volatile start to 2025 as S&P 500 losing streak grows - CNBC
2025-01-02,"Stocks stumble as Tesla weighs, dollar hits 2-yr high - Reuters"
2025-01-03,"Futures Rise With Rally Near Breaking Point; Tesla, Apple Skid - Investor's Business Daily"
2024-12-31,"US Market On December 31: Is Trading Open On Tuesday? 2025 Outlook Promising For DJIA, S&P 500, Nasdaq - Goodreturns"
2025-01-02,"Markets News, January 2, 2025: Stocks Slip to Start the New Year as Market Extends Recent Slump; Tesla Tumbles on Weak Delivery Numbers - Investopedia"
2024-12-30,"Stock market today: S&P 500, Nasdaq, Dow slide as strong year nears its close - Yahoo Finance"
2025-01-03,"The S&P 500, Dow and Nasdaq Since 2000 Highs as of December 2024 - ETF Trends"
2025-01-01,Nasdaq vs Nifty: How to divide your stock portfolio across Wall Street and Dalal Street in 2025 - The Economic Times
2025-01-03,Why We Lightened Up On Nasdaq 100 Exposure To End The Year - Investor's Business Daily
2024-12-31,Wall St. Sees More Gains Ahead After Another Bumper Year for Stocks (Published 2024) - The New York Times
2025-01-02,"Stock Market News From Jan. 2, 2025: Dow, S&P 500, Nasdaq Fall; Tesla, Nvidia, Palantir, More Movers - Barron's"
2024-12-27,"Wall Street Today: US stocks extend holiday-thin trading dragged by Nvidia, set for 1% weekly gain; S&P up 25% YTD - livemint.com"
2025-01-02,"Stock market today: Dow, S&P 500, Nasdaq fall as comeback bid falters and Tesla, Apple slide - Yahoo Finance"
2024-12-31,"Stock Market News Today, 12/31/24 – Indices End 2024 Lower after Solid Year - Nasdaq"
2024-12-30,Stock Market Today: Dow ends 420 points lower as traders take profits ahead of New Year's Eve - MarketWatch
2024-12-31,"Stock Market News for Dec 31, 2024 - Nasdaq"
2024-12-31,"Markets News, December 31, 2024: Stocks Close Out a Strong Year on a Weak Note; Dow Posts Biggest Monthly Loss in More Than Two Years - Investopedia"
2024-12-30,Stock market today: Dow drops 305 points as US stocks stumble into the new year - markets.businessinsider.com
2024-12-31,Stock market today: Stocks slide as Wall Street's year of 20% gains ends on a quiet note - Yahoo Finance
2025-01-02,Stock market today: Indexes give up gains to end lower as stocks extend losing streak to 5 days - markets.businessinsider.com
2025-01-03,Dow Jones Rises Ahead Of Economic Data; Nvidia Rallies Above Key Level - Investor's Business Daily
2025-01-03,"No Santa Claus Rally, No Problem for the Stock Market - Barron's"
2025-01-02,Stock market today: Indexes jump to kick off 2025 as market aims to snap 4-day losing streak - markets.businessinsider.com
2025-01-03,Worried About Volatility? Your 2025 Tech Investing Play - ETF Trends
2025-01-02,Why is the stock market down today? 'The market can't get a firm grip' - USA Today
2024-12-30,"Stock Market News for Monday, Dec. 30, 2024: The Dow Ends Lower as Stocks Stagger Into Year-End - Barron's"
2024-12-31,Stock Market Today: S&P 500 cements biggest 2-year gain since late '90s - MarketWatch
2025-01-03,Stock Market Highlights: Upward trend for Nifty intact. How to trade on Monday - The Economic Times
2024-12-31,Stocks are skipping the ‘Santa Claus rally’ this year. Why it’s not a good sign. - MarketWatch
2025-01-02,"Stock Market News, Jan. 2, 2025: Dow Industrials End Lower to Start New Year - The Wall Street Journal"
2025-01-03,"Stock Market News, Jan. 3, 2025: Dow Gains; U.S. Steel Stock Drops - The Wall Street Journal"
2024-12-31,"Dow Slips, But Markets Notch Strong Yearly Gains - Barron's"
2025-01-03,"Indian stock market: 8 key things that changed for market overnight - Gift Nifty, fall in Tesla shares to surging dollar - livemint.com"
2025-01-02,Stock Market Today: Dow slides for fourth day to kick off 2025 - MarketWatch
2025-01-03,Stock market today: Indexes snap a 5-day losing streak as tech stocks surge - markets.businessinsider.com
2025-01-02,Futures Rally; Tesla Q4 Deliveries Next - Investor's Business Daily
2024-12-30,Stock market enters final stretch of 2024: What to know this week - Yahoo Finance
2025-01-02,"Stock market today: Asian shares mostly decline amid investor worries, and Tokyo stays closed - 朝日新聞"
2024-12-31,"Indian stock market: 7 key things that changed for market overnight - Gift Nifty, Wall Street sell-off to strong dollar - livemint.com"
2024-12-31,Stocks slip but cap off 2024 with a 2nd straight year of 20% gains - markets.businessinsider.com
2024-12-28,Wall St finishes down after sell-off at end of strong holiday-shortened week - Reuters
2024-12-31,"Stock Market News, Dec. 31, 2024: Dow Ends Lower on Last Day of Stellar Year for Stocks - The Wall Street Journal"
2024-12-30,"US Stock market predictions for Monday, December 30: S&P 500, Nasdaq expect Wall Street Santa Claus rally, - The Economic Times"
2025-01-02,"Stock Market Highlights: Nifty may eye 24,400 level, closes above 50 DEMA. How to trade on Friday - The Economic Times"
2025-01-01,10 Stock Market Predictions for 2025 - The Motley Fool
2024-12-30,Wall Street ends sharply lower on penultimate trading day of a strong 2024 - Reuters
2024-12-31,Stocks surged in 2024 even as Americans fretted over the economy - The Washington Post
2024-12-28,History Says the Nasdaq Will Surge in 2025. 1 Stock-Split Stock to Buy Before It Does. - The Motley Fool
2025-01-01,"Is US Stock Market-Wall Street open today? Check New York Stock Exchange, S&P 500, Nasdaq, and Dow Jones s - The Economic Times"
2025-01-02,The Bull and Bear Case for 2025 (Published 2025) - The New York Times
2025-01-02,"Dow falls to kick off 2025, S&P 500 and Nasdaq tally longest losing streak since April - MarketWatch"
2024-12-31,S&P 500 Gains and Losses Today: Index Slips as Stocks Close Out Strong Year - Investopedia
2025-01-02,Stock market gains in 2025 may hinge on one major indicator - thestreet.com
2024-12-31,Why the Dow had such a miserable December versus other indexes - MarketWatch
2024-12-31,"Tesla, Palantir, Apple, Other Tech Stocks to Rule 2025, Analyst Dan Ives Says - Barron's"
2024-12-31,Stock market today: Wall Street indexes lose ground as market closes another record-breaking year - Cochrane Eagle
2024-12-30,Stock Market Today: Dow Dives 729 Points but Bounces Back - Kiplinger
2024-12-31,Stock Market Today: Stocks End a Strong Year With a Whimper - Kiplinger
2025-01-01,What Caused the Dow to Have Such a Miserable December Compared to Other Indexes? - TradeAlgo
2024-12-28,Is the Stock Market Going to Crash in 2025? 2 Historically Flawless Indicators Paint a Clear Picture. - The Motley Fool
2025-01-02,7 Magnificent Stocks That Can Double Your Money in 2025 - The Motley Fool
2025-01-02,7 Magnificent ETFs for a Nasdaq Melt Up - The Daily Upside
2024-12-31,5 Cryptocurrency Predictions for 2025 - The Globe and Mail
2024-12-27,How High Can AI Take Meta Stock in 2025? - The Globe and Mail
2025-01-03,Stocks end sharply higher with assist from tech - The Globe and Mail
2025-01-06,Stock market today: Tech leads stocks higher as Nvidia surges to record high - Yahoo Finance
2025-01-09,"Stock Market News for Jan 9, 2025 - Nasdaq"
2025-01-06,"Markets News, January 6, 2025: S&P 500, Nasdaq Rise as Nvidia, Other Chip Stocks Lead Tech Rally; Bitcoin Surges Above $100,000 - Investopedia"
2025-01-10,"Dow falls over 500 points, S&P, Nasdaq crash after upbeat US jobs data - The Economic Times"
2025-01-07,"Stock Market News, Jan. 6, 2025: Chip Stocks Boost Nasdaq; S&P 500 Also Rallies - The Wall Street Journal"
2025-01-07,Stock market today: Indexes close lower as new data clouds rate cut views - markets.businessinsider.com
2025-01-06,Wall Street Today: US stocks open higher amid AI optimism; S&P and Nasdaq Composite gains over 1% - livemint.com
2025-01-07,IXIC: Nasdaq Composite Sheds 2% as Tech Shares Tumble on New Inflation Jitters - TradingView — Track All Markets
2025-01-10,Stock Market News: Dow Falls Sharply After Strong December Jobs Report - Barron's
2025-01-07,"Dow falls more than 170 points, Nasdaq loses nearly 2% as Nvidia leads tech sell-off: Live updates - CNBC"
2025-01-07,"Stock Market News, Jan. 7, 2025: S&P 500, Nasdaq Turn Lower - The Wall Street Journal"
2025-01-07,"Stock Market News for Jan 7, 2025 - Nasdaq"
2025-01-09,Stock Market News: Dow Gains After Fed Minutes - Barron's
2025-01-07,5 things to know before the stock market opens Tuesday - CNBC
2025-01-08,"Markets News, January 8, 2025: Stocks Close Mixed Ahead of Thursday Break, Jobs Report on Friday; Bitcoin Continues to Slide - Investopedia"
2025-01-10,Dow tumbles nearly 700 points Friday as strong jobs report casts doubt over Fed’s rate-cut path - CNBC
2025-01-10,"Markets News, January 10, 2025: Stocks Plunge as Treasury Yields Surge After December Jobs Report; Major Indexes Lose Ground for 2nd Straight Week - Investopedia"
2025-01-09,"Stock Market News, Jan. 8, 2025: S&P 500, Bond Yields Finish Higher in Choppy Session - The Wall Street Journal"
2025-01-06,"Stock Market News for Monday, Jan. 6, 2025: S&P 500, Nasdaq Rise, While Dow Ends Lower - Barron's"
2025-01-07,Stock market today: Wall Street slumps as good news for the economy is once again bad for stocks - Yahoo Finance
2025-01-06,Stock Market News for Friday Jan. 3: Indexes Break 5-Day Losing Streaks - Barron's
2025-01-07,"Stock market today: Nasdaq leads stock declines as traders pare rate cut bets, Nvidia plummets after record close - Yahoo Finance"
2025-01-07,"Markets News, January 7, 2025: Stocks Slide as Treasury Yields Rise After Economic Data; Nvidia Leads Tech Selloff; Bitcoin Plunges - Investopedia"
2025-01-10,Wall Street ends lower as blowout job data spooks traders - Reuters
2025-01-03,Wall Street ends sharply higher with assist from tech; investors eye Trump policies - Reuters
2025-01-10,"Dow Jones Tumbles 600 Points, S&P 500 Slips 1.5% As US Jobs Growth Cast Cloud On Fed Rate Cuts - NDTV Profit"
2025-01-07,"S&P 500, Nasdaq end higher, driven by tech stocks - Reuters"
2025-01-10,Stock Market Today: Dow finishes down almost 700 points as jump in Treasury yields sparks selloff - MarketWatch
2025-01-10,"Stock market today: Dow, S&P 500, Nasdaq sink amid jobs report surprise, fresh inflation worries - Yahoo Finance"
2025-01-09,Wall Street little changed as investors assess inflation path - Reuters
2025-01-07,Wall Street ends lower as inflation fears mount - Reuters
2025-01-08,Your Questions Answered: Nasdaq 100 vs. S&P 500—Which index is better for investing? - livemint.com
2025-01-08,"Stock Market Highlights: Nifty struggles but 23,500 rebound offers hope. How to trade on Thursday - The Economic Times"
2025-01-09,Wall Street today: US stock markets closed to observe National Day of Mourning for Jimmy Carter - livemint.com
2025-01-09,2 Top Nasdaq Stocks to Buy Before They Skyrocket in 2025 - The Motley Fool
2025-01-06,Stock market today: Tech rallies as AI names lead markets higher ahead of CES event - markets.businessinsider.com
2025-01-06,Wall Street Today: US stocks open higher amid AI optimism; S&P and Nasdaq Composite gains over 1% - MSN
2025-01-08,"Stock market today: Indexes mixed as traders take in Fed minutes, mull rate outlook - markets.businessinsider.com"
2025-01-10,"Stock Market News, Jan. 10, 2025: Stocks Slide, Bond Yields Jump After Strong Jobs Report - The Wall Street Journal"
2025-01-05,10 charts that tell the story of markets and the economy in 2024 - Yahoo Finance
2025-01-10,"Stock Market Highlights: Nifty's crucial support at 23,500. How to trade on Monday - The Economic Times"
2025-01-07,Futures Higher Ahead Of Jobs Data - Investor's Business Daily
2025-01-07,"Stock Market Today: Dow ends down nearly 180 points, Nasdaq tumbles 1.9% as Treasury yields surge after job-openings, ISM services data - MarketWatch"
2025-01-10,The Market Is Overreacting. Don’t Lose Your Head. - Barron's
2025-01-04,"2 Nasdaq Artificial Intelligence (AI) Stocks to Buy Before They Soar as Much as 153% in 2025, According to Certain Wall Street Analysts - The Motley Fool"
2025-01-06,Stock Market Forecast For 2025: How Trump's Return Will Weigh On The Markets - Investor's Business Daily
2025-01-05,Stock Futures Are Little Changed Ahead of Jobs Data - Barron's
2025-01-10,Futures Lower Ahead Of Imminent Jobs Report - Investor's Business Daily
2025-01-06,How to Invest in Nasdaq - Moneyland.ch
2025-01-07,Stock market today: Indexes gain as Nvidia rises on fresh AI excitement - markets.businessinsider.com
2025-01-10,Stock market today: Dow plunges 697 points after jobs report hits rate-cut bets - markets.businessinsider.com
2025-01-06,Stock market today: Stocks surge and the dollar drops as traders try to shake off a tough start to the year - markets.businessinsider.com
2025-01-07,Stock market today: Indexes close lower as new data clouds rate cut views - Yahoo Finance
2025-01-07,"Dow Fails To Turn Positive; Tech Names Nvidia, Palantir Tumble (Live Coverage) - Investor's Business Daily"
2025-01-07,Stock Market News: Tech Stocks Slide as Treasury Yields Spike - Barron's
2025-01-08,"History Says the Nasdaq Could Jump Higher in 2025: 2 Artificial Intelligence (AI) Stocks That Can Bounce Back and Soar 25% to 40%, According to Wall Street - The Motley Fool"
2025-01-08,"Stock market today: Dow, S&P 500 edge higher with Trump tariffs, jobs report in focus - Yahoo Finance"
2025-01-07,Here Are My Top 5 Nasdaq Stocks to Buy in 2025 - The Motley Fool
2025-01-06,"The Stock Market Is Off to a Strong Start in January. Pared Tariffs, Falling Dollar Could Help. - Barron's"
2025-01-04,These Were the 5 Worst-Performing Stocks in the Nasdaq-100 in 2024 - The Motley Fool
2025-01-06,"Stock Market Highlights: Nifty breaches 200 DEMA, indicates bearish sentiment. How to trade on Tuesday - The Economic Times"
2025-01-09,"History Says the Nasdaq Could Surge in 2025: 2 Stock-Split AI Stocks to Buy Now, According to Wall Street - The Motley Fool"
2025-01-08,"Stock Market Today: Nasdaq Composite Falls & Quantum Computing Stocks Collapse (RGTI, IONQ, QUBT) - 24/7 Wall St."
2025-01-08,Big Tech Can Lead Again in 2025 - ETF Trends
2025-01-08,5 ETF Predictions for 2025 - Nasdaq
2025-01-08,"US stock market: Nvidia, Tesla shares tumble, S&P 500, Nasdaq, Dow Jones end in red. Reasons behind Wall S - The Economic Times"
2025-01-05,Stock Market Today: Nvidia and Other Tech Stocks Pull Wall Street Higher - U.S. News & World Report
2025-01-08,Why SoundHound AI Stock Is Crashing Today - The Motley Fool
2025-01-08,"Dixon, Kaynes, and other EMS stocks fall by up to 8%; Here’s the reason behind the fall - Trade Brains"
2025-01-06,"Best Stocks Of 2024: Palantir, MicroStrategy, Carvana Headline Elite List Of Top 100 Stocks - Investor's Business Daily"
2025-01-10,Why are markets tanking in spite of a strong jobs report? Here's the main reason and it is worrying - The Economic Times
2025-01-09,Bearish Warning Signs Develop for the S&P 500 and Nasdaq - TheStreet Pro
2025-01-08,"Tech stocks help lift S&P/TSX composite, U.S. stock markets down - BNN Bloomberg"
2025-01-09,"History Says the Nasdaq Could Surge in 2025: 2 Stock-Split AI Stocks to Buy Now, According to Wall Street - The Globe and Mail"
2025-01-04,U.S. Money Supply Recently Did Something Last Witnessed During the Great Depression -- and It Historically Foreshadows a Big Move in Stocks - The Globe and Mail
2025-01-06,Stock Market Today: Nasdaq Composite Up Big as NVIDIA and AI Stocks Rally - AOL.com
2025-01-15,"Dow surges 700 points, S&P 500 posts best day since November after tame inflation report: Live updates - CNBC"
2025-01-15,"Stock Market News, Jan. 15, 2025: Stocks and Bonds Rally After Inflation Data, Strong Bank Results - The Wall Street Journal"
2025-01-14,"S&P 500 edges higher, Nasdaq dips in choppy session as inflation data eyed - Reuters"
2025-01-13,"Markets News, January 13, 2025: Nasdaq Slips as Tech, Chip Stocks Waver; Bond Yields Tick Up Ahead of Inflation Data - Investopedia"
2025-01-11,History Says the Nasdaq Could Soar Again in 2025: 1 Artificial Intelligence (AI) Stock-Split Stock to Buy Before That Happens - The Motley Fool
2025-01-14,"Stock Market News for Jan 14, 2025 - Nasdaq"
2025-01-15,"S&P 500 snaps three-day win streak, Apple drags Nasdaq to losing session: Live updates - CNBC"
2025-01-13,MARKET DATA - The Wall Street Journal
2025-01-15,"Markets News, January 15, 2025: Stocks Surge, Treasury Yields Slide As CPI Data Boosts Rate-Cut Hopes; Strong Earnings Lift Banks - Investopedia"
2025-01-13,"Nasdaq closes lower, S&P 500 up slightly as US yields stay elevated - Reuters"
2025-01-15,"Stock Market News: Dow Surges After CPI Inflation Report, Big Bank Earnings - Barron's"
2025-01-17,"Dow surges more than 300 points, S&P 500 posts best week since period following Trump's election: Live updates - CNBC"
2025-01-17,5 things to know before the stock market opens Friday - CNBC
2025-01-13,Jim Cramer explains why the Nasdaq failed to rally on Monday - CNBC
2025-01-16,"Markets News, January 16, 2025: Stocks Slip as Investors Digest Earnings Reports; Tesla, Apple Lead Big-Tech Lower - Investopedia"
2025-01-15,"Wall St surges as inflation data, bank earnings fuel rally - Reuters"
2025-01-13,US stocks fall as investors scale back bets on Fed rate cuts in 2025 - Business Standard
2025-01-17,"Markets News, January 17, 2025: Stocks Surge as Big-Tech Rallies; S&P 500 Has Best Week in Two Months; Bitcoin Tops $105,000 - Investopedia"
2025-01-16,"Wall Street slips after rally as earnings, data eyed - Reuters"
2025-01-16,"Stock Market News, Jan 16, 2025: S&P 500 ends lower for first time in four sessions, Nasdaq and Dow drop even as bond yields ease - MarketWatch"
2025-01-16,Stock market today: Indexes slip after the best day for stocks since November - markets.businessinsider.com
2025-01-17,"Stock Market News for Jan 17, 2025 - Nasdaq"
2025-01-14,"Stock Market News, Jan. 13, 2025: Nasdaq Falls; Oil Extends Rally - The Wall Street Journal"
2025-01-15,"Dow Jones Futures Rise With CPI Inflation Due; JPMorgan Beats, Quantum Stocks Jump - Investor's Business Daily"
2025-01-15,"Stock Market News for Jan 15, 2025 - Yahoo Finance"
2025-01-13,"Stock Market News for Jan 13, 2025 - Yahoo Finance"
2025-01-14,Stock Market News: Dow and S&P 500 Close Higher - Barron's
2025-01-17,"Stock Market News: Dow, S&P 500 Cap Best Weeks Since November - Barron's"
2025-01-15,"Stock Market News, Jan. 15, 2025: Dow, S&P 500 and Nasdaq end sharply higher after softer-than-forecast core CPI, bond yields fall; JPMorgan, Goldman launch earnings season - MarketWatch"
2025-01-13,"US Market To Be Closed On Four Mondays In 2025; Is Trading In Dow Jones, S&P 500, Nasdaq Open On Jan-13? - Goodreturns"
2025-01-13,BlackRock's Rick Rieder would ‘100%’ buy the Nasdaq dip - CNBC
2025-01-16,"Stock Market News From Jan. 16, 2025: S&P 500 Slips; TSMC, Tesla, Nvidia, More Movers; Treasury Yields Fall - Barron's"
2025-01-13,"Stocks Mostly Lower; Bill Ackman Makes This OfferStock Market Today: Dow Jones Up, Donald Trump Stock Rockets; Mark Zuckerberg Says This, Rocks Quantum Stocks (Live Coverage) - Investor's Business Daily"
2025-01-15,Stock Market Today: Nasdaq Composite Rips Higher as Inflation Slows - 24/7 Wall St.
2025-01-17,Why the Stock Market Is Getting Ahead of Itself - Barron's
2025-01-14,Stock market today: Indexes mixed as investors brace for a critical inflation report - markets.businessinsider.com
2025-01-13,Dow Jones Reverses; Nvidia Dives After Triggering Sell Signal - Investor's Business Daily
2025-01-13,Stock Market Today: Nasdaq Composite Sinks & NVIDIA (NVDA) Down On New Regulations - 24/7 Wall St.
2025-01-14,"Markets News, January 14, 2025: S&P 500 Ticks Higher After Soft PPI Print; Tech Stocks Lag in Choppy Trading Day - Investopedia"
2025-01-17,"Stock Market Highlights: 23,400 breach needed for Nifty's bullish turn. How to trade on Monday - The Economic Times"
2025-01-16,Stock Market Today: Nasdaq Composite Falls & Taiwan Semiconductor (TSM) Blows Out Earnings - 24/7 Wall St.
2025-01-14,"Stock Market News for Monday, Jan. 13, 2025: S&P 500 Stages Comeback - Barron's"
2025-01-16,Stock market today: Indexes close lower as tech stocks tumble - markets.businessinsider.com
2025-01-15,"Stock market today: Dow jumps 700 points, Nasdaq soars 2.5% after cool CPI reading - Yahoo Finance"
2025-01-15,Stock Market Highlights: Nifty near-term trend weak. How to trade on Thursday - The Economic Times
2025-01-17,"Stock Market News, Jan. 17, 2025: Nasdaq, Bitcoin Rally Ahead of Holiday Weekend - The Wall Street Journal"
2025-01-16,"Stock Market News, Jan. 16, 2025: Major Indexes Slip; Investors Dig Into More Bank Earnings - The Wall Street Journal"
2025-01-13,"Stock Market Highlights: Nifty likely to test 22,700 support. How to trade on Tuesday - The Economic Times"
2025-01-14,"Asian markets are mixed, echoing trading on Wall Street - 朝日新聞"
2025-01-15,Why stocks and bonds are on a tear today - markets.businessinsider.com
2025-01-17,What's the Better Long-Term Investment: The Nasdaq-100 or the Top S&P 500 Growth Stocks? - The Motley Fool
2025-01-14,"Stock Market Today: Dow Jones, S&P 500 Seesaw To The End; Natural Gas Stocks Break Out (Live Coverage) - Investor's Business Daily"
2025-01-17,"Stocks rally to close out strong week, await Trump policies - Reuters"
2025-01-17,"Stock Market on Jan. 17, 2025: Dow, S&P 500, Nasdaq end higher, post strong weekly gains ahead of Trump inauguration - MarketWatch"
2025-01-14,Stocks Rise On Inflation Report - Investor's Business Daily
2025-01-15,Stocks Rally On CPI Inflation Report - Investor's Business Daily
2025-01-13,The S&P 500 Makes a Run at Breakeven - Barron's
2025-01-16,"Stock Market Today: Indexes Fall, But Several Top Stocks Break Out (Live Coverage) - Investor's Business Daily"
2025-01-14,Why Wolfspeed Stock Plummeted 84.7% in 2024 and Is Sinking Even Further in 2025 - Nasdaq
2025-01-17,US stocks surge to cap off the best week since the November election - markets.businessinsider.com
2025-01-12,Stocks Poised for Lower Open - Barron's
2025-01-13,Bloodbath on D-Street: 3 reasons why the stock market is falling today - The Financial Express
2025-01-15,U.S. stocks higher at close of trade; Dow Jones Industrial Average up 1.65% - Investing.com
2025-01-13,Stock Market Today: Dow Leads as UnitedHealth Stock Pops - Kiplinger
2025-01-17,Nasdaq leads as stocks climb on final trading day of Biden presidency - MarketWatch
2025-01-16,Stock Market Today: Nasdaq Composite Falls & Taiwan Semiconductor (TSM) Blows Out Earnings - AOL.com
2025-01-16,That big one-day stock-market surge we just had? Don’t make too much of it. - MarketWatch
2025-01-12,Why top tech analyst Gene Munster says investors have 2 years before the tech bubble bursts - markets.businessinsider.com
2025-01-14,Stock market today: Wall Street mostly rises after encouraging inflation data despite Lilly’s drag - WDHN
2025-01-17,Trump’s tariff plans could be harming his ‘animal spirit’ investors - The Hill
2025-01-17,A final look at how the U.S. stock market has performed under Joe Biden - MarketWatch
2025-01-17,Stock Market Today: Stocks Jump Ahead of Trump Inauguration - Kiplinger
2025-01-17,The Stock Market Ends the Biden Era With a Roar. But Inflation Isn’t Dead. - Barron's
2025-01-17,Investing for Passive Income? This Nasdaq ETF Has an 11% Yield With Monthly Payouts - Yahoo! Finance Canada
2025-01-12,How Likely Is It That the Stock Market Crashes Under President Donald Trump in 2025? Here's What History Tells Us. - The Motley Fool
2025-01-11,Why Trump Media Stock Skyrocketed 94.9% in 2024 and Is Climbing Higher in 2025 - The Motley Fool
2025-01-13,Is the VanEck Semiconductor ETF the Best Way to Play the AI Boom? | SMH ETF - 24/7 Wall St.
2025-01-11,The S&P 500 Just Did Something for Only the Fourth Time in 96 Years -- and Its Historic Significance Can't Be Overlooked - The Motley Fool
2025-01-10,A Look Back at Renewable Energy Stocks' Q3 Earnings: TPI Composites (NASDAQ:TPIC) Vs The Rest Of The Pack - FinancialContent
2025-01-23,"S&P 500 closes at a new record, Dow jumps 400 points as Trump pushes for low rates, oil: Live updates - CNBC"
2025-01-24,"Markets News, January 24, 2025: Stocks Snap Four-Session Winning Streak as Chipmakers Slump; Major Indexes Post Weekly Gains - Investopedia"
2025-01-23,"Stock Market News, Jan. 23, 2025: Dow Rises More Than 400 Points, S&P 500 Hits New Record - The Wall Street Journal"
2025-01-22,"Stock Market News for Jan 22, 2025 - Nasdaq"
2025-01-20,"US Market On Martin Luther King Jr. Day; Is Trading In Dow Jones, S&P 500, or Nasdaq Open On Jan-20? Outlook - Goodreturns"
2025-01-24,"Stock Market Today: Dow Jones, S&P 500 Sluggish; Cancer Detection Stock Surges, Bitcoin Play Bolts Higher (Live Coverage) - Investor's Business Daily"
2025-01-21,Wall Street today: US stocks rise as investors await Trump's trade policy - livemint.com
2025-01-23,"Stock market today: S&P 500 clinches first record close of 2025, Dow pops after Trump takes spotlight at Davos - Yahoo Finance"
2025-01-22,"Markets News, January 22, 2025: S&P 500 Closes Near Record High as AI Stocks Spur Tech Rally; Netflix Soars on Strong Earnings - Investopedia"
2025-01-20,Who Was Better For The Stock Market? Biden Or Trump? - Investor's Business Daily
2025-01-23,"Markets News, January 23, 2025: Stocks Surge in Late Trading to Extend Winning Streak; S&P 500 Hits Record Closing High - Investopedia"
2025-01-22,"Stocks close higher, S&P 500 touches fresh record, bolstered by Trump optimism: Live updates - CNBC"
2025-01-21,5 things to know before the stock market opens Tuesday - CNBC
2025-01-21,"Markets News, January 21, 2025: Stocks Close Higher to Extend Rally as Investors Digest President Trump's First Moves in Office - Investopedia"
2025-01-21,Dow surges 500 points as Wall Street wagers that Trump’s approach on tariffs won’t be as harsh as feared: Live updates - CNBC
2025-01-23,5 things to know before the stock market opens Thursday - CNBC
2025-01-22,"Stock Market News, Jan. 22, 2025: Nasdaq Leads Gains; Netflix Stock Jumps - The Wall Street Journal"
2025-01-22,"Stock Market News, Jan. 22, 2025: Dow ends higher; Nasdaq jumps, S&P 500 touches intraday record after Netflix earnings, Trump AI initiative. Oracle, Nvidia shares rise. - MarketWatch"
2025-01-23,"Stock Market Today: Indexes MixedAs Trump Makes These Demands; Apple, Tesla Earnings Loom (Live Coverage) - Investor's Business Daily"
2025-01-20,"Stock Market News for Jan 20, 2025 - Yahoo Finance"
2025-01-22,Stock Market Today: Nasdaq Composite Jump as NVIDIA (NVDA) & Oracle (ORCL) Soar on $500 Billion 'Stargate' Announcement - 24/7 Wall St.
2025-01-21,Stock Market News: Dow Gains 500 Points as Trump Makes His Moves - Barron's
2025-01-21,"Dow Jones Rises After Trump Tariff Comments; Nvidia Rallies But Tesla, Apple Slide - Investor's Business Daily"
2025-01-18,History Says the Nasdaq Will Soar in 2025: 1 Artificial Intelligence (AI) Growth Stock to Buy Before It Does - The Motley Fool
2025-01-20,Is US stock market open on Donald Trump's inauguration day today? - livemint.com
2025-01-21,"Markets Reaction After Trump's Day 1 At White House: Futures, Dollar, More; Will DJIA Fall Or Rise On Jan-21? - Goodreturns"
2025-01-23,Stock market today: S&P 500 climbs to a record - Yahoo Finance
2025-01-21,Wall Street ends higher with hopes for measured US trade policy - Reuters
2025-01-24,"Stock Market Highlights: Pullback possible above 22,980 in Nifty. How to trade on Monday - The Economic Times"
2025-01-23,Stocks Mixed After Higher Jobless Claims - Investor's Business Daily
2025-01-24,Wall St slips with mixed data and earnings ahead of Fed week - Reuters
2025-01-20,History Says the Nasdaq Could Soar in 2025. Here Is 1 Dirt-Cheap Artificial Intelligence (AI) Semiconductor Stock to Buy Right Now. - The Motley Fool
2025-01-24,US stock market heads for best start for President Donald Trump - livemint.com
2025-01-19,Is the Nasdaq Headed for a Correction? 3 High-Flying AI Stocks to Buy if Prices Fall. - Yahoo Finance
2025-01-22,"Stock Market Highlights : Nifty closes above 23,100; hammer pattern signals bullish momentum ahead. How t... - The Economic Times"
2025-01-24,"Stock Market News, Jan. 24, 2025: Dow Slips at End of Strong Week - The Wall Street Journal"
2025-01-21,"Stock Market Highlights: Nifty key resistance at 23,500, bullish reversal hinges on sustained breakout. H... - The Economic Times"
2025-01-24,Futures Fall Ahead Of Economic Data - Investor's Business Daily
2025-01-23,"Stock Market Highlights: Nifty's crucial support at 23,000; breakdown could trigger slide to 22,500. How ... - The Economic Times"
2025-01-23,"Stock Market Today: Dow Jones rises, Nasdaq dips, S&P 500 nears record, Bitcoin holds steady - The Economic Times"
2025-01-23,"Stock Market News for Jan 23, 2025 - Yahoo Finance"
2025-01-24,"Stock Market News for Jan 24, 2025 - Yahoo Finance"
2025-01-22,"Gap-up opening seen for Sensex, Nifty; HDFC Bank, HUL, BPCL shares eyed - Fortune India"
2025-01-19,Biden's stock market trailed Trump's - Axios
2025-01-22,Stock Market Today: Nasdaq Composite Jump as NVIDIA (NVDA) & Oracle (ORCL) Soar on $500 Billion ‘Stargate’ Announcement - AOL.com
2025-01-19,Here's how the stock market's performance under Joe Biden stacks up - MarketWatch
2025-01-21,"Stock Market Today: Nasdaq Composite Rises, But Why Are Tesla (TSLA) and Apple (AAPL) Plummeting? - 24/7 Wall St."
2025-01-21,"Stock Market News for Jan 21, 2025 - Yahoo Finance"
2025-01-21,"Stock Market News, Jan. 21, 2025: Dow ends up over 500 points, S&P 500 and Nasdaq climb on first trading day of Trump’s second term. Apple stock down, Netflix earnings ahead. - MarketWatch"
2025-01-22,"ETFs to Ride on Netflix's Big Subscriber Gains, Q4 Earnings Beat - Nasdaq"
2025-01-21,"Stock Market News, Jan. 21, 2025: Dow Gains More Than 500 Points; Investors Mull Trump Moves - The Wall Street Journal"
2025-01-22,"S&P 500 hits record high with boost from Netflix results, AI investment plan - Reuters"
2025-01-23,"S&P 500 notches closing record with focus on Trump comments, earnings - Reuters"
2025-01-24,"Stock Market on Jan. 24, 2025: S&P 500 ends below record high as tech slumps, but posts big weekly gain along with Nasdaq and Dow after Trump's return to White House - MarketWatch"
2025-01-23,"Live Market Updates: Nasdaq Composite Down as Ciena (CIEN), Vertiv (VRT) and Other ‘Stargate’ Stocks Rise Again - AOL.com"
2025-01-23,Stock market today: S&P 500 climbs to its first record of 2025 - Business in Vancouver
2025-01-24,Stock Market Today: Stocks Slip as Inflation Worries Rise - Kiplinger
2025-01-23,"Stock Market News Jan. 23: S&P 500 scores first record close of Trump's second term; Dow, Nasdaq end higher - MarketWatch"
2025-01-23,Why Micron Technology Stock Is Sinking Today - The Motley Fool
2025-01-21,Trump will need to deliver ‘tangible progress’ in his first 100 days for the stock market to go up - MarketWatch
2025-01-20,Prediction: Donald Trump's Presidency Will Fuel a Greater Than $4 Trillion Investment -- and It Has Nothing to Do With Artificial Intelligence (AI) - The Motley Fool
2025-01-18,Why High-Yielding JEPQ Will Likely Beat The Nasdaq In 2025 - Seeking Alpha
2025-01-20,Major fund manager reveals stock market forecast for 2025 - thestreet.com
2025-01-21,President Donald Trump Just Made Stock Market History -- and It's an Ominous Warning for Investors - The Motley Fool
2025-01-19,Is the Stock Market Going to Soar Under President Donald Trump (as It Did During His First Term)? Here's What History Has to Say. - The Motley Fool
2025-01-22,"Industrial and tech stocks help lift S&P/TSX composite, U.S. stock markets rise - Richmond News"
2025-01-27,Nasdaq drops 3% as China's DeepSeek AI model hits tech shares - Reuters
2025-01-29,"S&P 500 closes lower as Fed pauses rate cuts, Nvidia resumes slide: Live updates - CNBC"
2025-01-27,"Markets News, January 27, 2025: Nasdaq Composite, S&P 500 Tumble on Concerns About China's AI Advances; Tech Sector Has Worst Day Since 2020 - Investopedia"
2025-01-28,US Stock Market Highlights: Nasdaq tanks 3% after DeepSeek rattles Big Tech; Nvidia share price crashes 17% - livemint.com
2025-01-30,Nasdaq-100 Index® Celebrates 40 Years of Innovation - Nasdaq
2025-01-27,"Nasdaq crashes 600 points, S&P over 2% as China's AI push rattles Big Tech - The Economic Times"
2025-01-27,"Stock market today: Nasdaq clobbered, Nvidia sinks 17% while Dow stages comeback as AI fears shake markets - Yahoo Finance"
2025-01-28,"How China's Deepseek sent shockwaves in American stock market, wiping out billions from market cap of tec - Times of India"
2025-01-27,Stock Market News: Nasdaq Falls 3% as Tech Stocks Dive on DeepSeek AI Fears - Barron's
2025-01-27,"Stock Market News, Jan. 27, 2025: Nvidia Stock Sinks in AI Rout Sparked by China's DeepSeek - The Wall Street Journal"
2025-01-30,How DeepSeek Shook the Nasdaq and Redefined the Market: What Happened and What’s Next? - Modern Diplomacy
2025-01-27,"S&P 500 slides, Nasdaq drops 3% in sharp AI stock sell-off spurred by China's DeepSeek: Live updates - CNBC"
2025-01-28,"Markets News, January 28, 2025: Stocks Rebound From DeepSeek Selloff as Focus Turns to Earnings, Fed Meeting; Nvidia Jumps 9% - Investopedia"
2025-01-29,"US Stock Market Highlights: S&P 500, Nasdaq rebound, Nvidia gains 6% after DeepSeek triggered selloff - livemint.com"
2025-01-28,Stock market today: Nasdaq jumps to chip away at DeepSeek-fueled rout as Nvidia surges nearly 9% - Yahoo Finance
2025-01-27,"S&P 500 rises, Nasdaq jumps 2% in recovery rally after Nvidia-led sell-off: Live updates - CNBC"
2025-01-29,Dow closes 300 points lower Friday as White House says tariffs will start Saturday: Live updates - CNBC
2025-01-29,Dow closes more than 150 points higher in volatile session after slew of earnings reports: Live updates - CNBC
2025-01-27,How the buzz around Chinese AI model DeepSeek sparked a massive Nasdaq sell-off - CNBC
2025-01-29,"Fed rate decision, stock market updates: Dow, Nasdaq, S&P 500 slip, Nvidia falls as Fed leaves rates unchanged - Yahoo Finance"
2025-01-28,"Stock Market News, Jan. 28, 2025: Nasdaq Gains 2% After $1 Trillion DeepSeek Rout - The Wall Street Journal"
2025-01-29,"Markets News, January 29, 2025: Stocks Close Lower as Fed Leaves Key Interest Rate Unchanged; Focus Turns to Big-Tech Earnings - Investopedia"
2025-01-31,"Stock market today: Dow, S&P 500, Nasdaq move higher with Apple earnings in the wings - Yahoo Finance"
2025-01-28,"US Stock Market Highlights: Nvidia shares drop 17%, lose 560 billion in market cap | Business News - Hindustan Times"
2025-01-27,Tech stocks tumble as a Chinese competitor threatens to upend the AI industry; Nvidia down 17% - CNBC TV18
2025-01-30,US stocks fall as Federal Reserve keeps interest rates unchanged - CNBC TV18
2025-01-27,"Dow Jones Futures Dive As Nvidia, AI Stocks Sell Off On DeepSeek - Investor's Business Daily"
2025-01-27,‘Sputnik moment’: $1tn wiped off US stocks after Chinese firm unveils AI chatbot | DeepSeek - The Guardian
2025-01-30,5 things to know before the stock market opens Thursday - CNBC
2025-01-28,'Sputnik moment': Chinese DeepSeek wipes off $1 trillion from US tech giants in a day - Times of India
2025-01-27,Tech stocks tank as a Chinese competitor threatens to upend the AI frenzy; Nvidia sinks nearly 17% - Yahoo Finance
2025-01-31,"Stock market today: Dow, S&P 500, Nasdaq stumble as Trump recommits to sweeping tariffs on Saturday - Yahoo Finance"
2025-01-27,"The Dow's Having a Decent Day, Actually—Even With Nvidia's Drop - Investopedia"
2025-01-30,"Markets News, January 30, 2025: Stocks Close Higher as Investors Digest Flurry of Earnings Reports; IBM Soars on AI Strength - Investopedia"
2025-01-31,Stock Market News: Dow Falls After White House Tariff Comments - Barron's
2025-01-29,Wall Street ends down but off day's lows; Fed holds rates steady - Reuters
2025-01-27,DeepSeek shocker: Nasdaq tumbles – What it signals for markets ahead - Moneycontrol
2025-01-31,"Markets News, January 31, 2025: Stocks Slip as White House Says Tariffs Coming Saturday; Major Indexes Post Gains for January - Investopedia"
2025-01-31,Wall St ends lower as White House says Trump to implement tariffs - Reuters
2025-01-30,"Stock Market News, Jan. 30, 2025: Major Indexes Rise; Meta and Tesla Shares Rally - The Wall Street Journal"
2025-01-28,Stocks Mixed Ahead Of Fed Meeting - Investor's Business Daily
2025-01-27,"Stock Market Today: Dow Jones Up, Nasdaq Hit; Nvidia Loses $600 Bil As China's DeepSeek Raises These Fears - Investor's Business Daily"
2025-01-27,DeepSeek tech wipeout erases more than $1 trillion in market cap as AI panic grips Wall Street - markets.businessinsider.com
2025-01-27,"Stock Market on Jan. 27, 2025: Nasdaq records worst day in over a month as DeepSeek fears spark tech rout; Dow ends higher - MarketWatch"
2025-01-30,"Futures Mixed With Tesla, Meta, IBM Earnings Winners - Investor's Business Daily"
2025-01-28,Nvidia and the stock market come roaring back after historic sell-off - markets.businessinsider.com
2025-01-27,DeepSeek Deep Sixes the Stock Market. How Far the S&P 500 Could Fall. - Barron's
2025-01-28,"Nasdaq leads Wall St higher, tech shares recover from Monday's sell-off - Reuters"
2025-01-28,US chipmaker Nvidia rebounds after historic tumble - Financial Times
2025-01-29,Stock market today: Wall Street slips after the Federal Reserve keeps interest rates steady - Yahoo Finance
2025-01-27,Stock Market Highlights: Nifty's negative candle flashes bearish signals. How to trade on Tuesday - The Economic Times
2025-01-31,"Stock Market Highlights: Nifty breaks bearish pattern, eyes 23,800 upside level. How to trade on Budget Day - The Economic Times"
2025-01-27,Goldman Sachs: Hedge Funds Dumped AI Stocks Before Nasdaq's 666-Point Drop - Yahoo Finance
2025-01-27,"Futures Tumble On Trump Tariff, DeepSeek Threat - Investor's Business Daily"
2025-01-28,Stock Market News: Nasdaq Pops 2% - Barron's
2025-01-31,"Stock Market on Jan. 31, 2025: Dow, S&P 500 and Nasdaq close lower after White House says tariffs on Mexico, Canada, China to begin Saturday - MarketWatch"
2025-01-28,"Stock Market Highlights: Nifty sell-on-rise trend continues; 23,100 resistance in focus. How to trade on ... - The Economic Times"
2025-01-28,"Stock Market News, Jan. 28, 2025: Dow ends higher, S&P 500 and Nasdaq bounce back after Monday's AI selloff; Nvidia pops 8.9%; Fed kicks off policy meeting - MarketWatch"
2025-01-30,Indexes end up as investors weigh earnings; tariff talk a damper - Reuters
2025-01-31,"Stock Market News, Jan. 31, 2025: Dow Falls; Apple Stock Slips After Earnings - The Wall Street Journal"
2025-01-29,"Stock Market Highlights: Nifty breaks 23,100, hints at further upside momentum. How to trade on Thursday - The Economic Times"
2025-01-26,Stocks Poised for Lower Open After Trump-Colombia Dispute - Barron's
2025-01-29,This AI Play Just Posted Blowout Earnings. The Stock Is Leading the S&P 500 Today. - Barron's
2025-01-28,Nasdaq and S&P 500 tumble as AI concerns shake tech stocks - Wealth Professional
2025-01-27,Stock Market Today: Nasdaq Composite Crashes - How Far Will NVIDIA (NVDA) Drop Today? - 24/7 Wall St.
2025-01-27,Tech stocks fall sharply after Chinese AI company announces inexpensive large language model - PBS
2025-01-29,Stock Market News: Dow Slips After Fed Rate Decision - Barron's
2025-01-31,"Stock Market News From Jan. 30, 2025: Dow, S&P 500 Up; Tesla, Apple, Nvidia, UPS, More Movers; Fed Rate Fallout - Barron's"
2025-01-27,Trump calls China’s DeepSeek AI app a ‘wake-up call’ after tech stocks slide - The Washington Post
2025-01-27,Tech stocks fall as China's DeepSeek sparks U.S. worries about the AI race - NBC News
2025-01-28,Nasdaq Tumbles Over DeepSeek Fear - BusinessToday Malaysia
2025-01-29,"US Stock Market: Tech stock tumble exposes market’s vulnerability to megacap dependence; S&P 500 rises, Nasdaq jumps 2% - The Financial Express"
2025-01-31,Global stock market indices: How the world markets performed today - 31 January 2025 - Editorji
2025-01-28,S&P 500 Gains and Losses Today: Royal Caribbean Stock Soars as Profits Top Forecasts - Investopedia
2025-01-31,The Stock Market Weathered Nvidia’s Plunge. It Couldn’t Withstand Renewed Tariff Threats. - Barron's
2025-01-27,FTSE 100 flat and Nasdaq more than 3% lower as DeepSeek's AI model roils tech - Yahoo Finance UK
2025-01-27,9 Stocks to Buy Amid the DeepSeek Selloff - Barron's
2025-01-28,Why did the Nasdaq just crash more than 3%? - The Motley Fool Australia
2025-01-28,"What is DeepSeek, and why is it causing Nvidia and other stocks to slump? - CBS News"
2025-01-28,Why did the US stock market crash on Monday? - The Financial Express
2025-01-28,Stock Market Today: Stocks Surge Ahead of Fed - Kiplinger
2025-01-30,Stock market today: Meta and Tesla lead most of Wall Street higher - Business in Vancouver
2025-01-31,New York Stock Exchange Turns Bullish…Nasdaq Up 1.18% - 블루밍비트
2025-01-31,"Stock market today: S&P rises, Dow Jones and Nasdaq drops, Tesla up, Microsoft down – Economic growth slow - The Economic Times"
2025-01-31,"S&P/TSX composite falls on tariff fears, U.S. markets also slip - BNN Bloomberg"
2025-01-28,"Nasdaq, S&P 500 fall as China's DeepSeek AI model hits tech shares - The Straits Times"
2025-01-28,Shocking Chinese AI advancement DeepSeek sends US stocks plunging - 9News.com.au
2025-01-30,S&P 500 Index Funds Yield Just 1.2%. Here Are 3 Better Ways to Generate Passive Income From Stocks. - The Motley Fool
2025-01-27,Here’s my surprise prediction for the stock market in 2025 — and pessimists worldwide should pay attention - New York Post
2025-01-27,"QQQ Crash: Live Updates on Amazon (AMZN), Meta, Apple (AAPL) Following Today’s Selloff - 24/7 Wall St."
2025-01-28,Tech wipeout erases $1 trillion as DeepSeek AI app stirs Wall Street panic - The Express Tribune
2025-02-06,Dow closes 400 points lower Friday as inflation and tariff fears spur a sell-off: Live updates - CNBC
2025-02-04,US Market On Tuesday: Dow futures fall 100 points after China announces tariffs on US products - CNBC TV18
2025-02-04,"Stock market today: Dow, S&P 500, Nasdaq recover as traders assess tariff developments, new jobs data - Yahoo Finance"
2025-02-01,"US Market Performance Ahead Of India's Budget 2025; What Impacted Dow Jones, S&P 500, Nasdaq? - Goodreturns"
2025-02-07,"Markets News, February 7, 2025: Stocks Slide After Jobs, Consumer Sentiment Reports; Major Indexes Post Weekly Losses - Investopedia"
2025-02-03,"Wall Street today: Dow Jones, S&P 500, Nasdaq dip on worries over full-blown trade war after Trump’s tariffs - livemint.com"
2025-02-03,"Stock Market News for Monday, Feb. 3, 2025: Dow Recovers From Selloff as U.S. Pauses Tariffs on Mexico - Barron's"
2025-02-06,"Stock Market News, Feb. 6, 2025: Dow Slips; Investors Dig Into Results Deluge - The Wall Street Journal"
2025-02-07,"Stock Market Today: S&P 500 dips, Nasdaq Composite slides, Dow Jones gains; Treasury yield surges, Amazon - The Economic Times"
2025-02-03,Dow rebounds from steep decline to finish with 100-point loss after Trump pauses tariffs on Mexico: Live updates - CNBC
2025-02-06,"Markets News, February 6, 2025: S&P 500 Inches Toward Record, Dow Dips as Investors Respond to Flurry of Earnings Reports - Investopedia"
2025-02-04,"S&P 500, Nasdaq close higher as traders look past Trump tariff shake-up: Live updates - CNBC"
2025-02-05,"Markets News, February 5, 2025: Stocks Close Higher as Nvidia Leads Chipmaker Rally; Major Indexes Back Near Record Highs - Investopedia"
2025-02-06,"S&P 500 posts modest gain, notching third straight winning session - CNBC"
2025-02-04,Dow closes 300 points higher for back-to-back gains as investors look past tariff tumult: Live updates - CNBC
2025-02-03,5 things to know before the stock market opens Monday - CNBC
2025-02-03,"Stock market today: S&P 500, Nasdaq sink, Dow claws back as Mexico gets Trump tariff reprieve - Yahoo Finance"
2025-02-03,"Markets News, February 3, 2025: Stocks Close Lower as Investors Assess Tariff News; Tesla Down Sharply, Nvidia Slump Continues - Investopedia"
2025-02-04,Nasdaq Fourth Quarter and Full Year Earnings Recap: Strong 2024 Financial and Operational Performance Positions the Company for 2025 Growth - Nasdaq
2025-02-05,"Stock Market News, Feb. 5, 2025: S&P 500 Turns Higher; Google, AMD in Focus - The Wall Street Journal"
2025-02-07,"Stock market today: Dow, S&P 500, Nasdaq slide as inflation, tariff fears push stocks to another losing week - Yahoo Finance"
2025-02-03,Economic Update: Q4 2024 Review – Insights & Market Analysis - YCharts
2025-02-03,"Dow Jones Plunges 600 Points On Trump Trade War; Nvidia, Tesla Dive - Investor's Business Daily"
2025-02-05,These Were the 5 Worst-Performing Stocks in the Nasdaq-100 in January 2025 - The Motley Fool
2025-02-07,"Stock Market Today: Dow Jones Sinks, But Nasdaq Hit Harder; Uber Gets Ackman Lift (Live Coverage) - Investor's Business Daily"
2025-02-07,"Stock Market on Feb. 7, 2025: Dow, S&P 500, Nasdaq close lower after Trump says reciprocal tariffs are coming - MarketWatch"
2025-02-06,"Stock Market News For Feb. 6: Dow ends 125 points lower, S&P 500 and Nasdaq climb ahead of jobs report - MarketWatch"
2025-02-07,The Stock Market Is Whipsawed by Rapid-Fire News Events. Don’t Let It Make Your Head Spin. - Barron's
2025-02-03,"Stock Market News Feb. 3, 2025: Dow records back-to-back losses after Trump delays Mexico tariff; S&P 500, Nasdaq end off session lows - MarketWatch"
2025-02-06,"Wall St ends higher as investors digest earnings, rate cut prospects - Reuters"
2025-02-04,"Stock Market Today: Dow, Nasdaq and S&P 500 end higher as markets digest China tariffs and jobs data; Meta scores 12th straight win - MarketWatch"
2025-02-04,Stock Market News: S&P 500 Rises as China Retaliates Against Trump Tariffs - Barron's
2025-02-03,5 Tech ETFs That Outperform the Nasdaq - US News Money
2025-02-07,"Stock Market News From Feb. 7, 2025: Dow, S&P 500 Each Fall 1%; Inflation Dread and Trump Tariffs - Barron's"
2025-02-06,Global stock market indices: How the world markets performed today - 6 February 2025 - Editorji
2025-02-03,What Is the Russell 2000 Index? How It Works And What Stocks It Tracks - Bankrate
2025-02-06,"The S&P 500 Just Did Something It Hasn't Done in Over Four Decades, and That Could Signal a Big Move in 2025 - The Motley Fool"
2025-02-05,Futures Drop Ahead Of ADP Jobs Report - Investor's Business Daily
2025-02-05,"Stock Market News: Dow, S&P 500 Close Higher - Barron's"
2025-02-03,"Stock Market Today: Dow Jones down 141 Points, S&P 500 falls 0.7%, Nasdaq drops 1% - Initial decline follo - The Economic Times"
2025-02-06,Stock market today: Wall Street drifts as gains for fashion brands help offset Qualcomm’s slide - BNN Bloomberg
2025-02-03,2024's Best-Performing Dow Jones Stock Is 2025's Worst Performer. Is the Sell-Off a Buying Opportunity? - The Motley Fool
2025-02-02,Stock futures slide after Trump imposes tariffs - CNN
2025-02-05,"Live Markets: GOOGL, AMD, AMZN Weigh on Nasdaq - 24/7 Wall St."
2025-02-03,"Wall Street falls following Trump’s tariffs, but not as badly as feared in the morning - BNN Bloomberg"
2025-02-03,Stocks tumble as Wall Street braces for impact of Trump tariffs. Here's what to know. - CBS News
2025-02-07,"S&P/TSX composite down, U.S. stocks fall after jobs report - BNN Bloomberg"
2025-02-04,DeepSeek Just Exposed the Biggest Flaw of the Artificial Intelligence (AI) Revolution - The Motley Fool
2025-02-04,"S&P/TSX composite rises, loonie also higher Tuesday after tariff reprieve - BNN Bloomberg"
2025-02-06,"Energy, telecom and tech drag S&P/TSX composite lower Thursday, U.S. stocks mixed - BNN Bloomberg"
2025-02-01,U.S. Money Supply Recently Did Something Last Seen During the Great Depression -- and It's Historically a Precursor to a Big Move in Stocks - The Motley Fool
2025-02-01,Cathie Wood sells $19 million of surging tech stocks before earnings - thestreet.com
2025-02-12,"S&P 500 closes little changed on Friday, but Wall Street notches weekly gains: Live updates - CNBC"
2025-02-14,"Nasdaq rises over 1% on inflation relief; Tesla soars 6%, Nvidia up 4% - India Today"
2025-02-12,"Markets News, February 12, 2025: Dow, S&P 500 Close Lower as Yields Soar on Hot Inflation Report - Investopedia"
2025-02-14,The Nasdaq 100 Quietly Steals the Show - Barron's
2025-02-10,"Stock Market News, Feb. 10, 2025: Nasdaq Leads Indexes Higher; Metals Stocks Jump - The Wall Street Journal"
2025-02-13,"S&P 500, Nasdaq Composite see weakest start to a presidential term since 2009 - MarketWatch"
2025-02-11,"Stock market today: Dow rises, Nasdaq slips as Powell testifies, key inflation data looms - Yahoo Finance"
2025-02-11,"S&P 500 ekes out gain even as Powell urges caution on rates, tariffs weigh on markets: Live updates - CNBC"
2025-02-11,"Markets News, February 11, 2025: Dow Rises, Nasdaq Slips as Wall Street Mulls Tariffs, Powell Testimony - Investopedia"
2025-02-12,"Nasdaq Turns Positive, Reversing Big CPI Losses - Barron's"
2025-02-14,"Stock market today: Nasdaq logs best week of 2025 as Dow, S&P 500 notch third-straight weekly gain - Yahoo Finance"
2025-02-12,"Stock Market News, Feb. 11, 2025: Nasdaq Slips; Bond Yields Rise - The Wall Street Journal"
2025-02-12,"Dow closes more than 300 points higher as Trump holds off on imposing new tariffs, Nvidia jumps: Live updates - CNBC"
2025-02-10,"Markets News, Feb. 10, 2025: Nasdaq Leads Stocks Higher as Investors Shake Off Tariff Threats - Investopedia"
2025-02-14,"Stock market today: S&P 500 nears record, Dow, Nasdaq jump as Trump announces reciprocal tariffs, delays implementation - Yahoo Finance"
2025-02-12,"Dow closes 200 points lower, S&P 500 falls after hot consumer inflation report: Live updates - CNBC"
2025-02-12,Stock market today: Dow leads stocks lower as hot inflation data pushes back rate cut hopes - Yahoo Finance
2025-02-10,"S&P 500 closes higher, Nasdaq pops nearly 1% Monday as investors shrug off tariff worries: Live updates - CNBC"
2025-02-13,"Markets News, February 13, 2025: Stocks Approach Record Highs Following PPI, Trump's Reciprocal Tariff Order - Investopedia"
2025-02-14,"Stock Market News, Feb. 14, 2025: S&P Falls Short of Record; Treasury Yields Decline - The Wall Street Journal"
2025-02-11,"The Best Index ETF to Invest $1,000 in Right Now - Nasdaq"
2025-02-14,Dow Jones Futures Fall After Trump Tariff News Drives Market To Cusp Of Highs; What To Do Now - Investor's Business Daily
2025-02-10,"Stock market today: S&P 500, Nasdaq lead rally as Nvidia jumps, markets brush off Trump tariff threats - Yahoo Finance"
2025-02-13,Stocks Get Some Relief as Data Bode Well for PCE: Markets Wrap - Bloomberg.com
2025-02-07,"US Markets On Thursday: S&P 500, Nasdaq rise ahead of jobs data; Amazon hit in extended trade - CNBC TV18"
2025-02-11,"Stock Market Today: Dow Jones Up, Tesla Dives Amid These Elon Musk Fears; 3 Warren Buffett Stocks Are Near Entries (Live Coverage) - Investor's Business Daily"
2025-02-10,"Dow Jones Futures Rise, New Trump Tariffs Loom; Tesla, Robinhood In Focus - Investor's Business Daily"
2025-02-14,"Markets News, February 14, 2025: S&P 500 Closes Just Shy of Record; Major Indexes Post Weekly Gains - Investopedia"
2025-02-13,"Stock Market News, Feb. 13, 2025: Stocks Rise as Trump Weighs in on Ukraine War, Delays Tariffs - The Wall Street Journal"
2025-02-10,S&P 500 and Nasdaq 100: US Stocks Rise as Traders Look Past Tariff Threat - FXEmpire
2025-02-12,"Wall Street Today: Dow Jones drops 400 points as US Inflation rises 50 bps to 3% YoY, dimming hopes for Fed rate cuts - livemint.com"
2025-02-12,"Stocks Slide On Hot CPI Report, More Powell Testimony Next - Investor's Business Daily"
2025-02-12,Stock Market Today: Indexes Fade Late As Nasdaq Closes Just Above Significant Level (Live Coverage) - Investor's Business Daily
2025-02-11,"Stock Market Today: Dow ends higher, S&P 500 flat and Nasdaq lags after Powell testimony; Wall Street awaits CPI report - MarketWatch"
2025-02-10,"Stock Market Highlights: Nifty to extend weakness below 23,290, forms red candle. How to trade on Tuesday - The Economic Times"
2025-02-14,Stock Market Highlights: Nifty faces bearish reversal after 8th straight loss - The Economic Times
2025-02-12,"Stock Market News, Feb. 12, 2025: Dow ends about 225 points lower, S&P 500 and Nasdaq close mixed after hot CPI report; Robinhood and Reddit earnings on deck - MarketWatch"
2025-02-13,"Stock Market Today: Dow Jones tumbles 400 points as US inflation surges to 3%, S&P 500 and Nasdaq also sli - The Economic Times"
2025-02-09,"US stocks dive as UK, US bond yields surge, NASDAQ plunges - FXStreet"
2025-02-13,"Stock Market News, Feb. 13, 2025: S&P 500 ends shy of record, Dow and Nasdaq close near session highs after Trump's tariff update - MarketWatch"
2025-02-14,"Stock Market Today: Dow Jones Weak, SoundHound Tumbles On Nvidia News, Meta Keep sClimbing (Live Coverage) - Investor's Business Daily"
2025-02-11,"Dow Jones Falls After New Trump Tariffs, Powell Testimony Next; Nvidia At Key Level - Investor's Business Daily"
2025-02-10,"Stock Market Surges: Dow, S&P 500, Nasdaq rally as President Donald Trump’s tariff shock boosts steel gian - The Economic Times"
2025-02-10,"Indian stock market: 11 things that changed for market over weekend - Gift Nifty, Delhi election result to Trump tariffs - livemint.com"
2025-02-12,"Stock Market News, Feb. 12, 2025: Dow, S&P 500 Fall After Inflation Hits 3% - The Wall Street Journal"
2025-02-11,"Stock Market Highlights: Nifty forms long bear candles, faces pressure with persisting downtrend. How to ... - The Economic Times"
2025-02-10,Stock Market Today: Nasdaq Leads Monday With Its 190-Point Gain - Kiplinger
2025-02-14,"Stock Market on Feb. 14, 2025: S&P 500 slips to close just shy of record high as investors weigh drop in U.S. retail sales. Dow, Nasdaq log weekly gains ahead of Presidents Day weekend. - MarketWatch"
2025-02-14,Stock Market News: S&P 500 Closes Shy of Record High - Barron's
2025-02-13,Stock Market Today: Indexes Rally More Than 1% As Record Highs Come Within Sight (Live Coverage) - Investor's Business Daily
2025-02-12,Why BigBear.ai Stock Is Skyrocketing Today - The Motley Fool
2025-02-13,"Dow Jones Rises On Surprise Inflation Data, Jobless Claims; Reddit Plunges On Earnings - Investor's Business Daily"
2025-02-10,Dow Jones Rises Ahead Of New Trump Tariffs; Tesla Extends Losses - Investor's Business Daily
2025-02-13,"Dow Jones Futures Await New Trump Tariffs; Robinhood, Reddit, Dutch Bros Lead Earnings Movers - Investor's Business Daily"
2025-02-14,Wall Street finishes a winning week just shy of a record - BNN Bloomberg
2025-02-07,Futures Mixed Ahead Of Imminent Jobs Report - Investor's Business Daily
2025-02-09,5 of the best stock markets for index trading in Australia - Good Money Guide
2025-02-13,Stock Market News: Dow Pops After Trump Tariff Announcement - Barron's
2025-02-11,Stock market today: Wall Street holds steady following Trump's latest tariffs - Business in Vancouver
2025-02-14,"TSX down more than 200 points Friday, U.S. stock markets mixed - BNN Bloomberg"
2025-02-11,Stock market today: Wall Street finishes a winning week just shy of a record - BNN Bloomberg
2025-02-12,Stock market today: Wall Street falls after worse inflation data - Florida Politics
2025-02-11,"Stock Market News Today: Markets end mixed on tariffs, Fed (SP500) - Seeking Alpha"
2025-02-11,Should You Own Both QQQ and VOO? - Morningstar
2025-02-10,"Stock Market News, Feb. 10, 2025: Dow, S&P 500, Nasdaq end higher as investors assess tariffs - MarketWatch"
2025-02-08,The Stock Market Is Doing Something Witnessed Only 3 Times in 154 Years -- and History Makes Clear What Happens Next - The Motley Fool
2025-02-10,"S&P 500, Nasdaq open at record high as rate-cut bets offset shutdown concerns - The Standard (HK)"
2025-02-09,Will President Donald Trump's New Sweeping Tariffs Cause a Stock Market Crash? History Couldn't Be any Clearer. - The Motley Fool
2025-02-14,"Stock Market News Today, 2/14/25 – Stock Indices Close Mixed amid Soft Retail Sales - TipRanks"
2025-02-08,Cathie Wood buys $9 million of surging tech stock - thestreet.com
2025-02-10,The pros and cons of buying Betashares Nasdaq 100 ETF (NDQ) units this month - The Motley Fool Australia
2025-02-11,US vs Singapore Stocks: Where to Invest in 2025? - The Smart Investor
2025-02-10,Wall Street Wobbles: Dow and Nasdaq Retreat Amid Tech Turbulence - theafricalogistics.com
2025-02-18,S&P 500 sets fresh record as stocks rally into the close - CNBC
2025-02-19,Happy workplaces outperform indexes - mckinsey.com
2025-02-17,"US Market Holiday On February 17: Why Will Trading in Dow Jones, S&P 500, Nasdaq Be Closed On Monday? - Goodreturns"
2025-02-17,"The Smartest Nasdaq Exchange-Traded Fund (ETF) to Buy With $2,000 Right Now - Nasdaq"
2025-02-21,"Stock Market News, Feb. 21, 2025: Dow Industrials End Lower; UnitedHealth Stock Slides - The Wall Street Journal"
2025-02-18,Stock market today: S&P 500 notches record close with late-session leap - Yahoo Finance
2025-02-21,Stocks Notch Worst Week Since Trump’s Inauguration - The New York Times
2025-02-18,Futures: S&P 500 On Cusp Of Highs; Big Tesla China News - Investor's Business Daily
2025-02-20,These Were the 5 Top-Performing Stocks in the Nasdaq-100 in January 2025 - The Motley Fool
2025-02-20,5 things to know before the stock market opens Thursday - CNBC
2025-02-21,Why Amazon Stock Is Sinking Today - Nasdaq
2025-02-20,"Stock Market News, Feb. 20, 2025: Dow, S&P 500 End Lower; Walmart Stock Drops - The Wall Street Journal"
2025-02-21,Dow drops 700 points for worst day of 2025 so far on new fears about economic growth: Live updates - CNBC
2025-02-19,"Dow closes more than 400 points lower Thursday, S&P 500 slides from recent highs: Live updates - CNBC"
2025-02-19,"Stock market today: S&P 500 pops to another record while Dow, Nasdaq rise with tariffs, Fed minutes in focus - Yahoo Finance"
2025-02-19,S&P 500 closes at another record Wednesday as investors look past Trump tariff fears: Live updates - CNBC
2025-02-21,"Markets News, February 21, 2025: Dow Has Worst Week Since October As Stocks Tumble; Tesla, Nvidia, UnitedHealth Plunge Amid Broad Sell-Off - Investopedia"
2025-02-21,"Wall Street today: S&P 500, Dow Jones, Nasdaq fall; UnitedHealth tanks 9% - livemint.com"
2025-02-18,"Stock Market News, Feb. 18, 2025: Dow Ends Higher; Intel Shares Rally - The Wall Street Journal"
2025-02-20,"Stock Market News From Feb. 20, 2025: Dow, S&P 500, Nasdaq Slide; Palantir, Walmart, Nvidia, More Movers - Barron's"
2025-02-18,"Markets News, February 18, 2025: S&P 500 Sets Record High as Stocks Rally in Late Trading; Intel, Supermicro Shares Continue to Surge - Investopedia"
2025-02-20,"Stock market today: Dow slides 450 points, S&P 500 retreats from record as Walmart gives cautious outlook - Yahoo Finance"
2025-02-21,"Stock market today: Dow, S&P 500, Nasdaq sink as consumers start to sour on US economy - Yahoo Finance"
2025-02-21,"Stock Market News: Dow, S&P 500 Mark Worst Day of 2025 - Barron's"
2025-02-18,S&P 500 futures eye fresh record highs - MarketWatch
2025-02-21,"Stock Market on Feb. 21, 2025: Dow ends almost 750 points lower Friday as consumer-sentiment survey adds to market worries. S&P 500, Nasdaq also drop sharply. - MarketWatch"
2025-02-20,"Markets News, Feb. 20, 2025: Stocks Close Lower After Two Days of Record Highs for S&P 500; Walmart Drops on Weak Outlook, Palantir Slides Again - Investopedia"
2025-02-21,"Nasdaq 100 Dips, Yields Drop as Traders Tangle with $2.7 trillion February Opex - tastylive"
2025-02-19,"Markets News, February 19, 2025: S&P 500 Rises to Another Record; Supermicro Continues Surging, Palantir Plunges from All-Time High - Investopedia"
2025-02-19,"Stock Market News From Feb. 19, 2025: S&P 500, Nasdaq, Dow Gain; Fed Minutes; SMCI, Nvidia, Apple, More Movers - Barron's"
2025-02-18,S&P 500 ekes out all-time closing high as Fed minutes eyed - Reuters
2025-02-19,"Stock Market News, Feb. 19, 2025: S&P 500 scores fresh record, Dow and Nasdaq end higher after Fed minutes; investors shrug off tariff concerns - MarketWatch"
2025-02-20,Dow falls 450 points as inflation and tariff fears hit Main Street - CNN
2025-02-18,"Stock Market News From Feb. 18, 2025: S&P 500 Record; Dow Gains; Nvidia, Intel, SMCI, More Movers - Barron's"
2025-02-19,Stock Market Today: Dow Jones Rises As S&P 500 Closes At New High (Live Coverage) - Investor's Business Daily
2025-02-21,"Attention, Walmart Shoppers: You Sank the Stock Market Rally - Barron's"
2025-02-18,Stock Market Highlights: Nifty forms Hammer candle on charts. How to trade on Wednesday - The Economic Times
2025-02-20,Stock market today: Wall Street retreats from its record as Walmart slides - NBC New York
2025-02-19,"Stock Market News, Feb. 19, 2025: U.S. Stocks End Higher as Investors Digest Fed Minutes, Tariff News - The Wall Street Journal"
2025-02-18,"Stock Market News, Feb. 18, 2025: S&P 500 scores record close; Dow, Nasdaq eke out gains - MarketWatch"
2025-02-18,Stocks Rise As S&P 500 Eyes Record High - Investor's Business Daily
2025-02-20,"Dow Jones Falls After Surprise Jobless Claims; Carvana, Walmart Plunge On Earnings - Investor's Business Daily"
2025-02-21,The Dow plunges 750 points as bad economic news piles up fast - qz.com
2025-02-17,Global stock market indices: How the world markets performed today - 17 February 2025 - Editorji
2025-02-21,"Wall Street ends sharply lower on mounting concerns over economy, tariffs - Reuters"
2025-02-21,Why is the stock market down today? S&P 500 and Dow slide in worst day of 2025. - CBS News
2025-02-20,"Stock Market Today: Dow finishes with loss of over 400 points, S&P 500 pulls back from record after Walmart guidance disappoints - MarketWatch"
2025-02-18,Stock market today: Wall Street rises to a record following a small gain for the S&P 500 - AP News
2025-02-19,Visualizing the Anatomy of a Stock Market Bubble - Visual Capitalist
2025-02-21,U.S. stocks tumble as businesses and consumers worry about tariffs and Washington - BNN Bloomberg
2025-02-18,Stock Market Today: Stocks Gain to Start the Short Week - Kiplinger
2025-02-21,Dow wipes out its gains since Trump’s inauguration as ‘stagflation’ fears return - MarketWatch
2025-02-17,Nasdaq facing near-term resistance amid volatility - The Business Times
2025-02-21,Dow drops 700 points for worst day of 2025 so far on new fears about economic growth - NBC News
2025-02-21,Stock Market Today: Dow Dives 748 Points as UnitedHealth Sells Off - Kiplinger
2025-02-21,"S&P/TSX composite down more than 350 points, U.S. stock markets also tumble - BNN Bloomberg"
2025-02-19,Stocks Decline Amid Fresh Round of Tariff Threats: Markets Wrap - Bloomberg.com
2025-02-21,A trio of economic data doomed stocks to their worst day of 2025 - Business Insider
2025-02-20,Tech stocks seem to have ended a ‘difficult relationship’ with the bond market - MarketWatch
2025-02-20,Stock market today: Asian shares mostly dip despite S&P 500 adding to its record on Wall Street - The Independent
2025-02-18,How High Can QQQ’s PE Ratio Go? Current Levels and How It Compares to History - 24/7 Wall St.
2025-02-18,"Energy stocks help boost S&P/TSX composite index, U.S. stocks eke out gains - BNN Bloomberg"
2025-02-20,"Live Markets: Dow Spirals 400 Points on WMT, AAPL and BABA Rise - 24/7 Wall St."
2025-02-15,"Warren Buffett's ""Best Single Measure"" of Stock Valuations Just Made History -- but Not in a Good Way - The Motley Fool"
2025-02-19,"Live Markets: S&P 500 Reverses, NKLA Reels, HIMS Soars - 24/7 Wall St."
2025-02-19,How to stay invested in U.S. stocks without the tech overweight - MoneySense
2025-02-25,"S&P 500 slides for a fourth day after consumer confidence data disappoints, Nasdaq drops 1%: Live updates - CNBC"
2025-02-22,February 2025 Review and Outlook - Nasdaq
2025-02-25,"Stock Market News, Feb. 25, 2025: Nasdaq Slides; Bitcoin Falls Below $90,000 - The Wall Street Journal"
2025-02-24,"Markets News, February 24, 2025: S&P 500, Nasdaq Composite Extend Slump as Tech Shares Slide; Nvidia, Palantir Tumble - Investopedia"
2025-02-28,"Wall Street today: S&P 500, Dow Jones, Nasdaq gain; Nvidia falls 2% - livemint.com"
2025-02-28,"Stock market today: Dow, S&P 500, Nasdaq rally to cap volatile week, losing month - Yahoo Finance"
2025-02-25,IXIC: Nasdaq Composite Wipes Out 1.2% as Tech Crumbles Under Gloomy Outlook - TradingView — Track All Markets
2025-02-25,Wall Street ends mixed in the face of mounting uncertainties - Reuters
2025-02-28,Markets wrap rough month driven by ‘Extreme Fear’ - CNN
2025-02-24,S&P 500 closes lower Monday as market's comeback attempt fizzles: Live updates - CNBC
2025-02-27,"Stock market today: Dow, S&P 500, Nasdaq slide after Nvidia earnings, economic data - Yahoo Finance"
2025-02-25,"Markets News, February 25, 2025: S&P 500, Nasdaq Fall for 4th Straight Day as Tesla Leads Tech Slump; Walmart, Home Depot Boost Dow - Investopedia"
2025-02-24,"Stock Market News, Feb. 24, 2025: Nasdaq Falls More Than 1% - The Wall Street Journal"
2025-02-27,"Stocks tumble, deepening February's decline, as Trump affirms tariffs coming and Nvidia dives 8% - CNBC"
2025-02-28,"Markets News, February 28, 2025: Stocks Rise After Benign Inflation Data; Major Indexes Post February Losses - Investopedia"
2025-02-24,"Stock market today: Nasdaq, S&P 500 slide as tech lags after Trump backs tariff plans - Yahoo Finance"
2025-02-28,S&P 500 surges more than 1% Friday to end stormy February as investors look past Trump-Zelenskyy clash - CNBC
2025-02-24,5 things to know before the stock market opens Monday - CNBC
2025-02-26,"S&P 500 ekes out gain on Wednesday, ending four-day run of losses: Live updates - CNBC"
2025-02-28,"Stock Market Today: Indexes Close Near Session Highs As Nasdaq, S&P Rally 1.6% (Live Coverage) - Investor's Business Daily"
2025-02-26,Nasdaq futures lead the rally as hopes pinned on Nvidia earnings - MarketWatch
2025-02-25,Why Intel Stock Is Sinking Today - Nasdaq
2025-02-25,"Wall Street Today: S&P 500, Dow Jones, Nasdaq slip as consumer confidence drops - livemint.com"
2025-02-22,"US Stock Market Closing Bell: Nasdaq crashes 237 pts, Dow barely in green; NVIDIA, Amazon fall up to 3% - Zee Business"
2025-02-24,"Wall Street today: Dow Jones, S&P 500, Nasdaq fall; Apple climbs, Microsoft dips - livemint.com"
2025-02-27,"Markets News, February 27, 2025: Stocks Plunge as Nvidia Earnings Spark Tech Sell-Off, Investors Digest Latest News on Tariffs - Investopedia"
2025-02-25,"Nasdaq, S&P 500 fall as AI caution weighs on tech, Nvidia results in focus - Reuters"
2025-02-26,"Markets News, February 26, 2025: S&P 500, Nasdaq Composite Inch Higher to Snap Losing Run; Nvidia Jumps Ahead of Earnings, Tesla Extends Slump - Investopedia"
2025-02-28,Nasdaq Crash: Nvidia's 8% drop leads sell-off; Dow Jones tumbles on Trump tariffs - CNBC TV18
2025-02-25,"Stock Market on Feb. 25, 2025: Dow ends up 160 points, S&P 500, Nasdaq slide for 4th straight day on tariff fears, weak consumer confidence; bitcoin below $90K - MarketWatch"
2025-02-27,"Stock Market News, Feb. 27. 2025: Nasdaq, S&P Drop Sharply - The Wall Street Journal"
2025-02-22,"US Stock Market Update: Dow nosedives over 700 pts, S&P 500 below 6,050; Amazon falls 3% - Zee Business"
2025-02-26,"US Stock Market Closing Bell: Nasdaq Composie crashes over 250 pts, Dow up 160 pts; NVIDIA falls 3% - Zee Business"
2025-02-28,"Stock Market News: S&P 500, Nasdaq Composite Each Rise 1.6% - Barron's"
2025-02-27,Nasdaq heads for worst month since April as tech stocks stumble - MarketWatch
2025-02-27,US Stocks: Nasdaq leads Wall Street higher as Nvidia results grab focus - The Financial Express
2025-02-24,Futures Signal Market Bounce; All Eyes On AI Giant Nvidia - Investor's Business Daily
2025-02-28,"Stock Market on Feb. 28, 2025: Dow, S&P 500 and Nasdaq close sharply higher as investors shake off heated Trump and Zelensky exchange. But stocks finish February down for the month. - MarketWatch"
2025-02-26,"Stock market today: Nasdaq, S&P 500 eke out gains as Dow, bitcoin drop with all eyes on Nvidia earnings - Yahoo Finance"
2025-02-26,"Stock Market News for Tuesday, Feb. 25, 2025: Tech Stocks End Lower Again - Barron's"
2025-02-27,"Stock Market on Feb. 27, 2025: Nasdaq logs worst day in a month, S&P 500 turns negative for 2025 and Dow falls as investors weigh Trump tariffs, PCE update on deck - MarketWatch"
2025-02-26,S&P 500 ends barely changed; Nvidia shares up after the bell - Reuters
2025-02-28,Nasdaq bids good riddance to February - CNBC
2025-02-25,Why is the stock market down?: Wall Street slides on Tuesday - NBC New York
2025-02-26,"Stock Market News From Feb. 26, 2025: Dow Falls; S&P 500, Nasdaq Gain; Nvidia, SMCI, Palantir, More Movers - Barron's"
2025-02-28,"Stock Market News, Feb. 28, 2025: S&P 500 Rebounds in Volatile Session, Finishes Month Lower - The Wall Street Journal"
2025-02-25,"Stock market today: Nvidia, Tesla lead Nasdaq lower as bitcoin sinks, consumer confidence plummets - Yahoo Finance"
2025-02-25,Stocks Decline on Weakness in Tech Stocks - Nasdaq
2025-02-24,Dow Jones Rises Ahead Of Inflation Data; Nvidia At Key Level Before Earnings - Investor's Business Daily
2025-02-27,"Nasdaq posts worst day in a month, S&P 500 turns negative for 2025 ahead of PCE inflation report - MarketWatch"
2025-02-25,Why Strategy Stock Is Plummeting Today - Nasdaq
2025-02-25,US Stock Market: Asian stocks slide as Wall Street stumbles amid trade fears; Nasdaq falls over 1% - The Financial Express
2025-02-26,Why did US markets fall – S&P 500 hits a 5 week low? - The Financial Express
2025-02-25,"Stock Market Highlights: Sensex breaks 5-day losing run, rises 148 pts, Nifty dips below 22,550 - The Economic Times"
2025-02-26,Stock Futures Rebounding Ahead of Key Nvidia Earnings - Barron's
2025-02-28,"Stock Market Highlights: Sensex plunges 1,414 pts, Nifty below 22,200; IndusInd Bank down 7%, TechM 6% - The Economic Times"
2025-02-24,"US Stock Market: S&P 500 slips below 6,000, Dow barely in green; Nike, Apple rise; Walmart, NVIDIA fall - Zee Business"
2025-02-28,Dow Jones Rises On Inflation Data; Nvidia Extends Sell-Off After Plunge Below Key Level - Investor's Business Daily
2025-02-25,"Wall Street ends mixed as European shares gain; US yields, dollar tumble - Reuters"
2025-02-27,Stock Market News: S&P 500 Wipes Out 2025 Gains. Nasdaq slides 2.8% - Barron's
2025-02-24,U.S. Stock Futures Rebound After Selloff - Barron's
2025-02-24,Wall Street holds steadier but still falls following last week’s tumble - BNN Bloomberg
2025-02-27,"Stock Market Highlights: Sensex settles marginally higher on monthly F&O expiry, Nifty below 22,550; Tren... - The Economic Times"
2025-02-25,The Nasdaq plunges more than 1% as chip restrictions loom with Nvidia earnings up next - qz.com
2025-02-22,Why did US stock market fall? Worst day in 2025 - The Financial Express
2025-02-24,Stocks Turn Lower on Weakness in Magnificent Seven Stocks - Nasdaq
2025-02-24,"Stock Market News for Monday Feb. 24, 2025: Dow Rises; AI Trade; Palantir, SMCI, Nvidia, More - Barron's"
2025-02-25,"Stock Market Today: Dow Jones, S&P 500 hold steady as Nasdaq slips; Nvidia, AMD fall amid chip export conc - The Economic Times"
2025-02-27,"Stock market today: S&P 500 falls as Nvidia stumbles, tariff concerns persist - Investing.com"
2025-02-28,"Live Nasdaq Composite News: AMD Up, RKLB Sinks - 24/7 Wall St."
2025-02-23,"U.S business optimism vanishes as economic gloom deepens, consumer confidence takes a hit as Dow has worst - The Economic Times"
2025-02-28,What is the S&P 500 - Fidelity
2025-02-24,"Stock Market Today: Dow Jones Up, Other Indexes Fall On Trump Tariff Talk; Cathie Wood Loads Up On This Stock Amid 39% Dive (Live Coverage) - Investor's Business Daily"
2025-02-26,Is Fidelity Nasdaq Composite (FNCMX) a Strong Mutual Fund Pick Right Now? - Yahoo Finance
2025-02-23,Stock Futures Rise as Exit Polls Indicate Conservatives Win Germany’s Elections - Barron's
2025-02-28,"Stock market today: S&P 500 closes higher, shrugging off Trump, Zelenskyy clash - Investing.com"
2025-02-27,Stock market today: Wall Street slumps as AI mania sputters - NBC New York
2025-02-26,"Nasdaq Sell-Off: 2 AI Stocks to Buy Before They Soar 120% and 135%, According to Certain Wall Street Analysts - The Motley Fool"
2025-02-28,"Wall Street rallies, and Dow jumps 600 to make a dreary February not so bad - BNN Bloomberg"
2025-02-28,Global stock market indices: How the world markets performed today - 28 February 2025 - Editorji
2025-02-25,Stock Market Today: Inflation Is Still a Thing - Kiplinger
2025-02-25,"S&P 500, Nasdaq slide for 4th straight day after weak consumer-confidence data and renewed Trump tariff threats - MarketWatch"
2025-02-23,"Stock market crash: Why are Sensex, Nifty 50 under pressure for six months? Explained with 5 crucial reasons - livemint.com"
2025-02-22,"S&P 500 drops as Trump 2.0 hits business, consumer optimism - AFR"
2025-02-26,Invesco QQQ ETF falls in Hong Kong trading amid jitters around US tech giants - South China Morning Post
2025-02-24,"Stock Market on Feb. 24, 2025: S&P 500, Nasdaq close lower as tech struggles and tariffs loom; Dow ekes out gain - MarketWatch"
2025-03-04,Nasdaq Composite Heads for a Correction - The Wall Street Journal
2025-03-04,"Dow tumbles again, loses more than 1,300 points in two days as Trump ignites trade war: Live updates - CNBC"
2025-03-04,Nasdaq nears correction territory dragged down by trade tensions - Reuters
2025-03-07,Fidelity Nasdaq Composite Index (ONEQ) Enters Oversold Territory - Nasdaq
2025-03-03,"S&P500, Dow Jones, Nasdaq in red ahead of Donald Trump’s trade policy deadline - TradingView — Track All Markets"
2025-03-04,"Dow falls 700 points, S&P, Nasdaq over 1.5% as Trump tariffs trigger trade war - The Economic Times"
2025-03-07,"S&P 500 closes higher in volatile trading Friday, but index posts worst week since September: Live updates - CNBC"
2025-03-06,"Stock market today: Nasdaq enters correction, S&P 500 sinks to lowest since November as stocks get clobbered on Trump tariff whiplash - Yahoo Finance"
2025-03-04,"Wall Street today: S&P 500 wipes out all gains since Election Day, Nasdaq down 10% from record high amid trade war fears - livemint.com"
2025-03-05,"Dow closes nearly 500 points higher, S&P 500 surges over 1% on hopes for Trump tariff concessions - CNBC"
2025-03-05,"Stock market today: S&P 500, Nasdaq, Dow rally after Trump pauses Canada, Mexico auto tariffs - Yahoo Finance"
2025-03-05,There's another worry for the Nasdaq as it threatens to enter a correction - CNBC
2025-03-04,5 things to know before the stock market opens Tuesday - CNBC
2025-03-05,5 things to know before the stock market opens Wednesday - CNBC
2025-03-05,"Markets News, March 5, 2025: Stocks Surge as Automakers Get One-Month Reprieve from Tariffs; Ford, GM, Stellantis Shares Soar - Investopedia"
2025-03-04,Nasdaq Composite trades into correction territory - MarketWatch
2025-03-06,"Wall Street tumbles as tariffs, falling AI stocks drag Nasdaq 10% below its record - VOA - Voice of America English News"
2025-03-06,"Dow Jones crashes over 400 pts, Nasdaq, S&P down 1.3% as chip stocks lead selloff; tariffs in focus - The Economic Times"
2025-03-07,Nasdaq confirms correction amid US trade policy uncertainty - Reuters
2025-03-04,Should Fidelity Nasdaq Composite Index ETF (ONEQ) Be on Your Investing Radar? - Nasdaq
2025-03-03,"Stock Market News, March 3, 2025: S&P 500, Nasdaq Fall; Dollar Weakens as Trump Tariffs Loom - The Wall Street Journal"
2025-03-04,"Markets News, March 4, 2025: Stocks Close Lower as Tariffs, Economic Concerns Weigh on Sentiment; Banks Lead Broad-Based Decline - Investopedia"
2025-03-06,"Markets News, March 6, 2025: Nasdaq Falls Into Correction as Tariffs Weigh on Stocks Despite Partial Delay - Investopedia"
2025-03-07,"Markets News, March 7, 2025: Stocks Close Higher After Fed's Powell Says Economy in Good Shape; S&P 500, Nasdaq Post 3rd Straight Weekly Decline - Investopedia"
2025-02-28,"US Markets: S&P500, Dow Jones edge higher; Nasdaq falls as Nvidia shares crack further - Moneycontrol"
2025-03-03,"Markets News, March 3, 2025: Stocks Tumble as Trump Says Tariffs Set to Take Effect; Nvidia Plunges as Volatile Run Continues - Investopedia"
2025-03-06,5 things to know before the stock market opens Thursday - CNBC
2025-03-07,Nasdaq plans to launch 24-hour trading in 2026: Why is the US tech-heavy index choosing round-the-clock trade? - livemint.com
2025-03-03,Stock Market Today: Dow Jones Dives As Nvidia Plunges; Warren Buffett Gives This Warning With Trump Tariffs 'All Set' (Live Coverage) - Investor's Business Daily
2025-03-03,Why Nvidia Stock Is Plummeting Today - Nasdaq
2025-03-04,"Wall St closes lower as Trump sets 25% tariffs, manufacturing data dips - Reuters"
2025-03-03,"Stock Market News for Mar 3, 2025 - Nasdaq"
2025-03-07,CNBC Daily Open: Trump paused tariffs for some imports — but Nasdaq enters correction territory - CNBC
2025-03-04,Dow falls by almost 700 points after Trump’s tariffs threaten a dangerous trade war - CNN
2025-03-06,"US Markets Rebound: Dow Jones surges 500 points, Automakers rally on hopes of more tariff relief - CNBC TV18"
2025-03-03,"Stock market today: Dow sinks, S&P 500 posts worst day of 2025 after Trump forges ahead on tariffs - Yahoo Finance"
2025-03-05,"The S&P 500, Dow, Nasdaq Since 2000 Highs as of February 2025 - ETF Database"
2025-03-03,"Stock Market Highlights: Nifty logs worst losing streak in 5 years, Sensex slips 112 pts as D-Street slum... - The Economic Times"
2025-03-07,The Nasdaq Is Falling: 4 of the Safest Stocks to Buy Right Now - Nasdaq
2025-03-03,Is Caterpillar Stock Underperforming the Nasdaq? - Nasdaq
2025-03-04,"Stock Market News, March 4, 2025: : Dow ends down 670 points, S&P 500 tumbles 1.2%, Nasdaq edges lower amid Trump's tariff turmoil - MarketWatch"
2025-03-06,US stocks slide and Nasdaq enters correction as chaos over Trump’s tariffs intensifies - CNN
2025-03-03,Stocks Turn Lower on Stagflation Fears - Nasdaq
2025-03-04,US Markets Crash: Dow Jones falls another 650 points as tariff wars take a toll; Tesla shares down 6% - CNBC TV18
2025-03-03,"Stock Market News for Monday, March 3, 2025: The Dow Sinks More Than 900 Points as Tariffs Loom - Barron's"
2025-03-06,Stock Market News: Nasdaq Closes in Correction Territory - Barron's
2025-03-07,The Nasdaq Just Hit Correction Territory. History Says The Stock Market Will Do This Next (Hint: It May Surprise You) - The Motley Fool
2025-03-04,Tech-heavy Nasdaq drops below 200-day average for first time more than a year - MarketWatch
2025-03-03,"US Stock Market: Dow falls over 100 pts, Nasdaq slides below 18,750; NVIDIA, Amazon, Microsoft top blue-chip losers - Zee Business"
2025-03-06,"Nasdaq ends in correction, S&P 500 tests ‘line in the sand’. Watch these levels. - MarketWatch"
2025-03-06,"U.S. Delays Tariffs on Some Mexican, Canadian Goods; Stocks Decline - The Wall Street Journal"
2025-03-06,"Stock Market News, March 6, 2025: Nasdaq ends in correction as stocks close sharply lower despite Trump adding more goods to list of tariff delays; jobs report and Fed's Powell on deck - MarketWatch"
2025-03-05,Is United Parcel Service Stock Underperforming the Nasdaq? - Nasdaq
2025-03-07,"Stock Market Highlights: Sensex ends marginally lower, Nifty holds 22,500 - The Economic Times"
2025-03-04,"Nasdaq teeters near correction territory, down nearly 10% from record high - CNBC"
2025-03-04,Trade War Sends a Shiver Through Global Markets - The New York Times
2025-03-03,Dow tumbles 650 points as Trump confirms tariffs on Mexico and Canada will start Tuesday - CNN
2025-03-07,The Nasdaq Composite is in correction territory. Is the S&P 500 next? - Fool UK
2025-03-03,"US stock market today: Check how S&P 500, Dow Jones, Nasdaq are performing as Donald Trump tariff deadline - The Economic Times"
2025-03-04,"US Stock Market: Nasdaq crashes 497 pts, Dow gives up 650 pts; NVIDIA falls to $114 - Zee Business"
2025-03-06,"US Stock Market: Dow Jones surges 486 pts, Nasdaq reclaims 18,550; Microsoft jumps 3% to $401 - Zee Business"
2025-03-05,Stock Market Today: Dow Jones Rises Amid Tariff Talk; Nvidia Slides As Rivals Ready Earnings Reports - Investor's Business Daily
2025-03-03,Stocks Waver as Manufacturing Data Lift Treasuries: Markets Wrap - Bloomberg.com
2025-03-05,"Stock Market Highlights: Nifty snaps 10-day losing streak, ends above 22,300; Sensex soars 740 pts - The Economic Times"
2025-03-05,"U.S. stock market today: Market rebounds; S&P 500, Dow, Nasdaq recover as tariff relief hopes lift stocks - The Economic Times"
2025-03-07,"Investors Are in a Bad Mood. This Time, They Might Be Right. - Barron's"
2025-03-03,"Stock Market News, March 3, 2025: Dow ends down 650 points, S&P 500 and Nasdaq fall sharply after Trump affirms Canada, Mexico tariffs - MarketWatch"
2025-03-04,"S&P 500 erases postelection gains, Nasdaq flirts with correction on tariff fears - MarketWatch"
2025-03-06,IXIC: Nasdaq Crash Drags Tech Index into Correction. Trump Blames Globalists for Selloff - TradingView — Track All Markets
2025-03-03,Dow drops nearly 650 points on worries about Trump's latest tariffs - PBS
2025-03-05,"Indian stock market: 7 key things that changed for market overnight - Gift Nifty, China NPC meet to Wall Street sell-off - livemint.com"
2025-03-05,"Live Nasdaq Composite Coverage: META, MSTR Up, CRWD Drags - 24/7 Wall St."
2025-03-03,Stock market today: S&P 500 ends lower as rebound fades ahead of Trump speech - Investing.com
2025-03-03,"Nasdaq, S&P 500, Dow sink ahead of US tariffs on Canada, Mexico - Yahoo Finance"
2025-03-07,Stock investors are hovering near a make-or-break level in the market - Business Insider
2025-03-04,"Stock Market News for Mar 4, 2025 - Nasdaq"
2025-03-07,"Stock Market Today: Dow Jones, S&P 500 Improve After Fed Chair Powell Says Economy Is In 'Good Place' (Live Coverage) - Investor's Business Daily"
2025-03-06,The dot-com bubble burst 25 years ago. What does that history say about stocks today? - qz.com
2025-03-06,Nvidia stock falls 6% into a correction as the Nasdaq bleeds - qz.com
2025-03-04,Stock Market News: S&P 500 Erases Gains Since Election - Barron's
2025-03-05,"Stock Market News, March 5, 2025: Dow ends over 480 points higher, S&P 500 and Nasdaq jump after auto tariff delay - MarketWatch"
2025-03-04,"Stock Market Highlights: Sensex ends 96 pts lower, Nifty below 22,100; NSE changes expiry days - The Economic Times"
2025-03-04,"Stock market today: Dow sinks 650 points, S&P 500 wipes out post-election gains as Trump trade war intensifies - Yahoo Finance"
2025-03-06,U.S. stocks lower at close of trade; Dow Jones Industrial Average down 0.99% - Investing.com
2025-03-07,Is this dotcom bust 2.0? - Financial Times
2025-03-07,Stock market today: S&P 500 posts worst week since September as Trump tariffs rattle markets - Yahoo Finance
2025-03-03,NASDAQ Index Elliott Wave technical analysis [Video] - FXStreet
2025-03-10,"US stocks tumble on recession fears; Nasdaq Composite nosedives 4%, S&P 500 sheds $4 trillion in market value - Upstox"
2025-03-12,Nasdaq 100 Index – Commentary - February 2025 - invesco.com
2025-03-10,Dow Jones Futures Fall; Trump Won't Rule Out Recession Amid Tariff 'Transition' - Investor's Business Daily
2025-03-11,"Dow Jones, S&P 500 and NASDAQ Composite index: After the fiery fall where are the indices headed? - BusinessLine"
2025-03-10,Nasdaq Suffers Worst Day Since 2022; Investors Weigh Possible Recession - WSJ - The Wall Street Journal
2025-03-11,The Top Nasdaq-100 Stock in 2025 Has Nothing to Do With Artificial Intelligence (AI) - Nasdaq
2025-03-11,US stock market: Wall Street indices remain under pressure amid slowdown fears - India Today
2025-03-11,"Nasdaq Composite Continues Downtrend, Falls 0.5% After Historic Sell-Off - TradingPedia"
2025-03-11,"Nasdaq stages recovery from recent selloff led by Nvidia, Tesla; pressure continues on S&P500, Dow... - Moneycontrol"
2025-03-12,"Markets News, March 12, 2025: S&P 500, Nasdaq Rise After Encouraging CPI Inflation Report; Tesla, Nvidia Lead Tech Sector Rally - Investopedia"
2025-03-10,"Dow tumbles nearly 900 points, Nasdaq suffers worst day since 2022 as recession fears erupt: Live updates - CNBC"
2025-03-10,"Stock Market News, March 10, 2025: Nasdaq Falls 4% After Trump Doesn't Rule Out Recession - The Wall Street Journal"
2025-03-12,"S&P 500 closes higher on soft inflation report, Nasdaq jumps 1% as traders snap up tech shares - CNBC"
2025-03-13,Nasdaq Correction: Is It Really Safe to Invest in the Stock Market Right Now? - Nasdaq
2025-03-14,"Dow pops more than 650 points in relief bounce Friday, but still posts worst week since 2023: Live updates - CNBC"
2025-03-11,The Nasdaq Just Plunged 728 Points: 3 Must-See Statistics That Put This Move Into Perspective - Nasdaq
2025-03-12,The Nasdaq Has Entered Correction Territory. History Says This Will Happen Next. - Nasdaq
2025-03-13,5 things to know before the stock market opens Thursday - CNBC
2025-03-13,"Markets News, March 13, 2025: Stocks Plunge Amid Political and Economic Uncertainty; S&P 500 Slides Into Correction for First Time Since 2023 - Investopedia"
2025-03-14,Friday Could Be a Turning Point for the Stock Market. Why This Rally Might Last. - Barron's
2025-03-11,The Nasdaq Just Hit Correction Territory. Here's 1 ETF I'm Loading Up on Regardless. - Nasdaq
2025-03-10,Wall Street stocks tumble as investors fret over US economic slowdown - Financial Times
2025-03-13,"Nasdaq Composite, S&P 500, Dow Jones tumble over 1% as trade tensions and market jitters deepen - TradingView — Track All Markets"
2025-03-14,US stock market tumbles again as Trump threatens tariffs on wine - Al Jazeera
2025-03-12,"Wall Street Today | S&P 500, Nasdaq snap 2-day losing streak on easing US inflation; Tesla jumps 7%: 5 key triggers - livemint.com"
2025-03-14,My Best Artificial Intelligence (AI) Chip Stock to Buy Amid the Nasdaq Correction (Hint: It's Not Nvidia) - Nasdaq
2025-03-14,"CNBC Daily Open: The S&P 500 follows the Nasdaq into correction territory, leaving Dow the last index standing - CNBC"
2025-03-13,CNBC Daily Open: The S&P 500 joins the Nasdaq in correction territory - CNBC
2025-03-10,"Stock market today: Dow sinks 900 points, Nasdaq plunges 4% in worst day since 2022 - Yahoo Finance"
2025-03-13,"US Stock Market Today: Dow Jones rises 25 pts, Nasdaq zooms past 17,650 as Tesla, NVIDIA aid relative recovery—Tech stocks stronger - Zee Business"
2025-03-11,The Nasdaq Just Hit Correction Territory: This Magnificent Stock Is a Bargain Buy - Nasdaq
2025-03-14,"Stock Market News, March 14, 2025: Dow Rises More Than 600 Points After Shutdown Averted - The Wall Street Journal"
2025-03-11,Dow Plunges 900 Points And NASDAQ Composite Plummets by 4 Percent As Recession Fears Rattle Wall Street - Republic World
2025-03-13,"US Market Reaction To CPI Inflation Data: S&P 500, Nasdaq Rise, But Dow Jones Fall; Top Gainers And Losers! - Goodreturns"
2025-03-14,"Wall Street Today: Nasdaq rallies 3% on Mag 7; S&P 500 set for best day since elections, on track for 4th weekly loss - livemint.com"
2025-03-14,5 things to know before the stock market opens Friday - CNBC
2025-03-08,"Stock Market News, March 7, 2025: Dow, S&P Trim Losses to End a Tough Week - The Wall Street Journal"
2025-03-14,"US Stock Market Today: Dow Jones crashes over 650 pts, Nasdaq below 17,350—Adobe slumps below $380; Amazon, Apple drop 2% - Zee Business"
2025-03-11,"US Market Crash: Dow Jones tanks 900 points, Nasdaq sees worst day since September 2022 - CNBC TV18"
2025-03-10,"Recession fears rock Wall Street as S&P 500, Nasdaq hit lowest levels since September - Moneycontrol"
2025-03-10,"Wall Street sell-off: Nasdaq tanks 4% on recession fears; Tesla slumps 0.8%, Nvidia dips 0.7%, Apple drops over 0.6% - livemint.com"
2025-03-12,"Stock market today: Tech rally leads Nasdaq, S&P 500 higher as Tesla, Nvidia surge after cool CPI print - Yahoo Finance"
2025-03-11,"US stock market crash: Dow Jones, Nasdaq, S&P 500 - 5 reasons behind selling - ET Now"
2025-03-08,The Surprising Reason Why a Stock Market Sell-Off or Even a Bear Market Could Help You Build Lasting Generational Wealth - Nasdaq
2025-03-11,Stock Market News: Tech Rebound Fails to Lift Nasdaq - Barron's
2025-03-11,"Stocks fall, adding to biggest selloff in months on economic fears - Reuters"
2025-03-11,Nasdaq tumbles: A look back at the biggest stock market crashes - Business Standard
2025-03-10,"Nasdaq plunges 4% as tech dives, slowdown fears mount; Dow falls 1.54% - Business Standard"
2025-03-13,S&P 500 falls more than 10% below recent high as markets rattled by Trump | Stock markets - The Guardian
2025-03-10,"Nasdaq, Dow futures under pressure amid caution ahead of key economic data - TradingView — Track All Markets"
2025-03-09,"NASDAQ rallies on Alphabet surge, Dow Jones struggles with weak data - FXStreet"
2025-03-10,Wipeouts on Wall Street - Financial Times
2025-03-13,Wall Street indices slip as Trump's EU tariff threat raises concerns - India Today
2025-03-11,5 things to know before the stock market opens Tuesday - CNBC
2025-03-14,"Markets News, March 14, 2025: Stocks Soar to Their Best Day of 2025 as Nvidia Leads Tech Rally; Major Indexes Still Down for 4th Straight Week - Investopedia"
2025-03-11,"Wall Street swings wildly, briefly dropping more than 10% below its record - VOA - Voice of America English News"
2025-03-11,"Markets News, March 11, 2025: Stocks Close Lower to Extend Sell-Off Amid Fresh Concerns About Tariffs, Economic Uncertainty - Investopedia"
2025-03-14,"Stock market today: Dow, S&P 500 soar, Nasdaq rebounds in best day since November to cap volatile week - Yahoo Finance"
2025-03-11,Futures Rebound After Market Sell-Off - Investor's Business Daily
2025-03-10,US stock market loses $4 trillion in value as Trump plows ahead on tariffs - Reuters
2025-03-10,Dow falls by almost 900 points in market rout after Trump says he won’t rule out a recession - CNN
2025-03-13,S&P 500 ends in correction as stock-market rout resumes - MarketWatch
2025-03-12,Nasdaq Correction: This Magnificent AI Stock Is a Bargain Buy - Nasdaq
2025-03-10,"Stock Market News, March 10, 2025: : Nasdaq records worst day since 2020, Dow falls 890 points, S&P 500 tumbles after Trump doesn’t rule out a recession - MarketWatch"
2025-03-10,Why Stocks Plummeted on Monday—And What Experts Say Could Come Next - Investopedia
2025-03-11,"Stock market today: Dow, S&P 500 lead losses as struggles continue amid Trump's latest tariff threats - Yahoo Finance"
2025-03-12,FTSE 100 Live: UK Stocks Rebound After Worst Run Since September - Bloomberg.com
2025-03-13,Stock Market Today: S&P 500 Closes in Correction After Trump Threatens Europe Tariffs— Live Updates - The Wall Street Journal
2025-03-11,"Trump tariffs, recession fears slam US markets, wiping out $4 trillion in value - India Today"
2025-03-12,U.S. stocks finish mostly higher as Big Tech bounces back from tariff-induced selloff - MarketWatch
2025-03-11,The Nasdaq Struggles to Bounce Back From Worst Day Since 2022 - Barron's
2025-03-12,Why Tesla Stock Is Surging Today - Nasdaq
2025-03-10,Stock market’s worst day of 2025 is stoking Nasdaq bear-market fears. Here’s why. - MarketWatch
2025-03-11,‘Bloodbath’: US stock market sheds $1.75tn after Trump’s recession remarks - Al Jazeera
2025-03-11,Wall Street loses hope in a ‘Trump put’ for markets - Financial Times
2025-03-10,5 things to know before the stock market opens Monday - CNBC
2025-03-12,"Stock Market News, March 12, 2025: Nasdaq bounces 1.2% after benign CPI report, S&P 500 ends higher, Dow lags behind - MarketWatch"
2025-03-12,"Dow Jones Futures Rise After Trump Tariffs Whipsaws Stock Market; Tesla, Nvidia, Palantir Bounce - Investor's Business Daily"
2025-03-09,Nasdaq 100 forecast: Stocks bounced Friday ahead of ano - FOREX.com
2025-03-10,"Markets News, March 10, 2025: Stocks Plunge as Tariffs, Talk of Recession Dent Sentiment; Tesla Tumbles to Lead Nasdaq to Worst Day Since 2022 - Investopedia"
2025-03-13,"S&P 500, Nasdaq end higher as cool inflation data calms tariff jitters - Reuters"
2025-03-12,"Dow Jones Reverses Lower On Surprise CPI Inflation Report; Nvidia, Tesla Rally - Investor's Business Daily"
2025-03-13,This Unstoppable Growth Stock Is a Buy Even if the 2025 Nasdaq Correction Evolves Into a Stock Market Crash - Nasdaq
2025-03-11,"Stock Market News, March 11, 2025: Dow Pares Losses While Canada, U.S. Discuss Trade Tensions - The Wall Street Journal"
2025-03-09,Wall St Week Ahead Rocky US stock market faces inflation data test - Reuters
2025-03-10,Stocks suffer worst day of 2025 as recession fears rise - Axios
2025-03-10,Nasdaq Correction: Time to Buy the Dip on Nvidia? - The Motley Fool
2025-03-12,Nasdaq Sell-Off: Don't Panic; Use This Strategy Instead - Nasdaq
2025-03-10,"Nasdaq Correction: 1 Unstoppable Stock to Buy Before It Soars 600%, According to 1 Wall Street Analyst - Yahoo Finance"
2025-03-10,Wall Street ends sharply lower as recession fears loom - Reuters
2025-03-14,"Dow Jones: Rebounds 400 Points, But US Indices Face Worst Weekly Drop in Two Years - FXEmpire"
2025-03-10,Nasdaq 100 Slumps 3% as Growth Fears Lift Bonds: Markets Wrap - Bloomberg.com
2025-03-16,"Dow Jones, S&P 500, Nasdaq Composite: Decoding the market sell-off with Wall Street veteran Andy Constan - BusinessLine"
2025-03-17,"S&P500, Dow Jones extend gains; Nasdaq Composite slips as Tesla, Nvidia fall - TradingView — Track All Markets"
2025-03-21,"S&P 500 ekes out a gain Friday, snaps four-week losing run: Live updates - CNBC"
2025-03-21,"Dow, S&P end flat, Nasdaq snaps four-week decline on tariff hopes - Reuters"
2025-03-18,"Markets News, March 18, 2025: Stocks Close Lower as Nascent Rally Stumbles; Tesla Extends Selloff, Nvidia Falls After CEO Remarks - Investopedia"
2025-03-21,"Nasdaq 100 Index Outperforms The S&P 500, But Has Its Pros And Cons - Investor's Business Daily"
2025-03-17,"Stock Market News, March 17, 2025: Dow Rises Nearly 1%, Building on Friday's Gains - The Wall Street Journal"
2025-03-19,Stock market today: Nasdaq leads market rally as investors cheer Fed rate decision - Yahoo Finance
2025-03-18,Nasdaq-100: A benchmark for tomorrow's global economy - invesco.com
2025-03-19,Index Monthly Scorecard: March 2025 - Nasdaq
2025-03-17,"Dow closes more than 300 points higher Monday, S&P 500 posts back-to-back gains: Live updates - CNBC"
2025-03-20,IXIC: Nasdaq Composite Pumps 1.4% on Powell Presser—These Stocks Moved the Most - TradingView — Track All Markets
2025-03-19,"Markets News, March 19, 2025: Stocks Close Higher as Fed Holds Key Rate Steady, Cites Increased Economic Uncertainty; Boeing, Tesla Among Top Gainers - Investopedia"
2025-03-17,"Dow drops more than 250 points Tuesday, S&P 500 closes 1% lower as sell-off resumes: Live updates - CNBC"
2025-03-19,Dow closes nearly 400 points higher after Fed says two rate cuts are still in the cards for 2025: Live updates - CNBC
2025-03-19,S&P 500 closes lower Thursday as Wall Street’s comeback attempt falters: Live updates - CNBC
2025-03-17,"Markets News, March 17, 2025: Stocks Close Higher as Market Extends Bounceback from Recent Selloff; Intel Continues Surging, Tesla Keeps Sliding - Investopedia"
2025-03-20,"With Fed rate suspense out of way, Dow jumps nearly 600 pts, Nasdaq comes within 100 pts of 18,000 - Zee Business"
2025-03-19,"US Stock Market Today: Dow Jones crashes over 400 pts, Nasdaq below 17,450—NVIDIA, IBM drop 2% - Zee Business"
2025-03-20,"Stock market today: Dow, S&P 500, Nasdaq fall after Fed-fueled rally stalls - Yahoo Finance"
2025-03-19,"Fed Rate Decision Due Today: Dow jumps over 350 pts, Nasdaq crosses 17,700 led by tech stocks—Tesla jumps to $237 - Zee Business"
2025-03-20,"Stock Market News, March 20, 2025: U.S. Stocks End Lower After Optimism Over Rate Cuts Wanes - The Wall Street Journal"
2025-03-19,"US Stock Market Closing Bell: Dow Jones falls 260 pts, Nasdaq holds 17,500—Tesla, NVIDIA, IBM drop 3-5% - Zee Business"
2025-03-17,"S&P500, Dow Jones gain on better-than-expected February retail sales data; Nasdaq Composite under pressure - TradingView — Track All Markets"
2025-03-21,"Markets News, March 21, 2025: S&P 500, Nasdaq Rise To Snap Four-Week Losing Streaks; Big Tech Boosts the Indexes - Investopedia"
2025-03-20,"Markets News, March 20, 2025: Stocks Close Slightly Lower as Rebound Rally Stumbles; Accenture Plunges as Government Spending Cuts Weigh on Revenue - Investopedia"
2025-03-17,Stock market today: Dow gains 350 points as stocks climb for 2nd day after S&P 500 enters correction - Yahoo Finance
2025-03-18,"Stock Market News, March 18, 2025: Tesla Sinks; Tech Selloff Weighs on Nasdaq - The Wall Street Journal"
2025-03-20,"Stocks slip in choppy trade as economic, tariff outlook eyed - Reuters"
2025-03-21,Stock market today: S&P 500 snaps 4-week losing streak in latest volatile week on Wall Street - Yahoo Finance
2025-03-20,"Wall Street Today: US stocks recoup early losses after US Fed's dovish outlook, Dow up 40,000 points; Meta gains 4% - livemint.com"
2025-03-18,"Stock Market News, March 18, 2025: Dow ends down 260 points, Nasdaq and S&P 500 tumble after two-day rally as Fed convenes policy meeting - MarketWatch"
2025-03-19,"Stock Market Today: Dow rises 383 points, S&P 500 and Nasdaq end sharply higher after Fed sticks with forecast for 2 cuts in 2025 - MarketWatch"
2025-03-18,How Long Will the Nasdaq Correction Last? Here's What History Shows. - The Motley Fool
2025-03-19,"Stock Market Today: Nasdaq Jumps On Subtle Fed Policy Shift; Dow Up 383 Points, Aims To Retake Key Chart Level (Live Coverage) Tesla Up 4%; Dow Eyes Key Chart Level - Investor's Business Daily"
2025-03-17,"Stock Market News For Mar 17, 2025 - Yahoo Finance"
2025-03-18,4 charts that show Wall Street's shaky start to 2025 — and how global markets are catching fire - markets.businessinsider.com
2025-03-20,Stock Market News: Dow Slips After Fed Rally - Barron's
2025-03-18,Wall Street stocks slide as sell-off in tech shares picks up pace - Financial Times
2025-03-18,"US stock market today: Market sinks – Nasdaq, Dow Jones, S&P 500 tumble as Nvidia slides, Fed decision nea - The Economic Times"
2025-03-20,3 Nasdaq Stocks Down 20% or More That You'll Regret Not Buying on the Dip - The Motley Fool
2025-03-14,"Stock Market on March 14, 2025: S&P 500 ends Friday with biggest daily gain since November as Big Tech stocks rally. But it was a rough week for U.S. equities amid tariffs worries. - MarketWatch"
2025-03-19,"Nasdaq Correction: 2 Brilliant Stocks Down 39% and 60% to Buy Before They Soar, According to Wall Street - The Motley Fool"
2025-03-14,Stock Market News: The S&P 500 Came Roarin' Back. It's Still on a Losing Run. - Barron's
2025-03-18,"Stock Market News From March 18, 2025: Dow, S&P 500, Nasdaq Fall; Nvidia, Broadcom, Palantir, Intel, More Movers - Barron's"
2025-03-19,"Live Nasdaq Composite: NVDA, TSLA Lift Markets Higher on Fed Day - 24/7 Wall St."
2025-03-14,"Live Nasdaq Composite: TSLA, NVDA and PLTR Rise - 24/7 Wall St."
2025-03-21,"Stock Market News, March 21, 2025: Major Indexes Stage Late Rally - The Wall Street Journal"
2025-03-19,Shopify Stock Gains On Listing Move To Nasdaq From NYSE - Investor's Business Daily
2025-03-21,"Stocks Falling on Triple Witching Day. S&P 500, Nasdaq at Risk of 5-Week Slump. - Barron's"
2025-03-18,The S&P 500 Joined the Nasdaq in Correction Territory Last Week. Here's What Could Happen Next. - The Motley Fool
2025-03-14,Dow Jones Looks To Hold On To Hefty Gain; This AI Name Jumps 24% On Updated Guidance (Live Coverage) - Investor's Business Daily
2025-03-18,"U.S. stock market today: Dow Jones gains, S&P 500 steady, Nasdaq falls; Intel surges, Tesla plummets as Re - The Economic Times"
2025-03-17,"Stock Market News for Monday, March 17, 2025: Dow Rises Despite Mag 7 Stock Weakness - Barron's"
2025-03-16,The dot-com bubble popped 25 years ago. Here's what market pros say they learned. - Business Insider
2025-03-18,Live Nasdaq Composite: NVDA Falls Ahead of CEO Keynote - 24/7 Wall St.
2025-03-14,"US stock market today: Market rebound - S&P 500 jumps 1.8%, Dow up 1.5%, Nasdaq surges 2.4%, but $5 trilli - The Economic Times"
2025-03-17,"Stock Market News, March 17, 2025: Dow ends up 350 points, S&P 500, Nasdaq rebound for a second day after mixed retail sales report - MarketWatch"
2025-03-20,"Nasdaq Composite: AAPL, NVDA, TSLA Rise in Whipsaw Trading - 24/7 Wall St."
2025-03-21,These Were the 2 Worst-Performing Stocks in the Nasdaq-100 in February 2025 - The Motley Fool
2025-03-21,"Stock Market on March 21, 2025: Dow, S&P 500, Nasdaq close higher Friday despite tariff worries; S&P 500 snaps 4-week losing streak - MarketWatch"
2025-03-19,Stock market today: Wall Street drifts higher ahead of Fed announcement - NBC New York
2025-03-17,"US stocks rally as investors weigh economic data, Trump policies - Reuters"
2025-03-19,Stock Market News: Dow Rises After Fed Decision - Barron's
2025-03-21,"Stock market today: Wall Street closes higher, snapping a 4-week losing streak - Business in Vancouver"
2025-03-18,"The Unpleasant Truth: The Stock Market Is Still Historically Pricey, Even With the Nasdaq and S&P 500 Recently Falling Into Correction Territory - The Motley Fool"
2025-03-17,"Live Nasdaq Composite: INTC Climbs 7 Percent, PEP’s Merger Monday - 24/7 Wall St."
2025-03-19,Stock market today: Wall Street rallies as pressure eases from the bond market after Fed decision - BNN Bloomberg
2025-03-20,"Nasdaq Composite Leads Stock Market Decline, S&P Follows, as Powell’s Jump Fades - FXLeaders"
2025-03-20,Stock market today: Wall Street edges lower despite solid data on the economy - BNN Bloomberg
2025-03-16,"US stock market predictions: Here are what to expect for S&P 500, Dow Jones, Nasdaq - The Economic Times"
2025-03-21,"Stock market today: Wall Street closes higher, snapping a four-week losing streak - Los Angeles Times"
2025-03-18,Stock market today: Back down goes Wall Street as Big Tech resumes its slide - Business in Vancouver
2025-03-14,What is a stock market correction? - The Seattle Times
2025-03-19,"Nasdaq Composite Jumps 400 Points After US Fed Keeps Rates Unchanged, Forecast Two Rate Cuts in 2025 - MSN"
2025-03-18,"The Unpleasant Truth: The Stock Market Is Still Historically Pricey, Even With the Nasdaq and S&P 500 Recently Falling Into Correction Territory - The Globe and Mail"
2025-03-19,"2 Sensational Stocks Billionaire Money Managers Piled Into Before the Nasdaq and S&P 500 Sell-Off, and 1 Highflier They've Been Selling - The Motley Fool"
2025-03-14,"Wall Street rallies to its best day in months, but that’s not enough to salvage its losing week - BNN Bloomberg"
2025-03-21,"Stock Market Today: Dow Jones, S&P 500 And Nasdaq All Close Higher After Final Burst (Live Coverage) - Investor's Business Daily"
2025-03-17,The NASDAQ and S&P 500 Have Suffered a Correction: Danger or Opportunity? - The Smart Investor
2025-03-19,US stock market returns to slump - The Arkansas Democrat-Gazette
2025-03-14,"ONEQ: Nasdaq Correction Can Turn Into A Bear Market, Wait For A Better Opportunity - Seeking Alpha"
2025-03-20,Stock market today: Wall Street edges lower - Business in Vancouver
2025-03-21,"Broadcom (AVGO), Axon (AXON), and Costco (COST) Are Brilliant Growth Stocks to Buy For the Nasdaq 100 Correction - 24/7 Wall St."
2025-03-17,"S&P/TSX composite up more than 200 points, U.S. markets also rise - BNN Bloomberg"
2025-03-20,"Nasdaq Composite Jumps 400 Points After US Fed Keeps Rates Unchanged, Forecast Two Rate Cuts in 2025 - International Business Times UK"
2025-03-21,"S&P/TSX composite down nearly 100 points, U.S. stock markets up - BNN Bloomberg"
2025-03-17,The Stock Market Is Plunging: 3 Superb and Exceptionally Safe Exchange-Traded Funds (ETFs) to Buy Right Now - The Motley Fool
2025-03-17,"S&P 500 Sell-Off: Why Warren Buffett Is Still Right About Index Investing, Even After Selling His - The Globe and Mail"
2025-03-17,Stock market today: Wall Street rises again - Times Colonist
2025-03-17,Stock Market Today: Dow Adds 353 Points Despite Soft Retail Sales - Kiplinger
2025-03-27,Top 5 Nasdaq 100 Mutual Funds in India for 2025 - PersonalFN
2025-03-28,US market selloff intensifies as Nasdaq Composite tumbles 2.5% on looming trade tensions - Moneycontrol
2025-03-24,S&P 500 ekes out a gain Tuesday to post third winning session: Live updates - CNBC
2025-03-26,"Nasdaq Composite Falls 1.09% as Tesla, Nvidia Stocks Tumble - TradingPedia"
2025-03-26,"Stock Market News, March 26, 2025: Nasdaq Falls; Nvidia, Tesla Drop More Than 5% - The Wall Street Journal"
2025-03-28,IXIC: Nasdaq Composite Slides 0.5% Ahead of Key PCE Report. Here’s What to Watch for. - TradingView — Track All Markets
2025-03-27,The Nasdaq Is Back in a Correction. History Says This Will Happen Next. - The Motley Fool
2025-03-28,"Markets News, March 28, 2025: Stocks Plunge on Hot Inflation Reading, Weak Consumer Sentiment; Major Indexes Post Weekly Losses as Recovery Stumbles - Investopedia"
2025-03-25,Shopify Takes Steps to Pull In Billions From Passive Funds - Bloomberg.com
2025-03-28,"Stock market today: Dow drops 700 points, S&P 500, Nasdaq sink as Wall Street reels from tariff, inflation fears - Yahoo Finance"
2025-03-28,"Nasdaq Composite, S&P500, Dow Jones fall up to 2% as inflation jitters and trade worries make... - Moneycontrol"
2025-03-26,IXIC: Nasdaq Composite Slumps 2% with All Mag 7 Members Sinking Underwater - TradingView — Track All Markets
2025-03-24,5 things to know before the stock market opens Monday - CNBC
2025-03-24,Dow jumps nearly 600 points on Monday as investors hope Trump softens tariff stance: Live updates - CNBC
2025-03-27,Dow posts back-to-back losses Thursday as Trump’s auto tariffs weigh on stocks: Live updates - CNBC
2025-03-28,5 things to know before the stock market opens Friday - CNBC
2025-03-26,5 things to know before the stock market opens Wednesday - CNBC
2025-03-24,"Stock Market News, March 24, 2025: Dow Gains Nearly 600 Points on Tariff Optimism - The Wall Street Journal"
2025-03-25,"Stock market today: S&P 500, Nasdaq notch 3rd day of gains as consumer confidence tumbles, Trump tariffs loom - Yahoo Finance"
2025-03-24,Asia-Pacific markets mixed as Trump reciprocal tariff deadline looms - CNBC
2025-03-26,US tech stocks drop as fresh jolt of volatility hits Wall Street - Financial Times
2025-03-27,"Stock market today: S&P 500, Dow, Nasdaq slip while GM, Ford hit as investors weigh Trump's tariff escalation - Yahoo Finance"
2025-03-24,Is Alphabet Stock Outperforming the Nasdaq? - Nasdaq
2025-03-25,"Stock Market News, March 25, 2025: Investors Consider Confidence Data; Dow Edges Higher - The Wall Street Journal"
2025-03-26,"US Stock Market Update: Nasdaq, S&P 500 Crashed, Dow Jones Erase Gains; What Is Impacting Wall Street? - Goodreturns"
2025-03-26,"Markets News, March 26, 2025: Stocks Slide Ahead of Trump's Auto Tariff Announcement; Tesla, Nvidia Lead Tech Sector Selloff - Investopedia"
2025-03-28,"Stock Market on March 28, 2025: Dow, S&P 500, Nasdaq see worst day in almost three weeks after inflation, consumer-sentiment reports; stocks post weekly drop to deepen March losses ahead of reciprocal tariffs - MarketWatch"
2025-03-25,Here Are 2 Artificial Intelligence (AI) Stocks That Tumbled During the Nasdaq Correction. Should You Buy the Dip? - Nasdaq
2025-03-26,"Stock Market, March 26, 2025: Dow, S&P 500 and Nasdaq snap 3-day winning streak ahead of auto-tariffs announcement; GameStop shares pop - MarketWatch"
2025-03-24,The dot-com bubble peaked 25 years ago this week. Are investors falling into the same trap today? - MarketWatch
2025-03-24,"U.S. stock market today: Markets surge – Dow Jumps 500 points, S&P 500 gains 1.5%, Nasdaq rises 1.8% as Tr - The Economic Times"
2025-03-25,"Markets News, March 25, 2025: Stocks Close Higher for 3rd Straight Day; Tesla Surges Late to Extend Rally - Investopedia"
2025-03-28,S&P 500 Sinks 2% as Economic Fears Spur Bond Rally: Markets Wrap - Bloomberg.com
2025-03-27,"Markets News, March 27, 2025: Stocks Close Lower for 2nd Straight Day; GM Leads Auto Sector Selloff After Trump Announces Tariffs - Investopedia"
2025-03-24,"Markets News, March 24, 2025: Stocks Surge as Investors React to Latest News on Tariffs; Tesla Jumps 12% to Lead Tech Rally - Investopedia"
2025-03-26,"Shopify shifts US listing to Nasdaq, positioning for potential index inclusion - Wealth Professional"
2025-03-26,"Stock market today: Nasdaq, S&P 500 dive, snap 3-day win streak as Trump preps auto tariffs - Yahoo Finance"
2025-03-24,"Stock market today: Dow, S&P 500, Nasdaq soar on hopes Trump may dial back next tariff wave - Yahoo Finance"
2025-03-26,Stock Market News: Big Tech Stocks Drag Nasdaq Lower - Barron's
2025-03-27,"Stock Market News for March 27, 2025 : Dow, S&P 500 and Nasdaq end lower as investors focus on tariffs, Friday's PCE inflation data - MarketWatch"
2025-03-25,Stock Market Today: Indexes Tick Higher As Apple Helps To Lift Dow; Boeing Flies Higher (Live Coverage) - Investor's Business Daily
2025-03-26,Watch Nasdaq 100 Falls 2% as Tariff Angst Roils Stocks | Bloomberg: The Close 03/26/2025 - Bloomberg.com
2025-03-21,"Dow Jones Futures Drop As Nvidia Falls; FedEx, Nike Plunge On Earnings - Investor's Business Daily"
2025-03-27,"Stock Market News From March 28, 2025: Dow Falls After Auto Tariff Announcement - Barron's"
2025-03-24,Dot-Com Bubble Marks Its 25th Anniversary. What It Taught Investors. - Barron's
2025-03-26,Is Leidos Holdings Stock Underperforming the Nasdaq? - Nasdaq
2025-03-26,Nasdaq Composite Today: GME’s Bitcoin Bump and DLTR’s M&A Jolt - 24/7 Wall St.
2025-03-24,"Stock Market News, March 24, 2025: : Dow ends up 600 points, S&P 500 and Nasdaq finish sharply higher on hopes for softer tariffs - MarketWatch"
2025-03-24,"How major US stock indexes fared Monday, 3/24/2025 - Yahoo Finance"
2025-03-28,Dow closes more than 700 points lower and the S&P 500 is on track for its worst quarter since 2022 - CNN
2025-03-22,"With the Nasdaq in Correction Territory, I've Got My Eye on These 2 Stocks - The Motley Fool"
2025-03-28,"Stock Market News: Dow Drops 700 Points After Latest Data on Inflation, Consumer Sentiment - Barron's"
2025-03-28,Live Nasdaq Composite: PDD Falls While APP Rebounds as Inflation Rears Its Head - 24/7 Wall St.
2025-03-25,"Nasdaq Composite Today: CRWD, FCX Rise in Valiant Effort, MLGO Retreats - 24/7 Wall St."
2025-03-25,Stock Market News: Dow Ticks Higher After Consumer Confidence Data - Barron's
2025-03-28,"Dow Futures Dip, S&P 500 and Nasdaq Extend Losses in Pre-Market - Yahoo Finance"
2025-03-24,"Stock Market News for Monday, March 24, 2025: Dow Rallies Amid Optimism on Trump Tariffs - Barron's"
2025-03-24,"Nasdaq Composite Today: COIN, BKNG, ON Are Tailwinds - 24/7 Wall St."
2025-03-28,"Stocks lose ground amid inflation concerns, trade war worries - Reuters"
2025-03-27,"Live Nasdaq Composite: ORLY Rises, GM Sinks in Market Chaos - 24/7 Wall St."
2025-03-25,"Dow Jones Falls After Housing Data; Nvidia, Tesla Slide - Investor's Business Daily"
2025-03-25,"Stock Market News, March 25, 2025: Dow ekes out small gain, S&P 500 and Nasdaq finish higher despite weak consumer confidence data - MarketWatch"
2025-03-26,Shopify moves to Nasdaq as speculation builds over S&P 500 and Nasdaq 100 eligibility - Benefits and Pensions Monitor
2025-03-25,"Nasdaq Correction: Was It a Mistake to Add Nvidia, Amazon, and Salesforce to The Dow Jones Industrial Average? - The Motley Fool"
2025-03-28,Stock market today: Asian stocks skid as investors await more Trump tariffs - 朝日新聞
2025-03-28,The Dow Keeps Falling. The Latest Data Stink Like Stagflation. - Barron's
2025-03-25,Here’s why Tesla stock just jumped 11% on the Nasdaq index! - MSN
2025-03-23,Here's How Often a Correction Leads to a Bear Market (Hint: Not as Often as You Might Fear) - The Motley Fool
2025-03-24,Bitcoin could be more like Tesla and Apple than you think - thestreet.com
2025-03-26,Here's how far stocks could drop if a full-blown recession strikes - Business Insider
2025-03-25,Meet the Only Stock I've Purchased During the Nasdaq Correction - The Motley Fool
2025-03-24,The stock market is cheering as Trump could soften tariffs - Business Insider
2025-03-25,A Stock Market Indicator Seen Only Twice Since 2009 Is Flashing. History Says This Will Happen Next. - The Motley Fool
2025-03-28,"Wall Street tumbles, and S&P 500 drops 2% on worries about slower economy and higher inflation - BNN Bloomberg"
2025-03-25,Here’s why Tesla stock just jumped 11% on the Nasdaq index! - Fool UK
2025-03-28,Stock market suffers another wipeout over inflation and tariff fears - CBS News
2025-03-26,"Markets today: Wall Street slumps as Nvidia, Tesla and other Big Tech stocks drop - BNN Bloomberg"
2025-03-28,Hot February inflation data sends stocks spiraling - Business Insider
2025-03-24,Markets today: Wall Street gains ground after shaking off four-week losing streak - BNN Bloomberg
2025-03-21,Investors are taking cover as economic concerns grow - CBS News
2025-03-25,Bitcoin vs. Nasdaq 100 Index correlation hits 70% – Matrixport analysts hint at what to expect - FXStreet
2025-03-27,5 Historically Cheap Growth Stocks to Buy With Confidence in the Wake of the Nasdaq Correction - The Motley Fool
2025-03-25,Turbocharging The Stock Market Dip With The QLD Leveraged Tech ETF Product (NYSEARCA:QLD) - Seeking Alpha
2025-03-24,Stocks jump amid signs Trump could scale back tariffs - CBS News
2025-03-25,Markets today: Wall Street drifts and Trump Media jumps despite souring moods for U.S. consumers - BNN Bloomberg
2025-03-23,April 2 is a key day for the markets. Stock investors better pay attention. - thestreet.com
2025-04-04,"Dow drops 2,200 points Friday, S&P 500 loses 10% in 2 days as Trump's tariff rout deepens: Live updates - CNBC"
2025-04-04,"Stock Market News For Apr 4, 2025 - Nasdaq"
2025-04-02,"Nasdaq Composite Gains 0.87% Amid Tech Rally, Q1 Sees US Stocks Plummet - TradingPedia"
2025-04-03,"Dow Jones drops 1,400 points as US stock market leads global sell-off after Trump's tariffs spark recessi - Times of India"
2025-04-04,Nasdaq On Track for Bear Market as Trump Tariff Stock Sell-Off Continues - Investopedia
2025-04-03,"Stock market today: Dow plunges 1,700 points, Nasdaq, S&P 500 pummeled in biggest rout since 2020 - Yahoo Finance"
2025-04-01,"S&P, Nasdaq post big quarterly percentage drops on Trump tariff turmoil - Reuters"
2025-04-04,"US Stock Market Highlights: Dow slides 1,600 points, S&P 500, Nasdaq post biggest single-day losses since 2020 - CNBC TV18"
2025-04-04,Nasdaq Composite Posted One of Its Worst Days Since 2000 as BTC Steadied After Tariff Drop - CoinDesk
2025-04-02,Dow closes more than 200 points higher ahead of Trump’s tariff rollout: Live updates - CNBC
2025-04-02,First Quarter 2025 Review & Outlook - Nasdaq
2025-04-01,S&P 500 closes higher to start new quarter as traders await Trump’s tariff rollout: Live updates - CNBC
2025-04-01,"Dow Jones opens lower, Nasdaq Composite, S&P500 rise ahead of Trump tariff deadline - Moneycontrol"
2025-04-01,"Stock Market News For Apr 1, 2025 - Nasdaq"
2025-04-03,"Dow nosedives 1,600 points, S&P 500 and Nasdaq drop the most since 2020 after Trump's tariff onslaught - CNBC"
2025-04-04,"US markets: S&P 500, Nasdaq Composite fall 4 percent; CBOE Volatility Index rises - Moneycontrol"
2025-04-02,"Stock Market News For Apr 2, 2025 - Nasdaq"
2025-04-01,5 things to know before the stock market opens Tuesday - CNBC
2025-04-04,Global markets today: US stock market crashes; S&P 500 sheds $2.4 trillion as Trump's tariffs stoke recession fears - livemint.com
2025-04-04,"Stock Market News From April 4, 2025: Dow Slides 2,200 Points. Nasdaq Enters Bear Market. - Barron's"
2025-03-31,S&P 500 Suffers Biggest Quarterly Loss Since 2022 - The Wall Street Journal
2025-04-04,"Trump tariff tailspin worsens, Nasdaq confirms in bear market - Reuters"
2025-04-03,"The S&P 500, Dow & Nasdaq Since 2000 Highs as of March 2025 - ETF Database"
2025-04-03,"Dow plummets 1,400 points, Nasdaq down 5%, S&P 4% as Trump tariffs trigger recession fears - The Economic Times"
2025-04-01,"S&P, Nasdaq log worst quarterly slumps in years as Trump tariff fears rattle markets - Times of India"
2025-04-01,"US stock market crash: Recession fears grow, global markets fall as Trump’s 'Liberation Day' tariffs loom - Times of India"
2025-04-02,"Markets News, April 2, 2025: Stocks Plunge in Extended Trading After Rising Ahead of Trump Tariff Announcement - Investopedia"
2025-03-31,"US Market Opened Or Closed On Eid Ul Fitr? Weekly Outlook On Dow Jones, S&P 500, Nasdaq; Key Events To Watch - Goodreturns"
2025-04-03,"Wall Street bleeds after Trump’s sweeping tariffs, Apple sinks 8%, Amazon dips 7%, Nvidia loses over 6% - livemint.com"
2025-03-31,"Stock Market News, March 31, 2025: Dow Bounces Back After Tariff Concerns Hit Global Markets - The Wall Street Journal"
2025-04-02,Why Amazon Stock Is Soaring Today - Nasdaq
2025-04-01,"Nasdaq 100 Hits Worst Quarter in Nearly Three Years, Tech Stocks Suffer - Yahoo Finance"
2025-04-04,Nasdaq Composite Saw One of Its Worst Days Since 2000 While Bitcoin Held Steady - Yahoo Finance
2025-04-04,"Nasdaq confirms it is in bear market, ending more than 20% below record close - Yahoo Finance"
2025-03-31,5 things to know before the stock market opens Monday - CNBC
2025-04-01,"S&P, Nasdaq end higher as Wall Street gyrates in Trump-tariffs limbo - Reuters"
2025-03-31,"Trump tariffs shake US markets: S&P 500, Nasdaq hit six-month low as April 2 nears - livemint.com"
2025-03-31,"Markets News, March 31, 2025: Stocks Recover From Early Selloff to Close Mixed; S&P 500, Nasdaq Wrap Up Worst Month Since 2022 - Investopedia"
2025-04-04,"Markets News, April 4, 2025: Dow Drops 2,200 Points, S&P Plunges 6%, Nasdaq Enters Bear Market as Tariff Turmoil Rocks Stock Market - Investopedia"
2025-04-03,"Trump’s tariff bonanza has sparked a fresh stock market selloff: The S&P, Nasdaq, and Dow are all in free fall - Fortune"
2025-04-01,"Markets News, April 1, 2025: S&P 500, Nasdaq Close Higher After Volatile Session as Market Awaits Details on New Trump Tariffs - Investopedia"
2025-03-31,CNBC Daily Open: Stocks were trounced in the first quarter amid Trump tariff chaos - CNBC
2025-04-01,Stock Market News: S&P 500 Gains as Market Braces for 'Liberation Day' - Barron's
2025-03-31,"Stock Market News For Mar 31, 2025 - Nasdaq"
2025-04-02,"Mixed Trend on Wall Street: Dow closes below 42,000, Nasdaq reclaims 17,450 led by Microsoft & NVIDIA - Zee Business"
2025-04-03,"US Stock Market Today: Dow firmly in green, up over 200 pts after Donald Trump's reciprocal tariffs—Tesla surges over 5% - Zee Business"
2025-04-04,"Stock market today: Dow plunges 2,200 points, Nasdaq enters bear market as Trump tariffs spark worst meltdown since 2020 - Yahoo Finance"
2025-04-04,Traders fear the S&P 500 could join the Nasdaq in a bear market. Levels to watch next week - CNBC
2025-04-01,"Indian stock market: 10 key things that changed for market overnight - Gift Nifty, Dow Jones rally to gold prices - livemint.com"
2025-04-03,"Markets News, April 3, 2025: Trump Tariffs Spark Worst Day for Major Stock Indexes Since 2020; Dow Loses Almost 1,700 Points, S&P Drops Nearly 5% - Investopedia"
2025-04-03,Magnificent 7 relinquishes more than $1 trillion as tech drives stock market nosedive - CNBC
2025-04-01,"Stock market today: S&P 500, Nasdaq jump in volatile session ahead of Trump's tariff reveal - Yahoo Finance"
2025-04-04,Dow Joins S&P 500 in Correction as Trump Tariff Stock Sell-Off Continues - Investopedia
2025-03-31,Futures: Nasdaq Eyes Low As Next Trump Tariff Wave Looms - Investor's Business Daily
2025-03-31,"Stock market today: Dow gains 400 points, stocks reverse losses as markets cap worst quarter since 2022 - Yahoo Finance"
2025-04-04,Trump tariffs day 3 as it happened: S&P 500 sheds $5.4tn in 2 days; China announces 34% retaliatory levies on US - Financial Times
2025-04-03,"Stock Market News, April 2, 2025: Dow futures slump after Trump announces tariff, following 235-point advance - MarketWatch"
2025-03-31,"Stock Market News for Monday, March 31, 2025: The S&P 500 Rallied for the Day to End a Dismal Quarter - Barron's"
2025-04-04,"Donald Trump tariffs send US markets into shock, Dow Jones down by over 1,600 points | Hindustan Times - Hindustan Times"
2025-04-04,US markets see second day of selloffs as Trump’s tariffs continue to cause global turmoil – as it happened - The Guardian
2025-04-04,Nasdaq Is In A Technical Bear Market: History Tells Us Where The Bottom Could Be (NDX) - Seeking Alpha
2025-04-03,"Why S&P 500, and Nasdaq 100 Futures Plummet to 6-Month Lows Amid Trump's Tariff Turmoil - Finance Magnates"
2025-04-01,"US Stock Market Today: Dow Jones, Nasdaq, and S&P 500 react to President Trump's upcoming Tariff announcem - The Economic Times"
2025-04-03,"Live Nasdaq Composite: FIVE Falls, AZN and PEP Rise From Tariff Ashes - 24/7 Wall St."
2025-04-03,"US stocks post biggest drop since 2020, dollar falls as Trump tariffs fuel recession fears - Reuters"
2025-04-02,Stock market today: Stock futures sink after Trump's 'Liberation Day' tariffs shock markets - Yahoo Finance
2025-04-04,"Stock market today: Nifty 50, Nasdaq and S&P 500 fall on recession fears - Economy Middle East"
2025-04-02,Investors embracing International Mutual Funds amid domestic market downturn. Should you take a dive? - Business Today
2025-04-04,"Dow sheds 2,200 points as markets end another day of tariff chaos - NBC News"
2025-03-30,Should You Invest in the 3 Worst-Performing Stocks in the Nasdaq-100 in 2025? - The Motley Fool
2025-04-04,U.S. stock market has wiped out $9.6 trillion since Inauguration Day - MarketWatch
2025-04-04,U.S. stocks are close to bear-market territory. What history says happens next. - MarketWatch
2025-04-02,"Wall Street ends up, but Trump tariff speech sends futures lower - Reuters"
2025-04-03,"Brutal day for stocks: Dow plunges almost 1,700 points on new Trump tariffs - NPR"
2025-04-04,S&P 500 Down Over 10% in 2 Days as Trump Upends the Global Order - The New York Times
2025-04-04,"As the stock market falls, Trump haunted by his discredited campaign promises - MS NOW"
2025-04-01,Is Palantir Stock Outforming the Nasdaq? - Nasdaq
2025-04-04,S&P 500 loses $5 trillion in two days in Trump tariff selloff - Reuters
2025-03-31,S&P 500 and Nasdaq end worst quarter since 2022 as new tariffs loom - The Washington Post
2025-04-01,"Stock Market News, April 1, 2025: Dow ends flat, S&P 500 and Nasdaq edge up as investors await Trump's 'Liberation Day' tariffs; Tesla shares rise ahead of delivery numbers. - MarketWatch"
2025-04-03,Small-cap benchmark Russell 2000 becomes first major U.S. stock measure to enter bear market - CNBC
2025-03-29,"Nasdaq Correction: 2 AI Stocks Down 26% and 46% to Buy Before They Soar, According to Wall Street - The Motley Fool"
2025-04-03,Watch These QQQ Price Levels as Nasdaq 100 Fund Slumps on Tariff Fears - Investopedia
2025-04-04,Wall St Week Ahead Shell-shocked markets brace for more tariff tumult - Reuters
2025-04-03,"Dow Tumbles 1,600 Points as Markets Brace for Global Trade War - Barron's"
2025-04-04,US stocks are plummeting again after China hits back and Powell says the Fed is in no rush to cut rates - markets.businessinsider.com
2025-04-04,Don’t Miss the Hedged Nasdaq ETF Trimming Losses in 2025 - ETF Trends
2025-04-04,Stocks Drop Again as Trade War Intensifies - The New York Times
2025-04-04,"Wall Street tumbles as Trump tariffs spark recession fears, Nasdaq heads toward bear market - The Financial Express"
2025-03-31,"Stock Market News, March 31, 2025: Dow, S&P 500 shake off tariff jitters to close higher, snapping 3-day losing streak; Nasdaq closes lower - MarketWatch"
2025-04-03,Trade War Sets Off ‘Max Pessimism’ in Global Markets as Stocks Plunge - The New York Times
2025-04-04,"Stock Market on April 4, 2025: Dow plunges 2,231 points into correction territory while Nasdaq enters bear market; S&P 500 books biggest weekly drop since 2020 as China retaliates on tariffs. - MarketWatch"
2025-04-09,"Dow surges 2,900 points, S&P 500 posts biggest gain since 2008 on Trump tariff reversal: Live updates - CNBC"
2025-04-08,"S&P500, Nasdaq Composite, Dow Jones rebound up to 3% as trade optimism tempers tariff turmoil - Moneycontrol"
2025-04-08,Markets Swing Wildly as Trump Holds His Ground on Tariff Plan - The Wall Street Journal
2025-04-10,"US Stock Market Highlights: Dow surges 2,900 points, S&P 500 posts biggest gain since 2008 on Trump tariff rev - CNBC TV18"
2025-04-08,5 Stocks in Nasdaq ETF Fueling Index's Big Comeback Since 2008 - TradingView — Track All Markets
2025-04-09,"Dow Jones soars 2,400 points, Nasdaq up 9%, S&P 500 7% as Trump announces 90-day pause on tariffs - The Economic Times"
2025-04-07,"US Market Restless; Dow Jones, S&P 500, Nasdaq Hit New 52-Week Lows; Trump Threatens 50% Tariff On China - Goodreturns"
2025-04-09,"Dow jumps 600 points Friday, capping one of the most volatile weeks on Wall Street ever: Live updates - CNBC"
2025-04-08,The Nasdaq Is Officially in a Bear Market. Here's Why History Says Investors Shouldn't Panic. - Nasdaq
2025-04-10,IXIC: Nasdaq Composite Dives 4.3% as Trump Has Traders Playing Red Light Green Light - TradingView — Track All Markets
2025-04-10,"Dow tumbles 1,000 points, wiping out a chunk of Wednesday’s historic rally: Live updates - CNBC"
2025-04-09,"IXIC: Nasdaq Composite Logs Best Day in 24 Years, Up 12% as Euphoria Sweeps Wall Street - TradingView — Track All Markets"
2025-04-07,Dow slides more than 300 points as Trump tariffs rattle stocks for a third day: Live updates - CNBC
2025-04-08,Dow tumbles more than 300 points Tuesday as tariff-induced sell-off resumes: Live updates - CNBC
2025-04-09,"Nasdaq rallies most since 2001, notches second-best day ever as Apple soars 15% - CNBC"
2025-04-09,5 things to know before the stock market opens Wednesday - CNBC
2025-04-11,"US Stock Market Highlights: Dow ends 1,000 pts lower after sharp swings; S&P 500 sinks 3.5% - CNBC TV18"
2025-04-11,"Wall Street Today: S&P 500, Nasdaq trade lower on escalating trade war with China; Dow Jones tanks by 120 points - livemint.com"
2025-04-11,Tech roller-coaster pushes Nasdaq to best week in three years as Trump tariffs create extreme volatility - CNBC
2025-04-10,US stock markets zoom after trump announces 90 day-pause on tariffs - Times of India
2025-04-10,"Markets News, April 10, 2025: Dow Drops 1,000 Points, Nasdaq Plunges 4% as Market Erases Big Piece of Previous Day's Massive Gains - Investopedia"
2025-04-07,"US stock markets crash: Dow Jones plummets, S&P 500 down as Donald Trump tariffs, recession fears loom la - Times of India"
2025-04-10,"Nasdaq down 5%, S&P 500 4%, Dow drops 1,500 points as selloff accelerates amid trade war concerns - The Economic Times"
2025-04-08,"US stock market ends mixed after Donald Trump’s latest tariffs threat; Dow Jones tanks 1%, Nasdaq closes in green - livemint.com"
2025-04-11,"US Stock Market Live Updates | Dow Jones Today: US stocks turn positive as markets weigh tariff risks, bi... - The Economic Times"
2025-04-08,"Dow Jones soars 900 points, Nasdaq, S&P up over 2% on hopes of tariff talks - The Economic Times"
2025-04-05,"Dow Jones, S&P 500, Nasdaq Composite: How Trump’s grit over investor lethargy caused one of the worst two day routs in the history of US markets - BusinessLine"
2025-04-10,"Wall Street today: Nasdaq tanks 5.40%, S&P 500 dips 4.60%, Dow Jones loses 3.82% as US-China trade war deepens - livemint.com"
2025-04-07,"Stock market today: Dow sinks 350 points, S&P 500 falls for third day as tariffs send stocks on roller coaster - Yahoo Finance"
2025-04-05,"Could Investing $25,000 in the Nasdaq-100 Make You a Millionaire? - Nasdaq"
2025-04-08,5 things to know before the stock market opens Tuesday - CNBC
2025-04-09,Here's 1 Nasdaq ETF to Consider Even as the Index Enters Into a Bear Market - The Motley Fool
2025-04-11,Why stock market is down today and will a Nasdaq circuit breaker be placed | Explained | Hindustan Times - Hindustan Times
2025-04-07,5 Top-Ranked Stocks of Nasdaq ETF Beating the Bear Market - Nasdaq
2025-04-10,U.S. stock futures fall after sharp rally on Trump tariff reversal - Reuters
2025-04-09,"Dot-com bust, 1987 crash had massive relief rallies similar to Wednesday's pop - CNBC"
2025-04-11,Why Broadcom Stock Jumped Today - Nasdaq
2025-04-10,5 things to know before the stock market opens Thursday - CNBC
2025-04-11,"US Market Crashed After 8-12% Historic Rally; Will Dow, Nasdaq, S&P 500 Witness Bearish Trend On April 11? - Goodreturns"
2025-04-07,"Wall Street rout continues: S&P 500, Dow Jones, Nasdaq sharply lower over Trump tariffs fallout - livemint.com"
2025-04-07,"Dow Jones Futures Tumble, But Off Lows As Trump Tariff Bear Market Continues - Investor's Business Daily"
2025-04-09,Stock market posts third biggest gain in post-WWII history on Trump's tariff about-face - CNBC
2025-04-10,Stocks Renew Selloff as China Trade War Sinks In - The Wall Street Journal
2025-04-11,Should You Really Buy Stocks During Market Turmoil? History Offers an Answer That May Surprise You. - Nasdaq
2025-04-10,"US stocks, dollar tumble as Trump’s trade war rattles Wall Street - CNN"
2025-04-09,Nasdaq Soars to Best Day Since 2001 After Trump Pauses Some Tariffs - The Wall Street Journal
2025-04-09,"Markets News, April 9, 2025: Dow Jumps 3,000 Points, Nasdaq Soars 12% as Trump Pauses Tariffs; S&P 500 Has Best Day Since 2008 - Investopedia"
2025-04-11,Wall Street ends whipsaw week sharply higher as Fed comments soothe market - Reuters
2025-04-09,"US Stock Market Highlights: Dow Jones falls nearly 2,000 points from the highs as US-China trade tensions esca - CNBC TV18"
2025-04-09,"S&P500, Dow Jones erase gains as tariff escalations with China, EU intensify; Nasdaq Composite holds steady - TradingView — Track All Markets"
2025-04-07,"S&P 500, Nasdaq Turn Green in Volatile Trading. Wall Street Is Buying Riskier Stocks. - Barron's"
2025-04-10,"Global markets today: Dow futures drop 1.5%, Nasdaq futures down 2.3%; UK's FTSE 100 set for biggest gain in 4 years - livemint.com"
2025-04-08,U.S. Stocks Retreat as Optimism Over Trade Talks Fades - The Wall Street Journal
2025-04-06,The Nasdaq Composite Takes the Tariff Tumble. Investors Could Learn This Valuable Lesson. - The Motley Fool
2025-04-09,Dow Jones and Nasdaq Index: US Stocks Climb as Tariff Pause Sparks Bullish Sentiment - FXEmpire
2025-04-10,"Stock Market News, April 10, 2025 : Dow ends over 1,000 points lower, S&P 500 and Nasdaq give back chunk of Wednesday rally as U.S.-China trade war intensifies; dollar slides - MarketWatch"
2025-04-10,"Wall Street sell-off: Dow crashes nearly 2,100 pts, Nasdaq sinks over 6% on tariff fears - CNBC TV18"
2025-04-08,"Dow Jones Jumps 1,300 Points On Trump Tariff News; Apple, Nvidia, Tesla Rally - Investor's Business Daily"
2025-04-07,"US Stock Market Preview On April 7: Black Monday Likely, Will Dow Jones, S&P 500, Crash Further? - Goodreturns"
2025-04-11,"Stock market today: Sensex ends over 1,300 points, Nifty near 22,828 - Times of India"
2025-04-07,Stock Plunge as Trade War Escalates - Nasdaq
2025-04-07,"US stock market crashes: Dow Jones tanks 1,300 pts, S&P 500 enters bear territory - Upstox"
2025-04-09,"Dow Jones Futures Dive 800 Points On U.S.-China Trade War; Apple, Nvidia, Tesla Extend Losses - Investor's Business Daily"
2025-04-11,"Markets News, April 11, 2025: Stocks Surge to Wrap Up a Wild Week; S&P 500 Posts Biggest Weekly Gain Since October 2023 - Investopedia"
2025-04-07,US stock market sinks lower after wild swings over Trump’s tariff plans - Al Jazeera
2025-04-08,US Stock Market Highlights: Dow slides more than 300 points as Trump tariffs rattle stocks for a third day - CNBC TV18
2025-04-11,5 things to know before the stock market opens Friday - CNBC
2025-04-09,Stocks Soar After Tariff Post. Nasdaq Has Best Day in 24 Years. - Barron's
2025-04-06,US Stock Market Highlights: Jaguar Land Rover to pause car shipments to US after Trump's tariffs - CNBC TV18
2025-04-08,Rally in US stocks evaporates as White House doubles down on China tariffs - CNN
2025-04-08,"Stock Market News, April 8, 2025: Dow erases 1,461 point gain to end lower, S&P 500 and Nasdaq suffer major reversal amid renewed tariff jitters - MarketWatch"
2025-04-10,"Stock market today: Dow slides 1,000 points, Nasdaq, S&P 500 clobbered as stocks resume Trump tariff sell-off - Yahoo Finance"
2025-04-07,Opinion: Here's How President Trump Could Ignite a Stock Market Surge - Nasdaq
2025-04-07,Extreme volatility sends US stocks on a roller coaster ride as Wall Street is rattled by tariffs - CNN
2025-04-07,Stock market crash makes Indian investors poorer by Rs 20 lakh crore in morning trade - The New Indian Express
2025-04-07,"US stock market crash: Dow Jones slips 900 points, Nasdaq, S&P down 1.5% amid tariff-fuelled slowdown fear - The Economic Times"
2025-04-08,"Markets News, April 8, 2025: Stocks Close Sharply Lower as High Volatility Persists Amid Concerns About Tariffs - Investopedia"
2025-04-09,"Stock market today: Dow sinks 300 points, S&P 500 nears bear market as Trump's tariffs keep roiling Wall Street - Yahoo Finance"
2025-04-07,Donald Trump says he is not looking at pausing tariffs as US markets close after rocky day – as it happened - The Guardian
2025-04-07,5 things to know before the stock market opens Monday - CNBC
2025-04-07,"Live: Stock Markets, Wall Street Investors React to Trump's Tariffs - Bloomberg.com"
2025-04-11,"Stock market today: Dow, S&P 500 post best week since 2023 to cap wild week of tariff-fueled chaos - Yahoo Finance"
2025-04-08,"Wall Street recovers from Trump tariff shock, US stock market indices open higher | Hindustan Times - Hindustan Times"
2025-04-07,"Markets News, April 7, 2025: S&P 500, Dow Close Lower After a Wild Day of Trading Amid Tariff Uncertainty; Nasdaq Inches Higher - Investopedia"
2025-04-08,"Live Nasdaq Composite: AMZN (Nasdaq: AMZN), AVGO (Nasdaq: AVGO) Rise in Relief Rally - 24/7 Wall St."
2025-04-11,"Stock Market on April 11, 2025: Dow and S&P 500 end sharply higher to book biggest weekly gains since 2023; Nasdaq rallies in volatile trading session as investors weigh inflation data amid tariff uncertainty - MarketWatch"
2025-04-10,"Stock Market News, April 9, 2025: Dow ends over 2,900 points higher, Nasdaq jumps 12%, S&P 500 up 9.5% after Trump tariff pause - MarketWatch"
2025-04-17,"S&P 500 ekes out a gain, Dow tumbles 500 points to post three-day losing run: Live updates - CNBC"
2025-04-17,"Nasdaq Composite, Dow Jones fall as weak earnings weigh on sentiment - Moneycontrol"
2025-04-16,Why AMD Stock Plummeted Today - Nasdaq
2025-04-16,"US Stock Market Live Updates | Dow Jones Today: Nasdaq drops 2%, Nvidia down 6% after new US chip export curbs - The Economic Times"
2025-04-17,What Is the Nasdaq-100? - The Motley Fool
2025-04-18,"US Stock Market Highlights: S&P 500 edges up in choppy session, but ends week lower as tariff worries persist - CNBC TV18"
2025-04-16,IXIC: Nasdaq Composite Dives 3% as Tech Takes Cover Amid New White House Shakedown - TradingView — Track All Markets
2025-04-16,"Dow drops nearly 700 points, Nasdaq tumbles 3% in tech-driven sell-off: Live updates - CNBC"
2025-04-17,Why Alphabet Stock Fell Today - Nasdaq
2025-04-16,Chip stocks drag Nasdaq down 2% after new US export curbs; Nvidia drops 5% - The Economic Times
2025-04-16,"Wall Street today: Nasdaq slips over 2% after curbs on chip exports to China, Nvidia tanks 7.5%, AMD dips 6.84% - livemint.com"
2025-04-17,"Nasdaq Composite, S&P500 edge higher; Dow Jones tumbles over 1% as UnitedHealth falls 18% - TradingView — Track All Markets"
2025-04-15,S&P 500 falls marginally Tuesday as tariff volatility subsides: Live updates - CNBC
2025-04-17,"US Stock Market Highlights: Dow drops nearly 700 points, Nasdaq tumbles 3% in tech-driven sell-off - CNBC TV18"
2025-04-14,"Dow jumps 300 points, S&P 500 closes higher as tech shares rise after tariff exemptions: Live updates - CNBC"
2025-04-15,"US Stock Markets Highlights: Dow jumps 300 points, S&P 500 closes higher as tech shares rise after tariff exem - CNBC TV18"
2025-04-16,"Markets News, April 16, 2025: Stocks Plunge as Fed Chair Powell Weighs In on Tariffs; Nvidia, AMD Lead Tech Rout as US Restricts Chip Exports to China - Investopedia"
2025-04-17,"Markets News, April 17, 2025: S&P 500, Nasdaq Close Near Unchanged; Dow Slides as UnitedHealth Plunges - Investopedia"
2025-04-14,"Nasdaq up 1%, leads Wall Street higher after tariff break for electronics - The Economic Times"
2025-04-16,"US Stock Markets Highlights: Wall Street slips as earnings roll on, Volatility cools from last week's spike - CNBC TV18"
2025-04-16,Dow Drops 700 Points as Nvidia Charge Reignites Tariff Fears - Barron's
2025-04-16,"Stock Market News, April 16, 2025: Dow ends down nearly 700 points, Nasdaq tumbles 3.1% and S&P 500 lower after Powell signals rate cuts can wait - MarketWatch"
2025-04-14,Wall Street today: US stocks pare gains amid worries over escalating US-China trade war - livemint.com
2025-04-12,"US Stock Markets Highlights: Dow jumps 600 points Friday, capping one of the most volatile weeks on Wall Stree - CNBC TV18"
2025-04-16,1 Brilliant Nasdaq Index Fund to Buy Now That Soared 360% in the Last Decade - The Motley Fool
2025-04-15,"Markets News, April 15, 2025: Stocks Close Lower After Quiet Trading Day; Boeing Falls Amid US-China Tensions - Investopedia"
2025-04-14,Stocks Post Gains; Dow Rises More Than 300 Points - The Wall Street Journal
2025-04-14,5 things to know before the stock market opens Monday - CNBC
2025-04-14,"Markets News, April 14, 2025: Stocks Gain But Close Off Session Highs as Investors Digest News on Tech Tariff Exemptions - Investopedia"
2025-04-17,"Stock Market News, April 17, 2025: Dow Industrials Slip; Trump Renews Attack on Fed Chair Powell - The Wall Street Journal"
2025-04-17,"Nifty IT cracks 1.5% on US tech stocks sell-off, Wipro leads losses - Moneycontrol"
2025-04-16,"Dow, S&P 500 Futures Fall; Nasdaq Futures Lead Losses - The Wall Street Journal"
2025-04-15,"Stock Market News for Apr 15, 2025 - Nasdaq"
2025-04-17,Stocks close out choppy day after Trump calls for ousting Fed Chair Powell - CNN
2025-04-15,Dow Falls as U.S.-China Trade Tensions Ratchet Up - Barron's
2025-04-17,The One Stock Behind the Dow's Steep Drop Thursday - Investopedia
2025-04-11,"US stock market ends sharply lower on Trump's tariff risks; S&P 500 slumps 3.4%, Nasdaq crashes 4.3% - livemint.com"
2025-04-11,"Stock Market News, April 11, 2025: Stocks Rise Despite Recession Fears; Treasury Yield Surges - The Wall Street Journal"
2025-04-11,The Stock Market Has an Entry Point. We’re Not There Yet. - Barron's
2025-04-15,"Stock Market News, April 15, 2025: Dow falls over 150 points, S&P 500 and Nasdaq finish lower to snap 2-day winning streak - MarketWatch"
2025-04-17,These Were the 2 Top-Performing Stocks in the Nasdaq-100 in March 2025 - Yahoo Finance
2025-04-18,US Stock Market Update: Dow Jones falls 1.3%; Asian markets see gains - Zee Business
2025-04-15,Stock Market Today: Dow Drifts Lower; Global Markets Gain - The Wall Street Journal
2025-04-11,"Dow Jones Futures Rise On Trump Tariff News; JPMorgan, Nvidia Rally - Investor's Business Daily"
2025-04-14,Stocks Rise as Beijing Bites Back With 125% Tariff on U.S. Goods - Barron's
2025-04-16,Stocks slide as Powell warns of impact of tariffs on the economy - CNN
2025-04-16,"Stock market today: Dow, S&P 500, Nasdaq smoked as Powell warns of 'challenging' tariff impact, Nvidia plunges 7% - Yahoo Finance"
2025-04-16,Indexes drop as Fed's Powell says growth appears to be slowing; Nvidia tumbles - Reuters
2025-04-14,"Stock Market News for Monday, April 14, 2025: Dow Gains After Trump Tech Tariffs Move - Barron's"
2025-04-15,Should You Invest as Tariff Uncertainty Lingers? History Shows a Clear Pattern When It Comes to Stock Market Turbulence. - The Motley Fool
2025-04-16,"Live Nasdaq Composite: Gold Up, APLD (Nasdaq: APLD) Rises 5% in Bright Spot - 24/7 Wall St."
2025-04-17,"Stock market today: Dow slides as UnitedHealth plunges, Nasdaq, S&P 500 sputter to end down week - Yahoo Finance"
2025-04-15,"Stock market today: Dow, S&P 500, Nasdaq drift lower as tariff chaos pauses for a day - Yahoo Finance"
2025-04-17,Dow sees first ‘death cross’ since 2023 — but here’s the good news - MarketWatch
2025-04-17,Dow Falls After United Health Earnings Miss - Barron's
2025-04-14,Gains and US indices are eroding. NASDAQ index now back below its 100 hour MA and negative - TradingView — Track All Markets
2025-04-11,"Live Nasdaq Composite: AMD (Nasdaq: AMD) Rises, TXN Nasdaq: TXN) Falls Amid Economic Turbulence - 24/7 Wall St."
2025-04-11,Nasdaq Bear Market: Could Buying Nvidia Today Set You Up for Life? - Nasdaq
2025-04-17,"Dow Jones drops 1% dragged by UnitedHealth as S&P, Nasdaq rise - The Economic Times"
2025-04-18,The Stock Market Had Another Rough Week. Even Powell Is Feeling the Tariffs Pain. - Barron's
2025-04-14,"Stock Market News, April 14, 2025: Dow ends up 310 points, S&P 500 and Nasdaq finish higher as investors weigh tariff exemptions on electronics - MarketWatch"
2025-04-17,"Stock Market News for April 17, 2025: Dow ends 527 points lower, stocks book weekly losses ahead of long weekend; investors weigh odds of Trump looking to fire Powell and tariff talks - MarketWatch"
2025-04-17,Live Nasdaq Composite: CSX (Nasdaq: CSX) Rises Amid Pivot to Earnings - 24/7 Wall St.
2025-04-16,Stocks Fall as Powell Sees Tariff Challenges and Tech Pulls Back - The New York Times
2025-04-16,"US-China trade fight slams stocks, sends gold to record high - Reuters"
2025-04-17,Is Palantir Technologies Stock a Safe Investment to Hold in a Nasdaq Bear Market? - The Motley Fool
2025-04-11,US stock markets rally as White House says there is ‘great optimism’ in the economy – as it happened | Tariffs - The Guardian
2025-04-14,"Live Nasdaq Composite: AAPL, PLTR Jump Over 5% in Tech Buying Spree - 24/7 Wall St."
2025-04-17,"Most U.S. stocks rise, but UnitedHealth’s worst day in decades keeps Wall Street in check - BNN Bloomberg"
2025-04-16,"How to React After 'Death Cross' Hits S&P 500, Nasdaq - TheStreet Pro"
2025-04-15,"Live Nasdaq Composite: NFLX Pops 3%, BAC Up in Skittish Markets - 24/7 Wall St."
2025-04-15,Thinking About Buying Dividend Stocks During the 2025 Nasdaq Bear Market? Consider These Risks First. - The Motley Fool
2025-04-17,Dow Jones Dives 500 Points On UnitedHealth Crash; Trump Calls For Powell's Exit - Investor's Business Daily
2025-04-16,3 Magnificent Seven Stocks To Load Up on with the Nasdaq Composite in a Correction - 24/7 Wall St.
2025-04-13,Live Nasdaq Composite Futures: Will Magnificent 7 Stocks Soar on Monday? - AOL.com
2025-04-15,S&P 500 futures nudge higher as Treasury market anxiety cools - MarketWatch
2025-04-14,US stocks get boost from tariff exemptions but trade war confusion persists - CNN
2025-04-11,Stocks cap a manic week with their best performance since November 2023 - CBS News
2025-04-14,Stocks eye another volatile session after Trump’s surprise tariff pivot: Live Updates - Fox Business
2025-04-11,North American stocks jump on Friday as China-U.S. trade spat continues - CBC
2025-04-17,"S&P 500, Nasdaq gain on boost from US-Japan tariff talks - South China Morning Post"
2025-04-14,Nasdaq Bear Market: 3 Unstoppable Stocks You Can Buy With $300 Right Now - The Motley Fool
2025-04-18,S&P 500 Stocks Just Signaled a Death Cross. Don’t Panic. - Barron's
2025-04-16,U.S. stocks drop as Nvidia slides and the fog of Trump’s trade war thickens - BNN Bloomberg
2025-04-15,What Is the S&P 500 and Why Does It Matter to Traders? - CMC Markets
2025-04-13,"SPDR Portfolio S&P 1500 Composite Stock Market ETF: What Do You Get When You Buy ""Everything""? - The Motley Fool"
2025-04-22,"US markets snap 4-day losing streak: Dow Jones, S&P500, Nasdaq Composite jump 2% each in a relief... - Moneycontrol"
2025-04-24,"S&P 500 closes higher for a fourth day in a row, notches 4% gain for the week - CNBC"
2025-04-19,"Dow Jones, S&P 500, Nasdaq Composite: Equities face a US bond brick wall - BusinessLine"
2025-04-23,"Dow soars over 1000 points, Nasdaq rallies over 4% as Trump softens stance on Fed chair, China tariffs - Times of India"
2025-04-23,"US Stock Market Live Updates | Dow Jones Today: Dow jumps 1,000 pts, Nasdaq, S&P soar 3% on Trump U-turn ... - The Economic Times"
2025-04-23,"US stocks rise over White House's optimism on trade deal with China, Dow Jones up 2.7% | Hindustan Times - Hindustan Times"
2025-04-21,"Wall Street today: Nasdaq, Dow Jones, S&P 500 dip on fears of Fed Chair removal, escalating US-China trade war - livemint.com"
2025-04-25,US Tech 100 index price forecast: Third-party price target - Capital.com
2025-04-25,"Stock Market News, April 25, 2025: Nasdaq Climbs More Than 1% as Stocks Finish Strong Week - The Wall Street Journal"
2025-04-23,"Dow closes 400 points higher, but ends session well off the highs of the day: Live updates - CNBC"
2025-04-25,"US Stock Market Highlights: Dow, S&P and Nasdaq end third day straight in the green - CNBC TV18"
2025-04-22,"Dow soars 800 points, S&P, Nasdaq up over 2% as investors focus on earnings - The Economic Times"
2025-04-22,"Wall Street today: Nasdaq climbs over 2%, Dow Jones jumps 1.9%, S&P 500 up 1.8% as focus shifts to earnings - livemint.com"
2025-04-22,"Dow jumps 1,000 points Tuesday to snap four-day string of losses: Live updates - CNBC"
2025-04-23,"US Stock Market Highlights: Dow soars 1,016 points as Bessent signals likely US-China trade de-escalation - CNBC TV18"
2025-04-23,"Dow Jones jump 500 points, Nasdaq, S&P 500 rise 2% on Trump U-turn on Powell, China tariffs - The Economic Times"
2025-04-22,5 things to know before the stock market opens Tuesday - CNBC
2025-04-22,"US Stock Market Highlights: Dow slides more than 950 points as Trump rips Fed Chair Powell, reigniting investo - CNBC TV18"
2025-04-21,"Dow falls 1,000 points at open, Nasdaq down 3%, S&P 2% as Trump takes aim at Fed's Powell - The Economic Times"
2025-04-21,US stocks and dollar tumble as Trump renews attacks on Fed Chair Powell - Al Jazeera
2025-04-25,"Markets News, April 25, 2025: Stocks Rise to Extend Winning Streak to Four Days as Tesla, Nvidia Lead Tech Rally; Major Indexes Post Gains for Week - Investopedia"
2025-04-23,"Stock Market News, April 23, 2025: U.S. Considers Slashing China Levies; Dow Pares Early Surge - The Wall Street Journal"
2025-04-21,"Stock Market News for Monday, April 21, 2025: Dow Falls as Trump Renews Attack on Fed's Powell - Barron's"
2025-04-25,"Stock market today: Dow jumps 500 points, Nasdaq surges as Wall Street rallies for 3rd day on easing trade tensions - Yahoo Finance"
2025-04-23,"Stock market today: Dow rises 400 points, Nasdaq gains 2.5%, but mega-rally fades in late trading - Yahoo Finance"
2025-04-24,"Markets News, April 24, 2025: Stocks Surge for 3rd Straight Day as Investors Digest Earnings, Await News on Tariffs; Chipmakers Lead Tech Rally - Investopedia"
2025-04-22,"Stock Market News, April 22, 2025: Stock Futures Jump After Trump Says He Has No Plans to Fire Fed Chair - The Wall Street Journal"
2025-04-24,Stock Market News: S&P 500 Exits Correction Territory - Barron's
2025-04-21,Wall St ends sharply lower following Trump's anti-Powell tirade - Reuters
2025-04-25,"Stock Market on April 25, 2025: Dow ekes out gain Friday, Nasdaq and S&P 500 log big weekly advance; Big Tech stocks climb as investors weigh Alphabet's blowout earnings - MarketWatch"
2025-04-23,"Nasdaq 100 Forecast: QQQ rises on Trump's softer stance, Tesla jumps - FOREX.com"
2025-04-22,"Markets News, April 22, 2025: Stocks Surge as Market Bounces Back From Sell-Off; Bitcoin Jumps Above $92,000 - Investopedia"
2025-04-21,"Dow, Nasdaq, S&P500 takes a beating as Donald Trump slams Fed chief over rate cut inaction - Business Today"
2025-04-23,"Markets News, April 23, 2025: Major Indexes Rise as Trump Displays Softer Stance on Tariffs, Fed; Tesla, Chip Stocks Lead Tech Rally - Investopedia"
2025-04-22,"Dow Jones surges 1,000 points, Nasdaq up 3%, S&P 2% as US markets bounce back from Monday selloff - The Economic Times"
2025-04-24,Trump Tariffs News: Stocks Gain; China Says Not in Trade Talks With U.S. - The Wall Street Journal
2025-04-21,IXIC: Nasdaq Composite Wipes Out 2.5% as Trump Says “Major Loser” Powell Must Go Now - TradingView — Track All Markets
2025-04-25,The Stock Market Surged This Week. Why Its Next Move Looks to Be Lower. - Barron's
2025-04-21,"Markets News, April 21, 2025: Stocks Fall Sharply as Trump Ramps Up Criticism of Fed Chair Powell; Dollar Slides to 3-Year Low, Gold Jumps to New High - Investopedia"
2025-04-23,5 things to know before the stock market opens Wednesday - CNBC
2025-04-25,Dow Jones Falls Ahead Of Inflation Survey; Google Surges On Earnings - Investor's Business Daily
2025-04-23,"Dow Jones Surges 1,000 Points On Trump Comments; Apple, Nvidia, Tesla Rally - Investor's Business Daily"
2025-04-22,"Stock Market News: Dow Rises 1,000 Points After Selloff - Barron's"
2025-04-23,US stocks end higher after Trump soothes Fed independence worries - Financial Times
2025-04-25,Stock Market News: Dow Clinches Four-Day Rally - Barron's
2025-04-25,"Stock Market Highlights: Sensex settles 589 pts lower, Nifty below 24,100 on geopolitical tensions - The Economic Times"
2025-04-22,"Stock Market News, April 22, 2025: Dow ends up over 1,000 points, S&P 500 and Nasdaq score best day in 2 weeks on hopes U.S.-China trade tensions will ease; Tesla earnings on tap - MarketWatch"
2025-04-24,"Live Nasdaq Composite: AVGO (Nasdaq: AVGO) Rises, PEP Falls in Mixed Market Showing - 24/7 Wall St."
2025-04-23,"Stock Market News: Dow Rises as Trump Eases China, Powell Fears - Barron's"
2025-04-24,Stocks jump with tech shares; dollar dips after recent gains - Reuters
2025-04-23,"Stock Market News, April 23, 2025: Dow rises over 400 points, S&P 500 and Nasdaq finish sharply higher as traders digest Bessent comments on tariffs and Powell; Tesla shares bounce - MarketWatch"
2025-04-23,Wall Street ends higher on hopes of trade war de-escalation - Reuters
2025-04-25,"Stock Market Today: Nasdaq Jumps, Dow Jones Flat To End A Big Week; Apple Makes Huge Plan Amid Trump Tariff Threat (Live Coverage) - Investor's Business Daily"
2025-04-22,Today's Market: Nasdaq Leads Strong Market Rebound as S&P 500 and Dow Climb 2% - TradingView — Track All Markets
2025-04-22,3 clues about what's next for the S&P 500 after weeks of tariff-fueled selling - Business Insider
2025-04-25,"The road back to record highs in stocks won't be easy, strategist says - MarketWatch"
2025-04-22,"US Stock Market Today: Market rallies as Dow jumps 810 points, S&P 500 gains 109 points, Nasdaq surges 2.4 - The Economic Times"
2025-04-24,The Nasdaq 100 saw broadest stock rally in over 2 years — what happens next? - MarketWatch
2025-04-22,Why Nvidia Stock Is Jumping Today - Nasdaq
2025-04-22,"Stock market today: Dow gains 1,000 points, S&P 500 and Nasdaq gain over 2.5% on signs of tariff progress - Yahoo Finance"
2025-04-21,"Stock Market Today: Dow Jones Dives After Trump Does This; Netflix Tests Entry, Bill Ackman Stock Skids (Live Coverage) - Investor's Business Daily"
2025-04-25,"US stock market ends higher led by tech stocks, easing tariff tensions; Nvidia, Microsoft, Tesla shares jump 3% each - livemint.com"
2025-04-23,"US Stock Market Update: Dow jumps over 1,100 pts, Nasdaq 5 pts shy of 17,000 led by tech shares—Amazon, Apple among top blue-chip gainers - Zee Business"
2025-04-25,"Live Nasdaq Composite: GOOGL (Nasdaq: GOOGL) Rises, INTC (Nasdaq: INTC) Sinks on Tech Earnings Day - 24/7 Wall St."
2025-04-25,"Stock market today: Tesla surges 9%, S&P 500 gains for 4th-straight day in longest win streak since January - Yahoo Finance"
2025-04-25,Bitcoin – a certain kind of hedge? - DWS Asset Management
2025-04-23,S&P 500 futures rally after Trump eases Powell sacking fears - MarketWatch
2025-04-24,"Stock Market for April 24, 2025: S&P 500 exits correction as stocks score 3rd big day of gains with earnings and Fed talk on rates in focus; gold bounces after sharp drop; Alphabet and Intel earnings on tap - MarketWatch"
2025-04-24,"Wall Street ends higher on tech boost, easing tariff tensions - Reuters"
2025-04-23,"Live Nasdaq Composite: PLTR (Nasdaq: PLTR), APP (Nasdaq: APP) See Gains in Recovery Rally - 24/7 Wall St."
2025-04-24,IXIC: Nasdaq Composite Gains 2.5% as Traders Snap Up Tech Stocks Amid Cooling Policy Jitters - TradingView - Alle Märkte im Blick
2025-04-20,Stocks Poised for Lower Open - Barron's
2025-04-22,BTC Closing In on Historic Breakout vs. Nasdaq - CoinDesk
2025-04-21,Will the Stock Market Crash Again in 2025? Here's What History Shows. - Yahoo Finance
2025-04-25,Wall Street ends week on muted note amid ongoing trade uncertainty - CBS News
2025-04-19,Should You Buy the Stock Market Dip? - Barron's
2025-04-20,"US stock market prediction: S&P 500, Nasdaq, Dow Jones outlook is out, all eyes on Tesla, Google-parent Al - The Economic Times"
2025-04-25,"Indian stock market: 7 key things that changed for market overnight - Gift Nifty, US tech stocks rally to gold prices - livemint.com"
2025-04-21,"Stock Market News April 21, 2025: Dow ends down 970 points, S&P 500 and Nasdaq finish sharply lower as Trump slams Powell; dollar tumbles while gold hits record - MarketWatch"
2025-04-21,Stock markets tumble as investors pull back from American assets - CBC
2025-04-21,"£10,000 invested in the Nasdaq at the start of 2025 is now worth… - Fool UK"
2025-04-22,Future Rebound From Market Sell-Off; Tesla Earnings Next - Investor's Business Daily
2025-04-19,1 No-Brainer High-Yield Index Fund to Buy Right Now for Less Than $100 - Nasdaq
2025-04-21,"Dow drops over 1,000 points, dollar sinks, yields rise in 'clear signal risk to Fed independence is negative for all major U.S. asset classes' - MarketWatch"
2025-04-21,U.S. stocks finish sharply lower after Trump slams Powell again - MarketWatch
2025-04-21,Stocks End Sharply Lower. The Dow Is on Pace for Worst April Since 1932. - Barron's
2025-04-25,"Wall Street ends with weekly gains as trade negotiations, earnings in focus - Reuters"
2025-04-21,"Bitcoin rises above $88,000 as 'main street proxy' outperforms Nasdaq amid Trump tariff turmoil - Yahoo Finance"
2025-04-22,"Live Nasdaq Composite: DDOG (Nasdaq: DDOG), COIN (Nasdaq: COIN) Rise in Market Rebound - 24/7 Wall St."
2025-04-22,"Dow ends up over 1,000 points, S&P 500 and Nasdaq score best day in 2 weeks on hopes U.S.-China trade tensions will ease - MarketWatch"
2025-04-25,US stocks close higher amid trade war optimism and earnings. Tesla pops. - USA Today
2025-04-23,Wall Street rises and markets rally worldwide as Trump softens his tough talk on tariffs and the Fed - BNN Bloomberg
2025-04-25,"Stock Market Sell-Off: Should You Buy the Dip, or Is This Time Different? - The Motley Fool"
2025-04-24,"Wall Street’s rally roars into a 3rd day as companies’ profits keep piling up, for now at least - BNN Bloomberg"
2025-04-21,"Nasdaq Composite Live: NFLX (Nasdaq: NFLX), WWW (NYSE: WWW) Rise in Uncertain Markets - 24/7 Wall St."
2025-04-22,Stock Market Sell-Off: 2 No-Brainer Vanguard Index Funds to Buy With $500 Right Now - Nasdaq
2025-04-25,"Big Tech carries Wall Street to the close of its winning, roller-coaster week - BNN Bloomberg"
2025-04-28,"Dow jumps 300 points Tuesday on tariff deal hopes, S&P 500 rises for a sixth session: Live updates - CNBC"
2025-04-30,"US markets Today: Dow slumps over 400 points, Nasdaq slides after data shows economy contracted last quar - Times of India"
2025-05-01,The Nasdaq Composite Is Back to Pre-‘Liberation Day’ Levels - The Wall Street Journal
2025-05-01,IXIC: Nasdaq Composite Surges 1.5% as Traders Cheer Big Tech Earnings Data - TradingView — Track All Markets
2025-04-29,US Stock Market Highlights: S&P 500 ekes out fifth winning day as Big Tech earnings loom - CNBC TV18
2025-04-30,"Wall Street today: Nasdaq slumps 1.7%, S&P 500 tumbles 1.2% on recession fears after weak GDP data - livemint.com"
2025-04-28,"S&P500, Nasdaq Composite slip ahead of tech earnings; Dow Jones adds 150 pts - Moneycontrol"
2025-04-30,"US stocks recover from lows, Nasdaq, S&P trade 1% lower as inflation data offsets US economy contraction - The Economic Times"
2025-04-30,"Stock market today: Dow, S&P 500, Nasdaq come back from steep lows after GDP print to cap turbulent April - Yahoo Finance"
2025-04-30,"Dow rises more than 100 points, S&P 500 books third straight losing month: Live updates - CNBC"
2025-04-27,IXIC: Nasdaq Composite Futures Fall Ahead of Busy Week of Big Earnings and Key Data - TradingView — Track All Markets
2025-05-02,"Wall Street today: Nasdaq gains 1.76%, Dow Jones up 1.5%, S&P 500 adds 1.6% on stronger jobs data, easing trade tensions - livemint.com"
2025-04-28,S&P 500 ekes out fifth winning day as Big Tech earnings loom: Live updates - CNBC
2025-04-26,"US Stock Market Highlights: S&P 500 closes higher for a fourth day in a row, notches 4% gain for the week - CNBC TV18"
2025-05-02,"Dow jumps 500 points, S&P 500 posts longest win streak in 20 years as stocks claw back tariff losses: Live updates - CNBC"
2025-05-01,Stocks rise to kick off May as Microsoft and Meta rekindle the AI trade: Live updates - CNBC
2025-05-01,5 things to know before the stock market opens Thursday - CNBC
2025-04-30,"Stock Market News, April 30, 2025: Dow, S&P 500 Rally Into Close; GDP Data Shows Economy Contracting - The Wall Street Journal"
2025-05-02,"Stock Market News, May 2, 2025: Dow Rallies on Jobs Report, Signs of Potential China-U.S. Thaw - The Wall Street Journal"
2025-05-01,Why Eli Lilly Stock Is Sinking Today - Nasdaq
2025-04-30,"S&P 500, Dow close out April in the red as economy contracts for first time since 2022 - CNN"
2025-04-30,"Markets News, April 30, 2025: S&P 500, Dow Extend Winning Streaks as Stocks Rebound From Post-GDP Report Lows; Indexes Still Post April Losses - Investopedia"
2025-04-29,The stock market’s worst first 100 days of any presidential term in more than 50 years - CNN
2025-05-01,"Stock Market News, May 1, 2025: Meta, Microsoft Earnings Help Ease Fears of Tariff Hit to Magnificent Seven - The Wall Street Journal"
2025-05-02,"Wall Street stocks buoyed by strong economic data, possible US-China trade talks - Reuters"
2025-05-02,"Stock market today: S&P 500 wipes out Trump tariff losses, marks longest winning streak in 20 years as trade war cools - Yahoo Finance"
2025-04-28,"Stock Market News for Monday, April 28, 2025: The Dow Rebounds While Nasdaq Falters - Barron's"
2025-05-01,"Stock Market News for May 1, 2025 - Yahoo Finance"
2025-04-29,Nasdaq Index: Tech Stocks Drag US Indices Ahead of Meta and Microsoft Earnings - FXEmpire
2025-05-02,Stock Market Winning Streak Is the Best in 21 Years. Why It’s Looking Fragile. - Barron's
2025-04-30,100 days: The US stock market's rollercoaster ride since Trump took office - CNN
2025-05-01,"Stocks close higher, lifted by Microsoft, Meta earnings - Reuters"
2025-05-01,"Markets News, May 1, 2025: S&P 500, Dow Rise for 8th Straight Day as Strong Earnings from Microsoft, Meta Boost AI Stocks; Jobs Report Comes Friday - Investopedia"
2025-04-27,Here's How Much a $100 Monthly Investment in the Nasdaq 100 Could Grow Over the Long Term - Nasdaq
2025-04-28,"Markets News, April 28, 2025: S&P 500, Dow Extend Winning Streaks to 5 Days as Stocks Rally in Late Trading - Investopedia"
2025-04-29,Nasdaq-100 vs. Nasdaq Composite: A Detailed Breakdown of Nasdaq - MarketBeat
2025-05-01,"Stock market today: Nasdaq surges as AI trade reignites amid Big Tech earnings, Dow, S&P 500 rise for 8th day - Yahoo Finance"
2025-05-02,"Dow extends win streak, Nasdaq leads gains after April jobs data - Yahoo Finance"
2025-04-30,This Stock Market Indicator Has Been 100% Accurate Since 1957. It Signals a Big Move in 2025. - Nasdaq
2025-05-01,Nasdaq Composite erases post-'liberation day' losses - MarketWatch
2025-04-30,"Stock Market News, April 30, 2025: Dow logs longest win streak in nearly a year, S&P 500 rises for 7th straight session despite negative GDP report; PCE data shows inflation slows in March - MarketWatch"
2025-05-01,"Stock Market Today: Nasdaq Surges As Meta, Microsoft Recover Lost Ground; These Two Leading Growth Stocks Jam (Live Coverage) - Investor's Business Daily"
2025-05-02,"Markets News, May 2, 2025: Stocks Erase April's Losses on Strong Jobs Report, Hope for China Tariff Talks; S&P 500 Has Longest Winning Streak Since 2004 - Investopedia"
2025-04-30,"Late rally propels Dow, S&P 500 to slight gains - Reuters"
2025-05-02,"Wall Street sees 9th straight day of gains, reclaiming losses since Trump's tariff escalation - PBS"
2025-05-01,Nasdaq Recovers Post-'Liberation Day' Losses - Barron's
2025-04-29,"Stock market today: Dow extends longest win streak of 2025 as S&P 500, Nasdaq climb after latest tariff relief - Yahoo Finance"
2025-04-29,"Markets News, April 29, 2025: S&P 500, Dow Rise for 6th Consecutive Day as Stock Investors Digest Earnings Barrage, Tariff News - Investopedia"
2025-04-28,"Stock market today: Dow, S&P 500 erase slide to rise for 5th straight day in lead up to Big Tech earnings - Yahoo Finance"
2025-05-02,S&P 500 posts longest winning streak in 20 years as Trump and China show some willingness to bend on trade - CNN
2025-04-28,"S&P 500 ekes out slight gain with data, megacap earnings eyed - Reuters"
2025-05-01,"Dow Jones Futures Rally Ahead Of Jobless Claims; Meta, Microsoft Surge On Earnings - Investor's Business Daily"
2025-04-29,"Stock Market News, April 29, 2025: Dow, S&P 500 extend win streak, Nasdaq finishes higher; Spotify slumps, gold eases as investors review Trump's first 100 days - MarketWatch"
2025-04-29,Live Nasdaq Composite: Markets Stand Still on Tariff and Tech Tussle - 24/7 Wall St.
2025-04-29,"Stock Market on April 28, 2025: Dow, S&P 500 score 5th day of gains, Nasdaq ends down as tariff-wary investors await busy week of earnings and economic data - MarketWatch"
2025-04-29,"Equities end higher after choppy trade as earnings, data, tariffs gauged - Reuters"
2025-05-01,"US stocks end higher on tech boost, yen slides on BOJ gloom - Reuters"
2025-04-30,These 2 Nasdaq-100 Stocks Are Down Around 50% This Year - The Motley Fool
2025-05-01,"Stock Market News for May 1, 2025: Dow, S&P 500 finish 8th day higher; Nasdaq erases 'liberation day' losses as Microsoft and Meta shares surge; Apple and Amazon results on tap. - MarketWatch"
2025-05-02,"Stock Market on May 2, 2025: Dow, Nasdaq end sharply higher after U.S. jobs report; S&P 500 erases post-'liberation day' losses as it logs longest winning streak since 2004 - MarketWatch"
2025-05-02,S&P 500 Notches Longest Winning Streak in More Than 20 Years - Barron's
2025-04-30,Live Nasdaq Composite: Is This the Start of a 2025 Crash? - 24/7 Wall St.
2025-04-30,Stock Market News: Dow and S&P 500 Rise After Weak Economic Data - Barron's
2025-04-28,Stock market today: Wall Street takes a breath ahead of another week full of potential swings - BNN Bloomberg
2025-05-02,The Nasdaq Composite Just Disrupted the Tariff Narrative by Doing This - 24/7 Wall St.
2025-04-28,"Stock Market Analysis: Nasdaq 100 Falls 1%, S&P 500 and Dow Extend - Markets.com"
2025-04-29,Stock Market News: Dow Notches 6-Day Winning Streak - Barron's
2025-05-01,"The Nasdaq Composite Just Did This, And Here Why Investors Need to Pay Attention - 24/7 Wall St."
2025-05-01,Stock Market News: Big Tech Earnings Boost the Nasdaq - Barron's
2025-05-02,Stock Market News: S&P 500 Notches Longest Winning Streak In More Than 20 Years - Barron's
2025-04-29,What Is the Nasdaq Stock Market? - MarketBeat
2025-04-30,Live Nasdaq Composite: Is This the Start of a 2025 Crash? - AOL.com
2025-04-30,"Stocks make comeback, close in the green after early losses - CBS News"
2025-05-01,"The Nasdaq Composite Just Did This, And Here Why Investors Need to Pay Attention - AOL.com"
2025-04-30,"Under Trump, Stocks Have the Worst Start to a Presidential Term Since 1974 - The New York Times"
2025-04-30,Volume On The Nasdaq Was The Third Highest In History On Tuesday. Here Is The Fine Print. - Investor's Business Daily
2025-04-25,Nasdaq vs NYSE: Key Differences Every Investor Must Know - EBC Financial Group
2025-04-25,"Stock futures shed overnight gains, signaling weaker opening to trade - CBS News"
2025-04-26,The Nasdaq-100 Just Did Something for Only the 10th Time in 23 Years -- and It Has a 91% Success Rate of Forecasting Future Stock Moves - The Motley Fool
2025-04-29,"US stock market today: Dow jumps 230 as Nasdaq slides and S&P stumbles; UPS cuts, Trump tariffs rattle Wal - The Economic Times"
2025-04-30,"Wall Street storms back from early losses, echoing its manic moves through a historic April - BNN Bloomberg"
2025-04-29,Live Nasdaq Composite: Markets Stand Still on Tariff and Tech Tussle - AOL.com
2025-04-29,"Trump’s First 100 Days Were Worst for Dow, S&P 500 Since Nixon - The Wall Street Journal"
2025-05-06,Should Fidelity Nasdaq Composite Index ETF (ONEQ) Be on Your Investing Radar? - Nasdaq
2025-05-06,"Dow slides nearly 400 points, S&P 500 books back-to-back losses as path on trade deals remains unclear: Live updates - CNBC"
2025-05-04,"Dow Jones, S&P 500, Nasdaq Composite: Rapid de-dollarisation may be a pyrrhic victory - BusinessLine"
2025-05-06,"Stock Market News, May 6, 2025: Stock-Index Futures Bounce on Plans for U.S.-China Trade Talks - The Wall Street Journal"
2025-05-06,US Stock Market Highlights: S&P 500 snaps nine-day winning run as uncertainty on tariff deals weighs on market - CNBC TV18
2025-05-05,"Stock Market News From May 5, 2025: Dow, S&P 500, Nasdaq Fall; Fed Meeting; Palantir and More Movers - Barron's"
2025-05-09,"Stock market today: Dow, S&P 500, Nasdaq end volatile week lower as Wall Street braces for US-China talks - Yahoo Finance"
2025-05-09,"Markets News, May 9, 2025: Stocks Close Little Changed as Investors Await News From US, China Trade Talks; Major Indexes Post Losses for the Week - Investopedia"
2025-05-07,"US Stock Market Highlights: Dow slides nearly 400 points, S&P 500 books back-to-back losses as path on trade d - CNBC TV18"
2025-05-08,"Wall Street today: S&P 500, Dow Jones, Nasdaq surge on US-UK trade deal - livemint.com"
2025-05-05,"Dow Jones, S&P 500, Nasdaq, Sensex: What a US Recession Means to Global Equities? - BusinessLine"
2025-05-07,S&P 500 closes higher in volatile session as traders grapple with Fed and trade developments: Live updates - CNBC
2025-05-03,"US Stock Market Highlights: Dow jumps 500 points, S&P 500 posts longest win streak in 20 years as stocks claw - CNBC TV18"
2025-05-07,"Wall Street today: US stocks waver ahead of Fed rate decision, Walt Disney soars 10%, Uber falls 2.48% - livemint.com"
2025-05-05,S&P 500 snaps nine-day winning run as uncertainty on tariff deals weighs on markets: Live updates - CNBC
2025-05-09,US Stock Market Highlights: Dow Jones closes 200 points higher after Trump announces outline of UK trade deal - CNBC TV18
2025-05-09,Dow drops more than 100 points Friday as investors await U.S.-China trade talks: Live updates - CNBC
2025-05-08,5 things to know before the stock market opens Thursday - CNBC
2025-05-06,"Wall Street today: Nasdaq, Dow Jones, S&P 500 slip on Trump’s pharma tariff threats - livemint.com"
2025-05-05,5 things to know before the stock market opens Monday - CNBC
2025-05-07,Late chip rally lifts stocks after Fed holds rates steady - Reuters
2025-05-02,US Stock Market Highlights: Stocks rise to kick off May as Microsoft and Meta rekindle the AI trade - CNBC TV18
2025-05-07,Nasdaq Edges Up After Chip Stocks Spike Right Before the Close - Barron's
2025-05-05,"Wall Street slips as oil falls, Tech stock drags Nasdaq, S&P 500 ends 9-day winning streak - Times of India"
2025-05-08,US Fed Meeting Highlights: Powell-led FOMC holds rates steady; S&P 500 closes higher in volatile session - CNBC TV18
2025-05-06,"Markets News, May 6, 2025: Stocks Fall for 2nd Straight Day as Investors Await Tariff News, Fed Decision; Palantir Plunges After Earnings - Investopedia"
2025-05-05,"Stock Market News, May 5, 2025: S&P 500, Dow Break Nine-Session Winning Streaks - The Wall Street Journal"
2025-05-07,"Stock market today: Dow, S&P 500, Nasdaq rise as Fed holds rates steady, Powell sticks to 'wait and see' - Yahoo Finance"
2025-05-08,"Stock market today: Dow, S&P 500, Nasdaq rally on trade optimism as Trump says 'buy stock now' - Yahoo Finance"
2025-05-08,Stock Market News: Dow Pops as Trump Announces U.S.-U.K. Trade Deal - Barron's
2025-05-07,Best Nasdaq 100 Index ETFs to Watch in 2025 - Investing.com
2025-05-05,"Stock market today: Dow, S&P 500 snap historic run of gains as tariff risks return, Fed decision looms - Yahoo Finance"
2025-05-07,Dow Jones Futures Rise On U.S.-China Trade Talks; Fed Chief Powell Due - Investor's Business Daily
2025-05-06,The Stock Market Rally Stalls. Was It a Bear Rally—or a New Bull? Here Are the Facts. - Barron's
2025-05-06,"US Stock Market Close: All Three Major Indexes Close Lower, Berkshire Hathaway Plunges Over 5% - Shanghai Metals Market"
2025-05-05,Why the Dow Is Holding Up Better than the S&P 500 and Nasdaq Today - Barron's
2025-05-06,The S&P and Nasdaq indice bounce near 50-hour MAs. Buyers still holding short-term control - TradingView — Track All Markets
2025-05-05,"Markets News, May 5, 2025: S&P 500, Dow Close Lower for the First Time in Two Weeks as Investors Await News on Tariffs, Fed Meeting - Investopedia"
2025-05-05,"Wall Street today: S&P 500 & Nasdaq fall, Dow Jones rises after new Trump tariffs rekindle trade war worries - livemint.com"
2025-05-08,"Markets News, May 8, 2025: Stocks Close Higher After Trump Unveils UK Trade Deal, Says More Are Coming; Bitcoin Jumps Above $100K for First Time in 3 Months - Investopedia"
2025-05-07,"Markets News, May 7, 2025: Stocks Rise as Investors Digest Latest News on Tariffs, Fed Interest Rate Decision; Disney Surges, Alphabet Plunges - Investopedia"
2025-05-07,The Rising Dow Tells the Real Story of the Stock Market Today - Barron's
2025-05-09,Fitness Champs Holdings Limited(NasdaqCM: FCHL) added to NASDAQ Composite Index - MarketScreener
2025-05-06,"Stock market today: Dow, S&P 500, Nasdaq slide ahead of Fed decision as tariff fears return - Yahoo Finance"
2025-05-09,"Stock Market on May 9, 2025: S&P 500, Dow end lower Friday while Nasdaq finishes flat as U.S.-China talks loom; stocks book modest weekly declines - MarketWatch"
2025-05-07,Stock Market News: Dow Rises In Choppy Trading - Barron's
2025-05-09,"Stock Market News, May 9, 2025: Trump Floats Lowering China Tariffs to 80%, Says Many Trade Deals to Come - The Wall Street Journal"
2025-05-09,Stock Market News: Dow Falls Ahead of U.S.-China Trade Talks - Barron's
2025-05-07,"Stock Market Today: Dow Jones Up, Nvidia stock fluctuates, Nasdaq Rises - Markets.com"
2025-05-08,"US stocks open higher: Dow climbs 220 points, Nasdaq jumps 1% - TradingView — Track All Markets"
2025-05-09,"Stock Market Highlights: Sensex settles 880 pts lower as India-Pakistan tensions escalate, Nifty below 24,050 - The Economic Times"
2025-05-07,Why Disney Stock Is Soaring Today - Nasdaq
2025-05-09,The Nasdaq Has Fallen Nearly 10% as of the End of April. That's Its Second-Worst Start in 20 Years. What Should Investors Do? - The Motley Fool
2025-05-06,Dow Jones Slides 450 Points Ahead Of Fed Meeting; Palantir Plunges On Earnings - Investor's Business Daily
2025-05-05,Live Nasdaq Composite: Fear Grips Markets as Investor Sentiment Shifts Yet Again - 24/7 Wall St.
2025-05-07,"Stock Market News, May 7, 2025: Dow rises over 280 points, S&P 500 and Nasdaq finish higher after Fed leaves rates unchanged, while investors dial back hopes for June rate cut; Trump says he won’t lower tariffs ahead of U.S.-China talks - MarketWatch"
2025-05-05,Why Lucid Stock Is Sinking Today - Nasdaq
2025-05-07,Dow Jones Rises On U.S.-China Trade Talks With Powell Briefing Due; CrowdStrike Dives On Layoffs - Investor's Business Daily
2025-05-04,Stock Futures Fall Ahead of Fed Decision - Barron's
2025-05-08,U.S. stocks higher at close of trade; Dow Jones Industrial Average up 0.62% - Investing.com
2025-05-08,Dow Jones Rallies On Trump's 'Major Trade Deal'; Nvidia Partner Arm Dives On Earnings - Investor's Business Daily
2025-05-02,US stocks end in positive territory with big gain in tech - Anadolu Ajansı
2025-05-05,"Dow Jones Falls 200 Points On Trump Tariff News; Nvidia, Tesla Slide - Investor's Business Daily"
2025-05-02,"The Market Rally Is Strong, This Would Send It Stratospheric. And 5 Other Things to Know Today. - Barron's"
2025-05-07,Stocks Boosted as US and China Agree to Begin Trade Talks - Nasdaq
2025-05-07,Will Stocks Echo 2020 Bottom? This Signal Looms Large - Investor's Business Daily
2025-05-05,"Stock Market News, May 5, 2025: Dow, S&P 500 snap 9-day winning streaks, Nasdaq ends lower with Trump’s tariffs in focus - MarketWatch"
2025-05-02,"Indian stock market: 8 key things that changed for market overnight - Gift Nifty, US-China trade talks to gold prices - livemint.com"
2025-05-06,"Stock Market News From May 7, 2025: Dow, S&P 500, Nasdaq Fall; Palantir, Tesla, More Movers - Barron's"
2025-05-08,Wall Street gains as first trade deal reached - Reuters
2025-05-08,Live Nasdaq Composite: Markets Rise on Trade-Deal Promise - 24/7 Wall St.
2025-05-05,S&P 500 snaps 9-session win streak after latest Trump tariff - Reuters
2025-05-06,Live Nasdaq Composite: Market Jitters Take Hold in Fed Bonanza - 24/7 Wall St.
2025-05-03,"Wall Street predictions for next week: After 9 days of straight gains, will the S&P 500 and Nasdaq continu - The Economic Times"
2025-05-06,Stocks open lower as 'a few worrisome items' are on investors' minds - MarketWatch
2025-05-07,Live Nasdaq Composite: Markets Rise on Fed Day Amid Trade Deal Hopes - 24/7 Wall St.
2025-05-02,Global stock market indices: How the world markets performed today - 02 May 2025 - Editorji
2025-05-09,Wall St closes near flat with focus on US-China talks - Reuters
2025-05-05,Global stock market indices: How the world markets performed today - 05 May 2025 - Editorji
2025-05-07,Stock Market Ends Higher As Powell Stands Firm on Rates; Trump Boosts Nvidia But Google Parent Dives - Investor's Business Daily
2025-05-08,Live Nasdaq Composite: Markets Rise on Trade-Deal Promise - AOL.com
2025-05-06,U.S. stocks sink again as more companies detail damage they’re taking because of Trump’s trade war - BNN Bloomberg
2025-05-09,Live Nasdaq Composite: Markets Rise as China Tariffs Do This - 24/7 Wall St.
2025-05-08,"US Stock Market Today: Market surges as trade deal hopes lift Wall Street; Dow +253 pts, S&P 500 +0.6%, Na - The Economic Times"
2025-05-02,"Stocks open higher, S&P 500 heads for longest winning streak in more than 20 years - MarketWatch"
2025-05-09,U.S. stocks end mostly lower ahead of trade talks between U.S. and China - MarketWatch
2025-05-14,S&P 500 ticks higher as traders extend tariff relief rally for a third day: Live updates - CNBC
2025-05-13,"S&P500, Nasdaq Composite gain on inflation data; Dow Jones in red as UnitedHealth drops 14% - Moneycontrol"
2025-05-14,Nasdaq 100 Forecast: Can Bulls Sustain the Momentum? - FOREX.com
2025-05-14,"Markets News, May 14, 2025: S&P 500 Inches Higher, Nasdaq Composite Rises for 6th Straight Day as Nvidia, Tesla and AMD Surge - Investopedia"
2025-05-14,"US Stock Market Updates: S&P 500 closes higher Tuesday, wiping out 2025 loss, as Nvidia surges - CNBC TV18"
2025-05-12,"Wall Street today: Nasdaq rallies 3.6%, S&P 500 jumps 2.6%, Dow Jones gains 2.2% on US-China trade deal - livemint.com"
2025-05-16,"S&P 500 posts fifth winning day, notches 5% weekly gain as U.S.-China trade tensions ease: Live updates - CNBC"
2025-05-13,"US Stock Market Highlights: Dow Jones zooms 1,100 points after China and US agree to temporary tariff cuts - CNBC TV18"
2025-05-14,"S&P 500 closes higher for a fourth day, Dow jumps more than 250 points: Live updates - CNBC"
2025-05-16,"US Stock Market Highlights: S&P 500 closes higher for a fourth day, Dow jumps more than 250 points - CNBC TV18"
2025-05-15,"Markets News, May 15, 2025: S&P 500 Rises for Fourth Straight Day; Nasdaq Winning Streak Snapped - Investopedia"
2025-05-16,5 things to know before the stock market opens Friday - CNBC
2025-05-13,5 things to know before the stock market opens Tuesday - CNBC
2025-05-12,"Dow jumps more than 1,100 points, S&P 500 rises 3% on China-U.S. temporary tariff cut: Live updates - CNBC"
2025-05-13,"S&P 500 closes higher Tuesday, wiping out 2025 loss, as Nvidia surges: Live updates - CNBC"
2025-05-12,5 things to know before the stock market opens Monday - CNBC
2025-05-15,5 things to know before the stock market opens Thursday - CNBC
2025-05-12,"NASDAQ breaks key moving averages, bullish trend in place - TradingView — Track All Markets"
2025-05-12,"US Stock Market Live Updates | Dow Jones Today: Dow Jones soars 1,000 pts, Nasdaq up nearly 4% on US-Chin... - The Economic Times"
2025-05-13,"Wall Street today: Nasdaq rises 1.65%, S&P 500 gains 0.93%, Dow Jones falls 0.21% after benign CPI inflation data - livemint.com"
2025-05-16,"Nasdaq 100 overbought, 30-year Treasury, gold: Market Takeaways - Yahoo Finance"
2025-05-12,"Dow Jones soars 1,000 points, Nasdaq, S&P up 3% on US, China tariff truce - The Economic Times"
2025-05-13,"Markets News, May 13, 2025: Stocks Extend Rally After Encouraging Inflation Data; S&P 500 Goes Positive for 2025 as Nvidia, Palantir Lead Tech Surge - Investopedia"
2025-05-16,What Made Us Shift From All Cash To Margin In Just A Few Weeks? - Investor's Business Daily
2025-05-15,"Wall Street today: S&P 500, Dow Jones, Nasdaq fall after mixed economic data, UnitedHealth dips 15% - livemint.com"
2025-05-16,"Stock market today: S&P 500 notches 5-day win streak, Nasdaq gains 7% for week as Wall Street shakes off trade war worries - Yahoo Finance"
2025-05-11,Prediction: This Artificial Intelligence (AI) Semiconductor Stock Will Soar After May 28 - Nasdaq
2025-05-13,Wall street rallies on cooling inflation; S&P 500 rebounds to erase 2025 losses - Times of India
2025-05-13,Stock Market News: S&P 500 Turns Positive on the Year - Barron's
2025-05-13,Why One Stock Sent the Dow Lower on Tuesday - Investopedia
2025-05-15,Nasdaq 100 Positions for Upside With Tariff Overhang Starting to Fade - Investing.com
2025-05-14,"Stock market today: Nasdaq notches 6th day of gains as Nvidia, chips lead tech rally - Yahoo Finance"
2025-05-16,The AI Trade Is Back—and That’s Good Enough for the Stock Market - Barron's
2025-05-10,Correction or Not: This Artificial Intelligence (AI) Stock Is a Great Long-Term Bet - Nasdaq
2025-05-15,US Stock Market Highlights: S&P 500 ticks higher for a third day as traders extend tariff relief rally - CNBC TV18
2025-05-16,"Stock Market News, May 15, 2025: S&P 500 Climbs; Walmart to Raise Prices Because of Tariffs - The Wall Street Journal"
2025-05-16,Stocks Finish Higher on Fed Rate Cut Hopes - Nasdaq
2025-05-12,"Stock market today: Dow jumps 1,100 points, S&P 500 and Nasdaq surge after US-China tariff rollback triggers buying spree - Yahoo Finance"
2025-05-13,"S&P 500, Nasdaq end higher on soft inflation data, trade optimism - Reuters"
2025-05-16,US markets edge higher ahead with mixed sentiment amid economic concerns - Times of India
2025-05-14,"S&P500, Nasdaq Composite, Dow Jones hold steady as tech leads rally, trade respite boosts sentiment - TradingView — Track All Markets"
2025-05-16,"Stock Market News, May 16, 2025: Stocks Rise After Trump Unveils New Tariff Wrinkle - The Wall Street Journal"
2025-05-12,IXIC: Nasdaq Jumps 4.3% to Blast into Bull Market as US-China Deal Sparks “Everything Rally” - TradingView — Track All Markets
2025-05-14,Stock Market News: Nasdaq Gains From AI Boost - Barron's
2025-05-16,"US Stock Market Live Updates | Dow Jones Today: US stocks trade flat, set for strong weekly gains on trad... - The Economic Times"
2025-05-15,Dow Jones Falls On Powell Warning; UnitedHealth Plunges On Criminal Probe - Investor's Business Daily
2025-05-14,"Stock Market News, May 14, 2025: Nasdaq Edges Up, Bond Yields Climb - The Wall Street Journal"
2025-05-16,"Markets News, May 16, 2025: S&P 500 Extends Winning Streak as Major Stock Indexes Post Big Gains for the Week; UnitedHealth Surges After Sell-Off - Investopedia"
2025-05-12,"Dow Jones Futures Surge As U.S., China Slash Tariffs; Tesla, Palantir, Alibaba Jump - Investor's Business Daily"
2025-05-13,"Stock Market News, May 13, 2025: S&P 500 Turns Positive on Year For First Time Since February - The Wall Street Journal"
2025-05-14,Wall Street today: US stocks drift amid hopes of more trade deals - livemint.com
2025-05-10,US Stock Market Highlights: Dow drops more than 100 points Friday as investors await US-China trade talks - CNBC TV18
2025-05-12,"Dow Jones Surges 1,000 Points On Trump-China Tariff Deal; Apple, Nvidia, Tesla Rally - Investor's Business Daily"
2025-05-12,Live Stock Market Updates: Nasdaq Composite Opens Up 4% - 24/7 Wall St.
2025-05-16,"Wall Street advances on trade hopes, data shows investor pessimism - Reuters"
2025-05-12,Nasdaq on track to exit bear-market territory as stocks rip - MarketWatch
2025-05-14,"Dow Jones Rises As Nvidia, Tesla Rally; Super Micro Soars On $20 Billion AI Deal - Investor's Business Daily"
2025-05-12,Live Nasdaq Composite: China Trade Talk Success Unleashes Market Bulls - 24/7 Wall St.
2025-05-13,"S&P 500 edges higher, moves into positive territory for 2025 - The Washington Post"
2025-05-15,"Stock market today: Dow jumps, Nasdaq snaps 6-day win streak as Walmart previews tariff-fueled price hikes - Yahoo Finance"
2025-05-12,"Stock Market News From May 12, 2025: Dow, S&P 500, Nasdaq Soar; U.S.-China Trade Deal; Amazon and More Movers; Live News - Barron's"
2025-05-11,Ahead of Market: 10 things that will decide stock market action on Monday - The Economic Times
2025-05-15,"Dow Rises After Inflation, Retail Sales Reports - Barron's"
2025-05-15,Canada's S&P/TSX Composite Index Reached Record Closing High - Nasdaq
2025-05-12,"Nasdaq soars over 4%, leads stock rally after US-China truce - Yahoo Finance"
2025-05-12,"Dow soars 1,100 points after Trump team and China dramatically lower tariffs - CNN"
2025-05-15,A Nasdaq Bull Market Is Coming. 3 Things You Should Do Before It Arrives. - The Motley Fool
2025-05-12,"Nasdaq 100 and S&P500: Amazon, Nvidia Power Indices Higher in Bullish Session - FXEmpire"
2025-05-13,Stock market today: S&P 500 wipes out 2025 losses as Nvidia powers tech rally - Yahoo Finance
2025-05-14,Historical Moments When Stocks Soared Right Before the Market Crashed—and When You Should Worry - Investopedia
2025-05-12,Here’s what stock investors need to know about big rallies and bear markets - MarketWatch
2025-05-12,"U.S., China Agree to Large Tariff Cuts; Stocks Surge - The Wall Street Journal"
2025-05-16,"S&P500 and Nasdaq Index: Consumer Data Sinks Sentiment, Super Micro, Moderna Rally - FXEmpire"
2025-05-12,Nasdaq Enters a Bull Market as the Dow Exits Correction - Barron's
2025-05-12,"Stock market today: Dow, S&P 500 climb after US-China trade war pause - NBC New York"
2025-05-13,"Stock Market Highlights: Sensex slumps 1,282 pts day after volatile session, Nifty below 24,600 - The Economic Times"
2025-05-13,Stocks just erased all of this year’s losses as investors welcome trade progress - CNN
2025-05-12,Nasdaq Soars 4% As Major Indexes Clear 200-Day Line - Investor's Business Daily
2025-05-14,"eToro's Nasdaq debut, Exelixis outlook, Septerna–Novo deal - Yahoo Finance"
2025-05-14,The S&P 500 Is Now Up for 2025. Here's How Far Underwater Other Indexes Are. - The Wall Street Journal
2025-05-11,IXIC: Nasdaq Futures Rally 2% as Traders Await Updates on “Productive” US-China Trade Talks - TradingView — Track All Markets
2025-05-12,"Markets News, May 12, 2025: Stocks Surge After US, China Agree to Slash Tariffs; Dow Jumps Nearly 1,200 Points as Amazon, Apple, Nike Soar - Investopedia"
2025-05-13,"Indian stock market: 8 things that changed for market overnight- Gift Nifty, Wall Street rally, India-Pakistan ceasefire - livemint.com"
2025-05-12,"Stocks gap higher, soaring after U.S. and China agree to temporarily slash tariffs - MarketWatch"
2025-05-14,A Nasdaq Bull Market Is Coming: 3 Tariff-Resistant Growth Stocks to Confidently Buy Right Now - The Motley Fool
2025-05-12,Stock market futures soar after U.S. and China suspend tariffs for 90 days - CBS News
2025-05-13,Dow Jones Falls As UnitedHealth Plunges On Suspended Outlook; CPI Inflation Data Surprises - Investor's Business Daily
2025-05-14,"Stocks end mixed on Wall Street, holding on to most of the gains they made earlier in the week - BNN Bloomberg"
2025-05-15,Why Alibaba Stock Is Sinking Today - Nasdaq
2025-05-14,Stock Market Today: Dow Jones Slips As Nvidia Takes Apple's Crown; AMD Shoots Higher (Live Coverage) - Investor's Business Daily
2025-05-20,US Stock Market | Dow Jones: US stocks trade lower ahead of Fed officials' commentary - The Economic Times
2025-05-21,The Nasdaq Composite Turned Higher. Alphabet is Leading Big Tech. - Barron's
2025-05-17,"Nifty 50, Sensex, Nifty Bank Index, Keep The Bullish View Intact. Dow Jones, Nasdaq Composite, S&P 500 Can Rise More - BusinessLine"
2025-05-17,"US Stock Market Highlights: S&P 500 marks 5th straight gain, up 5% as China tensions cool - CNBC TV18"
2025-05-22,"Stock Market News, May 21, 2025: Dow Falls More Than 800 Points; Bonds Extend Selloff - The Wall Street Journal"
2025-05-21,IXIC: Nasdaq Composite Drops 0.4% as Traders Dump Mag 7 Stocks with One Exception - TradingView — Track All Markets
2025-05-19,"US Stock Market Close: Nasdaq Rose Over 7% Last Week, Dow Recovered All Losses for the Year - Shanghai Metals Market"
2025-05-19,"Dow slides more than 100 points, S&P 500 snaps six-day winning run: Live updates - CNBC"
2025-05-22,"Dow slides 200 points, S&P 500 tumbles for a fourth day after Trump threatens tariffs on EU, Apple: Live updates - CNBC"
2025-05-23,US Stock Market Highlights: S&P 500 closes little changed Thursday as investors worry about high yields hittin - CNBC TV18
2025-05-20,5 things to know before the stock market opens Tuesday - CNBC
2025-05-19,5 things to know before the stock market opens Monday - CNBC
2025-05-21,5 things to know before the stock market opens Wednesday - CNBC
2025-05-19,S&P 500 ekes out sixth winning day as investors look past U.S. credit downgrade: Live updates - CNBC
2025-05-22,Asia-Pacific markets fall after Wall Street declines as U.S. stares at ballooning debt - CNBC
2025-05-21,S&P 500 closes little changed Thursday as investors worry about high yields hitting economy: Live updates - CNBC
2025-05-22,5 things to know before the stock market opens Thursday - CNBC
2025-05-22,IXIC: Nasdaq Composite Stands as Only Winner as Stocks Tumble in Final Moments of Trading - TradingView — Track All Markets
2025-05-22,"Wall Street tanked amid rising treasury yields: Dow plunges over 800 points, S&P 500 shreds 1.6% - Times of India"
2025-05-22,US Stock Market Highlights: Dow slides more than 800 points as spiking Treasury yields and deficit fears spur - CNBC TV18
2025-05-20,US Stock Market Highlights: S&P 500 ekes out sixth winning day as investors look past US credit downgrade - CNBC TV18
2025-05-21,US Stock Market Updates: US stocks slide lower as tax-cut bill debate weighs on sentiment; Bitcoin hits r... - The Economic Times
2025-05-22,"Stock Market News, May 22, 2025: Bond Market Shows Signs of Stabilizing; Nasdaq Rises - The Wall Street Journal"
2025-05-21,US Stock Market Highlights: Dow Jones slides 200 points as tax bill in focus - CNBC TV18
2025-05-19,"S&P 500, Nasdaq futures drop over 1.3% ahead of Wall St. open after Moody's US credit ratings cut, Dow down 0.9% - livemint.com"
2025-05-23,"Stock Market News, May 23, 2025: Trump Threatens EU With 50% Tariffs, Takes Aim at Apple; Nasdaq Drops - The Wall Street Journal"
2025-05-20,"Wall Street today: S&P 500, Dow Jones, Nasdaq decline as investors eye Trump’s tax cut proposal - livemint.com"
2025-05-22,US Stock Market | Dow Jones: US stocks directionless after Trump's tax bill wins House vote - The Economic Times
2025-05-19,"Wall Street today: S&P 500, Dow Jones, Nasdaq slip after Moody's downgrade, Tesla sheds 4% - livemint.com"
2025-05-18,IXIC: Nasdaq Futures Turn Lower After US Credit Rating Gets Slapped with Downgrade - TradingView — Track All Markets
2025-05-23,"Markets News, May 23, 2025: Stocks Fall as Latest Trump Tariff Threats Revive Trade Concerns; Major Indexes Post Losses for the Week - Investopedia"
2025-05-20,"Markets News, May 20, 2025: S&P 500 Falls for the First Time in Seven Days as Major Stock Indexes Close Slightly Lower - Investopedia"
2025-05-19,"Stock Market News, May 19, 2025: Dollar Weakens, Yields Rise on Concerns About U.S. Fiscal Picture - The Wall Street Journal"
2025-05-22,United States shares lower at close of trade; Dow Jones Industrial Average down 1.91% - Investing.com India
2025-05-21,Stock Market News From May 21: Dow Slides as Bond Yields Spike - Barron's
2025-05-21,"Markets News, May 21, 2025: Stocks Plunge as Bond Yields Surge Amid Deficit Concerns; Dow Drops 800 Points, Bitcoin Wavers After Hitting Record High - Investopedia"
2025-05-22,Nasdaq Rises. Big Tech Is Trying to Boost the Market. - Barron's
2025-05-22,"Markets News, May 22, 2025: S&P 500 Closes Flat, Nasdaq Inches Higher as Stocks Stabilize After Sell-Off; Bond Yields Retreat, Bitcoin Surges - Investopedia"
2025-05-21,Why Bitcoin's Relationship with Equities Has Changed - CME Group
2025-05-19,"Stock Market News for May 19, 2025 - Nasdaq"
2025-05-22,Futures: Market Bounce Fizzles; Four Earnings Movers Late - Investor's Business Daily
2025-05-20,"US Stock Market Close: Rebound Momentum Pauses, All Three Major Indexes Close Slightly Lower - Shanghai Metals Market"
2025-05-23,The Stock Market Ran Out of Juice. What Could Outweigh the Worries Dragging It Down. - Barron's
2025-05-23,"Stock market today: Dow, S&P 500, Nasdaq fall as Trump tariff threats roar back, US deficit anxiety deepens - Yahoo Finance"
2025-05-23,"US Stock Market Close: S&P 500 Dives at End of Trading Day, Recording Three Consecutive Declines; PV Sector Takes a Hit from Policy Changes | SMM - Shanghai Metals Market"
2025-05-23,Stock Market News From May 23: Dow Slides After Trump Threatens Tariffs on Apple and EU - Barron's
2025-05-21,"Stock market today: Dow sheds 800 points, S&P 500, Nasdaq slide as Treasury yields surge, bitcoin hits record - Yahoo Finance"
2025-05-19,"Markets News, May 19, 2025: S&P 500 Closes Higher for 6th Straight Day After Stocks Rebound from Early Slump as Investors Digest US Credit Rating News - Investopedia"
2025-05-20,"Stock Market News, May 20, 2025: Dow ends down over 100 points, S&P 500 snaps 6-day win streak, Nasdaq slips - MarketWatch"
2025-05-21,"Stock Market News for May 21, 2025 - Nasdaq"
2025-05-21,"Stock market today: S&P 500 snaps 6-day win streak; Dow, Nasdaq slide as tariff relief rally fades - Yahoo Finance"
2025-05-21,The Dow Falls 700 Points. The Bond Market Is in the Driver’s Seat. - Barron's
2025-05-20,"Wall Street stocks slip, rising US Treasury yields in focus - Reuters"
2025-05-19,"Dow Jones Slides 250 Points On U.S. Credit Downgrade; Apple, Nvidia, Tesla Sell Off - Investor's Business Daily"
2025-05-22,Futures Fall As House OKs Trump Tax Bill; Tesla Killer Unveiled - Investor's Business Daily
2025-05-19,"Stock Market News, May 19, 2025: Dow, S&P 500 and Nasdaq shake off losses sparked by Moody's downgrade to end higher - MarketWatch"
2025-05-22,"Stock market today: Dow, S&P 500, Nasdaq seesaw as bond sell-off eases after House OKs Trump tax bill - Yahoo Finance"
2025-05-19,"Stock market today: S&P 500 notches 6-day win streak, Dow, Nasdaq rise as Wall Street shakes off Moody's downgrade - Yahoo Finance"
2025-05-23,S&P 500 futures are rising as Treasury yields continue to cool ahead of long holiday weekend - MarketWatch
2025-05-21,Wall Street stocks tumble as worries mount about US debt - Reuters
2025-05-19,Stock Market Shakes Off U.S. Credit Rating Downgrade - Investopedia
2025-05-22,Stock Market News From May 22: Nasdaq Rises as Bond Yields Fall - Barron's
2025-05-21,Dow sinks 800 points as bond market starts to freak out over Trump’s tax bill - CNN
2025-05-21,"Futures Fall, Yields Jump; Palo Alto Leads Earnings Movers - Investor's Business Daily"
2025-05-20,The Stock Market Is Entering a Summer Lull. Don’t Get Complacent. - Barron's
2025-05-23,Dow Jones Tumbles 300 Points On Trump Tariff Comments; Apple Sells Off - Investor's Business Daily
2025-05-21,Live Nasdaq Composite: Markets in Doldrums as Treasury Yields Rise - 24/7 Wall St.
2025-05-21,Dow logs worst day in a month. Here are the reasons driving the rout. - MarketWatch
2025-05-23,FTSE 100 Live: UK Stocks Slump as Trump Trade War Concerns Reignite - Bloomberg.com
2025-05-22,Dow Jones Falls On Trump Tax Bill; AI Player Snowflake Soars On Earnings - Investor's Business Daily
2025-05-23,Live Nasdaq Composite: Markets in Freefall Amid EU Tariff Tussle - 24/7 Wall St.
2025-05-23,"U.S. stock market future today: Wall Street wobbles - Dow, S&P 500 slip 0.3%, Nasdaq falls 0.4% as Apple s - The Economic Times"
2025-05-22,U.S. stocks mixed at close of trade; Dow Jones Industrial Average down 0.00% - Investing.com
2025-05-18,The Nasdaq Just Soared 30% From Its 2025 Low: 3 Vanguard ETFs to Buy Now - Nasdaq
2025-05-23,"Nasdaq 100 and Dow Jones: Apple Drops, VIX Jumps as Tech Stocks Weigh on US Stocks Today - FXEmpire"
2025-05-20,"Indian stock market: 7 key things that changed for market overnight - Gift Nifty, Moody's US downgrade to gold prices - livemint.com"
2025-05-18,Could Investing $100 a Month Into the Nasdaq-100 Be Your Ticket to Becoming a Millionaire? - The Motley Fool
2025-05-17,"US stock market prediction: Will there be Monday blues for S&P 500, Dow, Nasdaq? - The Economic Times"
2025-05-21,"Stock Market Today: Dow ends over 800 points lower, S&P 500 and Nasdaq fall sharply as Treasury yields jump after weak auction; dollar falls, gold up, bitcoin reaches record - MarketWatch"
2025-05-22,Wall Street stocks end mostly flat in choppy trade as Treasury yields ease - Reuters
2025-05-21,Dow Down 800 Points Heading Into the Close - Barron's
2025-05-19,"Russell 2000 Nears Key Resistance in Catch-Up Trade with S&P 500, Nasdaq 100 - Investing.com"
2025-05-16,Stock Market News: Dow Erases Year to Date Losses; S&P 500 Notches for 5-Day Win Streak - Barron's
2025-05-19,"Stock Market News for Monday, May 19, 2025: The S&P 500 Notches Another Gain; Dow Rises; Treasury Yields Rise; Gold Price Surges; Nvidia and Other Movers; More News - Barron's"
2025-05-19,Live Nasdaq Composite: Markets Step Back on Credit Rating Downgrade - 24/7 Wall St.
2025-05-29,"S&P 500 climbs on strong Nvidia earnings, but trade policy confusion caps gains: Live updates - CNBC"
2025-05-25,"Dow Jones, S&P 500, Nasdaq Composite: Bond tantrums put Trump on notice, again - BusinessLine"
2025-05-24,"US Stock Market Updates | Dow Jones: Nasdaq, S&P snap 1% after Trump threatens EU, Apple with fresh tariffs - The Economic Times"
2025-05-30,"US Stock Market Highlights: S&P 500 climbs on strong Nvidia earnings, but trade policy confusion caps gains - CNBC TV18"
2025-05-30,You Should Have Bought in May. Should You Go Away in June? - Barron's
2025-05-26,"US Market On Memorial Day: Trading In Dow, S&P 500, Nasdaq Open Or Closed On May 26? Weekly Outlook - Goodreturns"
2025-05-30,Why the S&P 500 and Nasdaq Just Had Their Best Month Since 2023 - Investopedia
2025-05-27,"Wall Street today: Nasdaq jumps 2%, S&P 500 gains 1.6%, Dow Jones up 1.3% after Trump delays EU tariffs - livemint.com"
2025-05-30,"Wall Street slips mid-session as trade tensions deepen; Nasdaq falls nearly 170 points, Europe ends flat - Moneycontrol"
2025-05-29,Why Nvidia Stock Is Soaring Today - Nasdaq
2025-05-30,S&P 500 is flat to close out a 6% May gain as investors continue to look past trade policy confusion - CNBC
2025-05-24,US Stock Market Highlights: US steel surges 21% after Nippon merger approval - CNBC TV18
2025-05-27,US Stock Market Live Updates | Dow Jones: Nasdaq futures and the S&P 500 surged over 1% each following th... - The Economic Times
2025-05-30,"Markets News, May 30, 2025: S&P 500, Nasdaq Fell Slightly Friday Amid Tariff Uncertainty But Post Biggest Monthly Gains Since 2023 - Investopedia"
2025-05-28,Dow closes more than 200 points lower Wednesday ahead of Nvidia earnings: Live updates - CNBC
2025-05-28,"US Stock Market Updates, May 27: Dow, S&P 500 snap 4-day skids as Trump pauses EU tariff hikes - CNBC TV18"
2025-05-28,"Markets News, May 28, 2025: Stocks Close Lower Ahead of Highly Anticipated Earnings Report from AI Chipmaker Nvidia - Investopedia"
2025-05-27,Dow jumps 700 points to snap four-day losing run as EU tariff delay lifts market: Live updates - CNBC
2025-05-28,5 things to know before the stock market opens Wednesday - CNBC
2025-05-28,Why Synopsis Stock Fell Today - Nasdaq
2025-05-28,"Stock Market Today: Dow, S&P 500 and Nasdaq end lower after Fed minutes; Nvidia earnings on tap - MarketWatch"
2025-05-29,US Stock Market Highlights: Dow Jones closes more than 200 points lower Wednesday ahead of Nvidia earnings - CNBC TV18
2025-05-29,"Stock market today: Dow, Nasdaq, S&P 500 rise as investors cheer Nvidia earnings, weigh tariff legal whiplash - Yahoo Finance"
2025-05-27,Test Over? Market Cheers Trump's EU Tariff Delay - Investor's Business Daily
2025-05-29,"S&P 500, Nasdaq advance as Nvidia jumps; spotlight on Trump tariff block - The Economic Times"
2025-05-29,"Wall Street today: S&P 500, Nasdaq up, Dow Jones falls after court blocks most Trump tariffs; Nvidia gains 4% on results - livemint.com"
2025-05-27,5 things to know before the stock market opens Tuesday - CNBC
2025-05-29,US Stock Market | Dow Jones: US stocks surged after court blocks most Trump tariffs - The Economic Times
2025-05-28,"Stock market today: Dow, S&P 500, Nasdaq slipped as Wall Street braced for Nvidia's earnings - Yahoo Finance"
2025-05-29,"Stocks Rise On Tariff Ruling, Nvidia News - Investor's Business Daily"
2025-05-30,"US Stock Market Today: Dow Jones Falls 100 Points, S&P 500 Slides On Cracks In China Trade Thaw - NDTV Profit"
2025-05-26,"US Stock Market Close: Trump Escalates Tariff Threats Again, S&P 500 Falls for 4 Consecutive Days - Shanghai Metals Market"
2025-05-29,"Stock market today: Dow, S&P 500, Nasdaq soar as Trump pauses EU tariff hikes for fast-tracked talks - Yahoo Finance"
2025-05-28,"Wall Street today: US stocks drift ahead of Nvidia earnings, Federal Reserve minutes - livemint.com"
2025-05-27,Wall Street opens higher as tech stocks lead gains; Dow jumps over 300 points - Times of India
2025-05-30,Wall Street Today: US stocks fall after Trump blames China for violating tariff norms; Nvidia down 3% - livemint.com
2025-05-27,"US Stock Market Today: S&P 500, Dow Jones, Nasdaq Jump 1% As EU Trade Deal Cheers Wall Street - NDTV Profit"
2025-05-27,Dow Jones Jumps 400 Points On Trump Tariff News; Nvidia Stock Eyes New Buy Point - Investor's Business Daily
2025-05-30,Why Newsmax Stock Is Crashing Today - Nasdaq
2025-05-30,"Nasdaq, S&P 500 Finish Best Month Since 2023 - The Wall Street Journal"
2025-05-29,Stocks Open Higher as Nvidia Results Boost Tech - Barron's
2025-05-30,"Stock Market Today: Dow Ekes Out Gain, S&P Is Flat; This Biotech Breaks Out (Live Coverage) - Investor's Business Daily"
2025-05-27,"Markets News, May 27, 2025: S&P 500 Snaps 4-Day Losing Streak as Stocks Surge After Trump Delays EU Tariffs; Tesla Soars, Nvidia Rises Before Earnings - Investopedia"
2025-05-28,"Stock Market News, May 28, 2025: Stock-Index Futures Rise After Court Strikes Down Trump's Tariffs - The Wall Street Journal"
2025-05-29,"US Stock Market Today: Nasdaq Jumps 1% On Nvidia Results, S&P 500 Up After Court Blocks Trump Tariffs - NDTV Profit"
2025-05-30,"US stock market today: Dow edges up but S&P 500 and Nasdaq fall as Trump’s China tariff threat hits Apple, - The Economic Times"
2025-05-30,US stocks post biggest monthly rally since 2023 - Financial Times
2025-05-27,NASDAQ index trades up 2% on the day. S&P index up 1.5% - investingLive
2025-05-24,"The Smartest High-Yielding Dividend Stocks in the Nasdaq Composite Index to Buy With $1,500 Right Now - The Motley Fool"
2025-05-29,"Stock Market News From May 29, 2025: Dow Gains After Trump Tariff Ruling, Nvidia Earnings - Barron's"
2025-05-30,Stock market today: S&P 500 marks best May in 30 years as Wall Street bets on tariff relief - Yahoo Finance
2025-05-29,"Stock Market News, May 29, 2025: Dow, S&P 500 and Nasdaq end slightly higher as Nvidia shares jump, while appeals court temporarily reinstates Trump tariffs - MarketWatch"
2025-05-27,Dow Jones Industrial Average futures up over 500 points - The Financial Express
2025-05-28,"Stock Market News From May 28, 2025: Dow Slides Ahead of Critical Earnings From Nvidia - Barron's"
2025-05-27,Top 10 percentage gainers on the Nasdaq 100 as Wall Street surges - Seeking Alpha
2025-05-28,Nasdaq Flat as Market Shrugs Off 'Yawner' Fed Minutes - Barron's
2025-05-28,Live Nasdaq Composite: Markets Cautious Ahead of Big Earnings After Markets Close - 24/7 Wall St.
2025-05-30,"Stocks Mixed On Trump's China Comments, Inflation Data - Investor's Business Daily"
2025-05-27,"Nasdaq Jumps 2%, Dow Surges 500 Points as Trump Delays EU Tariffs - TradingView — Track All Markets"
2025-05-29,"Stock Market News, May 29, 2025: Stocks Edge Higher; Court Stays Ruling Blocking Trump's Tariffs - The Wall Street Journal"
2025-05-29,"U.S. stock market today: S&P 500, Dow, and Nasdaq surge as Nvidia smashes earnings and Trump’s tariffs get - The Economic Times"
2025-05-29,"Markets News, May 29, 2025: Stocks Rise as Investors Digest Strong Nvidia Results, Court Rulings on Tariffs - Investopedia"
2025-05-30,"US stock market futures today: Dow, S&P 500, and Nasdaq hold steady as Trump tariff threat, inflation data - The Economic Times"
2025-05-24,Is Now the Time to Buy Beaten-Down AI Stocks? - The Motley Fool
2025-05-27,"Stock Market News From May 27, 2025: Dow Rises 700 Points After Trump Delays EU Tariffs - Barron's"
2025-05-30,"Nasdaq ends month 9.5% higher, S&P 500 records best May since 1990 - Yahoo Finance"
2025-05-29,"Stock market today: S&P 500 ends lower, but notches best month since Nov. 2023 - Investing.com"
2025-05-30,"Stock Market News From May 30, 2025: S&P 500 Closes Session Flat as Index Marks Best May in 35 Years - Barron's"
2025-05-28,Stocks open flat to slightly higher - MarketWatch
2025-05-28,"US Stock Market Today: S&P 500, Dow Jones Open Higher For Second Day Ahead Of Fed Minutes - NDTV Profit"
2025-05-28,"US stock market today: S&P 500 nears record high, Nasdaq and Dow Jones jump big - The Economic Times"
2025-05-27,The FTSE 100 shares that have beaten the NASDAQ - AJ Bell
2025-05-29,Stock Market Today: Indexes Gain Momentum After Trump-Powell Meeting; Nvidia Surges Past Entry But CoreWeave Reverses Hard (Live Coverage) Dow Loses Gains; Nvidia Breaks Out (Live) - Investor's Business Daily
2025-05-30,The Nasdaq Bounces Back: These AI Stocks Could Be the Smartest Buys of the Year - The Motley Fool
2025-05-29,IXIC: Nasdaq Futures Surge After US Trade Court Blocks Trump’s Tariffs. White House Vows to Fight - TradingView — Track All Markets
2025-05-29,"Wall Street ends up with Nvidia, appeals court reinstates Trump tariffs - Reuters"
2025-05-26,"US stock market prediction: Will S&P 500, Dow Jones, Nasdaq rise on Tuesday? Details explained - The Economic Times"
2025-05-30,Stocks finish lower but notch strong monthly gain despite tariff worries - Reuters
2025-05-30,S&P 500 ends near flat but posts biggest monthly pct gain since November 2023 - Reuters
2025-05-26,"Stock market today: S&P 500 rallies on consumer confidence, Trump EU tariff delay - Investing.com"
2025-05-24,"US stock market today down: S&P 500, Dow Jones, Nasdaq see one of the worst weeks, Apple share price falls - The Economic Times"
2025-05-23,"Stock Market News for May 23, 2025 - Yahoo Finance"
2025-05-30,Stocks trim decline as investors prepare to close the books on May - MarketWatch
2025-05-29,"Nasdaq futures lead market higher after court strikes down Trump tariffs, Nvidia pops after earnings. - MarketWatch"
2025-05-29,"Markets Rally as Federal Court Strikes Down Trump’s Tariff Policies, Nasdaq 100 Futures Climb 2% - TradingPedia"
2025-05-27,"Billionaires Are Buying an AI Index Fund That Could Turn $500 per Month Into $432,300 - Nasdaq"
2025-05-27,"Stock Market for May 27, 2025: Dow ends 740 points higher, S&P 500 and Nasdaq up sharply after Trump delays EU tariff threat; Treasury yields decline - MarketWatch"
2025-05-29,"Live Nasdaq Composite: Tariff Shocker, Tech Strength Send Markets Higher - 24/7 Wall St."
2025-06-06,Does the Nasdaq Composite Still Have Room to Run? - Nasdaq
2025-06-02,Top 5 Nasdaq Mutual Funds in India - Equitymaster
2025-06-01,IXIC: Nasdaq Composite Futures Tumble to Kick Off New Month After Index’s 10% May Gain - TradingView — Track All Markets
2025-06-03,"Stock Market News, June 3, 2025: Nasdaq Moves Higher; OECD Cuts U.S. Growth Outlook - The Wall Street Journal"
2025-06-06,"Markets News, June 6, 2025: S&P 500 Hits 6,000 Points for First Time Since February as Stocks Surge After Jobs Report; Tesla Rebounds From Sell-Off - Investopedia"
2025-06-02,"Nasdaq Futures Drop As Traders Await Tariff News, Powell Speech — Strategist Backs Small-Caps In ’New Bull Market’ - Investing.com India"
2025-06-06,"Dow rises more than 400 points on solid jobs report, S&P 500 touches 6,000: Live updates - CNBC"
2025-06-02,Here's the Average Stock Market Return Over the Last 10 Years - Nasdaq
2025-05-31,US Stock Market Highlights: S&P 500 is flat to close out a 6% May gain as investors continue to look past trad - CNBC TV18
2025-06-04,"Dow falls, snapping four-day win streak, as soft payrolls report drags down sentiment: Live updates - CNBC"
2025-06-06,"US Stock Market Highlights: S&P 500 closes lower as Tesla shares tumble, traders weigh Trump-Xi talk - CNBC TV18"
2025-06-02,"Dow closes 200 points higher, S&P 500 climbs as Nvidia lifts tech sector: Live updates - CNBC"
2025-06-06,5 things to know before the stock market opens Friday - CNBC
2025-06-02,S&P 500 posts modest gain to start June as investors shrug off global trade tensions: Live updates - CNBC
2025-06-05,"S&P 500 closes lower as Tesla shares tumble, traders weigh Trump-Xi talk: Live updates - CNBC"
2025-06-03,US Stock mid-session: Nasdaq leads gains amid mixed economic signals - Moneycontrol
2025-06-02,"Wall Street today: Dow Jones, S&P 500 drop, Nasdaq up as Trump threatens tariffs on steel, aluminum imports - livemint.com"
2025-06-06,"S&P 500 Tops 6,000 For First Time Since February After Jobs Data Report By Stocktwits - Investing.com India"
2025-06-02,"Stock Market News, June 2, 2025: Nasdaq Rises; Stocks Overcome Trade Tension Flare-Up - The Wall Street Journal"
2025-06-04,"Stock market today: Dow, S&P 500, Nasdaq hum along as Treasury yields sink after weak ADP jobs data - Yahoo Finance"
2025-06-02,US Stock Market Live Updates | Dow Jones Today: US stocks trade lower after Trump's steel tariff threat - The Economic Times
2025-06-04,"Markets News, June 4, 2025: S&P 500, Nasdaq Inch Higher to Extend Winning Streaks to Three Days as Investors Await News on Trade Deals - Investopedia"
2025-06-02,"Markets News, June 2, 2025: S&P 500, Nasdaq Start June on a High Note After Posting Their Best Month Since 2023; Steel Stocks Surge on Tariff News - Investopedia"
2025-06-06,"Dow, S&P 500, Nasdaq All Positive on the Year Once Again - The Wall Street Journal"
2025-06-03,"Wall Street today: US stocks gain amid trade tensions, Nvidia surges 2.7% - livemint.com"
2025-06-04,United States shares higher at close of trade; Dow Jones Industrial Average up 0.51% - Investing.com India
2025-06-06,US stock market today: Wall Street rallies past recession fears on soft jobs print; Tesla claws back afte - Times of India
2025-06-03,Wall Street gains as global markets steady amid US China trade talk hopes - Times of India
2025-06-02,"Stock market today: Dow, S&P 500, Nasdaq close higher as US-China trade tensions flare up - Yahoo Finance"
2025-06-06,"US Stock Market Today: S&P 500 Reclaims 6,000 Points; Dow Jones, Nasdaq Jump 1% - NDTV Profit"
2025-06-06,"US Stocks Live Updates: Trump says Fed should cut rates by a full point; Nasdaq, S&P 500 jump 1% on jobs ... - The Economic Times"
2025-06-03,"Markets News, June 3, 2025: Major Indexes Rise as Nvidia Leads Big Gains for Chip Stocks; Nasdaq Back in Positive Territory for 2025 - Investopedia"
2025-06-03,Nasdaq Turns Positive for the Year as Stocks Stage Broad Rally - Barron's
2025-06-06,"Stock Market News From June 6, 2025: Dow Rises After May Jobs Report - Barron's"
2025-06-06,"US Stock Market Close: Non-farm Payrolls Data Exceeds Expectations, All Three Major Indexes Rise Over 1%, S&P 500 Returns to 6,000 Points - Shanghai Metals Market"
2025-06-06,Stock Market Today: Dow Jones Soars As Trump Announces China Trade Talk; Microsoft Takes Nvidia Crown - Investor's Business Daily
2025-05-31,"Stock Market News, May 30, 2025: S&P 500, Nasdaq Finish May With Biggest Monthly Gains Since November 2023; Trump Plans to Double Steel Tariff - The Wall Street Journal"
2025-06-02,"US Stock Market Today: Dow Jones Sheds 200 Points, S&P 500 Falls As Trade Tensions Simmer - NDTV Profit"
2025-06-06,"Stock Market News, June 6, 2025: Jobs Report Lifts Stocks; Trump Calls on Fed to Slash Rates - The Wall Street Journal"
2025-06-04,"US stock market: S&P 500 nears all-time high, Nasdaq, Dow Jones gain big - The Economic Times"
2025-06-05,"Markets News, June 5, 2025: Stocks Fall as Investors Digest News on Trade Talks, Brace for Jobs Report; Tesla Tumbles 14% Amid Musk-Trump Fracas - Investopedia"
2025-06-03,US Stock Market Highlights: S&P 500 posts modest gain to start June as investors shrug off global trade tensio - CNBC TV18
2025-06-05,"Stock Market News From June 5, 2025: Stocks Drop on Trump and Musk Feud - Barron's"
2025-06-04,IXIC: Nasdaq Jumps 0.8% as Nvidia Gains Power Broad Tech Rally. Who Are the Winners? - TradingView — Track All Markets
2025-06-06,"Stock market today: S&P 500 hits 6,000 as Tesla rebounds amid Trump-Musk feud cooldown - Yahoo Finance"
2025-06-05,"US Stock Market Highlights: Stocks rise, but gains capped thanks to weak jobs data - CNBC TV18"
2025-06-06,Dow Jones Futures Rise; Tesla Bounces On Musk-Trump Truce Hopes; Jobs Report Due - Investor's Business Daily
2025-06-06,"Dow jumps 500 points, Nasdaq, S&P 500 up 1% on US jobs data optimism; Tesla rebounds - The Economic Times"
2025-06-02,Why Tempus AI Stock Soared 15% Today - Nasdaq
2025-06-03,"Stock Market News From June 3, 2025: Nasdaq Turns Positive for the Year - Barron's"
2025-06-05,"Indian stock market: 7 key things that changed for market overnight - Gift Nifty, US employment to gold prices - livemint.com"
2025-06-04,Nasdaq Turns Positive in 2025: ETFs to Ride the Rally - Nasdaq
2025-06-02,"Dow Jones Futures Fall Amid New Trump Tariffs; Palantir In Buy Zone As Tesla, Nvidia Fall Back - Investor's Business Daily"
2025-06-04,"US Stock Market Highlights: Dow closes 200 points higher, S&P 500 climbs as Nvidia lifts tech sector - CNBC TV18"
2025-06-04,"Indian stock market: 8 key things that changed for market overnight - Gift Nifty, US jobs openings to crude oil prices - livemint.com"
2025-06-03,The Stock Market’s Modest Gain Is Better Than It Looks - Barron's
2025-06-03,"Stock market today: Dow, S&P 500, Nasdaq rise as Nvidia jumps to highest since January - Yahoo Finance"
2025-06-02,"Dow Jones Falls On U.S.-China Tensions, Economic Data; Nucor Jumps As Tesla, Palantir Slide - Investor's Business Daily"
2025-06-04,Wall Street Live: US stocks edge up as investors shrug off weaker payrolls data - livemint.com
2025-06-03,Kimberly-Clark (NasdaqGS:KMB) Joins NASDAQ Composite Index Boosting Institutional Appeal - Yahoo Finance
2025-06-04,FTSE 100 Up Marginally - Nasdaq
2025-06-03,Nasdaq looks to turn positive for 2025 - MarketWatch
2025-06-04,Wall Street ends narrowly mixed in choppy trade on weak economic data - Reuters
2025-06-05,"Stock Market for June 5, 2025: Nasdaq, S&P 500 snap 3-session win streak as Tesla shares plunge and investors await Friday's jobs report - MarketWatch"
2025-06-03,"Stock Market Highlights: Sensex settles 636 pts lower, Nifty below 24,550; Bajaj twins down 2% each - The Economic Times"
2025-06-03,"Wall Street stocks close higher, dollar bounces back amid tariff talks, economic data - Reuters"
2025-06-02,"S&P closes higher on trade hopes, Nvidia lifts Nasdaq - Reuters"
2025-06-05,"US stock market today: Dow, S&P 500, Nasdaq rise after Trump-Xi call sparks trade optimism — but investors - The Economic Times"
2025-06-03,"Dow Jones Falls, Techs Rise; Meta-Constellation Deal Fuels Nuclear Stocks - Investor's Business Daily"
2025-06-02,"Stock Market News, June 2, 2025: Dow records third straight daily gain, S&P 500, Nasdaq end higher after Treasury officials says some trade deals 'close to finish line' - MarketWatch"
2025-06-06,FTSE 100 on Best Weekly Winning Streak Since January: Live Updates - Bloomberg.com
2025-06-04,"US Stock Market Today: S&P 500, Dow Jones, Nasdaq Open Higher Despite Weak Job Data - NDTV Profit"
2025-06-05,"Stock Market News, June 5, 2025: Trump-Musk Feud Hits Tesla, Indexes Decline - The Wall Street Journal"
2025-06-04,"Dow ends lower, breaking 4-day streak of gains, after weak economic data - MarketWatch"
2025-06-05,"Stock market today: Dow, S&P 500, Nasdaq slide as Tesla dives 14% on Trump-Musk escalation - Yahoo Finance"
2025-06-04,"Stock Market News From June 4, 2025: Dow Slips After Fed's Beige Book Signals Pessimism - Barron's"
2025-05-31,"US Stock market prediction: How will S&P 500, Nasdaq, Dow Jones perform in upcoming week? - The Economic Times"
2025-05-31,These Are Stocks You Should Watch in June - Investopedia
2025-06-03,Live Nasdaq Composite: Markets Lack Conviction Amid Trade Deal Uncertainty - 24/7 Wall St.
2025-06-03,Stocks Should Set New Highs—Unless 1994 Casts a Long Shadow on the S&P 500 - Barron's
2025-06-04,"Stock Market Today: Dow slips, while S&P 500 ekes out gain and Nasdaq ends higher as investors parse weak private-sector jobs data - MarketWatch"
2025-06-10,IXIC: Nasdaq Composite Ekes Out Tiny 0.3% Gain as Traders Await US-China Trade Scoops - TradingView — Track All Markets
2025-06-11,"S&P 500, Nasdaq open near record levels after May inflation data - The Economic Times"
2025-06-13,"Stock Market News From June 13, 2025: Dow Falls 770 Points After Israel Attacks Iran - Barron's"
2025-06-12,"Stock market today: Dow, S&P 500, Nasdaq drift higher, dollar slides amid renewed tariff threats - Yahoo Finance"
2025-06-13,"Stock Market News, June 13, 2025: Dow Drops 770 Points, Oil Surges, After Israel and Iran Trade Attacks - The Wall Street Journal"
2025-06-07,"US Stock Market Updates, June 6: S&P 500 closes at 6,000, Dow jumps 400 points; Tesla rallies on Trump-Musk de - CNBC TV18"
2025-06-13,Dow falls more than 700 points on Friday as attacks between Israel and Iran escalate: Live updates - CNBC
2025-06-11,"Markets News, June 11, 2025: S&P 500, Nasdaq Edge Lower to Snap Three-Day Winning Streaks as Investors Digest Latest Trade News, Inflation Data - Investopedia"
2025-06-13,"Stock market today: Dow, S&P 500, Nasdaq dive, oil surges as Israel and Iran trade strikes - Yahoo Finance"
2025-06-10,"S&P 500 closes lower, snapping 3-day winning streak - CNBC"
2025-06-09,"Markets News, June 9, 2025: Stocks Rise as Investors Await News on US-China Trade Talks; S&P 500, Nasdaq Trading at Highest Levels Since February - Investopedia"
2025-06-12,"S&P 500 closes higher on Thursday, lifted by Oracle rally and favorable inflation report: Live updates - CNBC"
2025-06-09,S&P 500 posts back-to-back gain as traders optimistic U.S-China trade talks making progress: Live updates - CNBC
2025-06-09,S&P 500 rises for a third day as traders hope for progress on U.S.-China trade talks: Live updates - CNBC
2025-06-10,CNBC Daily Open: The U.S. stock market could be a little too optimistic - CNBC
2025-06-10,"Markets News, June 10, 2025: Stocks Rise for 3rd Straight Day as Investors Await News on US-China Trade Talks; Tesla, Intel Surge to Pace S&P 500 - Investopedia"
2025-06-13,"S&P 500, Dow and Nasdaq Composite trim losses as oil prices ease - MarketWatch"
2025-06-12,"Markets News, June 12, 2025: Stocks Rise as Major Indexes on Track for 3rd Straight Week of Gains; Oracle Soars on Earnings, Boeing Slides After India Crash - Investopedia"
2025-06-12,5 things to know before the stock market opens Thursday - CNBC
2025-06-11,"Stock Market News, June 11, 2025: Dow ends flat, S&P 500 and Nasdaq snap 3-day win streaks after report Beijing put time limit on rare-earth exports - MarketWatch"
2025-06-12,"Stock Market News From June 12, 2025: Dow, S&P 500, Nasdaq Rise - Barron's"
2025-06-11,"Nasdaq, stocks tick down after May CPI shows easing inflation - Yahoo Finance"
2025-06-11,"Stock Market Today: Indexes Mixed On Trump China News, CPI Data; Tesla Rallies On Robotaxi (Live) - Investor's Business Daily"
2025-06-12,"Stock Market Today: Indexes Switch Gears, Record Gains; eToro Ends Bleeding, This New IPO Soars (Live Coverage) - Investor's Business Daily"
2025-06-13,"Dow leads markets lower amid Mideast tensions, credit-card worries - The Washington Post"
2025-06-11,"Stock market today: Dow, S&P 500, Nasdaq rally pauses as cool inflation data boosts Fed rate cut hopes - Yahoo Finance"
2025-06-12,"S&P 500, Nasdaq turn higher; Boeing weighs on Dow - MarketWatch"
2025-06-10,"Stock Market News, June 10, 2025: Dow ends up over 100 points, S&P 500 and Nasdaq rise for 3rd straight day as investors await updates on U.S.-China trade talks; May CPI report looms - MarketWatch"
2025-06-13,"Stock Market on June 13, 2025: Dow ends down more than 750 points after Iran responds to Israel's attack with missiles over Tel Aviv; S&P 500, Nasdaq book weekly losses - MarketWatch"
2025-06-08,What Is an Index? - The Motley Fool
2025-06-09,"Stock Market for June 9, 2025: Dow ends flat, S&P 500, Nasdaq log back-to-back gains as investors await details of U.S.-China trade talks - MarketWatch"
2025-06-13,"Markets News, June 13, 2025: Stocks Plunge, Oil Prices Surge as Iran-Israel Conflict Roils Global Markets; Dow Drops More Than 700 Points - Investopedia"
2025-06-09,"Stock Market Highlights | Closing Bell: Sensex settles 256 pts higher, Nifty above 25,100; Kotak Bank, Ba... - The Economic Times"
2025-06-11,Stocks end lower as details emerge on framework of U.S.-China trade deal - MarketWatch
2025-06-13,Live Nasdaq Composite: Fear Grips Markets Amid Middle East Escalation - 24/7 Wall St.
2025-06-10,"Stock market today: S&P 500, Nasdaq have records back in sight as stocks gain amid US-China trade talks - Yahoo Finance"
2025-06-12,Kalkine : ASNS Short Interest Spiked on Nasdaq Composite Index - Kalkine Media
2025-06-09,"Stock Market News for Monday, June 9, 2025: Nasdaq, S&P 500 Boosted by AI Trade - Barron's"
2025-06-10,"Stock Market News From June 10, 2025: S&P 500 Grinds Higher With Trade Talks in Focus - Barron's"
2025-06-10,Your First NASDAQ ETF Investment: What to Know in 2025 - EBC Financial Group
2025-06-10,"US Stock market today: Dow flat, S&P 500 edges up, Nasdaq climbs as US-China trade talks continue and inve - The Economic Times"
2025-06-11,Palmetto Grain Brokerage - - Palmetto Grain Brokerage
2025-06-12,Kalkine : Nasdaq Composite Moves Amid Affirm Options Surge - Kalkine Media
2025-06-11,"Stock Market News From June 11, 2025: Dow Flat After CPI and China Trade Deal - Barron's"
2025-06-11,"Stock Market News, June 11, 2025: Bonds Rally After Muted Inflation Report - The Wall Street Journal"
2025-06-13,Stock Yards Bancorp Nears Ex-Date on Nasdaq Composite - Kalkine Media
2025-06-10,CCH Holdings Ltd(NasdaqCM: CCHH) added to NASDAQ Composite Index - MarketScreener
2025-06-11,"US stock market today: Market rise as S&P 500 nears record, Nasdaq jumps on chip optimism, Dow climbs 100+ - The Economic Times"
2025-06-10,Live Nasdaq Composite: Market Meanders as US-China Trade Talks Unfold - AOL.com
2025-06-09,Live Nasdaq Composite: Markets Stay Hopeful in Big Week for Tech Sector - AOL.com
2025-06-12,"Stock Market for June 12, 2025: Dow, S&P 500 and Nasdaq end higher; Boeing shares slump - MarketWatch"
2025-06-12,Kalkine : NVIDIA Shares Shift Matters for Nasdaq Composite Index - Kalkine Media
2025-06-13,Oil prices leap 7% and US stocks slump more than 1% on worries about the crude market - BNN Bloomberg
2025-06-13,Box (NYSE:BOX) Shows Improving ROCE Trend in Nasdaq Composite - Kalkine Media
2025-06-13,NaaS Technology NAAS Faces Market Dip Amid Low Trading Activity Nasdaq Composite - Kalkine Media
2025-06-10,Live Nasdaq Composite: Market Meanders as US-China Trade Talks Unfold - 24/7 Wall St.
2025-06-13,Super Micro SMCI Stock Amid Rising AI Demand on Nasdaq Composite - Kalkine Media
2025-06-09,Live Nasdaq Composite: Markets Stay Hopeful in Big Week for Tech Sector - 24/7 Wall St.
2025-06-11,"Live Nasdaq Composite: Tech Rises on Bullish Quantum Remarks, Contained Inflation - 24/7 Wall St."
2025-06-09,Nasdaq Gains on Hopes for U.S.-China Chips Deal - The Wall Street Journal
2025-06-06,Live Nasdaq Composite: Tech Gains Unleashed on Strengthening Economy - 24/7 Wall St.
2025-06-10,The stock market has erased its 2025 losses: Why it’s time to be careful - Yahoo Finance
2025-06-09,"US stock market today: S&P 500 flat, Dow Jones down, Nasdaq‑100 up— biggest gainers, losers as Wall Street - The Economic Times"
2025-06-13,Meta Platforms Options Activity Draws Attention Amid NASDAQ Composite Momentum - Kalkine Media
2025-06-11,Kalkine : Summit Therapeutics Slides as Nasdaq Index Remains Largely Steady - Kalkine Media
2025-06-10,Kalkine : Explores NASDAQ Index Amid Volatility and Consumer Spending Shifts - Kalkine Media
2025-06-06,"The S&P 500 Finally Hit 6000. Buyer, Beware. - Barron's"
2025-06-12,Wall Street ticks closer to its record after Oracle rallies - BNN Bloomberg
2025-06-12,Kalkine : Why Is Aurora Innovation Dropping on Nasdaq Composite Today - Kalkine Media
2025-06-06,Kalkine: Nasdaq 100 Top Stocks Featuring Kartoon Studios - Kalkine Media
2025-06-12,S&P/TSX composite index closes up along with U.S. markets - BNN Bloomberg
2025-06-09,Kalkine: Enovix Co Advances in NASDAQ Index Amid Strategic Stake Expansions - Kalkine Media
2025-06-11,"S&P/TSX composite up more than 100 points, U.S. stock markets also climb higher - BNN Bloomberg"
2025-06-11,Stock Market Today: Shares end lower after China news; CPI report in focus - thestreet.com
2025-06-13,Stock Market Today: Attacks in Middle East Batter Stocks; Oil and Gold soar; Bitcoin Off - thestreet.com
2025-06-13,Enstar Group Sees Uptick Amid Light Trading Activity on Nasdaq Composite - Kalkine Media
2025-06-12,"Live Nasdaq Composite: Markets Step Back on Unilateral Tariff Threat, ORCL Soars - AOL.com"
2025-06-08,The Stock Market Is in Ultra-Rarified Territory and Doing Something for Only the 3rd Time in 154 Years -- and History Is Crystal Clear What Happens Next - The Motley Fool
2025-06-07,"US stocks close higher on jobs data, China hopes while Tesla bounces - The Straits Times"
2025-06-12,"Stock Market Today: Stocks Make a Comeback From Trade Jitters, Boeing Crash - thestreet.com"
2025-06-13,Where Will Tesla Stock Be in 5 Years From Now in Nasdaq Composite - Kalkine Media
2025-06-09,"Stock Market News for Jun 9, 2025 - The Globe and Mail"
2025-06-13,"Stock Market News for Jun 13, 2025 - The Globe and Mail"
2025-06-12,An Exceptionally Rare Event for Stocks -- the 6th Occurrence in 35 Years -- Has Historically Led to Supercharged Returns for the S&P 500 - The Motley Fool
2025-06-06,Stock Market Today: Market ends higher after jobs numbers; Tesla recoups a bit - thestreet.com
2025-06-09,S&P 500 (NYSEARCA: SPY) Live: Broader Market Recaptures 6000 Level in Mixed Session - 24/7 Wall St.
2025-06-11,"US: S&P 500, Nasdaq open near record levels after May inflation data - The Business Times"
2025-06-12,S&P 500 (NYSEARCA: SPY) Live: Markets Attempt Gains Amid Signs of Economic Relief - 24/7 Wall St.
2025-06-10,"KOSPI rises for fourth straight day, opens at 2,872 with positive market outlook - CHOSUNBIZ - Chosunbiz"
2025-06-07,We Just Witnessed the S&P 500 Make History for the 7th Time in 75 Years -- and It Points to the Stock Market Soaring Over the Next 12 Months - The Motley Fool
2025-06-13,Nasdaq Composite Index eyes third straight weekly gain amid high volume surge - Traders Union
2025-06-17,Dow closes nearly 300 points lower Tuesday as Israel-Iran conflict intensifies: Live updates - CNBC
2025-06-17,US stocks close higher amid Israel-Iran conflict - Anadolu Ajansı
2025-06-16,"US stock market today: Dow, S&P 500, and Nasdaq rebound as Israel-Iran tensions ease and investors eye Fed - The Economic Times"
2025-06-13,"US Stock Market Highlights: S&P 500 closes higher on Thursday, lifted by Oracle rally and favourable inflation - CNBC TV18"
2025-06-19,"US Market Reaction To Fed Policy; Nasdaq In Green, But Why Dow Jones, S&P 500 Ended In Red? - Goodreturns"
2025-06-19,Is the US Market closed today for Juneteenth? - INDmoney
2025-06-18,United States shares lower at close of trade; Dow Jones Industrial Average down 0.70% - Investing.com India
2025-06-18,"Wall Street Live: S&P 500, Dow Jones, Nasdaq gain ahead of Fed interest rate decision - livemint.com"
2025-06-18,"Stock market today: Dow, S&P 500, Nasdaq stall as Fed holds rates steady, forecasts 2 cuts in 2025 - Yahoo Finance"
2025-06-18,US Stock Market Highlights: Dow Jones closes nearly 300 points lower Tuesday as Israel-Iran conflict intensifi - CNBC TV18
2025-06-17,"Wall Street Live: S&P 500, Dow Jones, Nasdaq fall as Middle East conflict escalates, oil prices rally, Microsoft dips - livemint.com"
2025-06-17,"Stock Market News From June 17, 2025: Dow Drops 300 Points; Oil Prices Spike 4% - Barron's"
2025-06-20,"S&P 500 posts third straight losing day as traders eye Middle East tensions, Trump’s next steps: Live updates - CNBC"
2025-06-19,US Stock Market Highlights: Dow Jones posts narrow loss after Fed signals it’s in no hurry to cut rates - CNBC TV18
2025-06-18,Dow posts narrow loss after Fed signals it’s in no hurry to cut rates: Live updates - CNBC
2025-06-17,US Stock Market Highlights: Dow closes 300 points higher on cooling oil and hopes that Israel-Iran conflict wi - CNBC TV18
2025-06-15,Dow closes 300 points higher on cooling oil and hopes that Israel-Iran conflict will be contained: Live updates - CNBC
2025-06-14,U.S. stocks tumble as Middle East tensions flare - Xinhua
2025-06-17,What the Israel-Iran War Means For US Stock Market - INDmoney
2025-06-16,"Markets News, June 16, 2025: Stocks Rise, Oil Slides as Investor Concerns About Israel-Iran Conflict Ease; AMD Leads Chip Sector Rally - Investopedia"
2025-06-16,"US Stock Market Today: Dow Jones Up 290 Points, Nasdaq Jumps 1% Despite Middle East Tensions - NDTV Profit"
2025-06-17,"Markets News, June 17, 2025: Stocks Drop, Oil Surges as Israel-Iran Conflict Escalates; Fed Decision on Interest Rates Comes Wednesday - Investopedia"
2025-06-20,"Stock Market News From June 20, 2025: S&P 500, Nasdaq Slide After Trump Gives Markets Hope Over Iran - Barron's"
2025-06-16,"Stock market today: Dow, S&P 500, Nasdaq jump, oil slides amid hopes Israel-Iran conflict stays contained - Yahoo Finance"
2025-06-16,"Stock Market News, June 16, 2025: Dow Gains, Oil Drops After Iran Says It Wants to End Hostilities With Israel - The Wall Street Journal"
2025-06-18,"Stock Market News, June 18, 2025: Dow ends modestly lower, S&P 500 flat and Nasdaq edges up as Fed holds rates steady but forecasts higher inflation and lower growth - MarketWatch"
2025-06-16,"Stock Market News for Monday June 16, 2025: Stocks Close Higher. Dow Adds 317 Points as Oil Prices Fall - Barron's"
2025-06-17,"US Stock Market Close: Three Major Indices Rebound Mildly, Chinese Concept Stocks Show Broad Gains - Shanghai Metals Market"
2025-06-20,"Markets News, June 20, 2025: S&P 500 Slips, Oil Falls as Investors Watch Israel-Iran Conflict - Investopedia"
2025-06-18,"Markets News, June 18, 2025: Stocks Close Little Changed After Fed Holds Rates Steady as Investors Monitor News on Israel-Iran Conflict - Investopedia"
2025-06-13,United States shares higher at close of trade; Dow Jones Industrial Average up 0.24% - Investing.com India
2025-06-18,Stock Market Today: Dow Jones Lower As Powell Talks Of Higher Inflation; Amazon Touches Buy Zone (Live Coverage) - Investor's Business Daily
2025-06-20,Stock Market Today: Indexes Mixed After Trump Chip Scare; Volume Up At Witching Hour - Investor's Business Daily
2025-06-18,IXIC: Nasdaq Barely Ends in Green After Fed Keeps Rates Flat and Warns of Big Inflation Risks - TradingView — Track All Markets
2025-06-17,"Stock market today: Dow, S&P 500, Nasdaq slide as Trump calls for 'unconditional surrender' from Iran - Yahoo Finance"
2025-06-16,Equities end higher as oil prices pull back on truce hopes - Reuters
2025-06-16,"Dow Jones, Nasdaq, S&P 500 weekly preview: Israel-Iran conflict, G7 meeting - Investing.com"
2025-06-17,"US stocks slide at open: Dow Jones slips 100 points, Nasdaq down 0.4% - TradingView — Track All Markets"
2025-06-20,"Stock Market News, June 20, 2025: Dow ekes out gain, S&P 500 and Nasdaq end lower as investors approach the weekend with worries over Middle East - MarketWatch"
2025-06-13,Israel-Iran Conflict Is Just a Setback on the S&P 500’s Path to 7000 - Barron's
2025-06-17,Live Nasdaq Composite: Market Hopes Backfire as Mideast Tensions Escalate - 24/7 Wall St.
2025-06-20,"Stock Market News June 20, 2025: Oil Prices Drop Friday After Trump Signals He'll Give Iran Negotiations Time - The Wall Street Journal"
2025-06-16,Stocks Gaining Steam After Report Says Iran Seeks De-Escalation With Israel - Barron's
2025-06-13,Dow Jones index set to open lower amid rising Middle-East tensions - The Financial Express
2025-06-17,"Stock Market News, June 17, 2025: Oil Rises, Stocks Slip; Israel-Iran Conflict in Spotlight - The Wall Street Journal"
2025-06-19,"US stock market outlook amidst Iran Israel War: Will S&P 500, Dow Jones, Nasdaq go up on Friday after June - The Economic Times"
2025-06-17,"Stock Market News, June 17, 2025: Dow ends down 300 points, S&P 500 and Nasdaq finish lower after Trump calls for Iran's 'unconditional surrender' - MarketWatch"
2025-06-16,Nebius Group Options Move Amid Nasdaq Composite Market Shifts - Kalkine Media
2025-06-18,AstraZeneca (NASDAQ:AZN) PLC Stock Sees Institutional Growth on Nasdaq Composite - Kalkine Media
2025-06-20,Wingstop (NASDAQ:WING) Stock Performance Nasdaq Composite - Kalkine Media
2025-06-20,"US Stock market today: Wall Street edges higher as Trump comments jolt Fed outlook, chip stocks rebound sh - The Economic Times"
2025-06-14,US stocks fall as investors pare risk on Middle East clash - The New Arab
2025-06-18,Stock Market Game competition highlights student success amid volatile markets - Campbell University News
2025-06-20,"S&P 500, Nasdaq finish lower; investors uneasy about Middle East conflict - Reuters"
2025-06-19,NVIDIA (NASDAQ:NVDA) Stock Faces Nasdaq Composite - Kalkine Media
2025-06-20,Flywire Corporation (NASDAQ:FLYW) Shows Institutional Momentum Nasdaq Composite - Kalkine Media
2025-06-20,Stock Market Holds Up Despite Signs Of Distribution; What To Look For Now - Investor's Business Daily
2025-06-16,Yatsen Limited (NYSE:YSG) Shares Nasdaq Composite - Kalkine Media
2025-06-17,Stock Market Today: Dow Slides About 300 Points As Trump Holds Meeting In Situation Room; Palantir Does This After New High - Investor's Business Daily
2025-06-18,"US Stock Market Today: S&P 500, Nasdaq, Dow Jones Open Flat Ahead Of Fed Rate Decision - NDTV Profit"
2025-06-17,"US Stock Market Today: Dow Jones Slips 100 Points, S&P 500 Down 0.4% As Israel-Iran Tensions Simmer - NDTV Profit"
2025-06-17,Stocks Head Lower as Hopes for Middle East Cease Fire Fade - Barron's
2025-06-19,Hang Seng index breaks key support as risk-off mood grips markets: what’s next? - TradingView — Track All Markets
2025-06-16,US stock market today: Nasdaq jumps 1%; Dow surges over 300 points - Times of India
2025-06-18,"Stock Market News From June 18, 2025: Dow Slips After Fed Signals Two Rate Cuts This Year - Barron's"
2025-06-17,"FTSE 100 Live: UK Stocks Fall in Broad Selloff, UK Bond Yields Rise - Bloomberg.com"
2025-06-20,Duolingo (NASDAQ:DUOL) Sees Institutional Amid Tech Sector Nasdaq Composite - Kalkine Media
2025-06-17,Why Plug Power Stock Is Plummeting Today - Nasdaq
2025-06-20,Immuneering (NASDAQ:IMRX) Burn Raises Concerns Among Nasdaq Composite Stocks - Kalkine Media
2025-06-16,What’s Behind Viper Energy Stock Moves on Nasdaq Composite - Kalkine Media
2025-06-20,DoubleDown Interactive Stock Structure Behind (NASDAQ:DDI) Shares Nasdaq Composite - Kalkine Media
2025-06-19,"History Says the Nasdaq Will Soar: 1 Brilliant AI Stock to Buy Now, According to Wall Street - The Motley Fool"
2025-06-19,Is Tyson Foods Stock Underperforming the Nasdaq? - Yahoo Finance
2025-06-18,Live Nasdaq Composite: Markets Hold Steady on Fed Day as Mideast Tensions Boil - 24/7 Wall St.
2025-06-16,"Stock Market News, June 16, 2025: Dow ends up 317 points, S&P 500 and Nasdaq close higher as investors bet on Israel-Iran conflict being contained - MarketWatch"
2025-06-17,Honeywell International (NASDAQ:HON) Stock Amid Nasdaq Composite Movement - Kalkine Media
2025-06-20,Lipella Pharmaceuticals(NASDAQ:LIPO) Faces Decline in Biotech Sector Nasdaq Composite - Kalkine Media
2025-06-16,Live Nasdaq Composite: Markets Hopeful Amid Deescalating Mideast Tensions - 24/7 Wall St.
2025-06-16,The Stock Market Is Shrugging Off the Israel-Iran Conflict. Is That Normal? - Investopedia
2025-06-20,Live Nasdaq Composite: Markets Seek Optimistic Close to Whipsaw Week - 24/7 Wall St.
2025-06-17,Texas Instruments (NASDAQ:TXN) Stock Performance Trails Nasdaq Composite - Kalkine Media
2025-06-19,AMD (NASDAQ:AMD) Stock Rally Driven Expansion Nasdaq Composite - Kalkine Media
2025-06-18,Applied Digital Stock (NASDAQ:APLD) Nasdaq Composite - Kalkine Media
2025-06-16,American Oncology Network Stock Sees Short Interest Uptick on Nasdaq Composite - Kalkine Media
2025-06-16,Udemy Inc Faces Pressure From Institutional Shareholders Nasdaq Composite - Kalkine Media
2025-06-26,US stocks pause rally as GDP shrinks 0.5% in Q1 - News On AIR
2025-06-27,"S&P 500 closes at a record Friday, overcoming even more trade angst: Live updates - CNBC"
2025-06-25,2 Red-Hot Tech Stocks Nearing All-Time Highs Amid Nasdaq’s Record-Breaking Rally - Investing.com India
2025-06-26,"Wall Street extends gains amid positive sentiment, S&P 500, Nasdaq Composite rise - Moneycontrol"
2025-06-26,IXIC: Nasdaq Composite Pops Above Highest Close but Dives Back. New Record Soon? - TradingView — Track All Markets
2025-06-25,"Stock market today: Dow, S&P 500, Nasdaq rally stalls as Nvidia soars to record - Yahoo Finance"
2025-06-27,"S&P 500, Nasdaq hit record highs on renewed AI bets, rate-cut hope - Reuters"
2025-06-27,"Stock Market News, June 27, 2025: Nasdaq, S&P Hit Records - The Wall Street Journal"
2025-06-23,Why advisors should look to the Nasdaq-100® for growth - Wealth Professional
2025-06-24,Nasdaq 100 Hits Record High as Tech Stocks Soar - Investopedia
2025-06-25,"US Stock Market Highlights: Dow jumps 500 points, oil prices crater as investors bet Israel-Iran truce will ho - CNBC TV18"
2025-06-23,Dow rises more than 350 points Monday as oil slides on Iran’s restrained retaliation to U.S. attacks: Live updates - CNBC
2025-06-24,"S&P 500, Nasdaq Composite gain 1%, energy and defense stocks fall amid ceasefire optimism - Moneycontrol"
2025-06-24,"Stock market today: Dow, S&P 500, Nasdaq rally to put records back in sight - Yahoo Finance"
2025-06-26,"Stock Market News June 26, 2025: S&P 500, Nasdaq Rise, Closing Near Record Levels - The Wall Street Journal"
2025-06-23,"Dow jumps 500 points, oil prices crater as investors bet Israel-Iran truce will hold: Live updates - CNBC"
2025-06-26,"S&P 500 closes modestly higher, a hair’s breadth away from hitting a new record - CNBC"
2025-06-25,S&P 500 ends Wednesday little changed as record high remains in reach: Live updates - CNBC
2025-06-27,"Markets News, June 27, 2025: S&P 500, Nasdaq Close at Record Highs as Investors Brush Aside Trade Concerns; Nike Soars After Earnings - Investopedia"
2025-06-26,"Wall Street ends higher on rate cuts, S&P 500, Nasdaq miss record highs - Reuters"
2025-06-27,"Stock market today: S&P 500, Nasdaq notch record closes, brushing off renewed trade tensions - Yahoo Finance"
2025-06-27,The Nasdaq Is on the Verge of a New All-Time High. History Says This Could Happen Next. - The Motley Fool
2025-06-27,"Nasdaq, S&P 500 Notch New Highs - The Wall Street Journal"
2025-06-23,"Wall Street Live: S&P 500, Dow Jones, Nasdaq rise amid US airstrikes on Iran, oil prices seesaw, Tesla rallies 9% - livemint.com"
2025-06-23,IXIC: Nasdaq Futures Poised to Extend Tech Index’s Pump as Trump Says Ceasefire Now in Effect - TradingView — Track All Markets
2025-06-26,US Stock Market Highlights: S&P 500 ends Wednesday little changed as record high remains in reach - CNBC TV18
2025-06-24,"Wall St ends sharply higher, S&P 500 nears record high as Middle East tensions cool - Reuters"
2025-06-25,Wall Street Live: US stocks mixed as investors eye more comments from Jerome Powell - livemint.com
2025-06-25,"Stock Market News June 24, 2025: Oil Slides, Stocks Gain After Trump Brokers Truce - The Wall Street Journal"
2025-06-27,"S&P 500, Nasdaq hit record highs on renewed AI bets, rate-cut hope - The Economic Times"
2025-06-24,"Wall Street Live: S&P 500, Dow Jones, Nasdaq rally after Israel-Iran ceasefire - livemint.com"
2025-06-26,"Stock market today: Stock rally leaves S&P 500, Nasdaq within inches of records, Dow gains 400 points - Yahoo Finance"
2025-06-27,"America’s incredible stock market rebound is complete as S&P 500, Nasdaq hit record highs - CNN"
2025-06-27,"US Stock Market Highlights: S&P 500 closes modestly higher, a hair’s breadth away from hitting a new record - CNBC TV18"
2025-06-26,"S&P 500, Nasdaq near record highs as interest rate-cut bets creep up - Business Standard"
2025-06-21,"US Stock Market Updates: S&P 500, Nasdaq fall with focus on Trump Iran decision, Fed rate cuts, China chip ten - CNBC TV18"
2025-06-26,"S&P 500, Nasdaq book big gains, barely miss record closes - MarketWatch"
2025-06-27,"S&P 500, Nasdaq hit record closing highs amid trade negotiations, rate cut bets - Reuters"
2025-06-26,S&P 500 futures inch toward new record - MarketWatch
2025-06-26,"Stock Market News From June 26, 2025: S&P 500 and Nasdaq Gain, Close Short of Records - Barron's"
2025-06-25,Wall Street ends mixed amid cooling Middle East tensions; Powell in focus - Reuters
2025-06-27,Nasdaq Composite also poised for first record close in months - MarketWatch
2025-06-23,"US Stock Market Today: Nasdaq, S&P 500 Up Despite Irans Strike On US Military Base In Qatar - NDTV Profit"
2025-06-23,"Stock Market News From June 23, 2025: Dow Gains, Oil Drops. Why Markets Are Shrugging Off Iran Attack. - Barron's"
2025-06-23,"Stock market today: S&P 500, Nasdaq fall amid Fed rate uncertainty as Trump mulls Iran move - Yahoo Finance"
2025-06-25,5 things to know before the stock market opens Wednesday - CNBC
2025-06-23,Stock Market Today: Dow Jones Up As Investors Shake Off Iran Attacks; Trump Stock Whipsaws Amid This $400M Move (Live Coverage) - Investor's Business Daily
2025-06-23,US stock market today: Dow jumps over 150 points; investors await economic signals - Times of India
2025-06-24,Why Navitas Semiconductor Stock Is Soaring Today - Nasdaq
2025-06-24,"Stock Market News From June 24, 2025: S&P 500 Rallies and Closes in on Record. Oil Tumbles 6%. - Barron's"
2025-06-26,S&P 500 and Nasdaq Hover Near Records - Barron's
2025-06-25,Nasdaq Index Extends Weekly Gain To 2.6% As Tech Momentum Defies Powell Stance - Seeking Alpha
2025-06-24,"Stock Market News, June 24, 2025: Nasdaq-100 scores first record close in over 4 months, Dow surges over 500 points on Israel-Iran ceasefire; Fed's Powell leaves door open to July cut - MarketWatch"
2025-06-23,"US Market Reaction To Strait of Hormuz Threat; Dow Jones, S&P 500, Nasdaq Gained; Weekly Outlook Here - Goodreturns"
2025-06-26,Wall Street ends mixed amid cooling Middle East tensions; Powell in focus - The Economic Times
2025-06-26,"Stock Market June 26, 2025: S&P 500, Nasdaq barely miss record closes as energy, tech and bank stocks jump - MarketWatch"
2025-06-27,"S&P 500, Nasdaq hit record highs on renewed AI bets, rate-cut hope - Yahoo Finance"
2025-06-25,Live Nasdaq Composite: Markets Eye Fresh Highs Amid Cooling Mideast Tensions - 24/7 Wall St.
2025-06-27,Nasdaq Composite hits record high; See Nasdaq-100's 10 best and worst YTD performers - Seeking Alpha
2025-06-27,"S&P 500, Nasdaq Hit New All-Time Highs As Stocks Complete Tariff Comeback - Forbes"
2025-06-25,"Stock Market Today: Dow ends lower, S&P 500 finishes flat and Nasdaq edges higher with Nvidia scoring record close - MarketWatch"
2025-06-27,"S&P 500, Nasdaq set records in dramatic 3-month turnaround - upi.com"
2025-06-23,"US stock market today: Dow Jones, S&P 500, Nasdaq edge higher as fed hints at july rate cut and oil prices - The Economic Times"
2025-06-23,"Stock market today: Dow, S&P 500, Nasdaq jump, oil slides on Iran's restrained response to US strikes - Yahoo Finance"
2025-06-23,"Stock Market News June 23, 2025: Stocks Rise, Crude Oil Falls After Iran Launches Missiles at U.S. Base in Qatar - The Wall Street Journal"
2025-06-26,US market updates: Stocks near record highs as investors bet on Fed rate cut - as it happened - Reuters
2025-06-25,"Stocks Hover Near Records, Oil Prices Recover Some Ground - WSJ - The Wall Street Journal"
2025-06-23,"Stock Market News June 23, 2025: Dow ends up 375 points, S&P 500 snaps three-day losing streak, Nasdaq finishes higher after Iran launches missiles at U.S. base in Qatar - MarketWatch"
2025-06-27,Stock-market rally boosted by expectations for at least three Fed rate cuts in 2025 - MarketWatch
2025-06-27,"Stock Market on June 27, 2025: S&P 500, Nasdaq close at all-time highs; U.S. stocks shake off Trump's remarks about trade with Canada - MarketWatch"
2025-06-23,Why AST SpaceMobile Stock Soared Today - Nasdaq
2025-06-24,"US stocks surge at open: Dow Jones jumps 300 points, Nasdaq up 1% - TradingView — Track All Markets"
2025-06-25,Stunning turnaround: The stock market is on the verge of an all-time record - CNN
2025-06-27,"Caution Ahead: S&P 500, Nasdaq Composite Enter Overbought Territory - TheStreet Pro"
2025-06-26,"Tech Optimism Lifts S&P 500, Nasdaq Near Records - WSJ - The Wall Street Journal"
2025-06-26,"US stock market today: Dow jumps 200 points, S&P nears record, Nasdaq climbs as Trump eyes Fed shake-up an - The Economic Times"
2025-06-27,S&P 500 hits an all-time high — rebounding to its level when Trump's second term began - NBC News
2025-06-23,Why Quantum Computing Stock Is Plummeting Today - Nasdaq
2025-06-23,"US stock market outlook: Will S&P 500, Dow Jones, Nasdaq crash or rise amidst Iran Israel war? - The Economic Times"
2025-06-23,Why Wall Street Is 'Buying the News' After U.S. Strikes Iran - Barron's
2025-06-26,S&P 500 scores record high for first time in 4 months. What could push stocks higher from here? - MarketWatch
2025-06-27,"S&P 500, Nasdaq Stumble as Indexes Eye Record Closes - Barron's"
2025-06-27,Wall St Week Ahead Investors eye US jobs data as stocks hit record highs - Reuters
2025-06-24,"Nasdaq-100 scores first record close in over 4 months, Dow surges over 500 points on Iran-Israel ceasefire - MarketWatch"
2025-06-27,"US stocks at open: S&P 500, Nasdaq, and Nvidia all hit record highs - TradingView — Track All Markets"
2025-06-23,"Dow Jones, Nasdaq, S&P 500 weekly preview: Markets on edge amid Mid East conflict - Investing.com"
2025-06-27,The Stock Market Has Roared Back to Record Highs. What to Do Now. - Barron's
2025-06-27,"S&P 500, Nasdaq Mark Record Closes Despite Trade Hiccups - Barron's"
2025-06-27,"S&P500, Nasdaq hit record highs on renewed AI bets, rate-cut hopes - South China Morning Post"
2025-07-03,"S&P 500, Nasdaq close at records on jobs data; Nvidia market cap nears $4 trillion - Reuters"
2025-06-30,US markets continue to rise; S&P 500 and Nasdaq Composite up 0.2% - Moneycontrol
2025-06-28,"Dow Jones, S&P 500, Nasdaq Composite, Dax, Hang Seng, Nifty 50: Surprise winners redefine markets in H1 - BusinessLine"
2025-06-28,IXIC: Nasdaq Composite Hits Record Close as Tech-Dense Index Adds 32% Since April Lows - TradingView — Track All Markets
2025-07-03,"Markets News, July 3, 2025: S&P 500, Nasdaq Close at Fresh Record Highs After Strong Jobs Report as Tech Stocks Continue to Rally - Investopedia"
2025-07-01,Stock Market Today: Dow Jones Rallies 430 Points; Solar Stocks Shine After Change To Trump Bill (Live Coverage) - Investor's Business Daily
2025-06-30,"Wall Street Live: S&P 500, Nasdaq, Dow Jones extend gains after Canada removes tax on US tech firms - livemint.com"
2025-07-02,"Dow jumps more than 300 points, S&P 500 sets new record after strong June jobs report - CNBC"
2025-06-30,"Stock Market News, June 30, 2026: U.S.-Canada Trade Talks Back On; S&P 500, Nasdaq Hit Records - The Wall Street Journal"
2025-06-30,S&P 500 rises to another record to wrap up second-quarter comeback: Live updates - CNBC
2025-07-02,"Markets News, July 2, 2025: S&P 500 Hits New High Ahead of Jobs Report as Investors Track News on Trade, Budget Bill; Tesla, Chip Stocks Lead Tech Rally - Investopedia"
2025-07-02,S&P 500 closes at another record on Wednesday after Trump announces Vietnam-U.S. deal: Live updates - CNBC
2025-07-01,"Dow jumps 400 points, S&P 500 closes flat to start new quarter as investors rotate out of tech - CNBC"
2025-06-30,"Stock market today: S&P 500, Nasdaq jump to fresh records, capping stunning second-quarter comeback - Yahoo Finance"
2025-07-03,US Stock Market Highlights: S&P 500 closes at another record on Wednesday after Trump announces Vietnam-US dea - CNBC TV18
2025-07-02,"Nasdaq, S&P 500 close lower, weighed by tech stocks, Dow ends up - The Economic Times"
2025-06-27,Nasdaq 100 Index Rallies to Record High on Speculation of Earlier Interest Rate Cuts - Nasdaq
2025-07-02,"Dow slips, S&P and Nasdaq end at record highs following U.S.-Vietnam trade deal, weak ADP jobs report - MarketWatch"
2025-07-01,US Stock Market Highlights: S&P 500 rises to another record close to wrap up second-quarter comeback - CNBC TV18
2025-07-01,"Wall Street Live: S&P 500 & Nasdaq slip, Dow Jones up as investors monitor Trump’s tax bill, Tesla sinks 6% - livemint.com"
2025-07-03,Vietnamese stocks climb to highest in over three years after Trump announces U.S.-Vietnam trade deal - CNBC
2025-07-03,Stock Market Today: Dow Rallies 300 Points On Surprise Jobs Data; Four Stocks Break Out - Investor's Business Daily
2025-07-03,Nasdaq 100 Forecast: QQQ rises to record highs after st - FOREX.com
2025-07-01,"Markets News, July 1, 2025: S&P 500, Nasdaq Slip After Two Days of Record Highs as Tech Stocks Slump; Tesla Drops on Musk-Trump Fracas - Investopedia"
2025-06-30,"S&P 500, Nasdaq hit record highs on trade hopes; set for strong quarter - Business Standard"
2025-07-02,The Nasdaq Is Leading a Messy Session - Barron's
2025-07-03,"US Stock Market Highlights: Dow jumps more than 300 points, S&P 500 sets new record after strong June jobs rep - CNBC TV18"
2025-06-30,"Markets News, June 30, 2025: S&P 500, Nasdaq Rise to New Highs; Major Stock Indexes Post Big Gains for 2nd Straight Month - Investopedia"
2025-07-02,"Wall Street Live: S&P 500, Nasdaq rise, Dow Jones dips after weak private jobs data, Tesla jumps on Q2 sales - livemint.com"
2025-07-04,"US Market Holiday On July 4: Trading In Dow Jones, S&P 500, Nasdaq Closed On Friday; Check Next Week's Outlook - Goodreturns"
2025-07-03,"Stock market today: S&P 500, Nasdaq leap to fresh records as Vietnam trade deal boosts hopes ahead of key jobs report - Yahoo Finance"
2025-07-03,"The Nasdaq, S&P 500 Surge to Fresh Highs. What's Next for the Stock Market. - Barron's"
2025-07-01,"Stock Market News for Jul 1, 2025 - Nasdaq"
2025-07-03,Ethereum (ETH) Gets Support From Data Showing U.S. Economy Hanging Tough Despite Tariffs - CoinDesk
2025-07-03,"Stock Market News for Jul 3, 2025 - Nasdaq"
2025-06-30,These Nasdaq stocks have led the bounce since 'liberation day' back to all-time highs - CNBC
2025-07-03,"S&P 500, Nasdaq Roar to Fresh Records After Strong Jobs Report - Barron's"
2025-07-01,"Stock market today: Dow jumps, Nasdaq slides as Trump tax bill sails through Senate - Yahoo Finance"
2025-07-02,"US stock market closing: S&P 500, Nasdaq fall, Dow Jones near all-time high - The Economic Times"
2025-07-01,"Stock Market News, July 1, 2025: Dow Rises After Senate Passage of Megabill - The Wall Street Journal"
2025-06-29,7 Low-Fee Fidelity Mutual Funds - Investopedia
2025-06-30,"S&P 500, Nasdaq at record highs as trade hopes feed quarterly momentum - The Economic Times"
2025-07-01,"Nasdaq, S&P 500 close lower, weighed by tech stocks, Dow ends up - Reuters"
2025-07-03,Nasdaq 100: Tech Stocks Rally Today as Nvidia and Labor Data Boost Forecasts - FXEmpire
2025-07-03,S&P 500 Hits Fresh Record High - The Wall Street Journal
2025-07-03,"US Stock market hits record highs after blowout June jobs report: S&P 500 tops 6,227, Nasdaq soars to 20,3 - The Economic Times"
2025-07-03,"Stock Market Today: S&P 500, Nasdaq tally fresh record closing highs after strong June jobs report; Dow gains nearly 350 points; House narrowly passes megabill - MarketWatch"
2025-07-01,"US stock market today: Wall Street dips as Tesla tumbles amid widening Trump-Musk rift, dollar weakens ah - Times of India"
2025-07-03,Stocks Hit Record Highs. What’s Behind the Rally. - Barron's
2025-06-27,"Wall Street ends higher on rate cuts, S&P 500, Nasdaq miss record highs - The Economic Times"
2025-07-03,"Stock Market July 3, 2025: Dow Rises; Strong Jobs Data Lifts Markets - The Wall Street Journal"
2025-07-02,Tech Stocks Have Propelled the Nasdaq Closer to a Record High. Why a Bubble Is Nowhere Close. - Barron's
2025-07-01,"Indian stock market: 10 key things that changed for market overnight - Gift Nifty, Nasdaq at record high to gold prices - livemint.com"
2025-06-30,"S&P 500, Nasdaq close at record highs, cap best quarter in over a year - Reuters"
2025-06-30,S&P 500 and Nasdaq hit record highs amid optimism over trade talks - The Financial Express
2025-06-27,Nasdaq Composite hits record high; See Nasdaq-100's 10 best and worst YTD performers - MSN
2025-07-01,"S&P 500, Nasdaq slip from record highs as Trump tax bill in focus - The Financial Express"
2025-06-30,Live Nasdaq Composite: Markets Take New Ground in Broad-Based Rally - 24/7 Wall St.
2025-07-01,Tesla Sank Today -- Is the Stock a Buy Right Now? - Nasdaq
2025-07-04,"World shares are mostly down as Trump's tariff deadline looms, while U.S. stocks set records - PBS"
2025-07-01,"Stock Market News, July 1, 2025: Dow ends up 400 points, S&P 500 and Nasdaq slip from record highs to kick off the second half of 2025; Senate passes Trump’s big bill. - MarketWatch"
2025-06-30,"Stocks hit fresh record on trade optimism, dollar falls - Reuters"
2025-07-02,"S&P 500, Nasdaq close on record high on Vietnam trade deal, tech stocks - Reuters"
2025-07-01,"Dow ends up 400 points, S&P 500 and Nasdaq slip from record highs to kick off second half of 2025 - MarketWatch"
2025-07-01,"US stock market dips today as S&P 500 slips from record high, Nasdaq drops with Tesla tumble amid Trump-Mu - The Economic Times"
2025-07-01,Palantir Sank Today -- Is the Stock a Buy? - The Motley Fool
2025-06-30,"US stock market today: Dow, S&P 500, Nasdaq hit all-time highs as June ends with a bang — trade truce, Fed - The Economic Times"
2025-06-30,Nasdaq Eyes 6-Straight; Dow Paces for Best Month Since January - Schaeffer's Investment Research
2025-06-30,"Stock Market News for Monday, June 30, 2025: S&P 500 and Nasdaq Hit New Records on Trade Deal Hopes - Barron's"
2025-07-02,"US stock market today: Wall Street edges higher as S&P 500 gains on Trump’s Vietnam trade deal, Nasdaq jum - The Economic Times"
2025-07-02,"Stock Market News for Wednesday July 2, 2025: S&P 500, Nasdaq Notch Records Ahead of June Payrolls Report - Barron's"
2025-07-02,"Stock Market News, July 2, 2025: S&P 500, Nasdaq score record closes as Trump touts Vietnam trade deal; investors digest weak ADP jobs data - MarketWatch"
2025-06-28,What Is the Russell 2000 Stock Market Index? - The Motley Fool
2025-07-04,"Is the US stock market open on closed on Independence Day, July 4, 2025? Check here - livemint.com"
2025-07-05,"US Market Outlook: Dow Jones, S&P 500 and NASDAQ Composite surge, dollar subdued. - BusinessLine"
2025-07-09,"Markets News, July 9, 2025: Nasdaq Composite Closes at New High as Nvidia Leads Tech Stock Rally; Bitcoin Tops $112,000 for First Record Since May - Investopedia"
2025-07-08,"S&P 500, Nasdaq clinch records for third time this week as optimism sweeps Wall Street - Yahoo Finance"
2025-07-10,"S&P, Nasdaq close at fresh records as traders shake off tariff worries - CNBC"
2025-07-11,Stock Market Today: Stocks Finish In The Red; Dow Jones Index Bears The Brunt Of Selling - Investor's Business Daily
2025-07-09,US Stock Market Highlights: S&P 500 ends Tuesday little changed as Trump’s tariff policy keeps traders on edge - CNBC TV18
2025-07-10,"Stock Market News, July 10, 2025: S&P Hits New Record; Treasury Yields Rise - The Wall Street Journal"
2025-07-10,IXIC: Nasdaq Composite Soars to New Record as Huge Nvidia Milestone Lifts US Stocks - TradingView — Track All Markets
2025-07-09,"June, Second Quarter 2025 Review and Outlook - Nasdaq"
2025-07-07,"Dow Jones falls 500 points, Nasdaq, S&P 500 slip 1% as Trump slaps tariffs on Japan, South Korea - The Economic Times"
2025-07-07,"Wall Street Live: Dow Jones tanks 1%, S&P 500 dips 0.8%, Nasdaq drops 0.9% as Trump expands tariff crackdown - livemint.com"
2025-07-09,United States shares mixed at close of trade; Dow Jones Industrial Average down 0.37% - Investing.com India
2025-07-10,"Markets News, July 10, 2025: S&P 500, Nasdaq Hit New Highs as Airline Stocks Soar After Strong Delta Earnings; Bitcoin Surges to Record - Investopedia"
2025-07-11,"Dow falls 280 points, S&P logs weekly loss as Trump trade war escalates - CNBC"
2025-07-11,"US Stock Market Highlights: S&P, Nasdaq close at fresh records as traders shake off tariff worries - CNBC TV18"
2025-07-09,"As S&P 500 And Nasdaq Notch More Highs, What Will Markets Bring In The Last Half Of 2025? Here Are A Few Clues - Investor's Business Daily"
2025-07-08,"S&P 500 rises as Nvidia leads Big Tech rally, Nasdaq closes at a record: Live updates - CNBC"
2025-07-10,"US Stock Market Highlights: S&P 500 rises as Nvidia leads Big Tech rally, Nasdaq closes at a record - CNBC TV18"
2025-07-08,S&P 500 ends Tuesday little changed as Trump’s tariff policy keeps traders on edge: Live updates - CNBC
2025-07-07,Dow slides more than 400 points Monday as new Trump tariffs incite sell-off: Live updates - CNBC
2025-07-09,"Dow ends up over 200 points, Nvidia powers Nasdaq Composite to new record - MarketWatch"
2025-07-07,"Stock Market News, July 7, 2025: Dow Falls More Than 400 Points as Trump Dials Up Tariff Tensions - The Wall Street Journal"
2025-07-11,"US stocks end with gains as Nasdaq, S&P hit record highs - Anadolu Ajansı"
2025-07-07,5 things to know before the stock market opens Monday - CNBC
2025-07-09,"Stock market today: Dow, S&P 500, Nasdaq jump as Nvidia's surge to milestone boosts tech - Yahoo Finance"
2025-07-10,S&P 500 and Nasdaq composite pull back from their all-time highs - Yahoo Finance
2025-07-08,Should Fidelity Nasdaq Composite Index ETF (ONEQ) Be on Your Investing Radar? - Yahoo Finance
2025-07-08,US Stock Market Highlights: Dow slides more than 400 points Monday as new Trump tariffs incite sell-off - CNBC TV18
2025-07-08,IXIC: Nasdaq Composite Rebounds After Tariff-Fueled Selloff Attracts Tech-Loving Dip Buyers - TradingView — Track All Markets
2025-07-10,"Stock market today: S&P 500, Nasdaq eke out fresh records, Nvidia closes at $4T market cap - Yahoo Finance"
2025-07-09,"Stock Market News, July 9, 2025: Trump Says 50% Tariff on Brazil Coming; Nasdaq Rises to Record - The Wall Street Journal"
2025-07-11,"Stock market today: Dow falls 250 points, S&P 500, Nasdaq retreat from record as Trump escalates tariff threats - Yahoo Finance"
2025-07-11,"S&P 500, Nasdaq rise to record highs boosted by Nvidia record valuation, strong Delta forecast - The Economic Times"
2025-07-07,"Markets News, July 7, 2025: Stocks Drop from Record Highs Amid Fresh Tariff Uncertainty; Tesla Shares Slide as Musk Launches Political Party - Investopedia"
2025-07-09,"Wall Street Live: S&P 500, Dow Jones, Nasdaq surge as investors shrug off Trump’s offensive tariffs; Nvidia jumps 2.2% - livemint.com"
2025-07-07,"US Markets: Dow, S&P 500, Nasdaq Sink As Trump Announces 25% Tariffs On Japan, South Korea - News18"
2025-07-11,"Markets News, July 11, 2025: Stocks Retreat from Records After Trump Announces More Tariffs; Bitcoin Hits New High Above $118,000 - Investopedia"
2025-07-10,The Nasdaq Is Mirroring the 1990s. It Isn’t a Bubble This Time. - Barron's
2025-07-11,"Stock Market News, July 11, 2025: Dow Finishes Week Lower After Trump Threatens 35% Canada Tariffs - The Wall Street Journal"
2025-07-08,Wall St stocks edge lower as investors look for tariff clarity - Reuters
2025-07-11,"Indian stock market: 8 key things that changed overnight - Gift Nifty, Trump tariffs, TCS Q1 results to Bitcoin prices - livemint.com"
2025-07-08,US stocks slide as Donald Trump announces new tariffs on imports from seven countries - CNBC TV18
2025-07-11,"US stock market today jolted: Dow, S&P 500 & Nasdaq snap reversal amid Trump’s Canada tariffs—Nvidia and L - The Economic Times"
2025-07-10,"US stock market today: Dow jumps 250 points, S&P 500 hits record high, Nasdaq dips as Nvidia tops $4T and - The Economic Times"
2025-07-07,Stock Market Today: Dow Loses 422 Points As New Trump Tariffs Span Seven Countries (Live Coverage) - Investor's Business Daily
2025-07-10,S&P 500 and Nasdaq Hit Records in Broad Rally - Barron's
2025-07-08,"Stock market today: Dow, S&P 500 slip as Trump stays firm on August tariff deadline, announces copper duties - Yahoo Finance"
2025-07-08,"Stock Market News, July 8, 2025: Trump Unveils 50% Levy on Copper, Sending Price to Record - The Wall Street Journal"
2025-07-07,"Dow, S&P 500, Nasdaq retreat as Trump reignites trade tensions with flurry of letters, August deadline - Yahoo Finance"
2025-07-09,"Stock Market News from July 9, 2025: Nasdaq Hits Record - Barron's"
2025-07-07,WSJ Financial Flashback: 30 YEARS AGO: Nasdaq 1000 - DataDrivenInvestor
2025-07-11,How Second-Quarter Earnings Could Push the S&P 500 Even Higher - Barron's
2025-07-09,"Stock Market News, July 9, 2025: Dow and S&P 500 end higher for first time in three days, Nasdaq reaches new record with help from Nvidia and Fed's 2025 rate-cutting plans - MarketWatch"
2025-07-10,"Stock Market Today: Small Caps Rise, Edging Dow; Travel Firms Jump On Oil Drop But Byrna, Axon Trip Sell Rules (Live Coverage) - Investor's Business Daily"
2025-07-08,"Markets News, July 8, 2025: S&P 500, Dow Close Slightly Lower as Trade Uncertainty Persists After Trump Extends Deadline on Tariffs - Investopedia"
2025-07-07,"Stock Market News for Monday July 7, 2025: The Dow Sheds More Than 400 Points in Tariff-Fueled Selloff - Barron's"
2025-07-10,S&P 500 and Nasdaq hit record highs - upi.com
2025-07-06,The stock-market rally is broadening beyond Big Tech. Will consumer stocks bounce back in the second half of the year? - MarketWatch
2025-07-07,"Stock Market News July 7, 2025: Dow logs worst day in three weeks, S&P 500 and Nasdaq snap back-to-back gains after Trump announces 25%-40% tariffs on Japan, South Korea and others - MarketWatch"
2025-07-10,"Stock Market for July 10, 2025: S&P 500 and Nasdaq log record closes, Dow narrows gap with Dec. peak - MarketWatch"
2025-07-10,"Indexes rise, boosted by Nvidia record valuation, strong Delta forecast - Reuters"
2025-07-10,"S&P 500, Nasdaq post record closes, Nvidia closing valuation $4 trillion - Reuters"
2025-07-11,"Stock Market News July 11, 2025: Dow snaps three-week winning streak, S&P 500 slips from record as Trump ramps up tariff threats - MarketWatch"
2025-07-10,Asian shares mostly gain after big tech rally on Wall Street - 朝日新聞
2025-07-08,U.S. stocks mixed at close of trade; Dow Jones Industrial Average down 0.37% - Investing.com
2025-07-11,Stock Futures Dive Amid More Tariff Threats After S&P 500’s Record High. Bitcoin Surges. - Barron's
2025-07-10,"BTC/USD: Bitcoin Blasts Above $112,000, Setting New All-Time High, Joined by Two Megacaps - TradingView — Track All Markets"
2025-07-07,"US stock market today: Dow, S&P 500, Nasdaq all in red as Tesla nosedives and Trump threatens 25% tariffs - The Economic Times"
2025-07-05,There’s a 68% chance that stocks will rise by year-end. Do you feel lucky? - MarketWatch
2025-07-11,"History Says the Nasdaq Will Soar: 2 Artificial Intelligence (AI) Stocks to Buy Now, According to Wall Street - Nasdaq"
2025-07-08,"Stock Market News, July 8, 2025: Dow ends down over 160 points, S&P 500 and Nasdaq remain flat after Trump says 'no extensions' after Aug. 1 tariff deadline - MarketWatch"
2025-07-10,"US stock market: Nasdaq closes at record high, S&P 500, Dow Jones rise. Check Nvidia, Microsoft, Meta, Alp - The Economic Times"
2025-07-11,"Nasdaq briefly turns green, poised for longest weekly winning streak of 2025 - MarketWatch"
2025-07-09,US stock market today: Dow Jones rebounds as Nvidia hits $4 trillion milestone; S&P 500 and Nasdaq rally t - The Economic Times
2025-07-08,Live Nasdaq Composite: Markets Lick Wounds After Steep Sell-Off - AOL.com
2025-07-07,"Dow Jones, Nasdaq, S&P 500 weekly preview: Markets brace for tariff deadline - Investing.com"
2025-07-09,"2 Growth Stocks to Invest $1,000 in Right Now - Nasdaq"
2025-07-08,S&P 500 futures inch higher after latest tariff-induced selloff - MarketWatch
2025-07-10,Live Nasdaq Composite: Tech Eyes New Highs as Markets Diverge - 24/7 Wall St.
2025-07-07,Stocks flashed this warning signal before tariff jitters drove Dow down 500 points - MarketWatch
2025-07-08,Live Nasdaq Composite: Markets Lick Wounds After Steep Sell-Off - 24/7 Wall St.
2025-07-10,"US stock market futures dip as Dow, S&P 500, Nasdaq weigh Trump’s tariff shock against Nvidia’s $4T rally - The Economic Times"
2025-07-09,Nasdaq Hits New Record As Nvidia Reaches $4 Trillion Milestone - Finimize
2025-07-11,"US: S&P 500, Nasdaq edge to fresh records despite tariff fog - The Business Times"
2025-07-10,Investors push past tariff angst to power stocks to fresh all-time highs - Business Insider
2025-07-06,Stock Futures Are Falling As Trump Resets Tariffs to Aug. 1 - Barron's
2025-07-08,Palantir Was the Top-Performing Stock in the S&P 500 and Nasdaq-100 During the First Half of 2025. Here Is What History Says Will Happen Next. - Yahoo Finance
2025-07-11,S&P 500 and Nasdaq composite pull back from their all-time highs - Southern Farm Network
2025-07-08,"US stock market sinks as S&P 500, Nasdaq, and Dow Jones slide on Trump tariffs, tech selloff, and solar cr - The Economic Times"
2025-07-10,Live Nasdaq Composite: Tech Eyes New Highs as Markets Diverge - AOL.com
2025-07-11,"US stock market future today: Dow, S&P 500, Nasdaq futures drop as Trump slaps 35% tariff on Canada; Nvidi - The Economic Times"
2025-07-08,East West Bancorp Sees Upward Movement Amidst Sector Activity Nasdaq Composite - Kalkine Media
2025-07-09,"Stocks snap two-day losing streak, Nasdaq ends at record as Nvidia hits $4T in market cap - Seeking Alpha"
2025-07-09,Live Nasdaq Composite: Markets Attempt Gains on Renewed Trade Deal Bets - 24/7 Wall St.
2025-07-11,S&P 500 and Nasdaq composite pull back from their all-time highs - Richmond News
2025-07-10,"Stocks close higher, nudging the S&P 500 and Nasdaq to more highs - Richmond News"
2025-07-06,Think President Donald Trump's Tariffs Are Wall Street's Biggest Concern? Then You're Completely Overlooking This Colossal Problem. - The Motley Fool
2025-07-12,"US Market Outlook: Dow Jones, S&P 500 And NASDAQ Composite: Consolidates Before The Next Leg Of Rise - BusinessLine"
2025-07-15,"Dow drops 400 points on earnings, inflation woes; Nvidia lifts Nasdaq to record close: Live updates - CNBC"
2025-07-15,Nasdaq ends at another record high on Nvidia's China chip cheer - Reuters
2025-07-17,IXIC: Nasdaq Composite Soars to New Record as Nvidia Stock Keeps Printing Massive Gains - TradingView — Track All Markets
2025-07-15,"Markets News, July 15, 2025: Nasdaq Closes at New High as Nvidia Leads Tech Rally; S&P Backs Off Record as Bank Stocks Slump - Investopedia"
2025-07-18,"Stock market today: Nasdaq hits record, S&P 500 posts weekly gain, Dow slips as Wall Street shrugs off tariff tensions - Yahoo Finance"
2025-07-18,U.S. stocks close higher - Xinhua
2025-07-17,"Stock Market News From July 17, 2025: S&P 500, Nasdaq Notch Record Highs - Barron's"
2025-07-17,"Wall Street Live: S&P 500, Dow Jones, Nasdaq gain after retail sales data, solid earnings | Stock Market News - livemint.com"
2025-07-16,"Markets News, July 16, 2025: Stocks Close Higher After Trump Denies He Plans to Fire Fed Chair Powell; Nasdaq Composite Hits Record for 3rd Straight Day - Investopedia"
2025-07-15,IXIC: Nasdaq Composite Scores New Record as Traders Bet on Another Tariff Reprieve - TradingView — Track All Markets
2025-07-16,"US Stock Market Highlights: Dow drops 400 points on earnings, inflation woes; Nvidia lifts Nasdaq to record cl - CNBC TV18"
2025-07-13,S&P 500 posts slim gain Monday as traders hope for lower tariffs before Aug. 1 deadline: Live updates - CNBC
2025-07-18,"Markets News, July 18, 2025: S&P 500 Closes Unchanged, Nasdaq Inches Higher to Its 5th Straight New High - Investopedia"
2025-07-15,"Dow adds 200 points, S&P 500 rises in volatile trading as Trump denies he’s firing Powell: Live updates - CNBC"
2025-07-16,"S&P 500 rises to new closing record, boosted by solid earnings and U.S. economic data: Live updates - CNBC"
2025-07-18,Dow closes more than 100 points lower after report says Trump seeks at least 15% tariff on EU imports: Live updates - CNBC
2025-07-18,"S&P 500 and Nasdaq set to push to fresh records, aided by a dovish Waller - MarketWatch"
2025-07-15,US Stock Market Highlights: S&P 500 posts slim gain Monday as traders hope for lower tariffs before August 1 d - CNBC TV18
2025-07-17,"Markets News, July 17, 2025: S&P 500, Nasdaq Close at Record Highs as Investors React to Strong Earnings, Economic Data - Investopedia"
2025-07-17,"Stock market today: S&P 500, Nasdaq clinch records as US economy flashes strength, earnings roll in - Yahoo Finance"
2025-07-18,"U.S. stocks end mixed, with Nasdaq notching fresh record high and weekly gain - MarketWatch"
2025-07-18,5 things to know before the stock market opens Friday - CNBC
2025-07-17,"S&P 500, Nasdaq end at fresh record highs as data, earnings point to consumer strength - Reuters"
2025-07-14,"Stock market today: Nasdaq secures record close as investors shake off tariff threats, eye key inflation data - Yahoo Finance"
2025-07-14,"How Does Nvidia's Reaching $4 Trillion in Market Cap Impact the S&P 500, Nasdaq-100, and Dow Jones? - Nasdaq"
2025-07-17,"Upbeat Earnings Send S&P 500, Nasdaq to New Highs - The Wall Street Journal"
2025-07-16,Nasdaq Bull Market: 3 Historically Cheap Stocks That Can Easily Double Your Money - Nasdaq
2025-07-16,Understanding QQQ’s performance through market cycles - invesco.com
2025-07-11,S&P 500 and Nasdaq composite pull back from their all-time highs - Los Angeles Times
2025-07-18,"Wall Street Live: S&P 500, Nasdaq, Dow Jones edge lower amid stronger earnings, Netflix sheds over 5% - livemint.com"
2025-07-15,"Nasdaq Composite eyes record, Dow falls more than 390 points in final hour of trading - MarketWatch"
2025-07-17,‘Everything Rally’ in Full Swing. What About Tariffs & Earnings? - TradingView — Track All Markets
2025-07-12,"US Stock Market Highlights: Dow falls 280 points, S&P logs weekly loss as Trump trade war escalates - CNBC TV18"
2025-07-18,"Stock Market News, July 18, 2025: Another Record for Nasdaq - The Wall Street Journal"
2025-07-15,"Nvidia powers Nasdaq to record high; S&P 500 lags as data, earnings parsed - The Economic Times"
2025-07-17,Mega Fortune Company Limited(NasdaqCM: MGRT) added to NASDAQ Composite Index - MarketScreener
2025-07-16,5 Things to Know Before the Stock Market Opens - Investopedia
2025-07-15,S&P 500 and Nasdaq Composite could end at new all-time highs today - MarketWatch
2025-07-16,"Stock Market Today: Indexes End Higher; Ferrari, Shopify Surpass New Buy Points; ASML Shellacked (Live Coverage) - Investor's Business Daily"
2025-07-18,"S&P 500, Nasdaq open higher as investors weigh in on company earnings - The Financial Express"
2025-07-14,"Stock Market Today: Dow Creeps Up, Nasdaq Closes At A High; Palantir Hits New Milestone (Live Coverage) - Investor's Business Daily"
2025-07-18,"Stock Market on July 18, 2025: Dow ends down; S&P 500 closes flat; Nasdaq books fresh record high as investors watch for tariff developments and impacts - MarketWatch"
2025-07-16,"Stock Market News, July 15, 2025: Dow Falls, Yields Rise After Inflation Picks Up - The Wall Street Journal"
2025-07-18,"S&P 500, Nasdaq Hit Records Amid Data-Heavy Week - Nasdaq"
2025-07-17,"Dow Jones Futures: Nvidia Chipmaker Taiwan Semiconductor, GE Aerospace Rise On Earnings; Netflix Looms - Investor's Business Daily"
2025-07-18,5 Things to Know Before the Stock Market Opens - Investopedia
2025-07-16,"Wall Street ends up, after brief downward detour on Powell firing confusion - Reuters"
2025-07-14,Nasdaq Moves to a Record on Minor Gains - Barron's
2025-07-17,These Were the 2 Best-Performing Stocks in the Nasdaq-100 in June 2025 - Yahoo Finance
2025-07-17,"Stock Market News, July 17, 2025: S&P Rises to New High With Earnings in Focus - The Wall Street Journal"
2025-07-14,"Stock Market News, July 14, 2025: Trump Threatens 100% Tariffs on Russia - The Wall Street Journal"
2025-07-14,Asian shares are mixed after S&P 500 and Nasdaq composite pull back from their all-time highs - The Independent
2025-07-17,K-TECH Solutions Company Limited(NasdaqCM:KMRK) added to NASDAQ Composite Index - MarketScreener
2025-07-17,"S&P 500, Nasdaq log record closes as investors focus on steady economic data, earnings - MarketWatch"
2025-07-14,"Markets News, July 14, 2025: Stocks Rise as Investors Brush Aside Tariff Concerns Ahead of Earnings, Inflation Data; Nasdaq Hits New High - Investopedia"
2025-07-15,"US Stock Markets Today: S&P 500 Hits Record High, Nvidia Soars Nearly 5% - NDTV Profit"
2025-07-16,"Stock Market, July 16, 2025: Dow ends almost 232 points higher, S&P 500 rises and Nasdaq logs another record after Trump says he isn't planning to fire Powell - MarketWatch"
2025-07-16,S&P 500 Gains and Losses Today: Johnson & Johnson Stock Jumps; Universal Health Services Shares Slide - Investopedia
2025-07-18,"Stock Market Today: Stocks Fall As Google, Tesla Earnings Loom; Netflix Dives On Results (Live Coverage) - Investor's Business Daily"
2025-07-15,Nasdaq ends at another record high on Nvidia's China chip cheer - Yahoo Finance
2025-07-17,NexMetals Mining Corp.(NasdaqCM: NEXM) added to NASDAQ Composite Index - MarketScreener
2025-07-15,Equities lose earlier gains and US bond yields rise with inflation in focus - Reuters
2025-07-18,"Indian stock market: 7 key things that changed for market overnight - Gift Nifty, US retail sales to Wall Street rally - livemint.com"
2025-07-17,"S&P 500, Nasdaq end at fresh record highs as data, earnings point to consumer strength - Yahoo Finance"
2025-07-15,"Stock Market News From July 15, 2025: Nasdaq Hits New Record. Market Looks Weak. - Barron's"
2025-07-16,"US stock market today: Dow surges 742 points, S&P 500 and Nasdaq Slip; Nvidia, Goldman Sachs, J&J power Wa - The Economic Times"
2025-07-16,"Dow and S&P 500 end higher, Nasdaq sets fresh record after Trump denies plans to fire Powell - MarketWatch"
2025-07-15,S&P 500 futures bid higher after Nvidia news - MarketWatch
2025-07-18,"S&P 500, Nasdaq tally intraday record highs as Waller says he supports July rate cut - MarketWatch"
2025-07-18,The Stock Market Has a ‘Breadth’ Problem - Barron's
2025-07-16,"Stock market today: S&P 500 in record close amid strong retail sales, earnings - Investing.com"
2025-07-17,"US stock market today rallied: Dow, S&P 500, Nasdaq hit new highs as strong TSMC, PepsiCo earnings and ret - The Economic Times"
2025-07-15,"Stock Market News, July 15, 2025: Dow logs worst day in a month after June CPI report, Nasdaq scores fresh record as chip stocks rally; JPMorgan tops estimates - MarketWatch"
2025-07-17,"S&P 500, Nasdaq Finish Session at Record Highs - Barron's"
2025-07-17,"Stock Market for July 17, 2025: S&P 500, Nasdaq finish at fresh records on sturdy economic data; Dow climbs 230 points - MarketWatch"
2025-07-18,"Stock Market News From July 18, 2025: Nasdaq Marks Record High - Barron's"
2025-07-17,Stock Market Today: Dow Rises As Fed Officials Are Firm On Rates; Nvidia Scores Record High (Live Coverage) - Investor's Business Daily
2025-07-14,"Stock Market News for July 14, 2025: Nasdaq scores fresh record as investors monitor tariffs and await CPI; S&P 500 and Dow close higher; bitcoin also ends at record - MarketWatch"
2025-07-14,"Dow Jones, Nasdaq, S&P 500 weekly preview: Q2 season, macro data may test equities - Investing.com"
2025-07-16,"US stock market futures today: Nasdaq hits record high as AI stocks rally, but Dow plunges 436 points and - The Economic Times"
2025-07-15,US: Nasdaq hits new record as markets shrug off tariff talk - The Business Times
2025-07-15,Wall Street closed mixed as the latest inflation and bank earnings data arrived - Seeking Alpha
2025-07-14,"S&P 500, Bitcoin Breakouts on Weekly Time Frame Join Nasdaq 100 - Investing.com"
2025-07-17,Strong earnings and upbeat economic data power stocks to fresh all-time highs - Business Insider
2025-07-20,"Dow Jones, Nasdaq Composite, S&P 500: US market outlook - BusinessLine"
2025-07-22,"US Stock Market: S&P 500, Nasdaq Composite hit fresh highs, Dow Jones drops - The Economic Times"
2025-07-24,"S&P 500, Nasdaq Composite Extend Record Run - The Wall Street Journal"
2025-07-21,IXIC: Nasdaq Composite Pops 0.4% for Another Record. Big Tech Earnings Ahead. - TradingView — Track All Markets
2025-07-21,S&P 500 ekes out another record close Tuesday as traders react to latest earnings: Live updates - CNBC
2025-07-22,"Markets News, July 22, 2025: S&P 500 Edges Higher to Record Close; Nasdaq Composite Snaps Winning Streak as Big Tech Earnings On Deck - Investopedia"
2025-07-23,Chip Stocks Are Weighing on the Nasdaq - Barron's
2025-07-21,The Nasdaq is partying like it’s 1999. Why that might signal a stock-market selloff ahead - MarketWatch
2025-07-21,"Stock Market News for Jul 21, 2025 - Nasdaq"
2025-07-19,"Dow Jones, S&P 500, Nasdaq Composite: Wall Street Strategist Peter Berezin decodes the blind side of US markets - BusinessLine"
2025-07-24,"S&P 500 posts fifth straight record close this week, powered by solid earnings: Live updates - CNBC"
2025-07-21,"S&P 500 posts first close above 6,300, Nasdaq hits a record ahead of big tech earnings: Live updates - CNBC"
2025-07-23,"Dow jumps 500 points, S&P 500 closes at another record on Trump trade deal optimism: Live updates - CNBC"
2025-07-24,"S&P 500, Nasdaq close at fresh records following solid Alphabet earnings: Live updates - CNBC"
2025-07-21,"Nasdaq 100 momentum unmatched since 1999 so brace for a shakeout, says BTIG - CNBC"
2025-07-22,"Stock Market News From July 22, 2025: S&P 500 Notches a Record - Barron's"
2025-07-19,US Stock Market Highlights: Dow falls 200 points after report says Trump pushing for at least a 15% tariff on - CNBC TV18
2025-07-21,"Markets News, July 21, 2025: S&P 500, Nasdaq Close at Records as Stocks Inch Higher at the Start of a Big Week of Earnings Reports - Investopedia"
2025-07-25,"Markets News, July 25, 2025: S&P 500, Nasdaq Close Out Strong Week at Record Highs; Tesla Rebounds from Sell-Off, Intel Drops After Weak Earnings - Investopedia"
2025-07-19,"S&P, Nasdaq end on subdued note after brief dip on latest Trump tariff rumbling - Reuters"
2025-07-25,S&P 500 and Nasdaq 100 Post Record Highs on Tech Stock Strength - Nasdaq
2025-07-25,Nasdaq Composite on track for 13th record finish of July — most in a month since August 2020 - MarketWatch
2025-07-23,"Stock market today: S&P 500, Nasdaq hit records, Dow closes in as trade hopes lift stocks before Tesla, Google - Yahoo Finance"
2025-07-25,S&P 500 sets 5 all-time highs in one trading week - Fortune
2025-07-21,"Stock Market News, July 21, 2025: Nasdaq Rises; Bond Yields Fall - The Wall Street Journal"
2025-07-21,Stocks Pop to New Highs. Wall Street Is Betting Big on Earnings Season. - Barron's
2025-07-20,Stock market’s rally now hinges on earnings — with tariffs and Fed drama hopefully background noise - MarketWatch
2025-07-24,"Stock Market News, July 24, 2025: S&P Hits Fourth Straight Record; Trade Talks, Earnings in Spotlight - The Wall Street Journal"
2025-07-23,"Markets News, July 23, 2025: S&P 500, Nasdaq Hit New Highs as Stocks Rise on Trade Deal Optimism Ahead of Big Tech Earnings - Investopedia"
2025-07-24,Stock market today: S&P 500 notches 4th consecutive record as Google earnings fuel AI hopes - Yahoo Finance
2025-07-24,"S&P, Nasdaq Build on Records. IBM, Honeywell Drag on the Dow. - Barron's"
2025-07-24,"Markets News, July 24, 2025: S&P 500, Nasdaq Hit New Highs, Dow Drops Amid Earnings Barrage; Alphabet Stock Rises, Tesla Plunges After Results - Investopedia"
2025-07-23,Meme stock 2.0 may prove fleeting - Financial Times
2025-07-24,"S&P 500, Nasdaq notch another round of records on earnings, economic data; Dow stumbles - MarketWatch"
2025-07-21,"Stock Market Today: Index Gains Fade, Dow Jones Index Dips As This Bill Ackman Holding Shines; Alphabet Rises (Live Coverage) - Investor's Business Daily"
2025-07-22,"Stock Market News, July 22, 2025: U.S. Reaches New Trade Pacts; Bessent Sees No Reason for Powell to Leave - The Wall Street Journal"
2025-07-21,"Nasdaq 100: Meta, Apple Rally Lifts Tech Stocks and Boosts US Indices - FXEmpire"
2025-07-24,"Stock Market Today: Dow drops; S&P 500, Nasdaq eke out another round of records after Alphabet earnings - MarketWatch"
2025-07-21,The Nasdaq Is on Pace for Another Record - Barron's
2025-07-25,How to De-Trumpify Your Thinking and Learn to Love the Stock Market - Barron's
2025-07-24,"S&P 500, Nasdaq on track for more records; Dow dragged down by IBM - MarketWatch"
2025-07-21,"Stock Market News for Monday July 21, 2025: S&P 500, Nasdaq Set New Record Highs - Barron's"
2025-07-24,"Dow falls 300 points as S&P 500, Nasdaq push toward fresh records - MarketWatch"
2025-07-21,S&P500 and Nasdaq 100: Indices Hit Records—Can Bulls Hold Into the Close? - FXEmpire
2025-07-25,"The S&P 500, Nasdaq Set Fresh Highs. The Dow Is Still Playing Catch Up. - Barron's"
2025-07-25,"Stock market today: S&P 500 clears 5th-straight record, Nasdaq hits fresh high as earnings, trade hopes bolster stocks - Yahoo Finance"
2025-07-24,Dreamland Limited(NasdaqCM: TDIC) added to NASDAQ Composite Index - MarketScreener
2025-07-24,"S&P 500, Nasdaq notch record closing highs; gold softens amid earnings, trade negotiations - Reuters"
2025-07-21,Nasdaq Index: Bullish Sentiment Builds Today as Forecast Focuses on Alphabet and Tesla - FXEmpire
2025-07-22,"Nasdaq Dragged By OpenAI, SoftBank Venture Setback - Schaeffer's Investment Research"
2025-07-23,US stock market concentration risks come to fore as megacaps report earnings - Reuters
2025-07-25,S&P 500 and Nasdaq 100 Post Record Highs on Earnings Optimism - Yahoo Finance
2025-07-22,"Stock Market on July 22, 2025: S&P 500 closes at new record high, Dow gains 180 points and Nasdaq falls as investors await more earnings and monitor trade progress - MarketWatch"
2025-07-22,"Wall Street indexes end split amid mixed earnings, crude slides as trade deadline looms - Reuters"
2025-07-21,"S&P, Nasdaq hit record highs amid optimistic earnings - upi.com"
2025-07-21,"Nasdaq, S&P 500 hit fresh records as trade talks, tech earnings in focus - ZAWYA"
2025-07-21,"Stock Market News July 21, 2025: Dow ends lower, while S&P 500, Nasdaq hit records as investors kick off big earnings week - MarketWatch"
2025-07-24,Nasdaq Composite Live: All-Time Highs With Earnings Season Heating Up - 24/7 Wall St.
2025-07-25,"S&P 500, Nasdaq Composite Hit New Highs as Mega-Cap Earnings, Trade Deals Support Risk Sentiment - MarketScreener"
2025-07-24,Nasdaq Composite Live: All-Time Highs With Earnings Season Heating Up - AOL.com
2025-07-21,"U.S. stock market hits fresh record highs—Dow, S&P 500, Nasdaq climb, driven by Verizon, Block, Cleveland‑ - The Economic Times"
2025-07-25,"Stock Market on July 25, 2025: S&P 500 books fresh record peak amid optimism around U.S.-Europe trade discussions; Nasdaq notches all-time high, Dow rises - MarketWatch"
2025-07-23,S&P 500 Sets Another New High. Why It’s Vulnerable to a Pullback. - Barron's
2025-07-19,"1 No-Brainer Artificial Intelligence Index Fund to Buy Right Now for Less Than $1,000 - Nasdaq"
2025-07-25,"Stock Market News From July 25, 2025: S&P 500 Marks Record Close in 'Perfect Week' - Barron's"
2025-07-18,"Warren Buffett Says Buy This S&P 500 Index Fund. It Could Soar by 139%, According to a Top Wall Street Analyst - Nasdaq"
2025-07-25,"U.S. stock futures rise today as Dow and S&P 500 chase records, Nasdaq dips and Tesla sinks — here’s what’ - The Economic Times"
2025-07-23,"Stock Market Today: Dow retakes 45,000 as S&P 500 logs third straight record close on rising trade hopes; Tesla, Alphabet earnings await - MarketWatch"
2025-07-21,Verizon Earnings Help Boost S&P 500 to New High - The Wall Street Journal
2025-07-25,Stock Market Today: Dow Jones Index Rises On Surprise Data; Tesla Rallies (Live) - Investor's Business Daily
2025-07-22,"Equal-weight S&P 500 outperforms as Nvidia, Broadcom weigh on Nasdaq - MarketWatch"
2025-07-24,"Nasdaq wavers, small caps retreat after strong July advance - MarketWatch"
2025-07-25,"US: S&P 500, Nasdaq hit new records despite big Tesla drop - The Business Times"
2025-07-22,The New York Stock Exchange's S&P 500 Index and Nasdaq Composite Index broke all-time highs agai.. - 매일경제
2025-07-25,Nasdaq Composite Live: Higher Highs with the Federal Reserve on Deck - 24/7 Wall St.
2025-07-23,Will Nasdaq ETFs Continue Their Rally Going Into Q2 Earnings? - Zacks Investment Research
2025-07-23,Dow Jones Industrial Average Nears New Highs: Stock Market Today - Kiplinger
2025-07-22,Nasdaq Outpaces the Dow and S&P 500 - FXLeaders
2025-07-18,Stock Market Today: Stocks end mixed with Nasdaq notching record close - thestreet.com
2025-07-20,From Palantir to Netflix: Top 10 stocks fueling the Nasdaq-100’s rally in 2025 - MSN
2025-07-18,FTSE up and US stocks creep lower ending week of records for indices - Yahoo Finance UK
2025-07-21,Follow the Trend: New Records for S&P 500 and NASDAQ Composite on Tech Optimism - FXLeaders
2025-07-21,From Palantir to Netflix: Top 10 stocks fueling the Nasdaq-100’s rally in 2025 - Seeking Alpha
2025-07-19,"Wall Street: S&P 500, Nasdaq rallies run out of steam - AFR"
2025-07-19,The S&P 500 Just Completed a Feat Witnessed Only 6 Times in 75 Years -- and It Points to Stocks Skyrocketing Over the Next Year - Nasdaq
2025-07-25,"Stock Market News for Jul 25, 2025 - The Globe and Mail"
2025-07-23,"Liberation Day 2.0 Is 9 Days Away. Is a ""Trump Dump"" Imminent for Stocks? - The Motley Fool"
2025-07-25,"S&P/TSX composite rises Friday, U.S. markets also close higher - BNN Bloomberg"
2025-07-30,"S&P 500 posts third straight losing day as Meta, Microsoft fail to lift market: Live updates - CNBC"
2025-07-27,"Dow Jones, S&P 500, NASDAQ Composite: Outlook is bullish ahead of Fed meeting - BusinessLine"
2025-08-01,US Stock Market Highlights: Wall Street Ends Lower as S&P 500 Extends Losing Streak - CNBC TV18
2025-07-31,Nasdaq Composite set to end July with most record closing highs in a month since December 1999 - MarketWatch
2025-08-01,"Wall Street Live: Nasdaq, S&P 500, Dow slump after weak jobs data; Amazon tanks 7%, Nvidia dips 3%, Tesla falls 2.6% - livemint.com"
2025-07-27,IXIC: Nasdaq Composite Futures Up Ahead of More Big Tech Earnings. Here’s the Roster. - TradingView — Track All Markets
2025-07-31,Morning Rally Fizzles: Stocks Reverse Course After Early Gains. - Nasdaq
2025-07-30,"Stock market today: Dow, S&P 500, Nasdaq mixed as Fed holds rates, Powell says 'no decisions' on September - Yahoo Finance"
2025-07-28,"S&P 500, Nasdaq Futures Rise As Trump Clinches ’Biggest Trade Deal Ever’ With EU: Traders Eye Fed Meet, Big Tech Earnings By Stocktwits - Investing.com India"
2025-08-01,"Nasdaq Index: Amazon, Meta, Nvidia Drop as Fed Signals, Jobs Miss Rattle Forecasts - FXEmpire"
2025-07-29,"S&P 500 retreats from record, Dow falls 200 points with China talks in limbo and Fed decision ahead: Live updates - CNBC"
2025-07-30,"US Stock Market Highlights: Dow drops 200 points amid China uncertainty, Fed decision looming - CNBC TV18"
2025-07-28,S&P 500 and Nasdaq 100 Post Record Highs on Earnings Optimism - Nasdaq
2025-07-28,"Markets News, July 28, 2025: S&P 500, Nasdaq Close at New Highs as Investors Await More Trade News, Brace for Big Tech Earnings, Fed Decision This Week - Investopedia"
2025-07-30,"S&P 500 closes lower, Dow drops more than 150 points as Powell signals Fed isn’t ready to cut rates: Live updates - CNBC"
2025-07-26,"US Stock Market Highlights: S&P 500 posts fifth straight record close this week, powered by solid earnings - CNBC TV18"
2025-08-01,Dow closes 500 points lower Friday as weak jobs data and new tariffs incite sell-off: Live updates - CNBC
2025-07-28,S&P 500 closes little changed as EU trade deal fails to spark rally: Live updates - CNBC
2025-07-28,"S&P, Nasdaq again close at record highs, trade choppy - Reuters"
2025-07-30,"Stock Market Today: Dow Drops After Fed Powell Comments; Meta, Microsoft Soar On Earnings (Live Coverage) - Investor's Business Daily"
2025-07-29,"This Is, Officially, the 3rd Priciest Stock Market in Over 150 Years -- and There's No Mistaking What Comes Next for Stocks, Based on History - Nasdaq"
2025-07-29,"Markets News, July 29, 2025: S&P 500 Slips From Record High as Investors Digest Flurry of Earnings Reports, Await Fed Rate Decision, Big Tech Results - Investopedia"
2025-08-01,"Stock market today: Dow, S&P 500, Nasdaq tank as market confidence cracks under Trump tariffs, weak jobs data - Yahoo Finance"
2025-07-29,S&P 500 and Nasdaq 100 Post Record Highs on Trade Deals - Nasdaq
2025-07-29,"Stock market today: S&P 500, Nasdaq eke out records as markets kick off huge week for US economy - Yahoo Finance"
2025-07-30,"Markets News, July 30, 2025: S&P 500 Slips as Fed Chair Powell Fails to Spark Hopes for Interest Rate Cuts; Focus Turns to Big Tech Earnings - Investopedia"
2025-07-29,"Stock market today: S&P 500 snaps 6-day record streak, stocks fall as earnings flood in, Fed decision looms - Yahoo Finance"
2025-07-28,Nasdaq Reaches for Another Record as Bad Breadth Plagues S&P 500 - Barron's
2025-08-01,"Stock market today: Dow, S&P 500, Nasdaq slide to solid month on sour note as Trump's tariff deadline, jobs report loom - Yahoo Finance"
2025-07-31,"J-Star Holding Co., Ltd.(NasdaqCM: YMAT) added to NASDAQ Composite Index - MarketScreener"
2025-08-01,Blue Water Acquisition Corp. III(NasdaqGM: BLUW) added to NASDAQ Composite Index - MarketScreener
2025-08-01,"S&P 500 Falls 1.5%, Nasdaq Tumbles 2% Dow Drops 500 Points on weak jobs and Trump tariffs - TradingView — Track All Markets"
2025-07-29,"U.S. stocks today : Market gave up opening gains, with S&P 500 and Nasdaq Composite down - Eurasia Business News"
2025-08-01,"US stock selloff sparked by tariff onslaught, weak payrolls - The Economic Times"
2025-07-31,"The S&P 500, Dow and Nasdaq Are on the Rise. It May Not Last - Barron's"
2025-07-29,"Stock Market News, July 29, 2025: China, U.S. Discuss Extending Trade Truce - The Wall Street Journal"
2025-08-01,"Stock Market News for Aug 1, 2025 - Nasdaq"
2025-07-30,14 Nasdaq-100 ETFs and Mutual Funds to Buy - Kiplinger
2025-07-29,"Wall Street Today: Nasdaq, S&P hit record high; Sofi, Novo Nordisk, UnitedHealth shares in focus after Q2 results - livemint.com"
2025-07-30,"Stock Market News From July 30, 2025: Dow Slips After Powell Doesn't Tease September Cut - Barron's"
2025-07-28,"Stock Market News, July 28, 2025: S&P, Nasdaq Edge Higher to New Records After U.S.-EU Trade Deal - The Wall Street Journal"
2025-07-29,"Stock Market News, July 29, 2025: Dow ends down 200 points, S&P 500 and Nasdaq snap win streaks ahead of Fed meeting, GDP and big tech earnings. - MarketWatch"
2025-07-28,"Stock Market News July 28, 2025: Dow slips, S&P 500, Nasdaq eke out records after EU trade deal as investors kick off crucial week - MarketWatch"
2025-07-31,"Stock Market News, July 31, 2025: Dow ends 330 points lower, S&P 500 and Nasdaq give up gains in choppy trade ahead of more tech earnings; Figma soars in debut - MarketWatch"
2025-07-28,"Stock Market News for Monday, July 28, 2025: Nasdaq Extends Stellar Run to Record Levels as Dow Falls - Barron's"
2025-07-29,Nasdaq Analysis Today 29/07: Sustained Trend (Chart) - DailyForex
2025-07-29,Equities close lower as earnings weigh; Fed statement on tap - Reuters
2025-08-01,"Stock Market News, Aug. 1, 2025: Dow Falls on Tariff Blitz; Trump Orders Firing of Top Labor Official - The Wall Street Journal"
2025-08-01,"Stock Market News From Aug. 1, 2025: Dow Drops After Weak Jobs Report, Trump Tariffs - Barron's"
2025-07-29,The Stock Market Is Doing Something Witnessed Just Once Ever Before -- and History Has a Clear Answer on What Happens Next - The Motley Fool
2025-07-31,"Markets News, July 31, 2025: S&P Loses Ground for 3rd Straight Day as Stocks Fail to Sustain Early Gains Amid Flurry of Big Tech Earnings - Investopedia"
2025-08-01,"Markets News, Aug. 1, 2025: Stocks Tumble as Investors React to Weak Jobs Report, Latest Trump Tariff Moves - Investopedia"
2025-07-29,"Stock Market News From July 29, 2025: S&P 500 Snaps Win Streak - Barron's"
2025-07-31,"Stocks Market News From July 31, 2025: S&P 500 Blows Big Gain - Barron's"
2025-07-31,Nasdaq futures jump as Microsoft and Meta shares pop following earnings - MarketWatch
2025-07-31,"BTC to 120K, Nasdaq Composite, Altcoin Price Forecast, and the Next x100 Meme Coin: Pepeto - - Disrupt Africa"
2025-08-01,"Stock Market News, July 31, 2025: U.S. to Raise Tariffs on Scores of Nations - The Wall Street Journal"
2025-07-30,"Stock Market News, July 30, 2025: Dow ends with third day of declines, S&P 500 falls, Nasdaq advances after divided Fed leaves rates steady - MarketWatch"
2025-07-30,Stock market holds steady after Fed leaves interest rates unchanged - Fast Company
2025-07-26,"S&P 500, Nasdaq, Dow Jones climb to record high. Check top stocks - The Economic Times"
2025-07-31,"5 Index ETFs to Buy With $1,000 and Hold Forever - Nasdaq"
2025-07-31,Nasdaq Composite Live: Earnings Beats are Pushing the Index to New Record Highs - 24/7 Wall St.
2025-08-01,"S&P 500, Nasdaq Had a Strong July, Extending Winning Streaks - Barron's"
2025-08-01,Stock Market today: Wall Street falls the most since May after employers slash hiring and tariffs roll out | LIVE - ABC7 Los Angeles
2025-07-30,Nasdaq Composite Live: All Eyes are on the Federal Reserve - 24/7 Wall St.
2025-07-31,"US stock market today: S&P 500 falls, Dow Jones drops, Nasdaq offers relief. Check top performing stocks - The Economic Times"
2025-07-29,Nasdaq Composite Live: Index to Hit New Highs Today - 24/7 Wall St.
2025-07-31,August is historically a bad month for Big Tech stocks. What to expect this year. - MarketWatch
2025-08-01,Strong Earnings Can’t Save the Stock Market From Jobs and Tariffs - Barron's
2025-07-29,"Oil prices help S&P/TSX composite close higher on Tuesday, U.S. markets fall - BNN Bloomberg"
2025-08-01,"Stocks slump on latest tariffs, soft jobs data - Reuters"
2025-08-01,"Stock Market on Aug. 1, 2025: Dow finishes down 540 points, S&P 500 and Nasdaq fall sharply after weak jobs data, tariff jitters; Treasury yields plunge - MarketWatch"
2025-07-29,Equities close lower as earnings weigh; Fed statement on tap - Yahoo Finance
2025-07-29,US: Stocks pause at records at start of heavy earnings week - The Business Times
2025-07-25,US stock market rallies as S&P 500 and Nasdaq hit fresh records amid earnings boom and Fed rate cut hopes - The Economic Times
2025-07-28,Nasdaq Composite Live: Market Gains Momentum on US-EU Trade Deal - 24/7 Wall St.
2025-07-30,Nasdaq pulls back as market repositions before Powell remarks - Traders Union
2025-08-01,Nasdaq Composite Live: Trump Tariffs Snap Nasdaq Win Streak - 24/7 Wall St.
2025-07-28,"S&P, Nasdaq open at record highs on US–EU deal optimism - The Standard (HK)"
2025-07-29,"S&P 500, Nasdaq open at record highs with earnings, Fed meeting in focus - The Standard (HK)"
2025-08-01,Stock Market Today: Was That the Market Top? - thestreet.com
2025-07-26,Is Arista Networks Stock a Buy Now? - The Globe and Mail
2025-07-30,"S&P/TSX composite falls nearly 170 points, U.S. markets were mixed - BNN Bloomberg"
2025-07-29,The Stock Market Is Doing Something Witnessed Just Once Ever Before -- and History Has a Clear Answer on What Happens Next - AOL.com
2025-07-28,Wall Street kicks off a week full of potential flashpoints with a whisper - BNN Bloomberg
2025-08-03,US Market Outlook: US Markets Topple - BusinessLine
2025-08-06,Dow closes more than 200 points lower Thursday in sharp reversal: Live updates - CNBC
2025-08-08,"Nasdaq posts record closing high with tech gains, rate cut optimism - Reuters"
2025-08-08,"IXIC: Nasdaq Composite Logs New Record Close Despite Pullbacks in Meta, Microsoft - TradingView — Track All Markets"
2025-08-04,"Stock market today: Dow jumps 580 points, S&P 500, Nasdaq have best day since May as Wall Street bounces back - Yahoo Finance"
2025-08-08,"Markets News, Aug. 8, 2025: Nasdaq Closes at Record High as Apple Leads Tech Stock Rally; Major Indexes Post Solid Weekly Gains - Investopedia"
2025-08-08,Nasdaq Snags 18th Record Close of 2025 - The Wall Street Journal
2025-08-02,"US Stock market: S&P 500 suffers biggest daily fall in over 3 months, Nasdaq Composite, Dow Jones crash - The Economic Times"
2025-08-03,Is Investing in the Nasdaq-100 a No-Brainer Move? - Nasdaq
2025-08-08,"S&P 500 rises, Nasdaq closes at record Friday as Apple shares rally: Live updates - CNBC"
2025-08-05,IXIC: Nasdaq Composite Washes Out 0.7% as Weak Services Data Jolts Investor Confidence - TradingView — Track All Markets
2025-08-07,"Markets News, Aug. 7, 2025: Nasdaq Closes at Record High as Chip Stocks, Apple Surge; S&P 500 Ticks Lower as Rally Loses Momentum - Investopedia"
2025-08-02,US Stock Market LIVE Updates: Dow falls by around 600 points due to dismal jobs data - CNBC TV18
2025-08-07,"Wall Street Live: Dow Jones, S&P 500, Nasdaq gain on tariff exemption hopes, Eli Lilly tanks 10%, Intel dips 3% - livemint.com"
2025-08-05,"S&P 500 closes lower Tuesday, weighed down by tariff fears and poor economic data: Live updates - CNBC"
2025-08-04,"Dow rebounds nearly 600 points and wipes out Friday’s loss, S&P 500 ends four-day losing run - CNBC"
2025-08-06,S&P 500 closes higher Wednesday as Apple lifts market: Live updates - CNBC
2025-08-04,IXIC: Nasdaq Composite Futures Pop as Bargain Hunters Seek to Recoup Steep Friday Losses - TradingView — Track All Markets
2025-08-08,U.S. Stock Futures Edge Up After Nasdaq Hits Record High - The Wall Street Journal
2025-08-04,"Wall Street Live: Nasdaq, Dow Jones, S&P 500 rebound on Fed rate cut optimism - livemint.com"
2025-08-07,"Stock market today: Dow slides, Nasdaq jumps to record as tariffs kick in, Trump nominates Miran to Fed board - Yahoo Finance"
2025-08-08,US Stocks Edge Higher With Gains Fueled by Tech Companies - Bloomberg.com
2025-08-08,"Nasdaq 100 Tracks Gann Roadmap: 23,840 Emerges as Critical Price-Time Pivot - Investing.com"
2025-08-04,Market Set To Bounce After Sell-Off; These Earnings Loom - Investor's Business Daily
2025-08-06,"Stock market today: Dow, S&P 500, Nasdaq fall as Wall Street digests earnings, Trump tariffs - Yahoo Finance"
2025-08-05,"Stock market today: Dow, S&P 500, Nasdaq close higher as Nvidia pops, Google slides - Yahoo Finance"
2025-08-07,Stock Market Today: Dow Swings To Drop 224 Points; Nasdaq Ekes A Out A Gain - Investor's Business Daily
2025-08-06,Nasdaq Heads for Record Close - Barron's
2025-08-06,"Markets News, Aug. 6, 2025: Stocks Rise as Investors Digest Flurry of Earnings, Keep Tabs on Tariff News; Apple Soars, AMD Slides - Investopedia"
2025-08-04,"Markets News, Aug. 4, 2025: Stocks Close Sharply Higher as Market Rebounds From Sell-Off; Nvidia, AMD Lead Chip Sector Rally - Investopedia"
2025-08-07,Nasdaq Recovers From Midday Slide to Hit Record Close - Barron's
2025-08-08,"Stock market today: Nasdaq hits fresh record, S&P 500, Dow rise as Wall Street closes winning week on high note - Yahoo Finance"
2025-08-08,"Today's Market: S&P 500, Nasdaq Climb as Trump Tariffs Take Hold - TradingView — Track All Markets"
2025-08-04,"US stocks rebound: Nasdaq soars, driven by Nvidia record high - Yahoo Finance"
2025-08-06,"Stock Market Today: Dow, Nasdaq Finish Higher As Apple Surges; Chip Leader Dives On Earnings - Investor's Business Daily"
2025-08-04,"Stock Market News, Aug. 4, 2025: Dow Gains Nearly 600 Points, Bouncing Back From Friday Decline - The Wall Street Journal"
2025-08-08,"US Stock Market Today: S&P 500, Nasdaq, Dow Jones Edge Higher - NDTV Profit"
2025-08-04,"Nasdaq ends +2%, Wall Street rebounds from Friday's sell-off (DJI:Dow Jones Indices) - Seeking Alpha"
2025-08-08,"WhiteFiber, Inc.(NasdaqCM: WYFI) added to NASDAQ Composite Index - MarketScreener"
2025-08-02,Jim Cramer reveals he hates August and September: ‘Just tough months to…’ - livemint.com
2025-08-07,Nasdaq Heads for Record High as Stocks Surge at the Open After Trump Tariffs Kick In - Barron's
2025-08-04,"Stock Market News Aug. 4, 2025: Dow, S&P 500, Nasdaq each record best day since May as expectations for September rate cut rise - MarketWatch"
2025-08-05,Rubico Inc.(NasdaqCM: RUBI) added to NASDAQ Composite Index - MarketScreener
2025-08-08,Markets Open Higher to End a Wild Week. Nasdaq Heads for Record as Big Tech Drives Gains. - Barron's
2025-08-07,Wall Street drifts as stock markets worldwide take Trump's new tariffs in stride - NBC News
2025-08-07,Want to Beat the Nasdaq? Try Dividends. - Barron's
2025-08-05,"Stock Market News, Aug. 5, 2025: Trump Says Chip, Pharma Tariffs Coming Soon; Nasdaq Drops - The Wall Street Journal"
2025-08-04,Nasdaq Composite Live: Markets Attempting to Recover from Post-Jobs Drop - 24/7 Wall St.
2025-08-06,Nasdaq Closes in on Record as Apple Recharges Tech Rally - Barron's
2025-08-08,"US stocks today: Wall Street trades in red; Dow down 355 points, Nasdaq dips 0.6% - Times of India"
2025-08-06,"Stocks higher in afternoon as volatility falls, traders stick with view on multiple 2025 rate cuts - MarketWatch"
2025-08-06,"Nasdaq Composite Live: Tech-Heavy Index Green, Despite AMD Miss - 24/7 Wall St."
2025-08-01,"U.S. stock market plunges today as Dow, S&P 500, and Nasdaq sink deep in red — a stormy start to August on - The Economic Times"
2025-08-08,S&P 500 Finishes Week Near Highs as Nasdaq Notches Record Close. Wall Street Tuned Out Noise From Washington. - Barron's
2025-08-08,"Nasdaq Hit a Record High Thursday, While Dow Faltered - The Wall Street Journal"
2025-08-08,"Nasdaq ends at record, Dow falls as tariff hikes take effect - Bangladesh Sangbad Sangstha (BSS)"
2025-08-05,Nasdaq Composite Live: Tech-Heavy Index Pops on Earnings - 24/7 Wall St.
2025-08-06,Nasdaq 100 and S&P500: US Stocks Open Higher as Arista and McDonald’s Lead Early Gains - FXEmpire
2025-08-02,"Stock market today: Dow Jones, S&P 500, Nasdaq tank - top 5 reasons why equites are losing ground - The Economic Times"
2025-08-04,U.S. stocks end sharply higher on rate-cut optimism - MarketWatch
2025-08-08,"Nasdaq notches record close, S&P just misses out as stocks rally (DJI:Dow Jones Indices) - Seeking Alpha"
2025-08-08,3 Reasons Why Nasdaq ETFs Hit a Record High - Nasdaq
2025-08-05,Blue Acquisition Corp.(NasdaqGM: BACC) added to NASDAQ Composite Index - MarketScreener
2025-08-08,Nasdaq Composite Live: Tech-Heavy Index Pushing to Higher Highs - 24/7 Wall St.
2025-08-03,Is Investing in the Nasdaq-100 a No-Brainer Move? - The Motley Fool
2025-08-01,"US stock market today: S&P 500, Dow Jones, Nasdaq fall, Health care stocks tank - The Economic Times"
2025-08-08,The Stock Market Is Still Holding on So Far. Big Tech Is Supercharging the Rally. - Barron's
2025-08-08,"U.S. stocks rise midday, heading for weekly gains - MarketWatch"
2025-08-06,Stock Markets Open Higher Amid Slew of Earnings Ahead of Trump Tariffs Deadline - Barron's
2025-08-07,Suddenly the Dow Is Down. Blame Healthcare Stocks. - Barron's
2025-08-06,"Wall Street holds steady following mixed profit reports from McDonald’s, Disney and Shopify - MPR News"
2025-08-08,"Nasdaq closes 200 points higher, notches new record - Yahoo Finance"
2025-08-08,5 Stocks in QQQ ETF That Drove Nasdaq's Record Closing High - TradingView — Track All Markets
2025-08-05,"Markets News, Aug. 5, 2025: Stocks Fall as Rally Stalls Amid Lingering Concerns About Tariffs, Economy; Palantir Soars After Earnings - Investopedia"
2025-08-07,S&P 500 eases with Eli Lilly; Nasdaq manages record closing high - Reuters
2025-08-08,"Stock Market on Aug. 8, 2025: Dow and S&P 500 close up, Nasdaq books record high as major U.S. equities benchmarks see weekly gains - MarketWatch"
2025-08-06,"Wall Street ends higher with Nasdaq up more than 1%, led by Apple - Yahoo Finance"
2025-08-05,"Dow, S&P 500 and Nasdaq finish lower after weaker-than-expected ISM services index - MarketWatch"
2025-08-06,"Wall Street ends higher with Nasdaq up more than 1%, led by Apple - Reuters"
2025-08-06,"History Says the Nasdaq Will Soar: 2 AI Stocks to Buy Now, According to Wall Street - The Motley Fool"
2025-08-01,"Dow, Nasdaq Down Triple Digits; Weekly Losses Loom - Schaeffer's Investment Research"
2025-08-07,Nasdaq Composite Live: This is Why the Index is Still Exploding Higher - 24/7 Wall St.
2025-08-08,U.S. stocks end higher as Nasdaq notches record close - MarketWatch
2025-08-04,"US Stock Market today: S&P 500, Nasdaq recovering black Friday's loss. Which stocks are gaining, which are - The Economic Times"
2025-08-14,"Nasdaq, S&P 500 hit new closing highs on rate cut hopes - News On AIR"
2025-08-11,"S&P 500, Nasdaq both notch record close as inflation report gives Fed green light to cut rates - CNBC"
2025-08-09,US Market Outlook: US Bourses Regain Strength - BusinessLine
2025-08-11,Nasdaq 100 Index – Commentary - July 2025 - invesco.com
2025-08-13,"Markets News, Aug. 13, 2025: S&P 500, Nasdaq Hit New Highs as Stock Market Rally Continues; Dow Nears First Record Since December - Investopedia"
2025-08-13,"S&P 500, Nasdaq Futures Dip Ahead Of Fed Speeches, More Earnings: Strategist Flags Key Stock Picks As Markets Climb ‘Wall Of Worry’ By Stocktwits - Investing.com India"
2025-08-15,"Stock market today: Dow, S&P 500, Nasdaq notch weekly wins as slew of data muddies rate-cut path - Yahoo Finance"
2025-08-13,"Wall Street today: S&P 500, Nasdaq hit record high on Fed rate cut optimism - livemint.com"
2025-08-15,"S&P 500 closes lower Friday, but logs its second weekly gain - CNBC"
2025-08-12,"Markets News, Aug. 12, 2025: S&P 500, Nasdaq Close at Record Highs as Stocks Surge After CPI Report Boosts Rate-Cut Hopes - Investopedia"
2025-08-12,"Stock market today: S&P 500 closes above 6,400 for first time as rate cut bets jump after CPI inflation report - Yahoo Finance"
2025-08-13,"Dow rallies 400 points for a second day, S&P 500 closes at another record high - CNBC"
2025-08-10,Stocks finish lower as traders look ahead to CPI data - CNBC
2025-08-11,"Markets News, Aug. 11, 2025: Stocks Slip Ahead of CPI Inflation Report; Nasdaq Retreats From Record High - Investopedia"
2025-08-14,S&P 500 ekes out a third day of gains as traders shake off a hot inflation report: Live updates - CNBC
2025-08-11,"Dow Jones Futures Rise With Nvidia, AMD In Focus; Google, Apple, Tesla Flash Buy Signals - Investor's Business Daily"
2025-08-13,"Stock Market Today: Dow Rockets 400 Points; S&P, Nasdaq Extend Rally On Rate Hopes To New Highs; Crypto Stock Catapults - Investor's Business Daily"
2025-08-15,"Markets News, Aug. 15, 2025: Dow Touches All-Time High, While S&P 500, Nasdaq Tick Lower; Stocks Post Gains for 2nd Straight Week - Investopedia"
2025-08-08,"Stock Market News, Aug. 8, 2025: Gold Pares Gains; Dow Rises - The Wall Street Journal"
2025-08-15,"Wall Street today: Dow Jones rises, S&P 500 & Nasdaq slip, UnitedHealth jumps 11%, Trump-Putin talks in focus - livemint.com"
2025-08-11,The Nasdaq Keeps Hitting New Highs. Don’t Be Tempted to Buy Big Tech. - Barron's
2025-08-11,"U.S. Stock Market Today: Nasdaq Hits 52-Week High, S&P 500 Near Record, Dow Jones Slips Before Inflation Data - Goodreturns"
2025-08-13,"S&P 500, Nasdaq hit new closing highs on rate cut hopes - Reuters"
2025-08-14,"Wall Street today: Dow Jones, S&P 500, Nasdaq retreat after hotter-than-expected wholesale inflation data - livemint.com"
2025-08-11,"Stock Market News for Aug 11, 2025 - Nasdaq"
2025-08-15,"Stock Market News for Aug 15, 2025 - Nasdaq"
2025-08-12,Nasdaq International Patent Leaders™ Index: Tracking Top Innovators Outside the US - Nasdaq
2025-08-13,"Futures Rise, But CoreWeave Dives; 7 Stocks In Buy Areas - Investor's Business Daily"
2025-08-13,"Breaking: S&P, Nasdaq Hit Records as Tech Stocks Ignite Rally - TradingView — Track All Markets"
2025-08-12,"S&P 500, Nasdaq Back on Record Track - Barron's"
2025-08-13,Magnitude International Ltd(NasdaqCM: MAGH) added to NASDAQ Composite Index - MarketScreener
2025-08-13,U.S. Stocks Amble to Fresh Records on Optimism for a September Rate Cut - WSJ - The Wall Street Journal
2025-08-13,"Stock market today: Dow jumps 450 points as S&P 500, Nasdaq log back-to-back records on surging Fed rate cut bets - Yahoo Finance"
2025-08-13,"S&P 500, Nasdaq end at record closing highs as moderate inflation lifts rate hopes - The Economic Times"
2025-08-14,Stock Market Today: Indexes Mixed; Coherent Hits 3 Sell Signals But New IPO Bullish Jumps 10%; 3 Growth Stocks Set Up Entries Nasdaq Edges Up; Tapestry Tests 50-Day - Investor's Business Daily
2025-08-14,"S&P 500, Nasdaq slip from record highs as core producer prices hit a 3-year high in July - The Financial Express"
2025-08-12,"S&P 500, Nasdaq end at record closing highs as moderate inflation lifts rate hopes - Reuters"
2025-08-13,"S&P 500, Nasdaq hit new closing highs on rate cut hopes - NBC News"
2025-08-14,US Stock Market Today: S&P 500 Retreats From Record High Nasdaq Falls 64 Points On Producer Inflation Data - NDTV Profit
2025-08-12,"Stock Market Today: Dow Rallies, S&P 500 And Nasdaq Make History; Nvidia, Palantir Both Do This - Investor's Business Daily"
2025-08-15,BUUU Group Limited(NasdaqCM: BUUU) added to NASDAQ Composite Index - MarketScreener
2025-08-12,"Nasdaq 100: ON Semiconductor, Microchip Technology Lead Rally on CPI Data - FXEmpire"
2025-08-11,"Wall Street Today: Dow, Nasdaq, S&P 500 open flat as investors focus on China tariff deadline; Nvidia down 1.3% - livemint.com"
2025-08-12,S&P 500 and Nasdaq touch intraday records as stocks surge in midday trading - MarketWatch
2025-08-09,Sono Group N.V.(NasdaqCM: SSM) added to NASDAQ Composite Index - MarketScreener
2025-08-12,"S&P 500, Nasdaq score fresh records, Dow gains over 480 points after July CPI report - MarketWatch"
2025-08-14,Big Tech’s AI Rally Remains Strong. The Economy Can Chug Along Even Without It. - Barron's
2025-08-14,"Markets News, Aug. 14, 2025: Stock Rally Stumbles as Inflation Report Tempers Rate-Cut Hopes; Dow Slips, S&P Ticks Higher for 3rd Straight Record Close - Investopedia"
2025-08-14,"Stock market today: Dow, S&P 500, Nasdaq hit pause as hot PPI inflation data cools rate-cut rally - Yahoo Finance"
2025-08-12,"US stocks surge at open: Nasdaq up 0.6%, Dow surges 200 points - TradingView — Track All Markets"
2025-08-13,"Dow closes up by almost 464 points, S&P 500 and Nasdaq hit new records on rate-cut optimism - MarketWatch"
2025-08-13,"Stock Market News, Aug. 13, 2025: Dow logs back-to-back gain, S&P 500 and Nasdaq score fresh records on hopes for Fed rate cut - MarketWatch"
2025-08-13,"Nasdaq 100: Tech Stocks Retreat From Record High on Profit-Taking, Valuation Concerns - FXEmpire"
2025-08-11,"Stock Market News From Aug. 11, 2025: Dow Drops 200 Points - Barron's"
2025-08-14,We're back in the red - MarketWatch
2025-08-10,Wall St Week Ahead Inflation data to test stocks as some investors brace for rally to pause - Reuters
2025-08-12,"US Stock Market Today: S&P 500 Edges Higher, Nasdaq Off Record High After July Inflation Rises Moderately - NDTV Profit"
2025-08-15,"Dow finishes higher, but misses record close; S&P 500, Nasdaq fall but tally weekly gains - MarketWatch"
2025-08-14,"S&P 500, Nasdaq back in the green as Big Tech rides to the rescue - MarketWatch"
2025-08-11,"Stock Market News, Aug. 11, 2025: Trump Extends China Deadline, Says No Gold Tariff - The Wall Street Journal"
2025-08-12,"Stock Market News, Aug. 12, 2025: Dow ends up over 480 points, S&P 500 and Nasdaq score fresh records as CPI report matches expectations and investors anticipate Fed rate cuts - MarketWatch"
2025-08-13,"Dow surges 1%, just misses out on record close; S&P and Nasdaq rise (DJI:Dow Jones Indices) - Seeking Alpha"
2025-08-13,Nasdaq Composite Live: Index Heading to Higher Highs - 24/7 Wall St.
2025-08-11,"S&P500 and Nasdaq 100: US Stocks Eye Key CPI Report, Tech Sector in Focus - FXEmpire"
2025-08-12,Stocks hit fresh record high but US dollar weakens as Fed rate cut expectations gain momentum - Reuters
2025-08-11,"Stock Market News Aug. 11, 2025: Dow ends 200 points lower, S&P 500 falls, Nasdaq snaps 3-day winning streak as Trump is reported to extend China tariff deadline; CPI inflation data on deck - MarketWatch"
2025-08-13,"Dow rises 170 points, S&P 500 and Nasdaq eye fresh records - MarketWatch"
2025-08-13,US stocks rise; new highs for S&P 500 and Nasdaq; crypto surges - USA Today
2025-08-15,Stocks close mixed as Dow just misses a record high - CNN
2025-08-13,"Dow up by over 400 points in final hour of trading, S&P 500 and Nasdaq head toward fresh records - MarketWatch"
2025-08-15,"US stock market today tumultuous: Dow hits record as UnitedHealth surges, S&P 500, Nasdaq, and semiconduct - The Economic Times"
2025-08-13,"S&P 500 turns flat, Nasdaq falls in the red, putting more record levels in doubt - MarketWatch"
2025-08-12,Nasdaq Composite Live: Major Indices Flat Heading into Inflation Data - 24/7 Wall St.
2025-08-11,ICICI Prudential MF Halts New Subscriptions in Five International Schemes - scanx.trade
2025-08-11,S&P 500 turns flat in afternoon trading - MarketWatch
2025-08-13,"World equities hit record highs, US yields fall on optimism for Fed rate cut - Reuters"
2025-08-14,"Stock Market News, Aug. 13, 2025: S&P 500 Hits Another Closing High on Hopes for Fed Rate Cut - The Wall Street Journal"
2025-08-20,"US Stocks Mixed: Nasdaq Falls 1.4%, S&P 500 Down 0.6%, Dow Jones Holds Steady - News On AIR"
2025-08-17,"Stocks end Monday little changed as investors look ahead to Powell speech, retail earnings: Live updates - CNBC"
2025-08-16,US Market Outlook: US Benchmark Indices Hit Record Highs - BusinessLine
2025-08-19,Nasdaq Composite closes more than 1% lower - Yahoo Finance
2025-08-18,Nasdaq Composite: AI Experts Raise Red Flags as Valuations Stretch Higher - FXEmpire
2025-08-22,Nasdaq 100 or S&P 500? The Better Long-Term Investment Might Surprise You - Investopedia
2025-08-19,"IXIC: Nasdaq Composite Dives 1.5% as Nvidia Drags Tech, AI Stocks in Retreat - TradingView — Track All Markets"
2025-08-20,"Stock Market News, Aug. 20, 2025: Nasdaq Falls Further; Investors Dig Into Retail Earnings - The Wall Street Journal"
2025-08-21,Tech stocks slip as investors rotate towards defensive sectors - Financial Times
2025-08-22,"Fed's Powell hints at early rate cut. Dow surges 870 points, Nasdaq 420; Cboe drops 12% - The Economic Times"
2025-08-22,"Markets News, Aug. 22, 2025: Stocks Surge After Powell Signals Possible Rate Cuts; Dow Jumps 850 Points to 1st Record Close of 2025 - Investopedia"
2025-08-20,"Stock Market News, Aug. 19, 2025: Tech Slide Weighs on S&P 500 - The Wall Street Journal"
2025-08-19,"S&P 500 closes lower as Nvidia pulls down tech sector, Dow briefly touches record: Live updates - CNBC"
2025-08-20,"S&P 500 falls for a fourth day, Nasdaq posts back-to-back losses as tech names slide: Live updates - CNBC"
2025-08-20,"S&P 500 posts fifth losing day ahead of Powell speech, Dow drops 150 points: Live updates - CNBC"
2025-08-21,Dow surges more than 800 points to post record close as Powell speech fuels rally: Live updates - CNBC
2025-08-19,"Markets News, Aug. 19, 2025: S&P 500, Nasdaq Fall as Tech Stocks Tumble; Dow Closes Little Changed After Touching All-Time High - Investopedia"
2025-08-19,Nasdaq Falls 1.5% as Wall Street Sells the Year’s Big Winners - Barron's
2025-08-18,"Stock Market Today: Dow, Nasdaq Firm As Trump Teases Putin Move; This New Warren Buffett Stock Rallies Again (Live Coverage) - Investor's Business Daily"
2025-08-20,"Wall Street today: Nasdaq tumbles 1%, S&P 500 falls 0.5%, Dow Jones down 0.1%, Nvidia sheds 1.3%, Target tanks 7.3% - livemint.com"
2025-08-21,"Markets News, Aug. 21, 2025: S&P 500 Closes Lower for 5th Straight Day Ahead of Powell's Speech; Walmart Stock Slides After Earnings - Investopedia"
2025-08-19,"Stock market today: Dow, S&P 500, Nasdaq mixed as Home Depot leads out big retail earnings - Yahoo Finance"
2025-08-18,"Dow Jones Futures: Fed Chief Powell To Signal Rate Cuts? Tesla, Micron, AppLovin Eye New Buy Points - Investor's Business Daily"
2025-08-20,"Stock Market News From Aug. 20, 2025: Tech Extends Its Selloff - Barron's"
2025-08-20,Nasdaq's Slide Eases. Here's What's Happening to Wall Street's Favorite Stocks. - Barron's
2025-08-20,"Markets News, August 20, 2025: S&P 500 Falls for 4th Consecutive Day as Tech Stock Slump Continues; Investors Bracing for Fed Chair Powell Speech - Investopedia"
2025-08-20,Yimutian Inc.(NasdaqGM: YMT) added to NASDAQ Composite Index - MarketScreener
2025-08-20,Nasdaq drops for 2nd day as AI jitters rattle tech investors - Reuters
2025-08-20,Stock Market Today: Dow Ekes Out Gain; Nasdaq Comes Off Lows While Palantir Retakes Key Level After 15% Plunge - Investor's Business Daily
2025-08-20,US tech stocks hit by concerns over future of AI boom - Financial Times
2025-08-21,"Nasdaq, S&P 500 end lower as investors sell tech, buy less pricey sectors - The Economic Times"
2025-08-22,"Dow Jones soars 900 points, S&P 500, Nasdaq surge 1% as Fed's Powell hints at rate cuts soon - The Economic Times"
2025-08-21,Nasdaq Composite Live: Markets Still Nervous Ahead of Fed Speech - 24/7 Wall St.
2025-08-18,"Stock market today: Dow, S&P 500 slip as Wall Street seeks clarity on Fed rate-cut path, Ukraine talks - Yahoo Finance"
2025-08-18,"Stock Market News, Aug. 18, 2025: Dow Edges Lower With Fed, Retail Earnings in Focus - The Wall Street Journal"
2025-08-22,Dow on track for first record finish of 2025 after Powell sparks stock-market rally - MarketWatch
2025-08-20,"Stock Market News, Aug. 20, 2025: Nasdaq, S&P 500 end lower as rotation out of Big Tech continues, Dow ekes out gain - MarketWatch"
2025-08-20,Stock Market Today: Nasdaq Falls Further Ahead of Jackson Hole Conference - Eurasia Business News
2025-08-20,"Stock market today: Dow rises, S&P 500, Nasdaq slide as tech stocks slip again amid rate-cut uncertainty - Yahoo Finance"
2025-08-20,How Index-Linked Annuities Are Reshaping Income Portfolios in 2025 - Nasdaq
2025-08-19,"Dow lifts on Home Depot rebound, S&P 500 and Nasdaq slip ahead of Fed - TradingView — Track All Markets"
2025-08-20,How Financial Advisors Can Stand Out in 2025 | Research-Driven Investment Strategies - Nasdaq
2025-08-21,Why Opendoor Technologies Stock Is Skyrocketing Today - Nasdaq
2025-08-20,"Tech Stocks Extend Decline, Dragging Indexes Further From Records - The Wall Street Journal"
2025-08-19,Stocks Trade Sideways in Sleepy Stretch for Markets - Barron's
2025-08-20,"Stock market today: U.S. bearish as Nasdaq drops 1.5 percent ahead of Fed meeting, European and Asian markets decline - Economy Middle East"
2025-08-21,"Stock Market Today: Dow Sinks As S&P 500 Extends Losing Streak; Palantir, Nvidia Make Opposite Moves (Live Coverage) - Investor's Business Daily"
2025-08-18,"Stock Market News for Monday, Aug. 18, 2025: Stocks End Flat Ahead of Retail Earnings, Powell's Speech - Barron's"
2025-08-22,"Stock Market News From Aug. 22, 2025: Dow Marks Record Close After Powell's Jackson Hole Speech - Barron's"
2025-08-18,"Markets News, Aug. 18, 2025: Stocks Close Little Changed as Major Indexes Hover Near Record Highs Ahead of Retail Sector Earnings - Investopedia"
2025-08-19,"Stock Market News From Aug. 19, 2025: Big Tech Is a Drag - Barron's"
2025-08-21,NASDAQ index traded above and below its 200 hour moving average - TradingView — Track All Markets
2025-08-22,Dow notches record high as Wall Street cheers Powell's speech - Reuters
2025-08-22,Elite Express Holding Inc.(NasdaqCM: ETS) added to NASDAQ Composite Index - MarketScreener
2025-08-21,Nasdaq on pace for biggest 3-day slump since April as bond yields rise - MarketWatch
2025-08-20,Want $1 Million in Retirement? 4 Simple Index Funds to Buy and Hold for Decades. - Nasdaq
2025-08-17,us market update dow nasdaq slip - Zee Business
2025-08-21,"Stock Market News From Aug. 21, 2025: S&P 500 Falls a Fifth Day - Barron's"
2025-08-20,"As Nasdaq stumbles again, investors start to wonder: Have Big Tech stocks finally peaked? - MarketWatch"
2025-08-18,IXIC: Nasdaq Futures Wobble After Trump-Putin Summit; Next Up — Powell’s Speech at Jackson Hole - TradingView — Track All Markets
2025-08-19,Tech-Stock Slide Drags Nasdaq Lower - The Wall Street Journal
2025-08-19,NASDAQ index now down -1.58% on the day. Dipping below its 100 hour moving average - investingLive
2025-08-19,Big Tech Stocks Are Selling Off. The Nasdaq Is Down 1%. - Barron's
2025-08-19,"Stock Market News, Aug. 19, 2025: Dow ends flat after touching all-time high; Big Tech stocks drag down Nasdaq Composite, S&P 500 - MarketWatch"
2025-08-20,Nasdaq drops for 2nd day as AI jitters rattle tech investors - Yahoo Finance
2025-08-20,Nasdaq 100 Analysis: Tech Stocks Face Sell-Offs - Action Forex
2025-08-19,Nasdaq tumbles as Jackson Hole jitters hit tech stocks - Reuters
2025-08-19,"Dow lifts on Home Depot rebound, S&P 500 and Nasdaq slip ahead of Fed - Yahoo Finance"
2025-08-21,"NASDAQ Index, SP500, Dow Jones Forecasts – Stocks Pull Back As Traders Focus On Fed After Strong PMI Data - FXEmpire"
2025-08-18,Stock Market Treading Water as Tech Drags Nasdaq - Barron's
2025-08-20,"Nasdaq, S&P 500 end lower as investors sell tech, buy less pricey sectors - Reuters"
2025-08-22,Swing Trading Strategy Reduces Drawdowns - Investor's Business Daily
2025-08-21,"Stock Market for Aug. 21, 2025: Dow closes down 150 points, S&P 500 logs 5-day drop and Nasdaq ends lower as investors await Powell's Friday speech; Walmart shares slump after profit miss - MarketWatch"
2025-08-20,"Nasdaq, S&P 500 end lower as investors sell tech, buy less pricey sectors - NBC News"
2025-08-20,"Velo3D, Inc.(NasdaqCM: VELO) added to NASDAQ Composite Index - MarketScreener"
2025-08-17,Stock market today: S&P 500 ends slightly lower ahead of Powell at Jackson Hole - Investing.com
2025-08-19,"Dow ends flat, Nasdaq and S&P 500 finish sharply lower as Big Tech stocks slide - MarketWatch"
2025-08-20,"Dow ends with small gain, S&P 500 falls for 4th straight session as Fed frets over inflation - MarketWatch"
2025-08-19,Nasdaq 100 and S&P500: Tech Stocks and Crypto Dive as Traders Exit High-Beta Names - FXEmpire
2025-08-19,Downside in the NASDAQ index continues. Index is now down close to 1% - investingLive
2025-08-21,Circle Energy to Collaborate with Nasdaq on Trading Suspension - MarketScreener
2025-08-19,global market update sp500 dow nasdaq trump zelenskyy - Zee Business
2025-08-19,Big Tech stocks are pushing the Nasdaq toward a rare disconnect with the Dow - MarketWatch
2025-08-21,"US stocks fall: Dow drops 0.3%, S&P 500 hits fifth losing day, Nasdaq slides as Walmart earnings miss and - The Economic Times"
2025-08-20,Nasdaq Composite Live: Could We See Three Rate Cuts this Year? - 24/7 Wall St.
2025-08-20,The S&P 500 Is Rising But Most Stocks Are Falling: What’s Going On? - Bankrate
2025-08-20,Nasdaq leads decline in major stock indexes in afternoon trading amid more profit-taking - MarketWatch
2025-08-15,"World equities flat, crude oil prices fall as Trump, Putin hold high-stakes talks - Reuters"
2025-08-20,Nasdaq slides again as AI jitters rattle tech investors - 1470 & 100.3 WMBD
2025-08-19,Nasdaq Composite Live: Markets Waiting on Powell’s Jackson Hole Speech - 24/7 Wall St.
2025-08-15,Nasdaq Composite Live: The U.S. May Take a Stake in Intel - 24/7 Wall St.
2025-08-29,"Stocks close lower, but S&P 500 notches its 4th winning month in a row - CNBC"
2025-08-24,"The Nasdaq Just Reached a Terrifying Valuation Level, and History Is Very Clear About What Happens Next - Nasdaq"
2025-08-29,IXIC: Nasdaq Composite Chases Record High as Stock Bros Rush to Load Up on Tech… Again - TradingView — Track All Markets
2025-08-29,"Stock Market Today: Dow Sinks, But Nasdaq Fares Much Worse; Nvidia Extends A Losing Streak (Live Coverage) - Investor's Business Daily"
2025-08-25,"Stock Market News, Aug. 25, 2025: Dow Falls, Trump Says He Wants More Stakes in Companies - The Wall Street Journal"
2025-08-29,"Wall Street today: S&P 500, Dow Jones, Nasdaq edge lower after inflation data - livemint.com"
2025-08-29,"Stock market today: Dow, S&P 500, Nasdaq slide on inflation worries, ending 4th winning month lower - Yahoo Finance"
2025-08-23,US Market Outlook: Rate Cut Bet Fuels The Rally - BusinessLine
2025-08-26,Nasdaq 100: Nvidia Earnings in Focus as Apple Gains Ahead of iPhone Launch - FXEmpire
2025-08-26,"S&P 500 closes higher as Nvidia gains, traders shake off Trump's latest Fed salvo - CNBC"
2025-08-25,"Stock market today: Dow slides from record, S&P 500, Nasdaq fall with Nvidia earnings looming - Yahoo Finance"
2025-08-25,Dow Jones Futures Fall; Nvidia Is Next Big Market Test After Powell-Led Rally - Investor's Business Daily
2025-08-28,"S&P 500 closes over 6,500 for the first time as Nvidia results validate AI boom - CNBC"
2025-08-29,"Markets News, Aug. 29, 2025: S&P 500, Dow Retreat From Record Highs as Tech Stocks Tumble; Nvidia, Broadcom Lead Chip Sector Slump - Investopedia"
2025-08-25,Stocks close lower to start the week as Nvidia's gains fail to prop up Nasdaq - CNBC
2025-08-28,"Markets News, Aug. 28, 2025: S&P 500, Dow Close at Record Highs Ahead of Key Inflation Report; Nvidia Stock Slips After Earnings - Investopedia"
2025-08-26,S&P 500 closes at record high as traders brace for Nvidia earnings - CNBC
2025-08-26,"Stock Market Today: Rally Holds as Tech and Industrials Lead Gains, Fed Changes Loom - Nasdaq"
2025-08-26,"Stock Market News, Aug. 26, 2025: S&P 500 Advances - The Wall Street Journal"
2025-08-27,Curanex Pharmaceuticals Inc(NasdaqCM: CURX) added to NASDAQ Composite Index - MarketScreener
2025-08-25,"Stock market today: Dow jumps 800 points to record, S&P 500, Nasdaq soar as Powell's Jackson Hole finale fuels bets on September rate cut - Yahoo Finance"
2025-08-25,Jim Cramer makes a case for sticking with tech megacaps - CNBC
2025-08-27,Prediction: This Artificial Intelligence (AI) Stock Will Outperform the Nasdaq Over the Next Decade - The Motley Fool
2025-08-25,"Markets News, Aug. 25, 2025: Dow Retreats from Record as Stocks Slide After Friday's Big Gains; Nvidia Earnings in Focus This Week - Investopedia"
2025-08-27,Is Fidelity Nasdaq Composite (FNCMX) a Strong Mutual Fund Pick Right Now? - Yahoo Finance
2025-08-29,"Stock Market News, Aug. 29, 2025: Appeals Court Strikes Down Trump's Global Tariffs; AI Worries Hit Nasdaq - The Wall Street Journal"
2025-08-26,"Markets News, Aug. 26, 2025: Stocks Close Higher as Investors Brush Aside Concerns About Trump's Latest Fed Move; Nvidia Earnings Coming Wednesday - Investopedia"
2025-08-29,"Stock Market News From Aug. 29, 2025: Dow Closes Out a Strong August With a Stumble - Barron's"
2025-08-28,Stocks are mixed in early trading. Nvidia down marginally in early trading after earnings - TradingView — Track All Markets
2025-08-28,"Stock market today: S&P 500 crosses 6,500, Dow hits record after Nvidia earnings, surprise GDP jump - Yahoo Finance"
2025-08-25,"US stocks open in the red: Nasdaq down 0.3%, Dow slips 100 points - TradingView — Track All Markets"
2025-08-29,Nasdaq Composite Slumps as Hotter Leanings in Fed's Preferred Inflation Gauge Hit Technology - MarketScreener
2025-08-28,"Wall Street today: S&P 500, Dow Jones, Nasdaq gain after GDP data, Nvidia drops 1% - livemint.com"
2025-08-27,"Markets News, Aug. 27, 2025: S&P 500 Hits Record High as Stocks Tick Higher Ahead of Nvidia's Earnings Report - Investopedia"
2025-08-29,Wall Street closes out a wild month on a subdued note - CNN
2025-08-29,Eastern International Ltd.(NasdaqCM: ELOG) added to NASDAQ Composite Index - MarketScreener
2025-08-29,Is Mastercard Stock Outperforming the Nasdaq? - Yahoo Finance
2025-08-28,"Stock Market News From Aug. 28, 2025: Dow, S&P 500 Notch Records - Barron's"
2025-08-29,TryHard Holdings Limited(NasdaqCM: THH) added to NASDAQ Composite Index - MarketScreener
2025-08-28,Nasdaq Composite Futures Slip Early Thursday as Nvidia Shares Decline Following Q2 Results Overnight - MarketScreener
2025-08-27,Why EchoStar Is Skyrocketing Today - Nasdaq
2025-08-29,"Dow, S&P 500, Nasdaq slide after record highs — inflation heats up, Trump tariffs rattle stocks ahead of v - The Economic Times"
2025-08-25,Nasdaq Composite Live: All Eyes are on Nvidia Earnings this Week - 24/7 Wall St.
2025-08-26,"Stock market today: Dow, S&P 500, Nasdaq climb with Trump Fed fight in focus, Nvidia earnings on deck - Yahoo Finance"
2025-08-28,"Stock Market Today: Nasdaq Up, S&P 500 Etches Record High As Lumentum Soars; Nvidia Ends Well Off Lows (Live Coverage) - Investor's Business Daily"
2025-08-28,S&P 500 futures eye record high but Nasdaq to lag as Nvidia shares dip on earnings - MarketWatch
2025-08-29,Stocks End August on a Down Note. Why Investors Should Prepare for a September Swoon. - Barron's
2025-08-29,U.S. stocks close lower ahead of Labor Day weekend but still book August gains - MarketWatch
2025-08-29,"Stock Market on Aug. 29, 2025: Tech-heavy Nasdaq closes sharply lower; Dow, S&P 500 fall after PCE inflation report as stocks book weekly declines - MarketWatch"
2025-08-28,The Stock Market’s Calm Won’t Last. Get Ready for a Volatile Fall. - Barron's
2025-08-25,US Equity Indexes Mixed as Nvidia Helps Lift Nasdaq Composite - MarketScreener
2025-08-26,Nasdaq Composite Live: All Eyes are on Nvidia Earnings - 24/7 Wall St.
2025-08-26,Stock Market Today: Dow Rallies Into The Close Led By Boeing; Nvidia Earnings Up Next (Live Coverage) - Investor's Business Daily
2025-08-27,Stock market today: S&P 500 hits fresh record close on stronger economic growth - Investing.com
2025-08-27,"Stock Market News From Aug. 27, 2025: Dow Rises Ahead of Key Nvidia Earnings - Barron's"
2025-08-25,Vendome Acquisition Corporation I(NasdaqGM: VNME) added to NASDAQ Composite Index - MarketScreener
2025-08-25,Cohen Circle Acquisition Corp. II(NasdaqGM: CCII) added to NASDAQ Composite Index - MarketScreener
2025-08-25,These Were the 3 Top-Performing Stocks in the Nasdaq Composite in August 2025 - MSN
2025-08-26,"U.S. stock market today: Dow, S&P 500, Nasdaq show caution — is a crisis brewing? Top stock to watch now - The Economic Times"
2025-08-28,A Paradise Acquisition Corp.(NasdaqGM: APAD) added to NASDAQ Composite Index - MarketScreener
2025-08-29,S&P 500 Posts a New Record High on a Resilient US Economy - Nasdaq
2025-08-29,"Fall Forecast: Stocks Will Rise Further, and the Rally Will Broaden. What to Buy Now. - Barron's"
2025-08-25,"Stock Market Aug 25, 2025: Dow ends over 300 points lower, S&P 500, Nasdaq fall; investors await Nvidia results this week - MarketWatch"
2025-08-29,"US stock market: S&P 500, Dow Jones scale new peaks. Will Nasdaq reach record on Friday? Here are Wall Str - The Economic Times"
2025-08-22,"Cantor Equity Partners IV, Inc.(NasdaqGM: CEPF) added to NASDAQ Composite Index - MarketScreener"
2025-08-28,Stocks Supported by Signs the US Economy is Holding Up - Nasdaq
2025-08-29,U.S. stock futures pull back after record-setting day as investors await Fed's preferred PCE inflation gauge - MarketWatch
2025-08-25,U.S. stock futures point to a pause after powerful Powell-fueled rally - MarketWatch
2025-08-29,Stock Market Falls After Inflation Data As Trump-Cook Fight Continues; Jobs Report Looms - Investor's Business Daily
2025-08-27,"Stock Market News, Aug. 27, 2025: S&P 500 reaches fresh record close, Dow and Nasdaq end higher ahead of Nvidia earnings; Treasury yield curve steepens amid Fed independence battle - MarketWatch"
2025-08-27,Wall Street opens muted as Nvidia results loom (COMP:IND:Nasdaq Global Indices) - Seeking Alpha
2025-08-22,"S&P/TSX composite finishes more than 270 points higher, U.S. stock markets also jump - BNN Bloomberg"
2025-08-22,The stock market soared following Fed Chair Powell’s speech. Why it might just be a ‘late-summer rally.’ - MarketWatch
2025-08-28,"Stock Market for Aug. 28, 2025: S&P 500, Dow post record closes with Nvidia shares in focus after earnings; PCE inflation report on deck - MarketWatch"
2025-08-28,Stock market looks for direction after GDP data and NVDA results - Seeking Alpha
2025-08-28,"Nasdaq, S&P 500 and Dow aim for record closes as stocks rally in final hour - MarketWatch"
2025-08-22,Nasdaq Composite Live: Indices Rise Slightly Ahead of Jackson Hole - 24/7 Wall St.
2025-08-26,"Stock Market News, Aug. 26, 2025: Dow ends up 135 points as stocks finish higher after Trump tries to fire Fed's Cook; 30-year Treasury yields rise and dollar down slightly - MarketWatch"
2025-08-25,US Stocks Brief: S&P Futures Down 0.25% and Nasdaq 100 Futures Down 0.3% - MarketScreener
2025-08-25,"Stock Market Today: Nasdaq 100, Dow Futures Fall After Friday's Rally—Intel, PDD, Keurig Dr Pepper In Focus - Benzinga"
2025-08-28,"US Stock Market Today: NASDAQ 100 gained 0.4%, Dow Jones slipped 0.2%, NVIDIA fell 0.9% - Analytics Insight"
2025-08-24,"The ""Ten Titans"" Stocks Now Make Up 38% of the S&P 500. Here's What It Means for Your Investment Portfolio - The Motley Fool"
2025-08-29,"Nasdaq slides 1% as chip stocks weigh, with Wall Street posting a marginal weekly loss (SP500) - Seeking Alpha"
2025-08-29,Stock Market Today: Stocks decline after disappointing consumer & business sentiment data - thestreet.com
2025-08-25,Stock market opens lower after Dow's record close; focus on Nvidia results (SPX:null) - Seeking Alpha
2025-08-27,Prediction: This Artificial Intelligence (AI) Stock Will Outperform the Nasdaq Over the Next Decade - The Globe and Mail
2025-08-28,Nasdaq opens slightly higher after Nvidia results - The Standard (HK)
2025-08-28,US: Nasdaq opens slightly higher after Nvidia results - The Business Times
2025-08-28,S&P 500 hits all-time high ahead of Nvidia update - The Arkansas Democrat-Gazette
2025-08-26,"Stock Market Today: S&P 500, Nasdaq 100 Futures Slip After Trump Fires Fed Governor Lisa Cook—Interactive Brokers, PVH Corp, Okta In Focus (UPDATED) - SPDR S&P 500 (ARCA:SPY) - Benzinga"
2025-08-26,President Trump Makes Markets Move Again: Stock Market Today - Kiplinger
2025-09-02,"S&P 500, Nasdaq close higher, lifted by Alphabet rally, but economic concerns limit gain - CNBC"
2025-08-31,US Market Outlook: Indices Stabilise - BusinessLine
2025-09-03,"Markets News, Sep. 3, 2025: Alphabet Stock Leads S&P 500, Nasdaq Higher; Treasury Yields Slide on Soft Jobs Data - Investopedia"
2025-09-02,"Stock Market News for Sep 2, 2025 - Nasdaq"
2025-09-04,"Dow falls, S&P 500 and Nasdaq Composite open higher after weak ADP report - MarketWatch"
2025-09-01,"US Market On Labor Day 2025: Wall Street Open On Monday, September 1? DJIA, S&P 500, Nasdaq Weekly Outlook - Goodreturns"
2025-09-03,"Stock Market News, Sept. 3, 2025: Nasdaq Gains; U.S. Bonds Rally - The Wall Street Journal"
2025-09-05,"Stock Market News From Sept. 5, 2025: Fall After Weak August Jobs Report - Barron's"
2025-09-04,IXIC: Nasdaq Composite Climbs 1% as Google Court Win Lifts Tech Shares - TradingView — Track All Markets
2025-09-05,"Markets News, Sep. 5, 2025: Stocks Slip After Hitting New Highs Following Jobs Report; Treasury Yields Hit 5-Month Low Amid Rate-Cut Hopes - Investopedia"
2025-09-04,"Stock market today: S&P 500 hits record, Dow, Nasdaq jump ahead of make-or-break jobs report - Yahoo Finance"
2025-09-02,"Dow closes down about 250 points to kick off September on tariff worries, rising bond yields - CNBC"
2025-09-05,"Stock market today: S&P, Nasdaq, Dow fall as weak jobs data sparks Wall Street worries - Yahoo Finance"
2025-09-03,S&P 500 closes at fresh record high Thursday on hope jobs report won't be too cold or hot - CNBC
2025-09-03,Stocks close lower as slowing labor market boosts rate cut hopes but fans economic fears - CNBC
2025-09-02,These Were the 3 Top-Performing Stocks in the Nasdaq Composite in August 2025 - The Motley Fool
2025-09-03,"Stock market today: S&P 500, Nasdaq rise as Google surges, Dow slips after weak JOLTS jobs data - Yahoo Finance"
2025-09-02,"Stock market today: Dow, S&P 500, Nasdaq tumble as rising yields, Trump tariff uncertainty rattle markets - Yahoo Finance"
2025-09-02,Stock Market Today: Nvidia Extends Slide as AI Momentum Stalls - Nasdaq
2025-09-02,"Nasdaq 100: Tech Weakness Deepens as Nvidia, Apple, and Amazon Sell Off - FXEmpire"
2025-09-04,"Markets News, Sep. 4, 2025: S&P 500 Closes at New High as Stocks Surge Ahead of August Jobs Report Release - Investopedia"
2025-09-05,5 Things to Know Before the Stock Market Opens - Investopedia
2025-09-02,US stocks fall as global bond sell-off deepens - Financial Times
2025-09-02,"Markets News, Sep. 2, 2025: Stocks Close Lower as Tech Sector Slump Continues; Gold Surges to Record High - Investopedia"
2025-09-03,Why the Dow Is Down 220 Points While the Nasdaq Is Rallying - Barron's
2025-09-03,"Nasdaq, S&P 500 end higher with Alphabet, Apple, rate-cut hopes; Dow dips - Reuters"
2025-09-02,"Stock Market News From Sept. 2, 2025: Dow, S&P 500, Nasdaq Slide; Nvidia, Marvell, NIO, More Movers - Barron's"
2025-09-04,"Stock Market News for Sep 4, 2025 - Nasdaq"
2025-09-05,"US stock market crashes — Dow, S&P 500, Nasdaq all lost after shocking August jobs report; possible Fed ra - The Economic Times"
2025-09-04,S&P500 and Nasdaq 100: Stock Market Opens Up as Fed Cut Odds Hit 97.4% - FXEmpire
2025-09-01,IXIC: Nasdaq Futures Pop After Long Weekend. Traders Eye Friday’s Jobs Data - TradingView — Track All Markets
2025-09-02,"Stock Market News, Sept. 2, 2025: Global Bond Selloff Hits Stocks - The Wall Street Journal"
2025-09-03,These Were the 5 Top-Performing Stocks in the Nasdaq Composite in August 2025 - The Motley Fool
2025-09-02,Dow Jones & Nasdaq 100 Dip on Trump Uncertainty and Pre-Jobs Report Tension - FXEmpire
2025-09-05,"Stock Market on Sept. 5, 2025: Dow, S&P 500 and Nasdaq end lower after U.S. jobs report came in weaker than expected; bond yields tumble, dollar drops - MarketWatch"
2025-09-04,Dow Jones & Nasdaq 100 Today: Futures Edge Higher Ahead of Data Despite China Market Slump - FXEmpire
2025-09-05,Dow Jones & Nasdaq 100: Strong Asian Session Sets Tone for US Markets - FXEmpire
2025-09-01,Dow Jones & Nasdaq 100 Could Give Up Gains Despite Upbeat China PMI Data - FXEmpire
2025-09-02,Nasdaq-100 stumbles out of the gate in September and these 10 names have not helped - Seeking Alpha
2025-09-03,"Nasdaq, S&P 500 open higher, lifted by Alphabet and Apple gains; Dow slips - MarketWatch"
2025-09-03,Google Fuels Nasdaq Composite Index Surge as Cyclical Sectors Lag - FXLeaders
2025-09-04,"Stock Market for Sept. 4, 2025: S&P 500 scores new record close, Dow and Nasdaq climb on optimism around Friday's jobs report and a possible September rate cut - MarketWatch"
2025-09-02,Nasdaq on track for its worst two-day stretch since April - MarketWatch
2025-09-05,"Reports drive Fed cut hopes, stock market higher - The Arkansas Democrat-Gazette"
2025-09-05,"US Stocks Brief: Nasdaq 100 Futures Up 0.5%, S&P Futures Up 0.2% at Record Highs On Payrolls Friday - MarketScreener"
2025-09-03,SoFi Technologies Stock Moves Lower Amid Recent Nasdaq Composite Decline - Kalkine Media
2025-09-02,"US Stocks Brief: Nasdaq 100 Futures Down 0.7%, S&P Down 0.55% Today - MarketScreener"
2025-09-04,"S&P/TSX composite, U.S. markets rise ahead of labour data on both sides of border - BNN Bloomberg"
2025-09-02,US stocks sink under the weight of rising pressure from the bond market - Business in Vancouver
2025-09-02,Mechanics Bank(OTCPK: MCHB) added to NASDAQ Composite Index - MarketScreener
2025-09-03,US Stocks Brief: Nasdaq 100 Futures Up 0.7% and S&P Futures Up Near 0.5% - MarketScreener
2025-09-05,"S&P/TSX composite finishes over 130 points higher, U.S. markets lose ground - BNN Bloomberg"
2025-09-02,"Stock Market News, Sept. 2, 2025: Dow ends 250 points lower, S&P 500 and Nasdaq drop on tariff worries as bond yields rise - MarketWatch"
2025-08-29,"S&P/TSX composite finishes about 130 points higher, U.S. stock markets down - BNN Bloomberg"
2025-09-02,"Stock Market Today: Nasdaq, S&P 500 down over 1% after holiday weekend - thestreet.com"
2025-08-30,The NASDAQ 100 and NASDAQ Composite Guide - stl.news
2025-09-03,"US: S&P 500, Nasdaq open higher on Alphabet boost; jobs data on tap - The Business Times"
2025-09-04,"Dow Jones weakens, tech stocks boost Nasdaq surge - วารสารการเงินธนาคาร"
2025-09-03,"S&P/TSX composite finishes more than 130 points higher, U.S. markets mixed - BNN Bloomberg"
2025-09-04,Stock Market Today: Stocks assemble comeback as market digests mixed economic data - thestreet.com
2025-09-02,"S&P/TSX composite up amid gains in basic materials, U.S. markets fall - BNN Bloomberg"
2025-09-05,How ETFs take the guesswork out of finding the next big tech darlings: Dale Jackson - BNN Bloomberg
2025-08-31,We're Closing in on the 2nd Priciest Stock Market in 154 Years -- and History Offers an Ominous Warning of What Comes Next - The Motley Fool
2025-08-31,We're Closing in on the 2nd Priciest Stock Market in 154 Years -- and History Offers an Ominous Warning of What Comes Next - AOL.com
2025-09-01,Nasdaq Composite outlook hinges on tariff rulings and trade uncertainty - Traders Union
2025-09-02,Nasdaq Composite slips to 5-day low as rising yields drain appeal for equities - Traders Union
2025-08-29,Nasdaq Composite extends 3-day winning streak on September Fed cut bet - Traders Union
2025-09-04,Nasdaq Composite extends gains into 3rd day ahead of U.S. jobless claims release - Traders Union
2025-09-05,"Nasdaq Composite stalls at 21,710 ahead of NFP report as resistance caps upside - Traders Union"
2025-09-04,Nasdaq Composite recovers losses as Alphabet surge offsets Treasury yield pressure - Traders Union
2025-09-10,Wall Street indexes notch record high closes - News On AIR
2025-09-11,"Dow closes up 600 points, setting record, as August inflation increase likely won't derail Fed rate cut - CNBC"
2025-09-10,"Markets News, Sep. 10, 2025: S&P 500, Nasdaq Hit Closing Highs, Dow Falls Ahead of Key Inflation Data - Investopedia"
2025-09-10,Nasdaq Composite erases earlier gain as Dow falls 230 points in afternoon session - MarketWatch
2025-09-11,"Stock market today: S&P 500, Nasdaq notch fresh records as Oracle soars, with inflation data on deck - Yahoo Finance"
2025-09-10,Nasdaq Funds Miss Out on Oracle Rally - The Wall Street Journal
2025-09-11,What Is a Stock Market Index? Defined and Listed - The Motley Fool
2025-09-08,Nasdaq Composite: Broadcom Powers Tech Surge to Record High on Rate Cut Forecast - FXEmpire
2025-09-12,"Nasdaq Composite Bucks Trend, Rises as Dovish Policy Expectations Lift Consumer Discretionary, Technology - MarketScreener"
2025-09-09,Magnificent 7 Concentration in the Nasdaq 100 Over Time - Visual Capitalist
2025-09-09,IXIC: Nasdaq Composite Logs 21st Record of the Year. Next Catalyst? Inflation Data - TradingView — Track All Markets
2025-09-07,US Market Outlook: US Indices Recoup Losses - BusinessLine
2025-09-07,"Nasdaq closes at record, S&P 500 ends higher ahead of inflation data this week - CNBC"
2025-09-09,"Stock market today: Dow, S&P 500, Nasdaq climb to records as sharp jobs revision sets stage for inflation data - Yahoo Finance"
2025-09-10,"S&P 500 closes at record for second day on inflation data, Oracle stock surge - CNBC"
2025-09-12,"Stock market today: Nasdaq notches 5th straight record, Dow tumbles as Wall Street gears up for Fed week - Yahoo Finance"
2025-09-12,"Nasdaq closes at record high, S&P 500 notches winning week as Fed decision looms - CNBC"
2025-09-09,"Stocks close at record highs despite job worries, looming inflation reports - CNBC"
2025-09-08,CNBC Daily Open: Why are stocks rising after August’s dismal jobs report? - CNBC
2025-09-08,"Stock market today: Nasdaq hits record, Dow, S&P 500 rise with inflation data set to test rate-cut trade - Yahoo Finance"
2025-09-12,"Stock Market News From Sept. 12, 2025: Dow Slips After Hitting Record High - Barron's"
2025-09-09,"Markets News, Sep. 9, 2025: Dow, S&P 500, Nasdaq Close at Record Highs; UnitedHealth Shares Soar - Investopedia"
2025-09-12,"Markets News, Sep. 12, 2025: Dow Slips as Nasdaq Closes at Fresh Record; Tesla Leads Tech Stocks Higher - Investopedia"
2025-09-12,Investors’ Optimism for Lower Rates Lifts Nasdaq to Another Record - The Wall Street Journal
2025-09-12,"IXIC: Nasdaq Composite Surges to Fresh Record on Inline Inflation, Upbeat Mood All Around - TradingView — Track All Markets"
2025-09-11,"Markets News, Sep. 11, 2025: Stocks Rise to Record Highs as CPI Report Keeps Rate Cut Hopes Alive; Oracle Stock Retreats - Investopedia"
2025-09-09,"Dow, S&P 500 and Nasdaq all score fresh records as stocks climb despite downward revision to jobs data - MarketWatch"
2025-09-08,"Markets News, Sep. 8, 2025: Stocks Close Higher Amid Hopes for Rate Cuts as Key Inflation Data Looms; Nasdaq Hits Record High - Investopedia"
2025-09-11,"Stock market today: Dow tops 46,000, S&P 500 and Nasdaq notch records as CPI, jobs data clears way for Fed cut - Yahoo Finance"
2025-09-08,"Stock Market News for Monday, Sept. 8, 2025: Nasdaq Climbs to New Record High - Barron's"
2025-09-09,"The Dow Jones Industrial Average, S&P 500, and Nasdaq Composite Close at Record Highs - Eurasia Business News"
2025-09-08,The Nasdaq Hit a Fresh Record. The AI Trade Is Back On. - Barron's
2025-09-08,"NASDAQ Index, SP500, Dow Jones Forecasts – US Stocks Rise on AI and Fed Bets - FXEmpire"
2025-09-05,Stock Market Today: Dow Slides After Surprise Jobs Data; Nvidia Breaks Key Level As Tesla Rises (Live) - Investor's Business Daily
2025-09-12,Nasdaq ends at record peak as U.S. stocks book weekly gains ahead of Fed meeting - MarketWatch
2025-09-12,"Stock Market News, Sept. 12, 2025: Dow Slips, Nasdaq Gains After Weaker Sentiment Data - The Wall Street Journal"
2025-09-09,"Stock Market News, Sept. 9, 2025: Indexes Rise to Records; Jobs Revised Lower - The Wall Street Journal"
2025-09-10,"Nasdaq Composite hits 22,000 points: See the Nasdaq 100's best & worst YTD performers - Seeking Alpha"
2025-09-10,"Stock Market News, Sept. 10, 2025: Dow ends down over 200 points, S&P 500 and Nasdaq log fresh records ahead of August consumer-price index on Thursday; Oracle shares surge on technology spending - MarketWatch"
2025-09-09,"US stock futures rise as Nasdaq hits record, S&P 500 and Dow climb, Fed rate cut bets build while Apple’s - The Economic Times"
2025-09-08,Solarius Capital Acquisition Corp.(NasdaqGM: SOCA) added to NASDAQ Composite Index - MarketScreener
2025-09-08,CNBC Daily Open: The Nasdaq Composite was the overachieving sibling last week - MSN
2025-09-05,A September Rate Cut Is a Sure Thing. Why the Stock Market Is Dropping Anyway. - Barron's
2025-09-11,"NASDAQ Index, SP500, Dow Jones Forecasts – Bulls Charge Ahead as Fed Rate Cut Bets Fuel Record Highs - FXEmpire"
2025-09-05,Wall Street indexes end lower as jobs data fuels economic worries - Reuters
2025-09-08,Nasdaq Hits Record High as US Markets Rally on Fed Rate Cut Expectations - scanx.trade
2025-09-09,Why the Dow is Beating the S&P 500 and Nasdaq Today - Barron's
2025-09-07,"IXIC: Nasdaq Futures Flat as Traders Digest Super-Weak Jobs Report, Await Inflation Print - TradingView — Track All Markets"
2025-09-08,"Stock Market News, Sept. 8, 2025: Nasdaq hits record, as Dow and S&P 500 climb ahead of this week's inflation data - MarketWatch"
2025-09-10,"Stock Market News, Sept. 10, 2025: S&P 500 Climbs to Record After Producer Prices Slip - The Wall Street Journal"
2025-09-11,"NASDAQ Index, SP500, Dow Jones Forecasts – Bullish Trends Hold Ahead of Critical CPI Release - FXEmpire"
2025-09-10,"S&P 500, Nasdaq hit record highs as inflation data boosts rate-cut bets; Oracle soars - The Economic Times"
2025-09-07,Masonglory Limited(NasdaqCM: MSGY) added to NASDAQ Composite Index - MarketScreener
2025-09-12,Who Says the Stock Market Is Topping Out? The Case for Staying Bullish. - Barron's
2025-09-12,Tech Stocks Are Leading This Week's Gains - Barron's
2025-09-09,"Stock Market News From Sept. 9, 2025: Dow, S&P 500 and Nasdaq All Hit Records - Barron's"
2025-09-08,Should Fidelity Nasdaq Composite Index ETF (ONEQ) Be on Your Investing Radar? - Yahoo Finance
2025-09-09,Nasdaq futures eye fresh record as tech stocks lead market gains - MarketWatch
2025-09-09,"Stock Market News, Sept. 9, 2025: Dow, S&P 500 and Nasdaq all score fresh records despite downward revision to jobs data; oil higher after Israel attack on Hamas in Doha - MarketWatch"
2025-09-11,"Dow ends above 46,000 for first time, as S&P 500 and Nasdaq join blue-chip index at new record highs - MarketWatch"
2025-09-11,"5 Non-Tech Nasdaq Stocks to Buy That Helped the Index Surge in 2025 - September 11, 2025 - Zacks Investment Research"
2025-09-10,Stock market today: S&P 500 record run persists as bets on Fed rate-cut stay firm - Investing.com
2025-09-12,"US stock market today: Nasdaq, S&P hit fresh records as Dow dips; Wall street on track for a strong weekly - The Economic Times"
2025-09-12,Stocks Take a Pause. Four-Day Rally Brought the Major Indexes to Record Highs. - Barron's
2025-09-12,"S&P 500, Nasdaq Try to Secure a Winning Week - Barron's"
2025-09-08,FTSE 100 and US stocks higher as traders place bets on bumper September interest rate cut - Yahoo Finance UK
2025-09-10,"S&P 500, Nasdaq eke out gains to end at new records after tame PPI data - MarketWatch"
2025-09-08,"Nasdaq, S&P 500 rise ahead of key inflation reports (COMP:IND:) - Seeking Alpha"
2025-09-12,Nasdaq 100 and S&P500: Microsoft and Tesla Fuel Midday Gains as Rate Cut Hopes Grow - FXEmpire
2025-09-11,"Dow Jones & Nasdaq 100 Advance on Inflation Optimism, Overshadowing BoJ Rate Hike Bets - FXEmpire"
2025-09-08,Nasdaq 100: Futures Rise as Traders Eye CPI Data and Bet on Fed Rate Moves - FXEmpire
2025-09-09,All That Glitters Is Cognitive Dissonance - Bloomberg.com
2025-09-11,"Stock Market News From Sept. 11, 2025: S&P 500 Hits New High - Barron's"
2025-09-10,"Nasdaq 100 and S&P500: Oracle’s AI Boom Lifts Tech Stocks, Eyes on Fed Cut - FXEmpire"
2025-09-12,"Stock Market on Sept. 12, 2025: Big Tech lifts Nasdaq to fresh record high; Dow and S&P 500 close lower but book weekly gains - MarketWatch"
2025-09-08,"S&P500 and Nasdaq 100: Nvidia, Meta Lift US Stocks Ahead of Key Inflation Forecast - FXEmpire"
2025-09-10,"Dow Dragged Over 200 Points; S&P 500, Nasdaq Enjoy Fresh Records - Schaeffer's Investment Research"
2025-09-11,"Stock market today: S&P 500, Nasdaq notch fresh records as Oracle soars, with inflation data on deck - Yahoo! Finance Canada"
2025-09-08,"Stocks open mostly higher, but beware crack in 'bad news is good' mentality - MarketWatch"
2025-09-09,"Wall Street's Hottest Stock-Split Stock Can Skyrocket 280%, According to One Optimistic Analyst - Nasdaq"
2025-09-11,"Stock Market for Sept. 11, 2025 : Dow books first-ever finish above 46,000, as traders seeing all-clear for September rate cut also push S&P 500 and Nasdaq to record closes - MarketWatch"
2025-09-09,Investors: Should You Be Worried About the Stock Market Right Now? - The Motley Fool
2025-09-08,"Nasdaq ends at a record, stocks rise ahead of key inflation reports (COMP:IND:) - Seeking Alpha"
2025-09-10,Stocks head mostly lower in final hour of trading as August CPI report looms - MarketWatch
2025-09-10,"Tech Stocks Drive Nasdaq Composite to 22nd Record Close, While Dow Jones Struggles - FXLeaders"
2025-09-11,"Dow headed for first-ever close above 46,000, stocks see record intraday highs in broad-based rally - MarketWatch"
2025-09-09,"US stocks open flat ahead of inflation data: S&P, Nasdaq up 0.2% - CryptoRank"
2025-09-11,"Stock Market Today: Tesla Hits New Buy Point As Alibaba, Blackstone Break Out (Live Coverage) - Investor's Business Daily"
2025-09-08,Dow Jones & Nasdaq 100 Advance Despite China Export Slump; Rate Cut Bets Boost Sentiment - FXEmpire
2025-09-11,"US stock market rallies to new highs today: Dow hits record, S&P 500 and Nasdaq reach all-time highs as Nv - The Economic Times"
2025-09-12,"Nasdaq sets week-long record closing streak, S&P and Dow stall as Fed decision looms (DJI:) - Seeking Alpha"
2025-09-08,"Nasdaq ends at record as stocks rise ahead of payroll revisions, inflation data - MarketWatch"
2025-09-09,Wall Street ticks up to more records - Business in Vancouver
2025-09-16,"Nasdaq, S&P 500 Close at Record Highs Ahead of Fed Meeting; Dow Inches Up - News On AIR"
2025-09-17,"Dow closes up 250 points, S&P 500 inches lower after Fed delivers widely expected rate cut: Live updates - CNBC"
2025-09-18,"Dow Jones, S&P 500, NASDAQ Composite and Dollar Index: How they reacted to Fed rate cut and what’s next? - BusinessLine"
2025-09-19,IXIC: Nasdaq Composite Logs Fresh Record. Dow Jones and S&P 500 Join the ATH Party - TradingView — Track All Markets
2025-09-15,"Markets News, Sep. 15, 2025: Nasdaq, S&P 500 Close at Record Highs With Fed Meeting on Deck; Alphabet Leads Tech Rally - Investopedia"
2025-09-16,"Stock market today: Dow drops, S&P 500 and Nasdaq slip from records as Wall Street counts down to Fed decision - Yahoo Finance"
2025-09-17,"Nasdaq Composite: Nvidia, Alphabet Drag Index Lower Ahead of Fed Rate Decision - FXEmpire"
2025-09-16,Stock Market Today: Dow Is The Loser Of The Day; This Uranium Name Gives Back Gains (Live Coverage) - Investor's Business Daily
2025-09-14,CNBC Daily Open: The Nasdaq Composite was the overachieving sibling last week - CNBC
2025-09-14,US Market Outlook: Uptrend Intact - BusinessLine
2025-09-19,"Markets News, Sep. 19, 2025: Stock Indexes Hit New Highs; S&P 500, Nasdaq Post 3rd Straight Week of Gains - Investopedia"
2025-09-18,"Dow, S&P 500 close at fresh records, log big gains for the week after Fed rate cut: Live updates - CNBC"
2025-09-18,"Stock market today: Dow, S&P 500, Nasdaq hit records as rate-cut relief, Nvidia's Intel bet lift markets - Yahoo Finance"
2025-09-15,S&P 500 eases a bit from record as traders await big Fed rate decision: Live updates - CNBC
2025-09-15,"Stock market today: S&P 500 tops 6,600, Nasdaq extends record streak as Fed decision nears - Yahoo Finance"
2025-09-15,"S&P 500 closes above 6,600 for the first time after Trump's positive comments on China trade talks, gain in Tesla: Live updates - CNBC"
2025-09-18,"S&P 500, small-cap Russell close at all-time highs a day after Fed rate cut - CNBC"
2025-09-15,"Megacap gains, Fed dissent, rate cuts: Market Takeaways - Yahoo Finance"
2025-09-17,"Stock market today: S&P 500, Nasdaq slip as Federal Reserve ushers in first rate cut of 2025 - Yahoo Finance"
2025-09-15,Wall Street indexes end higher ahead of Fed meeting; Tesla and Alphabet rally - Reuters
2025-09-16,"Stock Market News, Sept. 16, 2025: Indexes Finish Lower; Retail Sales Rise - The Wall Street Journal"
2025-09-16,"US dollar nosedives, gold hits new record: Market takeaways - Yahoo Finance"
2025-09-15,"Stock Market News, Sept. 15, 2025: U.S. Reaches Outline of TikTok Deal; S&P 500 Hits Record - The Wall Street Journal"
2025-09-16,"S&P 500, Nasdaq Build on Records Ahead of Fed Rate Decision - Barron's"
2025-09-15,"Nasdaq Index and S&P500: Alphabet, Tesla Push US Stocks Higher Before Fed Call - FXEmpire"
2025-09-15,Major stock indices start the week with gains. S&P and Nasdaq make new all-time highs - TradingView — Track All Markets
2025-09-18,"Stock Market News From Sept. 18, 2025: Dow, S&P 500, Nasdaq Hit New Highs - Barron's"
2025-09-17,"Markets News, Sep. 17, 2025: Stocks End Mixed After Federal Reserve Cuts Interest Rates; Dow Rises, Nasdaq, S&P 500 Slip - Investopedia"
2025-09-16,"Stock Market News From Sept. 16, 2025: Stocks Pull Back From Record Levels - Barron's"
2025-09-16,US Stock Markets Today: Wall Street Swings To Red After Opening Higher Ahead Of Fed Rate Decision - NDTV Profit
2025-09-16,5 Things to Know Before the Stock Market Opens - Investopedia
2025-09-15,"Dow Jones Futures: Nvidia, Shopify, Uber In Buy Zones; Fed Meeting Next - Investor's Business Daily"
2025-09-15,"Stock Market News for Monday, Sept. 15, 2025: S&P 500, Nasdaq Close At Records. The Mag 7 Drives the Rally. - Barron's"
2025-09-15,"S&P 500, Nasdaq Hit Records as Mag 7 Stocks Drive the Rally - Barron's"
2025-09-16,Wall St ends lower as investors turn cautious ahead of Fed rate decision - Reuters
2025-09-17,Stocks Settle Slightly Lower as Markets Await the Fed - Nasdaq
2025-09-19,"Wall Street today: S&P 500, Dow Jones, Nasdaq extend gains; Tesla rises 2.6%, FedEx climbs 3.2% - livemint.com"
2025-09-18,Stocks Shoot to Record Highs - Barron's
2025-09-15,"Nasdaq, S&P 500 reach new record highs amid Monday stock gains - Yahoo Finance"
2025-09-15,Stock Market Today: Dow Up As Buffett Stock Tests Entry; Tesla Jumps On Musk Move (Live Coverage) - Investor's Business Daily
2025-09-13,This Was the Top-Performing Stock in the Nasdaq-100 in August 2025 - The Motley Fool
2025-09-17,"Stock Market News From Sept. 17, 2025: Dow Gains After Fed Decision - Barron's"
2025-09-19,Wall Street indexes notch record-high closes as Intel soars on Nvidia stake - Reuters
2025-09-16,"S&P 500, Nasdaq attempt to build on records ahead of Fed meeting - MarketWatch"
2025-09-18,"Dow, S&P 500, and Nasdaq All Touch New Intraday Record Highs - Barron's"
2025-09-17,Why the Dow Is Crushing the S&P 500 and Nasdaq - Barron's
2025-09-17,Dow Jones & Nasdaq 100 Steady as Fed Decision and Projections Loom - FXEmpire
2025-09-15,"S&P 500, Nasdaq Touch Fresh Highs Intraday - Barron's"
2025-09-16,Nasdaq 100 and US Stocks: Tech Resilience Tested as Fed Meeting Takes Spotlight - FXEmpire
2025-09-16,"Stocks hit fresh record highs, dollar falls ahead of Fed move - Reuters"
2025-09-13,Stocks hang onto gains as rate cuts in focus - Bangladesh Sangbad Sangstha (BSS)
2025-09-15,Why the Dow Is Lagging Behind the S&P 500 and Nasdaq - Barron's
2025-09-16,Stocks See Support on Strength in Chip Makers - Nasdaq
2025-09-13,"NASDAQ Index, SP500, Dow Jones Forecasts – Record Tech Rally Fuels Nasdaq; S&P Stable, Dow Softens - FXEmpire"
2025-09-19,Why Apple Stock Is Gaining Today - Nasdaq
2025-09-16,Mount Logan Capital Inc.(NasdaqCM: MLCI) added to NASDAQ Composite Index - MarketScreener
2025-09-19,"Stock Market on Sept. 19, 2025: S&P 500, Dow, Nasdaq end at fresh records; stocks see a winning week after Fed meeting - MarketWatch"
2025-09-19,"Dow, S&P 500 and Nasdaq close at fresh records as U.S. stocks score weekly gains - MarketWatch"
2025-09-16,"Stock Market News, Sept. 16, 2025: Dow falls 100 points, S&P 500 and Nasdaq finish lower a day ahead of Fed decision; retail sales top expectations - MarketWatch"
2025-09-16,Stocks struggle for direction a day ahead of Fed decision - MarketWatch
2025-09-17,"Stock Market for Sept. 17, 2025: Dow closes 260 points higher, S&P 500 and Nasdaq fall after Fed Chair Powell cuts rates, but outlines a cautious approach ahead - MarketWatch"
2025-09-19,Dow Jones & Nasdaq 100 Edged Higher Ahead of the BoJ Decision and Trump-Xi Call - FXEmpire
2025-09-15,"Nasdaq Jumps Triple Digits, Hits Record High on Tesla Surge - Schaeffer's Investment Research"
2025-09-18,"US stock market moves toward record highs today: Nasdaq leading, S&P 500 near peak, and Dow extending gain - The Economic Times"
2025-09-16,Stocks Are Back to Breakeven as Breadth Improves - Barron's
2025-09-18,Record Highs for Major Stock Indexes as Chip Makers Soar - Nasdaq
2025-09-19,"Stock Market News, Sept. 19, 2025: Nasdaq Rises; Trump Announces TikTok Deal - The Wall Street Journal"
2025-09-16,Nasdaq 100 Eyes Tenth Consecutive Gain - MarketScreener
2025-09-16,The September Curse Could Still Hit Stocks. Why You Shouldn’t Worry Too Much. - Barron's
2025-09-18,Stock Market Today: Russell 2000 Soars To New High; These Chip Stocks Break Out (Live Coverage) - Investor's Business Daily
2025-09-18,"Stock market today: Dow, S&P 500, Nasdaq hit records as rate-cut relief, Nvidia's Intel bet lift markets - Yahoo! Finance Canada"
2025-09-19,Three major indexes notch record closing highs for second day; volume jumps - Reuters
2025-09-16,Dow Jones & Nasdaq 100 Rally as Trade News and Fed Rate Cut Bets Boost Sentiment - FXEmpire
2025-09-15,"Stock Market News Sept. 15, 2025: Dow edges up, S&P 500 and Nasdaq notch new records after Trump says China talks going well - MarketWatch"
2025-09-19,"Stock Market News From Sept. 19, 2025: Stocks Climb to New Highs - Barron's"
2025-09-18,"Markets News, Sep. 18, 2025: S&P 500, Dow, Nasdaq Hit Record Highs as Tech Stocks Surge; Intel Jumps as Nvidia to Invest $5 Billion - Investopedia"
2025-09-16,Stocks Pull Back From Records Ahead of Fed Decision - Barron's
2025-09-18,"Dow climbs nearly 300 points, joins S&P and Nasdaq by setting fresh intraday record - MarketWatch"
2025-09-16,Stocks Pull Back. The Market Is on Edge Ahead of Fed Decision. - Barron's
2025-09-19,What is the Russell 2000? - Fidelity
2025-09-19,"US stock market today hits record after $15 trillion rally as Trump signals US-China trade deal: Dow, S&P - The Economic Times"
2025-09-19,"Big Tech, quantum computing, gives Nasdaq a boost - MarketWatch"
2025-09-18,"History Says the Nasdaq Will Soar: 2 Artificial Intelligence (AI) Stocks to Buy Now, According to Wall Street - The Motley Fool"
2025-09-16,"Spruce Biosciences, Inc.(NasdaqCM: SPRB) added to NASDAQ Composite Index - MarketScreener"
2025-09-25,"US Stock Indices Decline for Second Consecutive Day Amid Profit-Taking, Jobless Claims Drop - News On AIR"
2025-09-25,"Stocks close lower for a third day as once-hot AI play Oracle falls, yields increase - CNBC"
2025-09-25,"Stock market today: Dow, S&P 500, Nasdaq slide for 3rd day as Wall Street slump continues - Yahoo Finance"
2025-09-21,US Market Outlook: Momentum Gains - BusinessLine
2025-09-23,Stocks Turn Lower as Powell Speaks - Barron's
2025-09-23,Stock Market Today: Stocks Pull Back on Tech Slide and Powell Commentary - Nasdaq
2025-09-22,S&P500 and Nasdaq 100: Fed Caution and Shutdown Risks Cloud Today’s Stock Market Forecast - FXEmpire
2025-09-25,"Wall Street today: S&P 500, Dow Jones, Nasdaq slip after economic data, Alphabet falls 1% - livemint.com"
2025-09-26,"Stocks close higher Friday after in-line inflation data, but S&P 500 snaps 3-week winning streak - CNBC"
2025-09-23,IXIC: Nasdaq Composite Rallies 0.7% for New All-Time High. Nvidia Jump Powers the Leg Up. - TradingView — Track All Markets
2025-09-23,"Stock market today: Dow, S&P 500, Nasdaq slide after Powell flags Fed's challenge, 'highly valued' stocks - Yahoo Finance"
2025-09-26,Stocks Are Rebounding. The Nasdaq Is Rising Again. - Barron's
2025-09-23,"S&P 500 closes lower, snapping 3-day winning streak, as AI trade in Nvidia fizzles; Powell hints stocks are overvalued - CNBC"
2025-09-22,"Stock market today: Dow, S&P 500, Nasdaq hit 3rd record in a row as Nvidia soars on OpenAI deal - Yahoo Finance"
2025-09-23,Nasdaq Falls Nearly 1% as Wall Street Steps Back From Recent Highs - Barron's
2025-09-22,"S&P 500 rebounds after soft open, posts another record close with help from Nvidia - CNBC"
2025-09-26,"Stock market today: Dow, S&P 500, Nasdaq bounce after 3-day slide, but end week lower - Yahoo Finance"
2025-09-24,Stocks close lower for second day as investors continue selling AI plays Nvidia and Oracle - CNBC
2025-09-25,Nasdaq Index: Oracle and Nvidia Weigh on US Indices as AI Trade Unwinds - FXEmpire
2025-09-22,Why was the stock market down today morning? 5 key points you need to know - The Economic Times
2025-09-24,"Stock market today: Dow, S&P 500, Nasdaq slip for 2nd day in a row as Fed sends mixed signals, Alibaba plans AI push - Yahoo Finance"
2025-09-25,Stocks Retreat on Higher Bond Yields - Nasdaq
2025-09-24,US Stock Market Today: Nasdaq Edges Higher As Alibabas AI Bet Lifts Sentiments - NDTV Profit
2025-09-24,"Stock Market News From Sept. 24, 2025: S&P 500 Falls a Second Day - Barron's"
2025-09-23,"Stock Market Today: Nasdaq, S&P 500 End Winning Streaks; Nvidia, Amazon Weigh On Dow (Live Coverage) - Investor's Business Daily"
2025-09-21,"If You'd Invested $10,000 in Nvidia Stock 5 Years Ago, Here's How Much You'd Have Today - Nasdaq"
2025-09-23,"Dow falls 100 points, Nasdaq tumbles nearly 1% in final hour of trading - MarketWatch"
2025-09-25,Stocks Extend Slide for a Third-Straight Day Ahead of Inflation Data - The Wall Street Journal
2025-09-23,"Stock Market News, Sept. 23, 2025: Dow ends lower, S&P 500 snaps 3-day win streak and Nasdaq tumbles 1% as AI frenzy fizzles; Fed Powell hints at weakness in labor market - MarketWatch"
2025-09-26,"US stock market drops 2% in three days; S&P 500, Dow, Nasdaq slide as Intel and IBM surge, Bitcoin crashes - The Economic Times"
2025-09-23,Nasdaq Composite Hits Record High-Powered By Nvidia-OpenAI Deal - Seeking Alpha
2025-09-25,CNBC Daily Open: U.S. tech shares pull back amid growing AI bubble worries - CNBC
2025-09-23,"S&P 500 snaps 3-day win streak, Nasdaq tumbles 1% as AI frenzy fizzles - MarketWatch"
2025-09-26,"Wall Street ends higher after as-expected inflation data; S&P 500, Nasdaq post weekly declines - Reuters"
2025-09-26,The Technical Setup Speaks to More Upside for Stocks Into Year End - Barron's
2025-09-22,"Dow, S&P 500, Nasdaq close at record highs for second day as tech, trade headlines lift markets - Yahoo Finance"
2025-09-26,"Stock Market on Sept. 26, 2025: Dow, S&P 500, tech-heavy Nasdaq end higher as investors weigh PCE inflation report; U.S. stocks book weekly losses - MarketWatch"
2025-09-26,"Stock Market News From Sept. 26, 2025: Dow Bounces Back After Three-Day Slump - Barron's"
2025-09-23,Stock Indexes Post New Record Highs on AI Optimism - Nasdaq
2025-09-23,"NASDAQ Index, SP500, Dow Jones Forecasts – NASDAQ Retreats As Tech Stocks Decline - FXEmpire"
2025-09-25,"Stock Market News From Sept. 25, 2025: S&P 500 Drops for a Third Session - Barron's"
2025-09-22,Stock Indexes Consolidate Below Last Week's Record Highs - Nasdaq
2025-09-22,Dow Jones & Nasdaq 100 edge lower on cautious Fed outlook and BoJ Risks - FXEmpire
2025-09-26,Nasdaq dips into the red. A 4-day losing streak would be its longest since April. - MarketWatch
2025-09-25,The Stock Market Is Suffering an AI Hangover. What to Do Now. - Barron's
2025-09-21,Stock Futures Edge Lower Ahead of New Week - Barron's
2025-09-24,Equities end lower as valuation concerns creep in​ - Reuters
2025-09-25,Podcast: Stocks Fall for Third Day Despite Positive Economic Indicators - The Wall Street Journal
2025-09-23,US stocks slip as Wall Street takes a pause from its relentless rally - Business in Vancouver
2025-09-26,US stocks are mixed. NASDAQ index is now down on the day - investingLive
2025-09-22,"Stock Market News, Sept. 22, 2025: Dow, S&P 500 and Nasdaq score another round of records; gold hits all-time high as bitcoin stumbles - MarketWatch"
2025-09-22,"Wall St indexes post record closing highs again, with Nvidia, tech shares higher - Reuters"
2025-09-23,"Stock Market News From Sept. 23, 2025: Nasdaq Falls 1% - Barron's"
2025-09-22,"Stocks Pick Up Steam as S&P 500, Nasdaq Hit Fresh Intraday Highs - Barron's"
2025-09-26,"Nasdaq turns slightly higher, attempting to snap losing streak - MarketWatch"
2025-09-23,Dow Jones & Nasdaq 100 steady before key PMI release and Powell Speech - FXEmpire
2025-09-22,"Stock Market News for Sep 22, 2025 - Yahoo Finance"
2025-09-24,"Nasdaq 100 and S&P500: Oracle Slides, Nvidia Struggles—Rebalancing Coming? - FXEmpire"
2025-09-24,Stocks Pressured as Bond Yields Rise - Nasdaq
2025-09-24,"Dow rises 100 points, S&P 500 and Nasdaq open higher after tech stocks' worst day in nearly a month - MarketWatch"
2025-09-23,Dow Opens Higher Ahead of Speech From Fed's Powell - Barron's
2025-09-25,"Wall Street indexes finish lower, data raises uncertainty for rate-cut outlook - Reuters"
2025-09-24,"Stocks could extend their rally through year-end if they defy September’s seasonal weakness, one analyst says - MarketWatch"
2025-09-25,Nasdaq Composite Drops 0.86% in Second Day of Losses - FXLeaders
2025-09-23,The S&P 500 Has Been on a Tear. History Says the Rally Is Due for a Pause. - Barron's
2025-09-23,Nasdaq 100 Forecast: QQQ steady after Nvidia’s rally & ahead of Fed Chair Powell speech - FOREX.com
2025-09-22,Podcast: Nasdaq Leads U.S. Stocks to New Records - The Wall Street Journal
2025-09-22,"S&P 500, Nasdaq Tap Records as Stocks Inch Higher - Schaeffer's Investment Research"
2025-09-25,"Stock Market News, Sept. 25, 2025: Dow falls 170 points as stocks finish lower for the third day in a row; Costco earnings on tap - MarketWatch"
2025-09-24,"Stock Market, Sept. 24, 2025: Dow, S&P 500 and Nasdaq log back-to-back losses as tech stocks retreat on AI spending concerns; Alibaba soars - MarketWatch"
2025-09-23,"Nasdaq Composite hits 22,800 record high-powered by Nvidia-OpenAI deal - Traders Union"
2025-09-26,U.S. stock futures indicate a losing streak could be over as PCE inflation looms and after fresh tariffs announced - MarketWatch
2025-09-26,"S&P500 and Nasdaq 100: US Stocks Rise Today After PCE Report; Intel, Paccar Jump - FXEmpire"
2025-09-22,Should You Buy the 3 Highest-Paying Dividend Stocks in the Nasdaq? - The Motley Fool
2025-09-19,S&P 500 futures ease as BOJ tightens ahead of options contract expiration - MarketWatch
2025-09-22,"Stock Market News for Monday, Sept. 22, 2025: Dow, S&P 500, Nasdaq Set Fresh Records, Fueled By Nvidia - Barron's"
2025-09-25,All three major U.S. equity indexes are heading for a third day of losses for the first time since March - MarketWatch
2025-09-23,US: Tech giants help lift stocks to fresh records - The Business Times
2025-09-25,"Dow off 100 points at midday despite jump in IBM, Nvidia shares - MarketWatch"
2025-09-23,US stocks slip as Wall Street takes a pause from its relentless rally - TownAndCountryToday.com
2025-09-19,"Stock Market Today: Dow Hits Highs After Trump, Xi Talk; Cathie Wood Unloads AI Stock (Live Coverage) - Investor's Business Daily"
2025-09-26,"Stock Market Today: Stocks jump after PCE inflation, consumer Sentiment reports within expectations - thestreet.com"
2025-09-24,Why U.S. stocks are shedding most of their early Wednesday gains - MarketWatch
2025-09-19,Wall Street rallies to notch a record close after a strong trading week - Seeking Alpha
2025-09-19,The Stock Market Got a Rate-Cut Boost. Where It’s Headed Next. - Barron's
2025-09-19,"US Stock Market Today: NASDAQ climbs 0.3%, S&P 500 gains 0.1%, Dow Jones rises 0.1%, Tesla surges 1.8% - Analytics Insight"
2025-10-03,"S&P 500 posts winning week, but Friday rally fizzles: Live updates - CNBC"
2025-09-27,US stocks ended higher after mostly in-line US inflation data - News On AIR
2025-10-02,"Q4 Forecast for US Equities: S&P 500, Nasdaq 100 - FOREX.com"
2025-10-02,Russell 3000 Index: Stocks and Limitations - Investopedia
2025-10-02,Dow Jones and Nasdaq Composite: US Indices Hold Gains as Tech Stocks Lead Into the Close - FXEmpire
2025-09-30,"Stock market today: Dow hits record, S&P 500, Nasdaq cap best Q3 since 2020 as Wall Street braces for shutdown - Yahoo Finance"
2025-10-02,"Traders anticipate a short government shutdown as Dow Jones futures stabilise around 46,700, with S&P 500 and Nasdaq 100 futures increasing - VT Markets"
2025-10-01,"October 2025 Market Seasonality – S&P 500, Nasdaq 100 Enter Bu… - StoneX"
2025-09-28,US Market Outlook: Crucial Resistance Coming Up - BusinessLine
2025-10-03,"The S&P 500, Dow & Nasdaq Since 2000 Highs as of September 2025 - ETF Database"
2025-10-03,"Stock Market News, Oct. 3, 2025: Dow Closes at Record on Third Day of Shutdown - The Wall Street Journal"
2025-09-30,Stocks close at record highs as investors shake off shutdown concerns - CNBC
2025-10-03,Nasdaq 100 Forecast: QQQ flirts with 25k on rate cut ho - FOREX.com
2025-09-30,Nasdaq 100: Tech Stocks Mixed as Shutdown Fears Hit US Stock Market Forecast - FXEmpire
2025-09-29,"Stock market today: Dow, S&P 500, Nasdaq nudge higher as Wall Street grapples with shutdown risk - Yahoo Finance"
2025-09-28,"S&P 500 closes higher as AI leader Nvidia rebounds, EA surges on takeover - CNBC"
2025-10-01,"S&P 500 closes above 6,700 for first time as traders bet on short-lived shutdown - CNBC"
2025-10-03,This hasn't happened in the stock market since 2017 - MarketWatch
2025-09-29,Nasdaq Composite: Nvidia Rebound and EA Buyout Drive US Indices and Tech Stocks Higher Today - FXEmpire
2025-10-01,"September, Third Quarter 2025 Review and Outlook - Nasdaq"
2025-09-30,"Stock Market News Sept. 29, 2025: Nasdaq Rises; Government Shutdown Looms - The Wall Street Journal"
2025-10-03,"Dow, S&P 500 and Nasdaq head for fresh record highs as Wall Street guns for sixth day of gains - MarketWatch"
2025-10-03,"Markets News, Oct. 3, 2025: Stocks Post Weekly Gains; Indexes End Mixed Friday After Setting New Records as Palantir Pulls Nasdaq Lower - Investopedia"
2025-10-01,"Stock Market News From Oct. 1, 2025: S&P 500 Notches Record - Barron's"
2025-09-30,Nasdaq Composite Index Fund (NASDAQ:LNT) Tracks Utility Services - Kalkine Media
2025-10-01,Pharma stocks are powering the Nasdaq Composite and S&P 500 higher in afternoon trading - MarketWatch
2025-10-02,"Wall Street closes with records as tech support offsets labor, shutdown uncertainties - Reuters"
2025-10-02,"Dow, S&P 500, Nasdaq notch records on AI buzz even as government shutdown drags on - Yahoo Finance"
2025-10-02,US stock markets at record high: S&P 500 and Nasdaq surge; rate cut hopes boost optimism despite governme - Times of India
2025-10-01,"Investing $10,000 at 2009 Financial Crisis Lows: What Are Your Returns? - Investopedia"
2025-09-30,"Here's How the S&P 500, Nasdaq, and Dow Jones Did In Q3 2025 - Yahoo Finance"
2025-09-30,"Dow closes at record high, S&P 500 logs winning month, as investors shake off government shutdown concerns - CNBC"
2025-09-30,"Dow ends at fresh record, S&P 500 and Nasdaq close out best September in 15 years - MarketWatch"
2025-09-29,Megan Holdings Limited(NasdaqCM: MGN) added to NASDAQ Composite Index - MarketScreener
2025-09-30,Stock Market Today: Dow Scores Record In Face Of Shutdown Risk; Nvidia Breaks Out (Live Coverage) - Investor's Business Daily
2025-10-03,"Stock Market on Oct. 3, 2025: Dow, S&P 500 close at record highs; Nasdaq retreats as tech stocks fall under pressure - MarketWatch"
2025-09-29,Stocks Are Rising as Government Shutdown Looms - Barron's
2025-09-30,Nasdaq Monthly Forecast: October 2025 (Chart) - DailyForex
2025-10-03,Stocks Climb on Rampant AI Optimism - Nasdaq
2025-10-02,"Stock Market News Oct. 2, 2025: Nasdaq Rises to Record on Shutdown's Second Day - The Wall Street Journal"
2025-10-01,"Stock market today: Dow, S&P 500 notch records as Wall Street shrugs at shutdown, amps up rate cut bets - Yahoo Finance"
2025-09-30,"Stock Market News Sept. 30, 2025: Stocks Advance as Shutdown Deadline Nears - The Wall Street Journal"
2025-09-29,S&P500 and Nasdaq 100: AppLovin and Micron Strengthen Indices in Today’s Trade - FXEmpire
2025-10-03,"Tech Weekly: Tech Stocks Brush Off US Government Shutdown, Nasdaq Hits Intraday Records - Investing News Network"
2025-10-02,Stocks Hit Record Highs as Shutdown Drags On - Barron's
2025-10-03,"Dow, S&P 500 manage record closing highs; Nasdaq falls in volatile session - Reuters"
2025-10-02,"Stock Market News From Oct. 2, 2025: Dow, S&P 500, Nasdaq Hit New Highs - Barron's"
2025-09-29,Wall Street indexes climb as investors brush off government shutdown uncertainties - Reuters
2025-09-30,"Stock Market News From Sept. 30, 2025: Dow Hits New Record - Barron's"
2025-10-02,Fermi Inc.(NasdaqGS: FRMI) added to NASDAQ Composite Index - MarketScreener
2025-09-29,The Dow Is Down. Tech Is Carrying the S&P 500 and Nasdaq. - Barron's
2025-09-29,"Stocks rise, dollar dips, gold surges as possible US government shutdown looms - Reuters"
2025-10-02,S&P 500 and Nasdaq 100 Post Record Highs on AI Optimism - Yahoo Finance
2025-09-28,"US stock market prediction: S&P 500, Dow Jones, Nasdaq investors to make big gains on Monday? - The Economic Times"
2025-09-29,"Stock Market News for Monday, Sept. 29, 2025: S&P 500, Nasdaq Get a Lift From Big Tech Stocks - Barron's"
2025-09-30,Wall Street indexes close higher with quarterly and monthly gains even as US government shutdown looms - Reuters
2025-09-30,"S&P 500, Nasdaq Wrapping Up Best September in More Than a Decade - Barron's"
2025-10-02,"Technology Helps Push S&P 500, Nasdaq Composite to Fresh Records as Partial Shutdown Enters 2nd Day - MarketScreener"
2025-10-03,"Stock Market Today: Dow, S&P At Highs; Palantir Slides On Army Network Concerns (Live Coverage) - Investor's Business Daily"
2025-10-01,"US stock market today: Dow, S&P 500, Nasdaq slip as US shutdown collides with ADP’s shock 32,000 job losse - The Economic Times"
2025-10-01,Nasdaq Index Tracks Power Integrations in Technology Sector - Kalkine Media
2025-10-03,Dow and S&P 500 notch fresh record peaks as U.S. stocks book weekly gains - MarketWatch
2025-09-30,"S&P 500, Nasdaq slip as US government shutdown looms - KITCO"
2025-09-30,"Markets News, Sep. 30, 2025: Stocks Close Higher Ahead of Government Shutdown Deadline; S&P 500 Gains for 5th Straight Month in September - Investopedia"
2025-09-30,S&P 500 and Nasdaq score their best September in 15 years. Can the momentum last through the rest of the year? - MarketWatch
2025-10-03,Stock Market Sails Through Shutdown’s First Week. What Keeps the Rally Going. - Barron's
2025-09-30,"Dow Jones & Nasdaq 100 Dip on China Margin Pressures, BoJ Jitters - FXEmpire"
2025-10-01,"Stock Market News for Oct 1, 2025 - Yahoo Finance"
2025-09-29,"Stock Market News Sept. 29, 2025: Dow, S&P 500 and Nasdaq end higher to kick off week with gains, as investors look past government shutdown fears - MarketWatch"
2025-09-30,"Nasdaq Composite holds 22,600 support as traders eye government shutdown risk - Traders Union"
2025-09-29,"S&P 500, Nasdaq Inches Higher As AI Stocks Recover From Last Week's Selloff - Yahoo Finance"
2025-10-03,"Stock Market News, Oct. 2, 2025: Dow, S&P 500 and Nasdaq tally fresh round of record highs as market climbs for fifth straight day - MarketWatch"
2025-10-01,Sprout Social Faces Market Pressures Amid Nasdaq Composite Trends - Kalkine Media
2025-09-29,Wall Street drifts a bit higher as tech stocks climb even as oil prices sink - Business in Vancouver
2025-10-01,"US stock futures slide, gold hits fresh record on US government shutdown - markets.businessinsider.com"
2025-10-03,Plains GP Holdings (NYSE:PAGP) Reveals Nasdaq Composite Movements - Kalkine Media
2025-10-03,"Wall Street ticks to more records, led by technology stocks - 朝日新聞"
2025-10-03,Stocks turn higher as major indexes head for 5th straight day in the green - MarketWatch
2025-10-03,Dow tallies longest winning streak since May as stocks finish at fresh record highs - MarketWatch
2025-09-30,"Stock Market News, Sept. 30, 2025: Dow ends at fresh record, S&P 500 and Nasdaq close out best September in 15 years; government shutdown looms. - MarketWatch"
2025-10-01,"Stock Market News, Oct. 1, 2025: Dow, S&P 500 book fresh record closes, Nasdaq ends higher even as government enters shutdown and ADP reports jobs decline - MarketWatch"
2025-09-29,"S&P 500, Nasdaq rise as investors look past hawkish talk, await shutdown clarity - Yahoo! Finance Canada"
2025-10-02,Stocks at New Highs as Shutdown Drags On: Stock Market Today - Kiplinger
2025-09-30,TripAdvisor Navigates Market Shifts in Nasdaq Composite Index - Kalkine Media
2025-10-01,Grain-based foods shares left behind as stock market surges in 2024 - Baking Business
2025-10-03,"Nasdaq presses higher, S&P 500 and Dow lag behind - MarketWatch"
2025-10-01,US stock market: Wall Street drift following latest signal on job market; will stocks see govt shutdown impact? - ET Now
2025-10-03,"U.S. stocks surge to record highs: Dow, S&P 500, Nasdaq hit all-time highs on AI momentum - The Economic Times"
2025-10-09,"US Market Today Oct 9, 2025:: Dow Jones, S&P 500, NASDAQ Composite paints a mixed picture - BusinessLine"
2025-10-10,"Stock Market News From Oct. 10, 2025: Dow Slides After Trump Threatens China Tariffs - Barron's"
2025-10-05,"Global Market Update: Dow Jones, Nasdaq, S&P 500 Hit Life High! #dowjones #USMarkets #ZeeBusiness - facebook.com"
2025-10-08,"S&P 500, Nasdaq advance ahead of Fed remarks - The Economic Times"
2025-10-06,"IXIC: Nasdaq Composite Jumps 0.7% to New Closing High, S&P 500 Follows Right Up - TradingView — Track All Markets"
2025-10-10,"Stock Market News, Oct. 10, 2025: Trump to Impose 100% Tariff on China; Nasdaq Falls 3.6% - The Wall Street Journal"
2025-10-06,"Stock market today: S&P 500, Nasdaq notch record close as AMD's OpenAI deal sparks wild rally - Yahoo Finance"
2025-10-09,"Stocks close lower as S&P 500, Nasdaq retreat from record highs - CNBC"
2025-10-06,"US Market Today Oct 6, 2025: Dow Jones, S&P 500, NASDAQ Composite index may dip more before reversing higher - BusinessLine"
2025-10-06,Why the Nasdaq Composite Is Beating the Dow Today - Barron's
2025-10-10,"Stock market today: Dow sinks 800 points, S&P 500 and Nasdaq see worst day since April as Trump's renewed tariff threats spook Wall Street - Yahoo Finance"
2025-10-06,"S&P 500, Nasdaq close at fresh records to start week, helped by AMD gains - CNBC"
2025-10-04,US Market Outlook: Indices At A Crucial Juncture - BusinessLine
2025-10-08,"S&P 500, Nasdaq close at record highs as Wall Street looks past U.S. government shutdown - CNBC"
2025-10-09,"A Nasdaq record, AMD's rally, IRS furloughs and more in Morning Squawk - CNBC"
2025-10-06,"S&P 500 snaps 7-day winning streak as Oracle slides, shutdown angst grows - CNBC"
2025-10-10,"Dow drops almost 900 points, S&P 500 declines the most since April after Trump's new China tariff threat - CNBC"
2025-10-08,"Stock market today: S&P 500, Nasdaq resume record rally as gold jumps, Fed minutes point to more rate cuts - Yahoo Finance"
2025-10-07,"Stock market today: Dow slides, S&P 500 and Nasdaq snap winning streaks as Oracle leads tech stocks lower - Yahoo Finance"
2025-10-08,IXIC: Nasdaq Composite Pumps 1.1% to Fresh Record Close as Risk Appetite Roars Back - TradingView — Track All Markets
2025-10-06,"Wall Street today: Nasdaq, S&P 500 rise, lifted by tech stocks, AMD climbs 35% - livemint.com"
2025-10-10,"Dow Jones crashes 400 points, Nasdaq falls 2% after Trump threatens more tariffs on China - The Economic Times"
2025-10-10,"S&P500 and Nasdaq Index: Tech Stocks Like Nvidia, Applied Materials US Stock Forecast - FXEmpire"
2025-10-07,Nasdaq Index: Oracle’s AI Margin Warning Sparks Selloff in US Stocks Today - FXEmpire
2025-10-09,Origin Investment Corp I(NasdaqGM: ORIQ) added to NASDAQ Composite Index - MarketScreener
2025-10-07,"Stock market today: Dow, S&P 500 close at record highs to cap Wall Street's latest winning week - Yahoo Finance"
2025-10-06,Technology Helps Push Nasdaq Composite to Scale New Peaks - MarketScreener
2025-10-07,5 Things to Know Before the Stock Market Opens - Investopedia
2025-10-07,"Stock Market News From Oct. 7, 2025: S&P 500 Snaps Win Streak - Barron's"
2025-10-07,Nasdaq 100 and S&P500: Tech Stocks Waver as Shutdown Clouds Fed Outlook - FXEmpire
2025-10-06,The Third Quarter Was Tranquil. The Fourth Might Not Be. - Barron's
2025-10-06,"S&P 500, Nasdaq reach all-time closing highs on AI dealmaking boost - Reuters"
2025-10-06,"S&P 500, Nasdaq Notch Records, Driven By Rally In AI and Risk - Barron's"
2025-10-10,"US stock market crashes today as trade war fears return — Dow falls 480 points, S&P 500 drops 0.8%, Nasdaq - The Economic Times"
2025-10-08,"S&P 500, Nasdaq end higher as tech strength outweighs Fed concerns - Reuters"
2025-10-07,Wall Street retreats from record closing highs as economic worries mount - Reuters
2025-10-08,Stocks Mixed; Two Space Firms Rocket - Investor's Business Daily
2025-10-07,Tractor Supply (NASDAQ:TSCO) Impact on Nasdaq Composite - Kalkine Media
2025-10-07,"Dow, S&P 500, Nasdaq fall as AI trade loses momentum - Yahoo Finance"
2025-10-06,"S&P 500, Nasdaq secure record highs, buoyed by AMD-OpenAI deal - Yahoo Finance"
2025-10-09,"Dow sheds over 240 points, S&P 500 and Nasdaq pull back from Wednesday's records - MarketWatch"
2025-10-10,Stocks Fall Sharply on Trump’s Renewed Threat of China Tariffs - The New York Times
2025-10-08,"Stock Market News From Oct. 8, 2025: S&P 500 and Nasdaq Notch New Records - Barron's"
2025-10-08,"Nasdaq, S&P 500 soar following release of Fed's FOMC minutes - Yahoo Finance"
2025-10-08,"Stock Market, Oct. 8, 2025: Dow ends flat after Fed minutes, S&P 500 and Nasdaq finish at fresh all-time closing highs amid renewed AI optimism; gold breaks above $4,000. - MarketWatch"
2025-10-07,AppLovin (NASDAQ:APP) Fluctuations Track NASDAQ Composite Activity - Kalkine Media
2025-10-05,Quarterly markets review Overview of markets in Q3 2025 - Schroders
2025-10-10,"US Stock Market Crash: Why is the US stock market down today? Dow, S&P, Nasdaq plunge as Trump warns of “M - The Economic Times"
2025-10-06,"Technology Pushes S&P 500, Nasdaq Composite Higher in Midday Trading - MarketScreener"
2025-10-08,Netflix Momentum and Its Role in the Nasdaq Composite Index - Kalkine Media
2025-10-10,Dow tumbles nearly 900 points after Trump reignites trade war between the world’s two largest economies - CNN
2025-10-10,Trump’s Threat on Higher China Tariffs Wipes Out Stocks’ Weekly Gains - The Wall Street Journal
2025-10-10,Nasdaq Sinks 3.6% after Trump Renews China Tariff Threats - Barron's
2025-10-10,"Stocks open higher as S&P 500, Nasdaq composite head for another winning week - MarketWatch"
2025-10-07,"Stocks fall, S&P 500 ends lower after recent records; gold futures hit $4,000/oz - Reuters"
2025-10-09,"Stock Market News From Oct. 9, 2025: Dow, S&P 500 Fall; Nvidia, AMD, PepsiCo, Delta, More Movers - Barron's"
2025-10-09,"Stock Market News, Oct. 9, 2025: Dow, S&P 500 and Nasdaq end the day lower; gold drops from record highs and investors digest first batch of quarterly earnings - MarketWatch"
2025-10-07,Stocks Settle Mostly Higher as AI Frenzy Boosts Chipmakers - Nasdaq
2025-10-07,The Nasdaq Is Down 1%. AI Stocks Are Sliding. - Barron's
2025-10-08,"Dow ends flat after Fed minutes, S&P 500 and Nasdaq score fresh records amid renewed AI optimism - MarketWatch"
2025-10-07,"Stock Market News, Oct. 7, 2025: Dow ends lower, S&P 500 snaps 7-day win streak as Wall Street's record-setting run takes a pause; gold brushes $4,000 - MarketWatch"
2025-10-10,"Stock Market on Oct. 10, 2025: Dow slides nearly 900 points after Trump's threat of new tariffs on China; S&P 500 and Nasdaq close sharply lower as U.S. stocks book weekly loss - MarketWatch"
2025-10-09,"Wall Street closes lower, pausing record-setting rally as earnings approach - Reuters"
2025-10-08,The S&P 500 and Nasdaq Are Doing Something That Hasn’t Been Done Since 2011 - Barron's
2025-10-07,US stock market at record high: Is it the right time for Indian investors to enter? - livemint.com
2025-10-06,"Nasdaq 100 and S&P500: AI Momentum, Bank Mergers, and Fed Talks Lift Market - FXEmpire"
2025-10-08,"US stock market today: Dow, S&P 500 and Nasdaq rally as Nvidia’s xAI deal lifts AI stocks; here’s top stoc - The Economic Times"
2025-10-08,Stocks Rise. No News Is Good News for Markets. - Barron's
2025-10-08,Overnight U.S. Stocks | S&P 500 Index and Nasdaq Composite Reach New Highs; AMD (AMD.US) Surges Over 11% - 富途牛牛
2025-10-10,It Will Take More Than Trade Wars and Tech Trouble to Sink the Stock Market - Barron's
2025-10-06,Intel (NASDAQ:INTC) Nasdaq Composite Captures Technology Momentum - Kalkine Media
2025-10-08,"Dow up 125 points, S&P and Nasdaq on pace for record highs as investors look past government shutdown - MarketWatch"
2025-10-10,"Dow, S&P 500, Nasdaq plunge following Trump's tariff threats - Yahoo Finance"
2025-10-06,"Stock Market Today: S&P 500 logs fourth-straight record close, longest win streak since May; Dow falls, AMD soars, gold at new record - MarketWatch"
2025-10-04,Euronet Worldwide Inc. (NASDAQ:EEFT) Nasdaq Composite ETF Metrics - Kalkine Media
2025-10-06,Paul Tudor Jones says ingredients are in place for massive rally before a 'blow off' top to bull market - CNBC
2025-10-06,"US stock market on the move today: S&P 500 and Nasdaq soar as AMD rockets 20%, Dow slides on Home Depot & - The Economic Times"
2025-10-10,"Markets News, Oct. 10, 2025: Stocks End Sharply Lower as U.S.-China Trade Tensions Resume; Major Indexes Post Weekly Losses - Investopedia"
2025-10-06,Nasdaq opens over 100 points despite concerns over prolonged shutdown looms - The Financial Express
2025-10-10,"Stocks, dollar tumble; Trump says he will raise China tariffs to 100% - Reuters"
2025-10-07,"S&P 500, Dow, and Nasdaq slip after a week of gains as Oracle crashes 5% and Tesla falls on Model Y buzz — - The Economic Times"
2025-10-10,Wall Street sells off as Trump hits China with more tariffs - Reuters
2025-10-07,Udemy (NASDAQ:UDMY) Operations Track NASDAQ Index Movement - Kalkine Media
2025-10-05,"US Stock Market prediction: Will US Government shutdown derail S&P 500, Nasdaq, Dow Jones rally? Analysts - The Economic Times"
2025-10-07,Roku (NASDAQ:ROKU) NASDAQ Index Fund Market Analysis - Kalkine Media
2025-10-06,US stocks tick toward records as the AI frenzy keeps leading the way; OpenAI announces multi-billion dollar partnership with AMD - ABC7 San Francisco
2025-10-16,"US Market Outlook: Dow Jones, S&P 500, NASDAQ Composite indices struggle to rise - BusinessLine"
2025-10-15,"S&P 500 closes higher after another volatile session, aided by strong bank earnings - CNBC"
2025-10-15,"Stock market today: S&P 500, Nasdaq rise in choppy trade as Wall Street weighs earnings, China tensions - Yahoo Finance"
2025-10-15,Motilal Oswal Nasdaq 100 ETF: Meaningful Choice for Geographical Diversification? - Equitymaster
2025-10-14,Billionaire Paul Tudor Jones Sees Nasdaq Higher by Year-End - Bloomberg.com
2025-10-16,"Stock Market News for Oct 16, 2025 - Nasdaq"
2025-10-14,"Dow Jones, S&P 500, NASDAQ Composite recovers sharply. But resistances ahead can still cap the upside - BusinessLine"
2025-10-13,"Stock Market News, Oct. 13, 2025: Dow, S&P Jump After U.S. Softens Tone on China - The Wall Street Journal"
2025-10-15,"US Market Outlook: Dow Jones, S&P 500, NASDAQ Composite close on a mixed note after volatile intraday swings - BusinessLine"
2025-10-17,"Stocks close higher as bank credit worries, China trade tensions ease - CNBC"
2025-10-17,"Stock market today: Dow, S&P 500, Nasdaq notch weekly wins after volatile week as Trump signals China talks back on track - Yahoo Finance"
2025-10-13,"US Market Today Oct 13, 2025: Dow Jones, S&P 500, NASDAQ Composite index may dip more before reversing higher - BusinessLine"
2025-10-13,"Dow rebounds nearly 600 points, S&P 500 claws back more than half of Friday's rout as Trump softens China stance - CNBC"
2025-10-12,US Market Outlook: Knocked Down - BusinessLine
2025-10-16,"Stocks close lower, with Dow dropping 300 points, as fears about bad loans in banking industry grow - CNBC"
2025-10-13,S&P 500 closes in red during volatile session as Trump knocks China once again - CNBC
2025-10-14,"Stock Market News for Oct 14, 2025 - Nasdaq"
2025-10-16,"Stock market today: Dow drops 300 points, S&P 500, Nasdaq slide as regional bank woes hit markets - Yahoo Finance"
2025-10-13,"Stock Market News for Oct 13, 2025 - Nasdaq"
2025-10-13,Nasdaq 100: Oracle Jumps as Tech Stocks Lead US Indices Higher Today - FXEmpire
2025-10-16,"Stock Market Today: Gold, Silver Up As Index Losses Mount; Bank Stocks Sell Off (Live Coverage) - Investor's Business Daily"
2025-10-11,"IXIC: Nasdaq Post Biggest Drop Since April, Stocks Shed $1.6 Trillion. Tariff Wars Are So Back. - TradingView — Track All Markets"
2025-10-15,A soaring stock market led by tech has some likening the AI boom to the dot-com bubble - NBC News
2025-10-15,Republic Power Group Limited(NasdaqCM: RPGL) added to NASDAQ Composite Index - MarketScreener
2025-10-14,"Stock market today: Dow rises, Nasdaq slides in volatile day as Trump amps up China threats, Fed's Powell speaks - Yahoo Finance"
2025-10-15,Take-Two Interactive Climbs Amid Nasdaq Composite Gaming Rally - Kalkine Media
2025-10-11,Qualcomm (NASDAQ:QCOM) Drives Nasdaq Composite ETF Performance - Kalkine Media
2025-10-14,Stock Market Today: Markets Drop Late as China Trade Tensions Rattle Investors - Nasdaq
2025-10-17,Stock Market Today: Indexes Up In Strong Week On Trump News; Oracle Dives (Live Coverage) - Investor's Business Daily
2025-10-16,"Stock Market News, Oct. 16, 2025: Dow down 300 points as concerns about bad bank loans spark stock-market selloff - MarketWatch"
2025-10-13,NASDAQ index move closer to 100 hour moving average. Trades to new session highs - TradingView — Track All Markets
2025-10-12,We Just Witnessed the Stock Market Do Something That's Occurred Only 3 Times Since 1871 -- and the 2 Prior Events Led to Disaster - Yahoo Finance
2025-10-13,Stocks Fall Sharply on China Trade Tensions - Nasdaq
2025-10-15,Nasdaq 100 Analysis: Chip Stock Strength Fades as Key Resistance Zone Holds Firm - FXEmpire
2025-10-14,Assessing Terra Innovatum Global’s (NKLR) Valuation Following NASDAQ Index Addition and Medical Isotope Reactor Launch - simplywall.st
2025-10-14,Markets are back in risk-on mode. What's keeping a lid on the Nasdaq? - MarketWatch
2025-10-15,PTC Therapeutics (NASDAQ:PTCT) Climbs with Nasdaq 100 Index Trend - Kalkine Media
2025-10-13,Seagate (NASDAQ:STX) Nasdaq Composite Tech Integration - Kalkine Media
2025-10-14,Netflix (NASDAQ:NFLX) Nasdaq Composite ETF Content Delivery - Kalkine Media
2025-10-14,History Says the Nasdaq Will Soar in 2026. 1 Stock-Split Stock to Buy Before It Does - The Motley Fool
2025-10-11,Intel (NASDAQ:INTC) Impacts Nasdaq Composite Index Performance - Kalkine Media
2025-10-17,Dow moves higher as stocks whipsaw at the end of a choppy week - MarketWatch
2025-10-11,Market sell-off: Trump post lops off $2 trillion from stocks in a single day - CNBC
2025-10-17,"Stock Market News, Oct. 17, 2025: Dow Rises; Trump Says Extra China Tariffs 'Not Sustainable' - The Wall Street Journal"
2025-10-14,Dow flips positive while S&P 500 and Nasdaq recover from the worst of their early losses - MarketWatch
2025-10-15,"Dow ends flat, while S&P 500 and Nasdaq advance on strong earnings reports - MarketWatch"
2025-10-17,"Stock Market News for Oct 17, 2025 - Yahoo Finance"
2025-10-10,Wall Street tumbles in its worst day since April after Trump threatens more tariffs on China - PBS
2025-10-13,U.S. stocks end sharply higher in rebound from Friday selloff - MarketWatch
2025-10-13,"Stock Market News Oct. 13, 2025: Dow snaps five-day losing streak, S&P 500 and Nasdaq post best days in five months as Trump softens rhetoric around China - MarketWatch"
2025-10-11,Adobe (NASDAQ:ADBE) Shapes Nasdaq Composite Movements - Kalkine Media
2025-10-14,"Dow Jones, Nasdaq 100 Climb on Trade Deal Hopes, Will Powell Derail the Optimism? - FXEmpire"
2025-10-14,TransMedics Group Advances Healthcare Amid Nasdaq 100 Index Rise - Kalkine Media
2025-10-15,First Solar (NASDAQ:FSLR) Nasdaq Composite ETF Renewable Shift - Kalkine Media
2025-10-14,StepStone Group Drives Nasdaq Composite Trends and Market Activity - Kalkine Media
2025-10-13,Broadcom (NASDAQ:AVGO ) Nasdaq Index Multi-Region Management - Kalkine Media
2025-10-14,Nasdaq Composite Set to Rise as Trump Softens China Rhetoric - thebull.com.au
2025-10-10,"Up 55% since April, is the Nasdaq about to crash spectacularly? - Fool UK"
2025-10-15,Rocket Lab (NASDAQ:RKLB) Nasdaq Composite Market Focus - Kalkine Media
2025-10-14,Stock Market Today: Stocks surge after Powell signals more rate cuts ahead - thestreet.com
2025-10-16,US stocks drop on worries about banks - Business in Vancouver
2025-10-10,Wall Street suffers worst day since April tariff shock (DJI:) - Seeking Alpha
2025-10-16,U.S. stocks drop on worries about banks - BNN Bloomberg
2025-10-14,"ChartWatch Markets: Gold and silver rallies go vertical as the Nasdaq logs ""credible"" rebound - Market Index"
2025-10-13,MercadoLibre (NASDAQ:MELI) Updates Shape Nasdaq Composite Trends - Kalkine Media
2025-10-15,"Nasdaq Index Bounces Off Support, S&P Maintains Uptrend Amid Trade Tensions - FXLeaders"
2025-10-15,Why Did Advanced Micro Devices Stock Soar 9.4% Today? - The Motley Fool
2025-10-17,Wall Street rises to finish its best week in two months after bank stocks stabilize - BNN Bloomberg
2025-10-10,Equity markets slide amid Trump’s new tariff threats against China - BNN Bloomberg
2025-10-10,"How major US stock indexes fared Friday, 10/10/2025 - kens5.com"
2025-10-11,Did Fed Chair Jerome Powell Drive a Dagger Through the Stock Market's Heart With These 6 Words? Historical Data Backs Up His Claim. - The Motley Fool
2025-10-10,U.S. stock markets tumble after Trump says he's raising China tariffs to 100% - CBC
2025-10-10,Manhattan Associates Strengthens Position in Nasdaq Composite - Kalkine Media
2025-10-10,Why is the stock market dropping? A look at Wall Street amid Trump tariff talks on China - Bergen Record
2025-10-13,Wall Street veers upward after Trump softens his criticism of China - Times Colonist
2025-10-12,Nasdaq AI bubble? Here’s how I’m positioning my Stocks and Shares ISA - Fool UK
2025-10-12,We Just Witnessed the Stock Market Do Something That's Occurred Only 3 Times Since 1871 -- and the 2 Prior Events Led to Disaster - The Motley Fool
2025-10-13,Nasdaq Composite rebounds 2% after Trump softer tone on trade tensions - Traders Union
2025-10-14,Nasdaq Composite renewed selloff triggered by tariff-driven risk aversion - Traders Union
2025-10-17,"Nasdaq Composite forecast 2026: Investors eye 24,000 amid Fed easing and earnings report - Traders Union"
2025-10-10,Nasdaq Composite extends 6-day record streak despite overvaluation warnings - Traders Union
2025-10-16,Stock market recap: Nasdaq Composite and S&P 500 rise as tech gains - Traders Union
2025-10-17,Stock market recap: Dow Jones and Nasdaq Composite drop amid global credit concerns - Traders Union
2025-10-15,Nasdaq Composite extends rebound amid Powell comments and chip stocks earnings - Traders Union
2025-10-10,Stock market recap: Nasdaq Composite and S&P 500 edge lower as U.S. shutdown hits day 10 - Traders Union
2025-10-13,Stock market recap: S&P 500 and Nasdaq Composite rebound as tariff rhetoric softens - Traders Union
2025-10-16,Nasdaq Composite eyes breakout to all-time high backed by strong chipmaker results - Traders Union
2025-10-22,5 Best Nasdaq ETFs for 2026 - The Motley Fool
2025-10-20,"Dow sets new record close just below 47,000 on strong Coca-Cola, 3M earnings: Live updates - CNBC"
2025-10-23,The Nasdaq Composite Rallies. Risk Is Back On—For Now. - Barron's
2025-10-18,The Nasdaq Is Doing Something Seen 7 Times Since 1990. History Says the Stock Market Will Make a Big Move in 2026. - Yahoo Finance
2025-10-18,US Market Outlook: Feeble Recovery - BusinessLine
2025-10-20,Nasdaq Composite: Apple Hits Record High as Tech Stocks Lift US Stock Market Today - FXEmpire
2025-10-20,Acco Group Holdings Limited(NasdaqCM: ACCL) added to NASDAQ Composite Index - MarketScreener
2025-10-20,"Stock Market News, Oct. 20, 2025: Dow Rises; Hassett Says Shutdown Could End This Week - The Wall Street Journal"
2025-10-24,"Nasdaq Index Climbs With Nvidia, Broadcom, Amazon Driving Early Rally - TradingView — Track All Markets"
2025-10-22,"S&P 500 closes higher, recouping Wednesday’s loss and then some - CNBC"
2025-10-24,"Stock market today: Dow, S&P 500, Nasdaq jump as Trump confirms Xi meet, earnings flood in - Yahoo Finance"
2025-10-18,The Nasdaq Is Doing Something Seen 7 Times Since 1990. History Says the Stock Market Will Make a Big Move in 2026. - The Motley Fool
2025-10-22,Stocks Take a Brief Tumble. The Nasdaq Is Still Down 1.2%. - Barron's
2025-10-24,Nasdaq Index: Tech Stocks Jump as CPI Miss Fuels Bullish US Stock Market Forecast - FXEmpire
2025-10-23,"Dow rallies 400 points for first close above 47,000 ever following mild inflation report: Live updates - CNBC"
2025-10-21,"Dow, S&P 500, Nasdaq jump as Apple leads tech stocks higher ahead of busy earnings week - Yahoo Finance"
2025-10-19,"History Says the Nasdaq Will Soar in 2026: 2 Brilliant AI Stocks to Buy Now, According to Wall Street - Yahoo Finance"
2025-10-22,"Dow closes down 300 points on trade fears, latest earnings - CNBC"
2025-10-20,Dow closes 500 points higher as Apple revives stock rally - CNBC
2025-10-22,IXIC: Nasdaq Composite Slides 1% as Fresh Trade Fears Knock Investor Optimism - TradingView — Track All Markets
2025-10-24,"Stock market today: Dow, S&P 500, Nasdaq surge to records as tame inflation cements Fed rate cut bets - Yahoo Finance"
2025-10-23,"Stock Market News From Oct. 23, 2025: Dow, S&P 500, Nasdaq Rise; Tesla, Intel, Nvidia, IBM, More Movers - Barron's"
2025-10-23,"Top Factors Influencing Market Fluctuations: Inflation, Policy, Supply & Demand - Investopedia"
2025-10-23,"Wall St ends higher amid mixed earnings, Trump-Xi meeting confirmed - Reuters"
2025-10-20,"Stock Market News for Monday, Oct. 20, 2025: The S&P 500 Ends Higher. Records Are So Close. - Barron's"
2025-10-22,"Stock market today: Dow, S&P 500, Nasdaq fall as Netflix sinks, Tesla earnings loom - Yahoo Finance"
2025-10-24,"S&P 500, Nasdaq Hit New Record High On Softer Inflation Data And Intel Beat - TradingView — Track All Markets"
2025-10-21,Stock market today: Dow jumps 200 points to record high as Wall Street cheers start of earnings season - Yahoo Finance
2025-10-22,"The Nasdaq Is Dropping. Small-Cap, Momentum, and Risk ETFs Are Getting Slammed. - Barron's"
2025-10-20,S&P500 and Nasdaq 100: Earnings Optimism Fuels Bullish Stock Market Forecast Today - FXEmpire
2025-10-22,Nasdaq Drops on More Tech Fears - Barron's
2025-10-24,"Dow, S&P 500, Nasdaq reach new highs following Sept. CPI report - Yahoo Finance"
2025-10-17,Wall Street shrugs off banking sector concerns - CNN
2025-10-24,"Stocks rally and Dow closes above 47,000 for first time after cooler-than-expected inflation report - CNN"
2025-10-22,Nasdaq 100: Netflix Drop Pressures Tech Stocks as Traders Await Tesla Forecast - FXEmpire
2025-10-19,Intel Corporation (NASDAQ:INTC) Leads Nasdaq Composite Gains - Kalkine Media
2025-10-23,Garrett Motion (NASDAQ:GTX) Drives Momentum in Nasdaq Composite Trends - Kalkine Media
2025-10-22,NASDAQ index moves into new session lows - investingLive
2025-10-24,The Stock Market Climbed to New Highs. Here’s What Can Keep It There—or Knock It From Its Perch. - Barron's
2025-10-20,Dow Jones & Nasdaq 100 Futures Advance on China Data and Trade Agreement Hopes - FXEmpire
2025-10-20,5 Best Dividend Stocks in the Nasdaq Composite - 24/7 Wall St.
2025-10-21,"Stock Market News From Oct. 21, 2025: Dow Notches 12th Record of the Year - Barron's"
2025-10-23,S&P 500 Index: What It Is and How to Invest - The Motley Fool
2025-10-17,"Stock Market on Oct. 17, 2025: Dow, S&P 500 and Nasdaq close higher as U.S. stocks log weekly gains despite credit concerns at regional banks - MarketWatch"
2025-10-20,"The March Goes On for Records. S&P 500, Nasdaq, and the Dow Are Ever So Close. - Barron's"
2025-10-24,FTSE 100 Retreats After Positive Start - Nasdaq
2025-10-23,Dow Jones & Nasdaq 100 Waver on US-China Trade Tensions - FXEmpire
2025-10-22,Nasdaq 100: Trump’s China Export Threats and Earnings Misses Hit Tech Stocks - FXEmpire
2025-10-24,"Stock Market on Oct. 24, 2025: Dow, S&P 500, tech-heavy Nasdaq close at record highs after softer-than-expected CPI inflation report - MarketWatch"
2025-10-24,"NASDAQ Index, SP500, Dow Jones Forecasts – Stocks Test Historic Highs As Traders Bet On Dovish Fed - FXEmpire"
2025-10-24,"Stock Market Today: Nasdaq Composite, S&P 500 Hit Records After Delayed Inflation Report Arrives Softer Than Expected - thestreet.com"
2025-10-20,"Dow Jones Futures: Apple, Google, Netflix, Tesla Make Bullish Moves, But Oracle Dives - Investor's Business Daily"
2025-10-24,"Dow, S&P 500 and Nasdaq set fresh intraday record highs as stocks push higher - MarketWatch"
2025-10-24,"Dow, S&P 500, Nasdaq end at record peaks after inflation report, booking weekly gains - MarketWatch"
2025-10-23,Nasdaq Composite up 0.52% as Market Regains Footing after Wednesday Slide - FXLeaders
2025-10-23,"U.S. stocks sell off, Nasdaq Composite sheds 213 points - malaysiasun.com"
2025-10-21,GSR IV Acquisition Corp.(NasdaqGM: GSRF) added to NASDAQ Composite Index - MarketScreener
2025-10-24,"Wall Street notches record closing highs on cool inflation, solid earnings - Reuters"
2025-10-24,"The Dow, S&P 500, and Nasdaq Are Back at Records. Bad Headlines Haven’t Stopped the Stock Market. - Barron's"
2025-10-22,"Stock Futures Scattered With Earnings, Gold in Focus - Schaeffer's Investment Research"
2025-10-22,"Stock Market News From Oct. 22, 2025: Nasdaq Slides on Tech Fears - Barron's"
2025-10-21,Dow rises 300 points as S&P 500 and Nasdaq edge higher in midday trading - MarketWatch
2025-10-23,"Stock Market News, Oct. 23, 2025: S&P Rises as Trump-Xi Meeting Set for Next Week - The Wall Street Journal"
2025-10-23,S&P 500 and Nasdaq Composite are trading just below their record closes - MarketWatch
2025-10-24,"Nasdaq Composite jumps 201 points, Dow and S&P 500 also gain - malaysiasun.com"
2025-10-22,U.S. stocks extends losses in afternoon trading as economic concerns grow - MarketWatch
2025-10-20,"Stock Market News Oct. 20, 2025: Dow ends 515 points higher, S&P 500 and Nasdaq log back-to-back gains, as White House adviser says shutdown could end this week; gold charges higher - MarketWatch"
2025-10-19,Nasdaq Composite ETF Mirrors PayPal (NASDAQ:PYPL) Strength - Kalkine Media
2025-10-17,Stock Indexes Fall as Regional Bank Stocks Plunge - Nasdaq
2025-10-23,"Stock Market News for Oct 23, 2025 - Yahoo Finance"
2025-10-21,Wall Street ends mixed as earnings lift the Dow - Reuters
2025-10-23,"6 in 10 Americans are invested in the stock market — a record high. But with $51T at risk in a crash, here’s how to prep - Yahoo Finance"
2025-10-24,"Stock Market News for Oct 24, 2025 - Yahoo Finance"
2025-10-24,Cipher Mining (NASDAQ:CIFR) Among Nasdaq Composite ETF Gainers - Kalkine Media
2025-10-22,"Overnight U.S. Stocks | Major Indices Down, Nasdaq Falls Nearly 1%; Gold and Bitcoin Extend Losses - 富途牛牛"
2025-10-23,Airbnb (NASDAQ:ABNB) NASDAQ COMPOSITE ETF Powers Hospitality - Kalkine Media
2025-10-20,Wall St ends sharply higher as earnings optimism fuels risk appetite - Reuters
2025-10-24,Alphabet Inc. (NASDAQ:GOOGL) Nasdaq Index Cloud Integration - Kalkine Media
2025-10-19,Broadcom Inc. (NASDAQ:AVGO) Shapes Nasdaq Index Activity - Kalkine Media
2025-10-23,"Stock Market News, Oct. 23, 2025: Dow ends 144 points higher, S&P 500 reaches third-highest close on record; Tesla shares recover from drop after earnings; oil prices jump - MarketWatch"
2025-10-24,"US stock market surges today – Dow, S&P 500, Nasdaq all gaining as cooling inflation and strong corporate - The Economic Times"
2025-10-21,Nasdaq 100: Newmont Falls on Gold Plunge as Netflix Earnings Loom Over US Tech Sector - FXEmpire
2025-10-21,"Stock Market News, Oct. 21, 2025: Dow scores fresh record after strong 3M, Coca-Cola earnings; S&P 500 ends flat and Nasdaq finishes lower; Netflix earnings on tap - MarketWatch"
2025-10-22,"Dow and S&P 500 open flat, Nasdaq edges lower as investors digest Netflix earnings - MarketWatch"
2025-10-23,S&P/TSX composite up more than 200 points as price of oil climbs higher - BNN Bloomberg
2025-10-20,US: Stocks rise to open big earnings week - The Business Times
2025-10-21,"How major US stock indexes fared Tuesday, 10/21/2025 - KVUE"
2025-10-17,US Stocks Brief: S&P Futures Down 1.1% and Nasdaq 100 Futures Down 1.3% As Bloomberg TV Notes Two Regional Banks Fuel Concerns About Credit and Flight To Safety Takes Yields Down To 2025 Lows - MarketScreener
2025-10-22,"U.S. stocks and gold sink, while meme stocks swerve, as momentum reverses on Wall Street - BNN Bloomberg"
2025-10-21,S&P/TSX composite slides on lower gold prices as U.S. markets fare better on earnings - BNN Bloomberg
2025-10-22,Cadence Design (NASDAQ:CDNS) Nasdaq Composite ETF Innovation - Kalkine Media
2025-10-24,ChartWatch Markets: Copper and lithium are shaping as the next big things as China's stock market begins to move - Market Index
2025-10-23,Simply Good Foods (NASDAQ:SMPL) NASDAQ Composite Fuels Wellness - Kalkine Media
2025-10-29,US Stocks Close Higher; Major Indices Hit Record Intraday Levels - News On AIR
2025-10-30,"Nasdaq and S&P 500 close higher, thanks to Amazon, to cap off a strong week: Live updates - CNBC"
2025-10-27,"IXIC: Nasdaq Composite Soars 1.9% on Bright Trade Prospects, Tech Earnings & Fed Decision - TradingView — Track All Markets"
2025-10-27,US Market Outlook: Indices regain momentum - BusinessLine
2025-10-28,"US Stock Market Today: Dow Jones, Nasdaq Edge Higher As Wall Street Anticipates Fed Rate Cut - NDTV Profit"
2025-10-30,"Nasdaq 100: US Stocks Drop as Meta, Microsoft Rattle Sentiment; Apple, Amazon Up Next - FXEmpire"
2025-10-30,"Stock Market News, Oct. 30, 2025: Nasdaq Dragged Lower by Meta, Microsoft Earnings - The Wall Street Journal"
2025-10-31,"Nasdaq Composite Futures Surge Over 300 Points Pre-Bell Following Apple, Amazon's Results Overnight - MarketScreener"
2025-10-26,"This Is, Officially, the 2nd-Priciest Stock Market in 154 Years -- and There's No Mistaking What Comes Next for Stocks, Based on History - Nasdaq"
2025-10-26,"S&P 500 rallies 1% to notch first close ever above 6,800 on potential China trade truce: Live updates - CNBC"
2025-10-29,"Stock market today: Dow, S&P 500, Nasdaq notch fresh records as Nvidia soars ahead of Fed rate decision - Yahoo Finance"
2025-10-28,Nasdaq Index: Microsoft-OpenAI Deal Fuels AI Bid in US Indices Today - FXEmpire
2025-10-29,"Dow closes lower, giving up gain after Powell signals Fed may not cut again this year - CNBC"
2025-10-31,"Stock market today: Dow, S&P 500, Nasdaq climb to cap winning month as strong earnings, easing rates fuel Amazon, tech stocks - Yahoo Finance"
2025-10-30,"Stocks close lower, with Nasdaq down 1.6% as Big Tech leaders Meta and Microsoft decline after earnings - CNBC"
2025-10-29,"Stock market today: Nasdaq clinches record, Dow, S&P 500 dip as Fed cuts rates, Powell downplays December cut - Yahoo Finance"
2025-10-27,Stocks close at record highs for second day as AI trade heats up ahead of Fed rate decision - CNBC
2025-10-27,"Stock market today: S&P 500 crosses 6,800 mark, joining Dow, Nasdaq in fresh records as US-China trade deal hopes run high - Yahoo Finance"
2025-10-30,The Stock Market Is Doing Something for the 7th Time Since 1990 -- It Hints at a Very Big Move in the Next Year - Yahoo Finance
2025-10-31,Amazon Rally Keeps Nasdaq Composite in Green - MarketScreener
2025-10-30,"Stock market today: Nasdaq leads S&P 500, Dow lower as Meta sinks after earnings with Apple, Amazon on deck - Yahoo Finance"
2025-10-31,Nasdaq Index Today: Amazon Fuels Tech Rally While Dow Slips on Weak Sectors - FXEmpire
2025-10-30,"Stock Market Today: Nasdaq, S&P End Sharply Lower With Meta's Plunge - Investor's Business Daily"
2025-10-30,"Stock Market News From Oct. 30, 2025: Dow, S&P 500, Nasdaq Fall; Meta, Microsoft, Alphabet and More Movers - Barron's"
2025-10-31,Biggest Stock Market Crashes in History - The Motley Fool
2025-10-27,Nasdaq 100 Forecast: QQQ at a record high on China trad - FOREX.com
2025-10-28,"Stock Market News for Oct 28, 2025 - Nasdaq"
2025-10-30,The Stock Market Is Doing Something for the 7th Time Since 1990 -- It Hints at a Very Big Move in the Next Year - The Motley Fool
2025-10-31,"Stock Market News, October 31, 2025: Amazon Surges to Record High, Boosting Nasdaq - The Wall Street Journal"
2025-10-28,"Dow Jones, Nasdaq and S&P futures flat even after record US index performances - The Economic Times"
2025-10-31,"Stock Market News From Oct. 31, 2025: S&P 500 Rises as Amazon, Apple Earnings Boost Sentiment - Barron's"
2025-10-29,"Nasdaq 100: Meta, Microsoft, Alphabet Earnings in Focus as US Stocks Climb - FXEmpire"
2025-10-31,Tech Earnings Extend Nasdaq Hot Streak - The Wall Street Journal
2025-10-31,The Dow Turns Higher. Stock Market Breadth Is Improving. - Barron's
2025-10-27,Pegasystems (NASDAQ:PEGA) Nasdaq Composite Boosts Software Edge - Kalkine Media
2025-10-31,Nasdaq jumps over 300 points as Apple and Amazon forecasts lift Wall Street - The Financial Express
2025-10-31,The Nasdaq-to-Bitcoin Correlation Is Alive and Well (During Risk-Off) - FOREX.com
2025-10-28,"Stock Market News, Oct. 28, 2025: Nasdaq Rallies to Record; Microsoft Hits $4 Trillion Market Cap - The Wall Street Journal"
2025-10-31,A Winning Week for Stocks Masks Trouble Below the Surface - Barron's
2025-10-26,"U.S Stock Market prediction: How will S&P 500, Nasdaq, Dow Jones perform on Monday? - The Economic Times"
2025-10-27,Think the stock rally is over? It may just be beginning - CNN
2025-10-30,"Stock Market News From Oct. 24, 2025: Dow Tops 47,000 After CPI Inflation Report - Barron's"
2025-10-28,Stocks open deeper in record territory Tuesday as Fed meeting kicks off - MarketWatch
2025-10-30,"Wall Street indexes fall as Meta, Microsoft drag, along with Fed rate concerns - Reuters"
2025-10-27,"Stock Market News for Oct 27, 2025 - Nasdaq"
2025-10-27,"US Stock Market today: S&P 500, Dow Jones, Nasdaq climb to record high on optimism over US-China trade truce - livemint.com"
2025-10-30,Is US stock market down today? Why is the US stock market crashing today — S&P 500 and Nasdaq fall big whi - The Economic Times
2025-10-27,The Stock Market Is Doing Something Observed Just 3 Times Since 1871 -- and History Is Crystal Clear What Happens Next - The Motley Fool
2025-10-25,"Stock Market News, Oct. 24, 2025: Dow Rises Above 47000 After Inflation Report - The Wall Street Journal"
2025-10-28,"Stock Market News, Oct. 28, 2025: Dow, S&P 500 and Nasdaq score fresh records as Fed begins two-day policy meeting; tech earnings in focus; gold falls further below $4,000 - MarketWatch"
2025-10-31,Dow Jones & Nasdaq 100 Futures Rise Despite China PMI Weakness - FXEmpire
2025-10-31,Wall Street gains on Amazon boost but rate caution tempers enthusiasm - Reuters
2025-10-30,History Says the Nasdaq Will Soar in 2026. 1 Unstoppable Stock to Buy Before It Does. - The Motley Fool
2025-10-26,Weekly Forex Forecast - 26/10 to 31/10 2025 (Charts) - DailyForex
2025-10-29,Fed Delivers Expected Rate Cut While Signaling End to Balance Sheet Reduction - Nasdaq
2025-10-30,Stocks end the day lower as tech selloff bleeds into other parts of the market - MarketWatch
2025-10-27,Dow Jones and Nasdaq Composite Rally Ahead of U.S.–China Talks and Fed Meeting - FXLeaders
2025-10-27,"Why the Stock Market Keeps Gaining. No, It’s Not Just AI. - Barron's"
2025-10-28,All four U.S. stock market indexes just closed at record highs. Here’s what history says happens next. - MarketWatch
2025-10-30,Millicom (NYSE:TIGO) Boosts Telecom Growth In NASDAQ Composite Index - Kalkine Media
2025-10-30,Cognizant (NASDAQ:CTSH) Nasdaq Composite ETF Momentum Builds - Kalkine Media
2025-10-30,Dow Jones & Nasdaq 100 Rally in Asian Trade on Hopes of Trump-Xi Deal - FXEmpire
2025-10-31,PTC Therapeutics (NASDAQ:PTCT) NASDAQ Composite Leads Biotech - Kalkine Media
2025-10-27,Palantir (NASDAQ:PLTR) Powers Data Trends In Nasdaq Composite - Kalkine Media
2025-10-30,Nasdaq Composite Lifts Futu Holdings (NASDAQ:FUTU) Higher - Kalkine Media
2025-10-27,"ChartWatch Markets: All hail the Nasdaq bull market, as gold and silver bull markets show early signs of cracking... - Market Index"
2025-10-30,Stocks reflect a slight 'risk-off' rotation - MarketWatch
2025-10-27,"Stock Market News Oct. 27, 2025: Dow, S&P 500, Nasdaq notch record highs, log third straight daily gains after U.S. and China reach trade deal ‘framework’ - MarketWatch"
2025-10-27,"Nasdaq 100: Mega-Cap Tech Stocks Fuel Stock Market Rally, Super Micro, Intel Jump - FXEmpire"
2025-10-28,Chips Spark Fresh Nasdaq Composite High; Investors Eye Fed and Big Tech Reports - FXLeaders
2025-10-28,NASDAQ Index Boosted By (NASDAQ:QCOM) QUALCOMM Expansion - Kalkine Media
2025-10-25,US: Stocks end at record highs after inflation data; Dow up 1% - The Business Times
2025-10-24,Wall Street ends higher amid mixed earnings - CommBank
2025-10-27,Interactive Brokers (NASDAQ:IBKR) Boosts Nasdaq Composite Index - Kalkine Media
2025-10-28,"Dow rises over 300 points, S&P 500 and Nasdaq edge higher in midday trading - MarketWatch"
2025-10-31,Wall Street indexes fall as tech majors drag - CommBank
2025-10-31,Hub Group (NASDAQ:HUBG) Builds Scale In Nasdaq Composite Index - Kalkine Media
2025-10-28,"U.S. stocks surge, Nasdaq Composite climbs 433 points - malaysiasun.com"
2025-10-30,"Stock Market News, Oct. 30, 2025: Nasdaq ends its run of record closes, Dow loses its earlier gains, S&P 500 lower despite U.S.-China trade truce; Meta, Alphabet, Apple and Amazon earnings in focus - MarketWatch"
2025-10-30,Nasdaq 100 and S&P500: Tech Stocks Drop as Fed Dampens Cut Forecast - FXEmpire
2025-10-28,Rallies for PayPal and UPS lead US stocks to more records - Business in Vancouver
2025-11-07,"Nasdaq closes lower, capping its worst week since April - CNBC"
2025-11-07,Nasdaq suffers worst week since April as AI rally wobbles - CNN
2025-11-06,Understanding the Dow Jones Industrial Average: Key Insights on the DJIA - Investopedia
2025-11-05,"IXIC: Nasdaq Composite Jumps 0.7% as Markets Cheer Private Payrolls, Tariff Updates - TradingView — Track All Markets"
2025-11-04,Nasdaq falls more than 480 points as AI valuation worries grow - Yahoo Finance
2025-11-06,US markets tumble amid Wall Street concern over job losses and AI - The Guardian
2025-11-06,Nasdaq Composite and S&P500: Tech Stocks Sink on AI Selloff and Weak Forecasts - FXEmpire
2025-11-07,"After Volatile Day, Nasdaq Remains the Week’s Laggard - The Wall Street Journal"
2025-11-06,Nasdaq Falls 1.9%. Labor Worries Weighed on Stocks. - Barron's
2025-11-01,"US stock market: Alphabet, Amazon and other tech stocks power Nasdaq to longest winning run in eight years - livemint.com"
2025-11-06,US stocks slide as tech jitters return - Financial Times
2025-11-07,"Stock Market Today: Dow, S&P 500 Eke Out Gains; Palantir, Nvidia Close Higher (Live Coverage) - Investor's Business Daily"
2025-11-06,"Dow closes lower by nearly 400 points, Nasdaq drops 1.9% as AI stocks resume their decline - CNBC"
2025-11-07,"Stock Market News, Nov. 7, 2025: Nasdaq Has Its Worst Week Since April - The Wall Street Journal"
2025-11-03,"Nasdaq Index: Amazon, Nvidia Lead Gains as Tech Stocks Drive Midday Forecast - FXEmpire"
2025-11-03,"Markets News, Nov. 3, 2025: Dow Falters as Cloud Deals Boost Nasdaq; Kenvue Stock Soars on Kimberly-Clark Takeover - Investopedia"
2025-11-03,"Stocks close lower hit by AI valuation concerns, Nasdaq drops 2% after Palantir earnings - CNBC"
2025-11-04,"Stock market today: Dow, S&P 500, Nasdaq slide as tech hit on AI valuation fears, bitcoin dips below $100K - Yahoo Finance"
2025-11-03,"Nasdaq closes higher to start November, boosted by Amazon and other AI leaders - CNBC"
2025-11-07,"NASDAQ 100, S&P 500 break through support trendlines - FXStreet"
2025-11-04,"Dow closes up 200 points after Supreme Court probes Trump tariff argument, AMD sparks AI rebound - CNBC"
2025-11-07,"Stock market today: Dow, S&P 500, Nasdaq end volatile week lower amid worst tech sell-off since April - Yahoo Finance"
2025-11-07,Nasdaq Index: AI Hype Fades as Tech Stocks Lead Worst Week Since March - FXEmpire
2025-11-05,"Stock market today: Dow, S&P 500, Nasdaq rise as tech rebounds, Supreme Court questions Trump tariffs - Yahoo Finance"
2025-11-03,"S&P, Dow Jones, Nasdaq futures edge higher as Wall Street opens November with AI optimism and government s - The Economic Times"
2025-11-04,"Stock Market Today: Dow, Nasdaq Post Large Losses; 'Big Short' Burry Bets Against Palantir, Nvidia (Live Coverage) - Investor's Business Daily"
2025-11-07,Wall St ends mixed on signs of shutdown progress - Reuters
2025-11-03,"Stock market today: Dow slips, Nasdaq pops as AI optimism sends Amazon, Nvidia higher - Yahoo Finance"
2025-11-04,"S&P 500, Nasdaq Mark Biggest Drop in Nearly a Month - Barron's"
2025-11-05,Nasdaq Composite Rebounds Following Tuesday's Tech-Driven Selloff - MarketScreener
2025-11-03,"The Dow Falls 200 Points. Why the S&P 500, Nasdaq Are Rising. - Barron's"
2025-11-06,"Stock Market News, Nov. 6, 2025: Nasdaq Leads Stocks Lower as AI Jitters Return - The Wall Street Journal"
2025-11-05,A cluster of ominous stock-market signals hints at a rocky year ahead for investors - MarketWatch
2025-11-06,"Stock market today: Dow, S&P 500, Nasdaq fall as Nvidia leads AI trade lower, jobs jitters reignite - Yahoo Finance"
2025-11-06,"Stock Market News From Nov. 6, 2025: Dow Falls After New Labor Market Data - Barron's"
2025-11-04,Stocks Retreat on Valuation Concerns - Nasdaq
2025-11-07,The Week the AI Boom Got a Reality Check on Wall Street - WSJ - The Wall Street Journal
2025-11-07,Nasdaq 100: Tech Stocks Lead US Indices Lower in Premarket as Bearish Sentiment Builds - FXEmpire
2025-11-04,Stocks fall after recent rally; dollar hits 4-month high vs euro - Reuters
2025-11-06,"US stock market crash: Why is stock market falling sharply today — Dow, S&P 500, and Nasdaq sink as AI ove - The Economic Times"
2025-11-07,"Nasdaq has worst week since April amid AI rally jitters, US yields slip - Reuters"
2025-11-04,The Stock Market Is Recovering After Cautious Headlines Sparked AI Selling - Barron's
2025-11-03,"Stock Market News, Nov. 3, 2025: Nasdaq Rises; Kimberly-Clark to Buy Kenvue - The Wall Street Journal"
2025-11-06,"Stock Market Today: Nasdaq Bludgeoned, Robinhood Cuts Key Level As Nuclear Plays Hit (Live Coverage) - Investor's Business Daily"
2025-11-03,Prediction: These Stocks Could Deliver Market-Beating Returns Over the Next Decade - Nasdaq
2025-11-04,"Stock Market News From Nov. 4, 2025: Nasdaq Falls as Big Tech Leads Market Lower - Barron's"
2025-11-01,"S&P, Dow, and Nasdaq futures remain positive after Amazon’s upbeat earnings boosted gains on Wall Street i - The Economic Times"
2025-11-06,Nasdaq hits a 2-week low and these stocks are fueling the sell off - MSN
2025-11-05,US and European stocks recover after tech-driven sell-off - Financial Times
2025-11-07,"S&P 500, NASDAQ and Dow Jones fall: Wall Street ends negative, check top gainers and losers of November 6; - The Economic Times"
2025-11-04,"US stock market crashes today: Dow, S&P 500, and Nasdaq falling as Wall Street questions sky-high tech val - The Economic Times"
2025-11-04,"US Stock Market Futures, Dow Jones, S&P 500 and Nasdaq Today: Will it continue to slip or move upwards? Ke - The Economic Times"
2025-11-06,Stocks Rally on Positive US Economic News and Strength in Chipmakers - Nasdaq
2025-11-06,"Wall Street ends higher as solid data, strong earnings offset valuation concerns - Reuters"
2025-11-03,"Nasdaq 100: Amazon spikes, Palantir jumps after-hours — tech stocks lift US indices today - FXEmpire"
2025-11-05,"Dow Jones & Nasdaq 100 Slide on AI, Fed, and Data Jitters - FXEmpire"
2025-11-07,"Stock Market on Nov. 7, 2025: Dow, S&P 500 close modestly higher, Nasdaq falls as tech sees worst week since April - MarketWatch"
2025-11-04,"Stock Market News, Nov. 4, 2025: Nasdaq Drops in Tech-Led Selloff - The Wall Street Journal"
2025-11-06,Dow stumbles and tech stocks slide as volatility picks up on Wall Street - CNN
2025-11-04,"Wall St ends lower as bank CEOs warn of possible pullback, fueling tech bubble jitters - Reuters"
2025-11-07,"Markets News, Nov. 7, 2025: Nasdaq Posts Worst Week Since 'Liberation Day'; Tesla Stock Falls After Vote on Musk's Pay - Investopedia"
2025-11-04,Nasdaq Slides 1.8% as Rebound Ends - Barron's
2025-11-03,"Stock Market News Nov. 3, 2025: Dow ends 226 points lower; S&P 500 and Nasdaq log back-to-back gains, lifted by Big Tech after Amazon’s new OpenAI deal; Palantir earnings in focus - MarketWatch"
2025-11-05,"Stock Market News From Nov. 5, 2025: S&P 500 Rises After Supreme Court Tariff Hearing - Barron's"
2025-11-03,"Stock Market Today: Indexes End Mixed, But Palantir Pops; This Tech Stock Drops Amid AMD Lawsuit (Live Coverage) - Investor's Business Daily"
2025-11-06,"Wall Street ends lower on tech valuations, economic jitters - Reuters"
2025-11-04,Nasdaq 100 and S&P500: Valuation Fears Deepen After CEO Warnings Shake Tech Stocks - FXEmpire
2025-11-04,"US stock market today: Why S&P, Nasdaq gain while Dow slips? Here’s how Apple, Nvidia, and Tesla drove Wal - The Economic Times"
2025-11-03,"Stock Market News for Monday, Nov. 3, 2025: Tech Stocks Fuel Nasdaq, S&P 500 to Gains - Barron's"
2025-11-07,"Stock Market News From Nov. 7, 2025: Dow, S&P 500 Rise; Nasdaq Falls; Tesla, Nvidia, Expedia, More Movers - Barron's"
2025-11-07,"Dow, S&P 500 end modestly higher as tech posts worst week since April - MarketWatch"
2025-11-05,"Stock Market News for Nov 5, 2025 - Nasdaq"
2025-11-07,Nasdaq Hits Two-Week Low as Palantir and AMD Lead Tech selloff - Yahoo Finance
2025-11-05,META joins the group of most oversold Nasdaq-100 stocks - MSN
2025-11-04,AMD and Palantir Stock Crash Drag Nasdaq Index and Dow – Will Support Hold? - FXLeaders
2025-11-04,US Stock Market today: Wall Street tumbles as big bank CEOs sound alarm on tech valuations - livemint.com
2025-11-04,"Stock Market Today: S&P 500, Nasdaq cement worst day in three weeks, Dow sheds 250 points as speculative trade tumble - MarketWatch"
2025-11-07,AI stocks lost more than $820 billion this week - NBC News
2025-11-05,META joins the group of most oversold Nasdaq-100 stocks - Seeking Alpha
2025-11-05,"Stock Market Today: Dow, S&P 500 and Nasdaq score best day in more than a week as tech rebounds and investors weigh ADP jobs report - MarketWatch"
2025-11-05,"Nasdaq 100 and S&P500: Tech Stocks Rebound Today, Nvidia and Energy Sector Lead Gains - FXEmpire"
2025-11-04,Nasdaq Composite Falls 2% as Tech Loses Ground Amid Valuation Concerns - MarketScreener
2025-11-05,"Dow, S&P 500 and Nasdaq log best day in more than a week as tech sector bounces - MarketWatch"
2025-11-07,Duolingo (NASDAQ:DUOL) Nasdaq Composite Index Elevates Learning - Kalkine Media
2025-11-05,"US Stock Market today: Wall Street gains as more firms report results, McDonald’s jumps 3% - livemint.com"
2025-11-05,Stock Market Today: Dow Jumps 225 Points On Surprise Jobs Data; AMD Reverses Higher (Live Coverage) - Investor's Business Daily
2025-11-08,"US Markets Mixed: Nasdaq Dips, Dow and S&P Inch Up - News On AIR"
2025-11-08,"Nasdaq Composite, S&P 500, Dow Jones: Jitters in AI stocks place investors on alert - BusinessLine"
2025-11-12,"Stock market today: Dow closes above 48,000 for first time, Nasdaq slips with government shutdown vote on deck - Yahoo Finance"
2025-11-13,"Stock Market News, Nov. 13, 2025: Nasdaq, Tech Shares Lead Broad Losses - The Wall Street Journal"
2025-11-08,Nasdaq slides: Index posts steepest weekly drop since April; AI rally doubts weigh on tech stocks - Times of India
2025-11-13,Why Nasdaq 100 sinks nearly 2% as the US government reopens: why US stock market is down today - Nasdaq an - The Economic Times
2025-11-10,Nasdaq Index: Tech Stocks Surge Today as Traders React to Shutdown Breakthrough - FXEmpire
2025-11-10,Dow closes at record high but Nasdaq slips as investors rotate out of technology stocks: Live updates - CNBC
2025-11-14,"Stock market today: Dow, S&P 500, Nasdaq close mixed to cap a volatile week as Fed cut in doubt - Yahoo Finance"
2025-11-12,Stocks notch worst day in over a month as tech sell-off intensifies - CNBC
2025-11-11,"Stock market today: Dow jumps over 500 points to record close, Nvidia's slide drags on Nasdaq - Yahoo Finance"
2025-11-10,"Dow closes up nearly 400 points, Nasdaq rebounds 2% with end to shutdown in sight - CNBC"
2025-11-12,"AI trade stalls, 'ghost job' listings, Trump floats tariff rebate checks and more in Morning Squawk - CNBC"
2025-11-11,"Dow scores first close above 48,000, buoyed by expected end of government shutdown - CNBC"
2025-11-14,"Stock market's sell-off, foreclosures jump, new IRS guidelines and more in Morning Squawk - CNBC"
2025-11-14,"Nasdaq closes higher, snapping three-day losing streak as tech stocks recover some ground - CNBC"
2025-11-10,"Government shutdown update, the market's rough week, PitchBook's AI tool and more in Morning Squawk - CNBC"
2025-11-13,Stock Market Today: Nasdaq Sinks 2% As Slide In Tech Stocks Accelerates (Live Coverage) - Investor's Business Daily
2025-11-14,Stocks Drop Again. Nasdaq Falls for Fourth Straight Session. - Barron's
2025-11-14,"Stock Market News for Nov 14, 2025 - Nasdaq"
2025-11-10,"Stock Market News for Nov 10, 2025 - Nasdaq"
2025-11-13,Wall Street stocks slide as tech jitters return - Financial Times
2025-11-11,"The S&P 500, Nasdaq Are Falling. This Week’s AI Rally Is Losing Steam. - Barron's"
2025-11-13,"Stock market today: Dow tumbles 800 points with Nasdaq, S&P 500 hammered as investors pare rate cut bets - Yahoo Finance"
2025-11-08,Traders speculate on the end of the rally as NASDAQ 100 and S&P 500 decline - VT Markets
2025-11-13,"Dow falls 72 points, Nasdaq dips 0.9% as tech stocks pull US markets lower - CNBC TV18"
2025-11-12,Nasdaq Loses Early Gains - Barron's
2025-11-13,"Stock Market News From Nov. 13, 2025: Dow Falls 800 Points - Barron's"
2025-11-12,"Stock Market News for Nov 12, 2025 - Nasdaq"
2025-11-10,"The Shutdown’s End Is a Band-Aid, Not a Cure, for What Ails the Stock Market - Barron's"
2025-11-11,"Stock Market News From Nov. 11, 2025: The Dow Marks a New Record - Barron's"
2025-11-13,Nasdaq Tanks More Than 2% as Traders Dump Tech on Shifting Fed Forecast - FXEmpire
2025-11-08,The Nasdaq fall: Index suffers steepest weekly drop since April amid AI stock sell-off and market jitters - The Economic Times
2025-11-14,5 Things to Know Before the Stock Market Opens - Investopedia
2025-11-10,Dow Jones Futures Rise As Government Shutdown Deal Advances; Nvidia Climbs In Buy Area - Investor's Business Daily
2025-11-10,"Stock market today: S&P 500, Nasdaq soar, lead Dow higher as Senate vote lifts hopes for end to US shutdown - Yahoo Finance"
2025-11-11,"Technology Pushes Nasdaq Composite Lower Amid Declines in Nvidia, Tesla - MarketScreener"
2025-11-11,The Stock Market Sounds an Alarm Seen Just 1 Time in 25 Years as Investors Get Bad News About the Economy - Yahoo Finance
2025-11-14,The Stock Market Is Cratering. These Charts Explain Why. - Barron's
2025-11-12,Should Fidelity Nasdaq Composite Index ETF (ONEQ) Be on Your Investing Radar? - Yahoo Finance
2025-11-10,"Stock Market News, Nov. 10, 2025: Nasdaq Jumps in Biggest Rally Since May - The Wall Street Journal"
2025-11-14,"Caring Brands, Inc.(NasdaqCM: CABR) added to NASDAQ Composite Index - MarketScreener"
2025-11-12,Nasdaq flips negative after opening higher - MarketWatch
2025-11-10,Stocks Recover on Government Reopening Hopes - Nasdaq
2025-11-14,"Nasdaq Composite and S&P 500 flip positive for the day, in line for largest reversals since April - MarketWatch"
2025-11-14,S&P500 and Nasdaq 100: AI Capex Worries Fuel Broad Stock Market Retreat in US Indices - FXEmpire
2025-11-10,Is the mother of all stock market crashes on the horizon? - Yahoo Finance UK
2025-11-14,Why markets are suddenly on edge - CNN
2025-11-14,Buy Nasdaq-100 in Singapore: A Simple Guide for 2025 - Syfe
2025-11-14,Nasdaq Marks Biggest Daily Comeback Since April as Wall Street Buys the Tech Dip - Barron's
2025-11-12,"Stock Market News for Wednesday, Nov. 12, 2025: Dow Tops 48,000 With Shutdown End in Sight - Barron's"
2025-11-14,"Stock Market News for Nov 14, 2025 - Yahoo Finance"
2025-11-10,US stocks trade near highs. NASDAQ index up 2.22% - TradingView — Track All Markets
2025-11-09,"How will S&P500, Dow Jones and Nasdaq perform next week, here's what ChatGPT says - The Economic Times"
2025-11-12,"Markets News, Nov. 12, 2025: Dow Closes Above 48000 for the First Time Ahead of House Vote to End US Government Shutdown; Nasdaq Slips - Investopedia"
2025-11-10,"The Stock Market Is at All-Time Highs, but This Hidden Indicator Says Caution Ahead - Nasdaq"
2025-11-10,Nasdaq on track for best day in a month - MarketWatch
2025-11-11,Dow posts record high; Nasdaq drops amid tech worries - upi.com
2025-11-12,Vodafone (NASDAQ:VOD) Nasdaq Composite Powers 5G Rollout - Kalkine Media
2025-11-10,"Stock Market News Nov. 10: Dow ends up 380 points, S&P 500 and Nasdaq record best days since May, as investors eye potential end of U.S. government shutdown this week - MarketWatch"
2025-11-14,"Don’t Buy the Stock Market Dip. These Charts of Small-Caps, Semiconductors Explain Why. - Barron's"
2025-11-13,"Dow, Nasdaq, S&P 500 fall amid Fed rate cut worries - Yahoo Finance"
2025-11-13,Live Nasdaq Composite: Markets Struggle to Find Footing Despite Tailwinds - 24/7 Wall St.
2025-11-14,"Stock Market News, Nov. 14, 2025: Dow Slips as Volatile Week Wraps Up - The Wall Street Journal"
2025-11-10,"Stock Market News for Monday, Nov. 10, 2025: Tech Stocks Surge Back After Shutdown Progress - Barron's"
2025-11-09,Weekly Forex Forecast - 09/11 to 14/11 2025 (Charts) - DailyForex
2025-11-13,NASDAQ index cracks below its 50 day moving average - TradingView — Track All Markets
2025-11-14,"History Says the Nasdaq Will Soar in 2026: 2 AI Stocks to Buy Now, According to Wall Street - The Motley Fool"
2025-11-11,"Stock Market News, Nov. 11, 2025: Dow Jumps, Nasdaq Slips; ADP Data Points to Softer Jobs Market - The Wall Street Journal"
2025-11-14,Nasdaq Drops 2% as Rate Freeze Fears Hit New York Market - 조선일보
2025-11-11,"Technology, Communication Services Send Nasdaq Composite Lower - MarketScreener"
2025-11-10,"Nasdaq 100 and S&P 500: Nvidia, Microsoft Push Tech Sector Up — Bullish Rebalancing Across US Indices - FXEmpire"
2025-11-14,"Why are the Dow, S&P 500 and Nasdaq falling today? Here’s why Wall Street’s top gainers and losers are shi - The Economic Times"
2025-11-12,"NASDAQ Index, S&P 500 and Dow Jones Forecasts – US Indices Continue to See Buyers - FXEmpire"
2025-11-11,Alphabet Inc (GOOGL) Holdings Update Highlights Nasdaq Composite Influence - Kalkine Media
2025-11-10,"Nvidia and Nasdaq, metals gains, bitcoin rises: Market Takeaways - Yahoo Finance"
2025-11-12,"The Dow Tops 48,000 for First Time as Big Tech Weighs on Nasdaq - Barron's"
2025-11-11,"Stocks rise, dollar dips with focus on labor market, US government reopening - Reuters"
2025-11-11,Nasdaq index bounces to MA resistance. Key level for short term buyers and sellers. - TradingView — Track All Markets
2025-11-14,Stocks close mixed as investors assess strength of AI rally - CBS News
2025-11-11,"Why the Dow Is Cruising While the S&P 500, Nasdaq Are Losing - Barron's"
2025-11-12,"Stock Market News, Nov. 12, 2025: Dow closes above 48,000 for first time in history, S&P 500 ends flat, Nasdaq has back-to-back losses with AI trade in focus; possible end to government shutdown is in sight - MarketWatch"
2025-11-13,Nasdaq tumbles and these 10 stocks are driving the drop - Seeking Alpha
2025-11-18,IXIC: Nasdaq Composite Dips Under 50-Day Moving Average. Is That a Warning Sign? - TradingView — Track All Markets
2025-11-18,"Dow closes down nearly 500 points, S&P logs its longest slide since August - CNBC"
2025-11-20,"Nasdaq drops over 2%, US stocks reverse to erase Thursday gains - Yahoo Finance"
2025-11-19,Nasdaq Composite: Traders Focus on Nvidia Results While Alphabet Leads Tech - FXEmpire
2025-11-18,US tech stocks slide as traders fret over ‘frothy’ AI valuations - Financial Times
2025-11-20,"Nasdaq soars 2%, S&P 500 rises over 1% after Nvidia earnings, jobs data - The Economic Times"
2025-11-19,"Stock Market News for Nov 19, 2025 - Nasdaq"
2025-11-21,"US Stock Market Today: S&P 500, Nasdaq Jump After Fed Official Calls For Rate Cut - NDTV Profit"
2025-11-20,The Stock Market Gives Back Early Gains as Nvidia Turns Lower - Barron's
2025-11-17,Tech Futures Rise As Google Jumps; Nvidia Earnings Loom - Investor's Business Daily
2025-11-20,IXIC: Nasdaq Composite Sheds 2.2% as Red-Hot Rally Turns into a Sharp Selloff - TradingView — Track All Markets
2025-11-21,Dow closes about 500 points higher in big market rebound after steep sell-off this week - CNBC
2025-11-19,Nasdaq Composite: Nvidia’s Blowout Quarter Lifts Tech Sentiment and After-Hours Trade - FXEmpire
2025-11-19,3 Best Performing AI Stocks In the Nasdaq Composite - Yahoo Finance
2025-11-17,"Dow closes down more than 550 points, dragged down by Nvidia, tech shares - CNBC"
2025-11-20,"Stock market today: Dow, S&P 500, Nasdaq slide out gains as Nvidia, tech stocks lead sharp reversal lower - Yahoo Finance"
2025-11-19,"Stocks close higher, snapping losing streak as Nvidia rebounds ahead of earnings report - CNBC"
2025-11-21,"Stock market today: Dow, S&P 500, Nasdaq bounce but end turbulent week with sharp losses - Yahoo Finance"
2025-11-17,"Nvidia's big week, Warren Buffett's new stake, Jeep's turnaround efforts and more in Morning Squawk - CNBC"
2025-11-18,"Stock market today: Dow slides 500 points, S&P 500 notches 4th day of losses as Nvidia earnings loom - Yahoo Finance"
2025-11-21,NASDAQ Composite News: November 21 Surge – A Closer Look - Meyka
2025-11-18,"Dow falls 584 points, S&P 500 drops 1.1%, Nasdaq sinks 1.7% as tech rout deepens - CNBC TV18"
2025-11-18,Nasdaq suffers sharpest slide in eight months in November as AI stocks retreat - TradingView — Track All Markets
2025-11-21,Nasdaq Index: Nvidia steadies as US stocks climb on renewed Fed rate-cut forecast - FXEmpire
2025-11-17,"Stock market today: Dow, S&P 500, Nasdaq slide as sell-off resumes ahead of Nvidia earnings, jobs data - Yahoo Finance"
2025-11-21,"US stock market today: Nvidia’s earnings powered a massive Wall Street rebound – Dow jumped 621 points, S& - The Economic Times"
2025-11-20,"Market Highlights: Sensex settles 446 pts higher; Nifty above 26,150; Bajaj twins rise 2% each - The Economic Times"
2025-11-21,"Stock Market News, Nov. 21, 2025: Dow Rallies; Bitcoin Extends Declines - The Wall Street Journal"
2025-11-21,US stocks rebound after top Fed official signals openness to rate cut - Financial Times
2025-11-19,Tech Stocks Have Had It Tough. Why Investors Shouldn’t Get Too Defensive Just Yet. - Barron's
2025-11-19,Stocks Supported by Strength in Megacap Tech and Chip Stocks - Nasdaq
2025-11-19,"Stock Market News From Nov. 18, 2025: Dow, S&P 500 Drop as Chip Stocks Get Thrown Out - Barron's"
2025-11-17,"IXIC: Nasdaq Futures Flash Green as Traders Eye September Jobs Data, Nvidia Earnings - TradingView — Track All Markets"
2025-11-20,"Stock Market News, Nov. 20, 2025: Stock-Market Rebound Evaporates as AI Fears Resurface - The Wall Street Journal"
2025-11-20,"Ray Dalio says we are definitely in a bubble, but that doesn't mean you should sell yet - CNBC"
2025-11-17,WeShop Holdings Limited(NasdaqCM: WSHP) added to NASDAQ Composite Index - MarketScreener
2025-11-19,"Wall St ends higher in anticipation of jobs data, Nvidia tops estimates - Reuters"
2025-11-20,Stock Market Today: Nasdaq Slides 2% As Nvidia Swings Lower; Ray Dalio Says Markets In A Bubble (Live Coverage) - Investor's Business Daily
2025-11-21,Stock Market Today: Dow Gains Nearly 500 Points After Whipsaw Action As Nvidia Finishes Lower (Live Coverage) - Investor's Business Daily
2025-11-18,"Nasdaq 100: Tech Sector Drops as AMD, Micron and Microsoft Pressure US Indices - FXEmpire"
2025-11-20,The Stock Market Is on Track for Its Biggest Blown Gain Since April - Barron's
2025-11-20,"Nasdaq leads big reversal, putting stocks on pace for biggest day of blown gains since April - MarketWatch"
2025-11-18,Nasdaq Suffers Sharpest Slide in 8 Months in November - Moneycontrol
2025-11-19,US tech stocks slide as jolt of volatility hits Wall Street - Financial Times
2025-11-19,Stock Market Today: Indexes Break Losing Streaks With Nvidia Late Earnings Jump (Live Coverage) - Investor's Business Daily
2025-11-18,Stocks Are Getting Slammed Again. This Isn’t the Time to Panic. - Barron's
2025-11-21,"Nasdaq Composite falls for third straight week, longest run of weekly losses since March - MarketScreener"
2025-11-18,"Stock Market News, Nov. 18, 2025: AI Bubble Fears Hit Stocks - The Wall Street Journal"
2025-11-21,"Nasdaq Swings Dramatically, Tanks 2% After Stunning Morning Rally Reversal - TradingView — Track All Markets"
2025-11-17,"S&P 500, Nasdaq book their worst day in a month. More selling could be on the way. - MarketWatch"
2025-11-21,The Nasdaq is whipsawing again — but it's not all bad news for markets Friday: Interactive Brokers - MarketWatch
2025-11-21,"Stock Market on Nov. 21, 2025: Dow, S&P 500, Nasdaq end higher, but stocks book weekly losses amid tech slump - MarketWatch"
2025-11-20,"Stock Market News From Nov. 20, 2025: Why the Dow, S&P 500, Nasdaq Are Down After Nvidia Earnings, Jobs Report - Barron's"
2025-11-17,Stocks and bitcoin slide as nerves fray ahead of Nvidia earnings - CNN
2025-11-18,Nasdaq composite and Russell 2000 move closer to correction territory. Here are the levels to watch. - MarketWatch
2025-11-19,Wall Street Rallies as Tech Reclaims Control and Indexes Break 4-Day Slide - Investing.com
2025-11-17,"Nvidia earnings, delayed jobs data, and Fed minutes are on tap in a packed week for markets - Business Insider"
2025-11-21,"US Stock Market today: Dow Jones, Nasdaq, S&P 500 open higher over improving Fed rate cut bets — Details here - livemint.com"
2025-11-21,Wall Street closes lower after tech leads decline - CommBank
2025-11-18,"US stock market crashes hard today: Dow falls big, S&P 500 logs fourth straight losing day, Nasdaq also in - The Economic Times"
2025-11-17,"NASDAQ Index, SP500, Dow Jones Forecasts – Stocks Retreat As Pullback Continues - FXEmpire"
2025-11-21,"Central Bancompany, Inc.(NasdaqGS: CBC) added to NASDAQ Composite Index - MarketScreener"
2025-11-16,Sharplink Gaming Inc (NYSE:SBET) Insights within Nasdaq Composite Trends - Kalkine Media
2025-11-20,Stock market eases dramatically - MarketWatch
2025-11-19,Polestar Automotive (NASDAQ: PSNY) Movement Amid Nasdaq Composite - Kalkine Media
2025-11-21,Stocks Drop as AI Bubble Fears Grip Investors - Bloomberg.com
2025-11-21,U.S. stocks higher at close of trade; Dow Jones Industrial Average up 1.08% - Investing.com
2025-11-21,"US stock futures jump as Wall Street snaps back from a steep Thursday drop — Dow, S&P and Nasdaq rally, he - The Economic Times"
2025-11-17,The Dow Falls For Third Straight Session - Barron's
2025-11-21,"Dow, Nasdaq, S&P 500 close Friday higher, suffer weekly losses - Yahoo Finance"
2025-11-20,Nasdaq Composite Drops to Lowest Since September; Nvidia Reverses Post-Earnings Rally - MarketScreener
2025-11-19,"Stock Market News, Nov. 19, 2025: Stock-Futures Climb After Nvidia Earnings Report - The Wall Street Journal"
2025-11-21,2 Best Monthly Paying Dividend Stocks in the Nasdaq Composite - Yahoo Finance
2025-11-19,Technology stocks are leading the charge higher on Wall Street after days of heavy selling - MarketWatch
2025-11-17,"U.S. Stock market heads for slight dip on Monday as S&P 500 futures, Nasdaq 100 futures down in Wall Stree - The Economic Times"
2025-11-17,"Stock Market News, Nov. 17, 2025: Dow ends down over 550 points, S&P 500 and Nasdaq also finish lower ahead of Nvidia's midweek earnings as investors weigh AI trade and possibly fewer Fed rate cuts - MarketWatch"
2025-11-19,3 Best Performing AI Stocks In the Nasdaq Composite - 24/7 Wall St.
2025-11-20,"Markets News, Nov. 20, 2025: Major Stock Indexes Post Massive Losses as Early Nvidia-Led Rally Fades; Walmart Jumps on Strong Results, Outlook - Investopedia"
2025-11-20,"Walmart moves to Nasdaq, marking biggest-ever exchange transfer - Reuters"
2025-11-19,Live Nasdaq Composite: Markets Find Tailwinds on Nvidia Earnings Day - 24/7 Wall St.
2025-11-20,Stocks end the day lower after significant market reversal - MarketWatch
2025-11-17,Wall Street Rebounds: Nasdaq Gains as Tech Stocks Recover From Sharp Sell-Off - Yahoo Finance
2025-11-21,"Stocks end higher, but Nasdaq sees longest weekly losing streak since March - MarketWatch"
2025-11-20,"Walmart moves to Nasdaq, marking biggest-ever exchange transfer - MarketScreener"
2025-11-18,Stocks Fall on Tech Stock Weakness and Disappointing Home Depot Earnings - Nasdaq
2025-11-19,Wall Street indexes end rocky session higher; Nvidia gains after hours - Reuters
2025-11-17,"Dow Jones Futures: Apple, Google, Nvidia, Palantir, Tesla Big Movers Amid Stock Market Drop - Investor's Business Daily"
2025-11-17,Nasdaq President Calls Sweden 'Blueprint' For Other Markets - MarketScreener
2025-11-17,Nasdaq 100 and S&P500: Tech Stocks Rebound as Traders Await Nvidia Forecast - FXEmpire
2025-11-21,Live Nasdaq Composite: Markets Lick Wounds in Hopeful Comeback Session - 24/7 Wall St.
2025-11-19,"Nasdaq, S&P 500 Charge Higher as Big Tech Bounces Back - Schaeffer's Investment Research"
2025-11-19,S&P500 and Nasdaq 100: Tech Stocks Lift US Indices as Nvidia Earnings Take Center Stage - FXEmpire
2025-11-19,"Dow flat, S&P 500 and Nasdaq attempt to bounce back from recent tech selloff ahead of Nvidia earnings - MarketWatch"
2025-11-19,PTC Therapeutics (NASDAQ:PTCT) Nasdaq Composite Shows Trial Motion - Kalkine Media
2025-11-19,"Stock Market News, Nov. 19, 2025: Dow, S&P 500 snap four-day stretch of declines as Nasdaq also ends higher ahead of Nvidia earnings; Fed minutes reflect strong split on a December rate cut - MarketWatch"
2025-11-20,Stocks Settle Higher Before Nvidia Earnings - Nasdaq
2025-11-20,"Stocks Reverse Course as Nvidia Earnings Rally Fades, VIX Spikes - Nasdaq"
2025-11-21,Stock market rebounds day after Wall Street witnessed a volatile session (DJI:) - Seeking Alpha
2025-11-18,Wall Street indexes fall as investors brace for Nvidia earnings and US jobs data - CommBank
2025-11-20,Live Nasdaq Composite: Stocks Take Bullish Cue From Nvidia - 24/7 Wall St.
2025-11-25,"Dow closes up more than 650 points, posting 3-day winning streak, as hopes for December rate cut grow - CNBC"
2025-11-23,US Market Outlook: Outlook turns bearish - BusinessLine
2025-11-24,US Stocks Rebound as Falling Yields Revive Risk Appetite Into Year-End - Investing.com India
2025-11-24,IXIC: Nasdaq Composite Shoots Up 2.7% as AI Trade Stages Big Rebound - TradingView — Track All Markets
2025-11-28,"Stock market today: S&P 500, Dow rise to end a rocky month, Nasdaq snaps 7-month win streak - Yahoo Finance"
2025-11-24,"Stock Market News for Nov 24, 2025 - Nasdaq"
2025-11-25,Global Markets Mixed as Bets on December Rate Cut Rise - The Wall Street Journal
2025-11-24,US tech stocks notch biggest jump in six months as rate cut bets fuel rebound - Financial Times
2025-11-26,S&P 500 Gains in Broad Market Rally - Barron's
2025-11-24,"S&P 500 rips 1.6% higher, Nasdaq posts best day since May as Alphabet reignites AI trade - CNBC"
2025-11-26,"Stock market today: Dow, S&P 500, Nasdaq rally into Thanksgiving, notch best 4-day stretch since May - Yahoo Finance"
2025-11-26,United States shares higher at close of trade; Dow Jones Industrial Average up 1.43% - Investing.com India
2025-11-24,"Stock Market News, Nov. 24, 2025: Nasdaq Rallies 2.7%, Driven by Google, Chip Stocks - The Wall Street Journal"
2025-11-27,"Nasdaq closes higher, but notches losing month despite Thanksgiving week rally - CNBC"
2025-11-24,"Stock market today: Nasdaq sees biggest jump since May, S&P 500 soars as Alphabet, Tesla lead tech rally - Yahoo Finance"
2025-11-27,Stocks Stage Comeback in Time for Thanksgiving. What's Behind It - TradingView — Track All Markets
2025-11-26,Stocks log fourth day of gains ahead of Thanksgiving as tech rebounds - CNBC
2025-11-25,"Stock market today: Dow, S&P 500, Nasdaq rally for 3rd day as Fed rate cut hopes grow, Apple and Alphabet notch records - Yahoo Finance"
2025-11-22,The Nasdaq Has Had 4 Big Selloffs Since 2022. Is This One Different? - Barron's
2025-11-25,"US Market Reaction On Monday: S&P 500 & Nasdaq Jump 2-3%, Dow Jones Up Too; What Is Impacting Wall Street - Goodreturns"
2025-11-22,The Stock Market Rally Is Back On - Barron's
2025-11-28,"US Stock Market Today: S&P 500, Nasdaq Open Higher In Shortened Trading Session - NDTV Profit"
2025-11-26,"US Stock Market Today: S&P 500, Nasdaq Jump Ahead Of Thanksgiving Holiday - NDTV Profit"
2025-11-22,The Nasdaq Is Rising Again. Will It Last? - Barron's
2025-11-24,CNBC Daily Open: A risky alpha bet in markets to revive AI trade - CNBC
2025-11-25,US Stock Market Today: Nasdaq Slips As Nvidia Shares Tank; Dow Jones Rise - NDTV Profit
2025-11-24,Nasdaq Composite could see largest one-day gain since May. Here are the levels to watch. - MarketWatch
2025-11-24,"Will US stock market perform better than expected this Thanksgiving week? Here’s a 10-year Dow, S&P 500 an - The Economic Times"
2025-11-26,Dow Jones Futures Rise With Market Above Key Level; What To Do Now - Investor's Business Daily
2025-11-26,Today's Market: S&P 500 and Nasdaq Climb 1% as Rate-Cut Hopes Build Into Holiday - TradingView — Track All Markets
2025-11-28,"Today's Market: Dow Jumps 1% as S&P 500, Nasdaq Climb on Rate-Cut Hopes - TradingView — Track All Markets"
2025-11-24,How Does the Stock Market Historically Perform During Thanksgiving Week? - Nasdaq
2025-11-28,"Stock Market Today: Dow, S&P 500, Nasdaq Open Up on Black Friday; Amazon, Alphabet, More Movers - Barron's"
2025-11-26,S&P500 and Nasdaq 100: Stock Market Analysis Today—AI Names Power Holiday Week Gains - FXEmpire
2025-11-26,"IXIC: Nasdaq Jumps 1%, Giving Traders a Few Tech-Tied Reasons to Be Thankful For - TradingView — Track All Markets"
2025-11-22,The Nasdaq Rallies Nearly 2%. Wall Street Is Finally Buying the Dip. - Barron's
2025-11-24,"Dow Jones Futures Rise, Novo Nordisk Dives; Nvidia, Apple, Eli Lilly In Focus - Investor's Business Daily"
2025-11-24,"Stock Market News, Nov. 24, 2025: Nasdaq achieves largest gain in six months, Dow and S&P 500 also higher as AI trade regains ground - MarketWatch"
2025-11-25,"Stock Market News, Nov. 25, 2025: Dow Rallies, Overcoming Nvidia Slump - The Wall Street Journal"
2025-11-26,S&P 500 eyes four-day winning streak - MarketWatch
2025-11-26,Stocks Rise; Cathie Wood's ARK Loads Up On Buffett Buy - Investor's Business Daily
2025-11-27,"Nasdaq Heads for Best Thanksgiving Week Since 2008. How Bitcoin, Tech Can Drive More Gains. - Barron's"
2025-11-24,"Dow Jones, Nasdaq, S&P futures rally ahead of Thanksgiving as Rate Cut bets surge, economic data delay hit - The Economic Times"
2025-11-24,FormFactor (NASDAQ:FORM) Nasdaq composite Shows Chip Strength - Kalkine Media
2025-11-24,StoneBridge Acquisition II Corporation(NasdaqCM:APAC) added to NASDAQ Composite Index - MarketScreener
2025-11-24,US markets today: Nasdaq jumps nearly 2% as Alphabet leads AI rally; rate-cut hopes steady Wall Street - Times of India
2025-11-28,Stocks Rally to 7th Straight Monthly Gain - Barron's
2025-11-24,"Here's the Average Stock Market Return in the Last 10 Years, and What Wall Street Expects in the Future - The Motley Fool"
2025-11-24,The Rally Is Broadening. It's Still the Worst November Since 2008 for the S&P 500 and Nasdaq. - Barron's
2025-11-24,"Markets News, Nov. 24, 2025: Stocks Close Sharply Higher to Begin Holiday-Shortened Trading Week; Nasdaq, S&P 500 Soar - Investopedia"
2025-11-28,Wall Street edges higher in thin post-holiday trade - Reuters
2025-11-28,"S&P, Nasdaq, Dow Jones futures hold steady as tech pullback weighs on monthly gains; Nasdaq eyes end to se - The Economic Times"
2025-11-28,"Stock Market News, Nov. 28, 2025: S&P 500, Dow and Nasdaq finish November with 5-day winning streak as volatile month comes to a close - MarketWatch"
2025-11-27,Is AT&T Stock Underperforming the Nasdaq? - Yahoo Finance
2025-11-24,"Stock Market Today: Dow, Nasdaq Jump on Fed Signals - Bitget"
2025-11-22,Nasdaq 100: US Stocks Lift on Friday’s Rate-Cut Hopes as Tech Stocks Remain Fragile - FXEmpire
2025-11-23,Investors eye holiday season turbulence amid AI and rate cut doubts - Reuters
2025-11-24,Nasdaq has best day since May as Alphabet drives AI rebound. Here’s what it means for the rest of Thanksgiving week. - MarketWatch
2025-11-28,Nasdaq 100 and S&P500: Index Futures Lift Briefly Before CME Outage Stops Trading - FXEmpire
2025-11-24,US Stock Market Today: Nasdaq Jumps 1.8% As Tech Stocks Rally - NDTV Profit
2025-11-24,The Stock Market Needs December Magic to Keep Tech Rebound on Track - Barron's
2025-11-24,"Nasdaq soars, leads stocks in tech rally from last week's sell-off - Yahoo Finance"
2025-11-27,US stock market off today on Thanksgiving - ارقام
2025-11-24,Nasdaq Rallies 1% to Start Thanksgiving Week on Wall Street - Barron's
2025-11-25,Wall Street ends higher as Federal Reserve rate cut bets gather momentum - Reuters
2025-11-25,Apple Movement Seen in Nasdaq Composite Mid-Section as Congressional - Kalkine Media
2025-11-25,"Stock Market News, Nov. 25, 2025: Dow jumps 1.4% as the S&P 500 and Nasdaq clock in three days of gains in a row - MarketWatch"
2025-11-25,"Nasdaq 100: Retail Earnings Lift US Indices, Chips Lag Behind - FXEmpire"
2025-11-24,Nasdaq 100 and S&P500: Tech Stocks Lift US Indices as Traders Bet on a December Cut Today - FXEmpire
2025-11-24,"Stock Market News From Nov. 24, 2025: Nasdaq Rallies on Rate Cut Hopes - Barron's"
2025-11-25,"US stock futures: AI sell-off eases as Dow, S&P 500 and Nasdaq rebound into Thanksgiving week on rising ra - The Economic Times"
2025-11-25,Today's Market: Nasdaq Sinks as Nvidia Suffers Worst Drop in Weeks on Meta--Google Report - TradingView — Track All Markets
2025-11-28,"Nasdaq 100: Intel Leads Tech Stocks Higher, Nvidia Bucks Trend — Weekly Gains Hold - FXEmpire"
2025-11-25,"Stocks Stutter at the Open as Markets Digest Delayed Economic Data, Tech Rally Stalls - Barron's"
2025-11-24,The Stock Market Is Riding Its Best Day Since May as Big Tech Shines - Barron's
2025-11-27,Most volatile Nasdaq Stock Market-listed stocks | volatility insights - Capital.com
2025-11-27,"S&P 500, Nasdaq, and Dow extend rally into fourth day ahead of Thanksgiving, heading for best week since J - The Economic Times"
2025-11-24,"Today's Market: S&P 500 Climbs 1%, Nasdaq Jumps 2% as AI Stocks Rebound - Yahoo Finance"
2025-11-24,Nasdaq surges and these 10 stocks have fueled the ride higher - Seeking Alpha
2025-11-25,Dow opens higher but stocks trade mixed as investors watch Alphabet race to $4 trillion market cap - MarketWatch
2025-11-25,"US Stock Market Today: S&P 500 & Dow Jones rise, Nasdaq falls as investors assess delayed data, Nvidia sinks 5% - livemint.com"
2025-11-22,"NASDAQ Index, SP500, Dow Jones Forecasts – Stocks Rebound From Multi-Week Lows - FXEmpire"
2025-11-24,Stocks open higher as Big Tech rebound gathers pace - MarketWatch
2025-11-25,"The Stock Market Is Struggling. Blame Nvidia, Crypto Stocks. - Barron's"
2025-11-26,S&P 500 on Track for Best Thanksgiving Week Since 2012 - Barron's
2025-11-26,Alphabet Inc (NASDAQ:GOOGL) Nasdaq Composite Tracks Digital Shifts - Kalkine Media
2025-11-24,Live Nasdaq Composite: Markets Advance as AI Stocks Recapture Limelight - 24/7 Wall St.
2025-11-24,Marqeta (NASDAQ:MQ) Nasdaq composite Captures Fintech Expansion - Kalkine Media
2025-11-24,Stocks Rally as Chip Makers Rebound - Nasdaq
2025-11-28,"S&P 500 notches weekly, monthly gains; Treasury yields advance - Reuters"
2025-11-26,"Stock Market News, Nov. 26, 2025: Dow ends up over 300 points, S&P 500 and Nasdaq log fourth day of gains as rate-cut optimism builds - MarketWatch"
2025-11-26,"Stock Market News From Nov. 26, 2025: Dow, S&P 500, Nasdaq Pop; Alphabet, AMD, Nvidia, Kohl's, More Movers - Barron's"
2025-12-04,"S&P 500 closes higher, notching four-day win streak and nearing record after light inflation reading - CNBC"
2025-12-05,Why the Stock Market's Friday Rally Lost Steam - Barron's
2025-12-02,"Stock Market News for Dec 2, 2025 - Nasdaq"
2025-12-02,IXIC: Nasdaq Composite Dives 0.4% as Traders Kick Off December with No Enthusiasm - TradingView — Track All Markets
2025-12-01,The Nasdaq Just Had Its Worst Month Since March. History Says the Stock Market Will Do This Next. - Yahoo Finance
2025-12-03,Dow Jones and Nasdaq Index: US Indices Diverge as Microsoft Drags Tech Stocks Today - FXEmpire
2025-12-01,"US Stock Market Today: Tech Stocks Start December On Sour Note; Nvidia, AMD Down 1% - NDTV Profit"
2025-12-03,Futures Rise; Two Big Winners As Stocks Near Highs - Investor's Business Daily
2025-12-03,"S&P 500, Nasdaq close higher, extending gains for third day as investors await next week's rate decision - CNBC"
2025-12-05,IXIC: Nasdaq Composite Gains 0.2% as Few Select Tech Giants Do the Lifting - TradingView — Track All Markets
2025-12-05,"Stock market today: S&P 500, Nasdaq notch fourth day of gains with next week's Fed meeting in focus - Yahoo Finance"
2025-12-04,Nasdaq Index and S&P 500: Tech Stocks Drift as US Stock Market Awaits PCE Data - FXEmpire
2025-12-01,"History Says the Nasdaq Will Soar: 2 Artificial Intelligence (AI) Stocks to Buy Before 2026, According to Wall Street - Nasdaq"
2025-12-02,"Stocks close higher as bitcoin bounces back above $90,000, tech rallies - CNBC"
2025-12-01,"Stock market today: Dow, S&P 500, Nasdaq slide as bitcoin tumbles to kick off December - Yahoo Finance"
2025-11-30,"Dow falls 400 points, snaps 5-day win streak as crypto slide dents sentiment - CNBC"
2025-12-04,"Stock market today: Dow, S&P 500, Nasdaq end little changed as Wall Street's Fed rate cut conviction runs high - Yahoo Finance"
2025-12-03,Dow closes 400 points higher as ADP jobs data strengthens Fed rate cut hopes - CNBC
2025-11-30,History Says the Nasdaq Will Soar in 2026: The Best Stocks to Buy With $250 Before It Does - Yahoo Finance
2025-12-01,The Nasdaq Just Had Its Worst Month Since March. History Says the Stock Market Will Do This Next. - The Motley Fool
2025-12-01,November 2025 Review and Outlook - Nasdaq
2025-12-02,"Stock market today: Dow, S&P 500, Nasdaq rise as bitcoin rockets back above $90,000 - Yahoo Finance"
2025-12-01,Futures Fall; Trump To Announce Fed Pick Soon - Investor's Business Daily
2025-12-04,"Stock Market News for Dec 4, 2025 - Yahoo Finance"
2025-12-01,"Stock Market News, Dec. 1, 2025: Bitcoin Prices Fall in Sharpest Decline Since March - The Wall Street Journal"
2025-12-04,"Stock Market News From Dec. 4, 2025: Small-Caps Notch Record High - Barron's"
2025-12-03,"Today's Market: Dow Rises, Nasdaq Slides as Microsoft Sparks Fresh AI Selloff - TradingView — Track All Markets"
2025-12-05,Get Your Santa Claus Rally Caps On. Then Prepare for a Comedown. - Barron's
2025-12-03,"Equities rise on Fed rate cut optimism, Boeing jumps - Reuters"
2025-12-05,Live Nasdaq Composite: Markets Spark Optimism as Traders Await Santa Claus Rally - 24/7 Wall St.
2025-12-03,Indexes close higher as data keeps Fed rate cut expectations elevated - Reuters
2025-12-02,The S&P 500’s Rally Faded Fast. The Market Has a Case of Bad Breadth. - Barron's
2025-12-02,"Today's Market: S&P 500 Gains 0.5%, Nasdaq Jumps 1% on Tech Stock Rebound - TradingView — Track All Markets"
2025-12-03,Ethereum Is Jumping Today-Here's Why - Nasdaq
2025-12-03,"Stock market today: Dow, S&P 500, Nasdaq rise as weak ADP jobs data reinforces growing Fed rate cut bets - Yahoo Finance"
2025-12-02,Nasdaq Gains as Wall Street Bought Riskier Assets. Bitcoin Finally Rebounds. - Barron's
2025-12-05,"Stock Market Today: Nasdaq, S&P 500 Extend Win Streaks; Palantir Outshines Nvidia (Live Coverage) - Investor's Business Daily"
2025-12-05,"Stock Market News From Dec. 5, 2025: S&P 500 Ends Short of Record - Barron's"
2025-12-03,"Stock Market News, Dec. 3, 2025: Dow Advances 400 Points; Bitcoin Rises - The Wall Street Journal"
2025-12-03,"S&P 500, Dow Jones, NASDAQ futures see little movement after Wall Street bounced back to end up in green; - The Economic Times"
2025-12-03,GigaCloud Technology (NASDAQ:GCT) Nasdaq Composite Signals Rising B2B Activity - Kalkine Media
2025-12-01,S&P 500 and Nasdaq touch session highs during midday trading - MarketWatch
2025-12-02,The Nasdaq Is Back in Rally Mode. Risk and Momentum Are Leading the Market. - Barron's
2025-12-03,Roku Inc (NASDAQ:ROKU) Nasdaq Composite Index Tracks User Growth - Kalkine Media
2025-12-02,Nasdaq 100: Nvidia and Dell Lift Tech Stocks Today as US Indices Eye Fed Cut Forecast - FXEmpire
2025-12-04,"Markets News, Dec. 4, 2025: Major Stock Indexes Close Mixed, Little Changed; Inflation Data on Tap Friday - Investopedia"
2025-12-05,"Dow ends up over 100 points, S&P 500 and Nasdaq log 4th straight day of gains - MarketWatch"
2025-12-04,Why IonQ Stock Jumped 12.5% Today - Nasdaq
2025-12-05,"Stock Market News, Dec. 5, 2025: Warner Bros. Rallies on Netflix Deal; Paramount Slides - The Wall Street Journal"
2025-12-01,"Dow Jones Futures: Apple, Broadcom, Nvidia, Shopify Are Big Movers; Credo, MongoDB Soar Late - Investor's Business Daily"
2025-12-03,Stock Market Today: Dow Jumps On Jobs Report Jolt; AI Chip Stock Soars (Live Coverage) - Investor's Business Daily
2025-12-05,Nasdaq 100: Tech Stocks Firm Today as PCE Data Fuels Dovish Fed Forecast for US Stocks - FXEmpire
2025-12-03,FTSE 100 Down Marginally Around Noon - Nasdaq
2025-12-01,Stocks take a leg lower going into the final hour of trading - MarketWatch
2025-11-30,Stock Futures Little Changed as Traders Enter December - Barron's
2025-11-30,SIGA Technologies Inc (NASDAQ:SIGA) Nasdaq Composite Public-Health Solutions - Kalkine Media
2025-12-02,"Stock Market Today: Dow Rebounds; Palantir, Nvidia Climb As This Biotech Slides (Live Coverage) - Investor's Business Daily"
2025-12-05,"Markets News, Dec. 5, 2025: Stocks Rise as Inflation Data Boosts Rate Cut Hopes; Netflix To Buy Warner Bros. in $83B Deal - Investopedia"
2025-12-04,"Stock Market News, Dec. 2, 2025: Dow ends slightly lower while S&P 500 and Nasdaq log a third consecutive day of gains; Russell 2000 closes at a new record - MarketWatch"
2025-12-03,National Research (NASDAQ:NRC) Nasdaq Composite ETF Data Edge - Kalkine Media
2025-12-04,"Stock Market Today: Small Caps Beat Large Caps, Dollar General Breaks Out; Dow Stock Hits Entry (Live Coverage) - Investor's Business Daily"
2025-12-03,FTSE 100 Live: Stocks Regain Composure After Latest AI Wobble - Bloomberg.com
2025-12-01,U.S. stock indexes touch session highs as selling pressure eases - MarketWatch
2025-12-05,Stocks Settle Mixed on Higher Bond Yields - Nasdaq
2025-12-05,"S&P 500, Dow Jones, and Nasdaq futures show little movement as investors brace for critical inflation data - The Economic Times"
2025-12-03,Broadcom (NASDAQ:AVGO) Nasdaq Index Network-Technology Anchor - Kalkine Media
2025-12-03,Why Are Rocket Lab (RKLB) Shares Soaring Today - TradingView — Track All Markets
2025-12-01,"US stock market crashes today: Dow, S&P 500, Nasdaq all in red — Is Wall Street’s December rally already b - The Economic Times"
2025-12-04,Live Nasdaq Composite: Markets Hunt Direction as Meta Captures Spotlight - 24/7 Wall St.
2025-12-02,Alphabet Inc (NASDAQ:GOOG) Nasdaq Composite Tracks Global Innovation - Kalkine Media
2025-12-02,Stock Market Today: Nasdaq Gains With Push From Risk Stocks - Barron's
2025-12-01,Wall Street ends lower as yields climb; crypto stocks drop - Reuters
2025-12-04,Li Auto (NASDAQ:LI) Nasdaq Composite ETF EV Tech Advantage - Kalkine Media
2025-12-02,ASML (NASDAQ:ASML) Nasdaq Composite ETF Captures Chip Innovation - Kalkine Media
2025-12-01,"Stock Market News, Dec. 1, 2025: Dow, S&P 500 and Nasdaq end the day lower after five consecutive days of gains, bitcoin briefly dips below $84,000 - MarketWatch"
2025-12-02,Stock Futures Rise as Markets Fight Back From Rocky Start to December - Barron's
2025-12-05,"Stock Market News, Dec. 5, 2025: Dow ends up over 100 points, S&P 500 and Nasdaq log fourth day in the green - MarketWatch"
2025-12-02,"US stocks open higher: S&P climbs 0.3%, Nasdaq up 0.4% - TradingView — Track All Markets"
2025-12-02,Seagate Technology (NASDAQ:STX) Storage Ties To Nasdaq Composite ETF - Kalkine Media
2025-12-01,Stock market today: S&P 500 climbs as bullish bets on tech resume - Investing.com
2025-12-03,Dow opens flat and tech slide weighs on the S&P 500 and Nasdaq - MarketWatch
2025-12-02,Shares of Boeing are helping lift the Dow as the indexes wobble - MarketWatch
2025-12-04,Vir Biotechnology (NASDAQ:VIR) Nasdaq Index Fund Health Drive - Kalkine Media
2025-12-04,Wall Street higher as fresh data lifts US rate cut expectations - CommBank
2025-12-01,"Stock indexes end lower on Monday, breaking a five-day streak - MarketWatch"
2025-11-30,Adobe Inc (NASDAQ:ADBE) Nasdaq Futures Advances Cloud Creativity - Kalkine Media
2025-12-01,"Dow Jones, Nasdaq, S&P 500 weekly preview: Focus on Powell speech, inflation data - Investing.com"
2025-12-04,Steel Dynamics (NASDAQ:STLD) Leading Steel Innovation In Nasdaq Index - Kalkine Media
2025-12-03,"Stock Market News, Dec. 3, 2025: Dow ends up over 400 points, S&P 500 and Nasdaq finish higher as investors focus on likelihood of a Fed rate cut next week - MarketWatch"
2025-12-02,Live Nasdaq Composite: Tech Stocks Lead Markets Out of Doldrums - 24/7 Wall St.
2025-12-05,Wall St closes with slight gains as data keeps Fed cut expectations on track - Reuters
2025-12-02,NVIDIA (NASDAQ:NVDA) Nasdaq Index Fund Tracks AI Expansion - Kalkine Media
2025-12-04,MongoDB (NASDAQ:MDB) Nasdaq Index Fund Scaling AI With Cloud Tech - Kalkine Media
2025-12-04,Keurig Dr Pepper (NASDAQ:KDP) Impact on Nasdaq Composite Trends - Kalkine Media
2025-12-01,Live Nasdaq Composite: Stocks Start December on Sour Note as Tech Retreats - 24/7 Wall St.
2025-12-02,Jack in the Box (NASDAQ:JACK) Nasdaq Composite Captures Franchise Activity - Kalkine Media
2025-12-01,"Nasdaq Composite Posts First Monthly Loss Since March, Eyes December Santa Rally - 조선일보"
2025-11-30,Nutanix Inc (NASDAQ:NTNX) Nasdaq Index Scalable Tech Evolution - Kalkine Media
2025-12-03,Live Nasdaq Composite: Stocks Meander Amid Signals of Economic Uncertainty - 24/7 Wall St.
2025-12-02,"Nasdaq, S&P 500 edge higher as Fed rate cut bets grow, Boeing advances - KITCO"
2025-12-10,Dow closes nearly 500 points higher after Fed cuts rates: Live updates - CNBC
2025-12-12,"Nasdaq-100 Index Reconstitution Adds Six New Companies, Removes Six Others Effective Dec. 22 - Nasdaq"
2025-12-11,"Dow, S&P 500 mark record closes; Oracle drags on the Nasdaq - Reuters"
2025-12-12,Nasdaq Index: Bearish Divergence Grows as Nasdaq Composite Tests 50-Day MA - FXEmpire
2025-12-12,"Stock market today: Dow, S&P 500, Nasdaq sink to cap brutal week for tech stocks - Yahoo Finance"
2025-12-12,"Stock Market News, Dec. 12, 2025: Broadcom Slide Fuels Nasdaq Decline - The Wall Street Journal"
2025-12-11,"US Stock Market today: Dow jumps over 1.3%, S&P 500, Nasdaq rally after US Fed cuts interest rates — Details here - livemint.com"
2025-12-12,Stock market today: S&P 500 slumps as Broadcom fuels dip in chip stocks - Investing.com India
2025-12-12,"US stocks open mixed: Dow jumps higher, S&P 500, Nasdaq in the red - TradingView — Track All Markets"
2025-12-12,"Lumexa Imaging Holdings, Inc.(NasdaqGS: LMRI) added to NASDAQ Composite Index - MarketScreener"
2025-12-09,"US Stock Market Today: Nasdaq Falters On Fed Meet Jitters; S&P 500, Dow Trade Higher - NDTV Profit"
2025-12-10,"S&P 500, Dow close at record highs as Oracle sparks rush out of AI trade into broader market - CNBC"
2025-12-09,Nasdaq Index: US Stocks Brace for Fed Message That Could Drive the Next Major Move - FXEmpire
2025-12-10,"Stock market today: Dow surges, S&P 500 rallies near record as Fed cuts rates, Powell offers no 'surprises' - Yahoo Finance"
2025-12-12,Nasdaq at a Decision Point: Bull Trap Signals Emerge Inside a Late-Cycle Uptrend - Investing.com
2025-12-12,Wall Street ends lower; fears of AI bubble and inflation send investors away - Reuters
2025-12-12,"S&P 500 retreats from record Friday, closes down for week as investors rush out of AI trade - CNBC"
2025-12-11,Dow Jones and Nasdaq Index: Indices Diverge as Blue Chips Gain While Tech Stocks Slide - FXEmpire
2025-12-11,Tumbling tech stocks drag Wall Street to its worst day in 3 weeks - Yahoo Finance
2025-12-11,"Stock market today: Dow jumps 650 points to post record, S&P 500 climbs above 6,900 for first time - Yahoo Finance"
2025-12-11,"Stock Market News, Dec. 10, 2025: Dow Gains Nearly 500 Points After Fed Cuts Interest Rates - The Wall Street Journal"
2025-12-11,"S&P 500, Nasdaq trade lower on Oracle AI spending jitters - The Economic Times"
2025-12-10,Wall Street indexes rally after Fed cuts interest rates - Reuters
2025-12-12,Can the Nasdaq Bull Keep Running? Here’s What Market Internals Are Telling Us Now. - Yahoo Finance
2025-12-10,"Fed Cuts Rates for Third Time This Year, Signals One More in 2026 - Nasdaq"
2025-12-12,Nasdaq Composite opens lower as Broadcom guidance puts AI trade under pressure (SPX:) - Seeking Alpha
2025-12-11,"US Stock Market Today: S&P 500, Nasdaq Fall As Oracle Shares Slump 15% On Poor Earnings - NDTV Profit"
2025-12-09,"The Nasdaq Composite turns positive, while the indexes trend slightly higher - MarketWatch"
2025-12-12,"S&P 500, Nasdaq trade lower, Dow rises as Broadcom adds to AI bubble angst - The Economic Times"
2025-12-09,"Stock market today: Dow slips as JPMorgan slides, S&P 500, Nasdaq little changed with all eyes on Fed decision - Yahoo Finance"
2025-12-12,The Stock Market Is Rotating Out of Big Tech. A December Data Deluge Could Dictate the Next Move. - Barron's
2025-12-12,"Nasdaq, stocks sink after rough week for Big Tech stocks - Yahoo Finance"
2025-12-11,"Stock Market News, Dec. 11, 2025: Dow Rallies to a Record as Oracle Weighs on Nasdaq - The Wall Street Journal"
2025-12-12,"Stock Market News From Dec. 12, 2025: S&P 500 Sheds Weekly Gains - Barron's"
2025-12-12,Live Nasdaq Composite: Tech Sidelined in Broader Stock Market Push - 24/7 Wall St.
2025-12-12,Dow Hits Another Record. Tech Is Still Weighing on the Nasdaq. - Barron's
2025-12-12,Heard on the Street Recap: Tech Fears Are Back - The Wall Street Journal
2025-12-12,Nasdaq Composite To Record Negative Weekly Close As AI Earnings Disappoint - Seeking Alpha
2025-12-11,US stock market today falls: S&P 500 and Nasdaq are down while Dow gains - Oracle and Nvidia lead today's - The Economic Times
2025-12-11,Stocks Rally as Fed Cuts Interest Rates and Boosts Liquidity - Nasdaq
2025-12-11,"Stock Market Today: S&P 500, Dow Up, Gold Miners Jump; AI Stocks Brush Off Oracle Drop (Live Coverage) - Investor's Business Daily"
2025-12-12,"Wall Street hits record highs, Oracle shares tumble - CommBank"
2025-12-11,"US stock market today: Dow, S&P 500, Nasdaq on pause as all eyes on Fed verdict — a likely rate cut; silve - The Economic Times"
2025-12-12,"Amazon.com, Inc. (NASDAQ:AMZN) Nasdaq Composite Index Performance - Kalkine Media"
2025-12-11,"Today's Market: Dow Climbs 450 Points While S&P 500, Nasdaq Fall on Oracle Earnings Miss - TradingView — Track All Markets"
2025-12-09,Stocks Pause Ahead of Fed Decision on Rates - Barron's
2025-12-11,Major stock indices end mixed as Dow and S&P hit new records.NASDAQ falls on tech weakness - TradingView — Track All Markets
2025-12-12,Dow Jones Today: Stocks Retreat as Tech Shares Remain Under Pressure; Dow Hits New All-Time High Before Slipping - Investopedia
2025-12-12,PREVIEW-Analysts flag risks for Strategy at Nasdaq 100 index reshuffle - MarketScreener
2025-12-10,Dow Jones & Nasdaq 100: Dot Plot Uncertainty Pressures US Futures - FXEmpire
2025-12-12,Bitcoin hoarding company Strategy remains in Nasdaq 100 - MarketScreener
2025-12-11,"S&P 500, Nasdaq opens lower on Oracle AI spending jitters By Reuters - Investing.com"
2025-12-11,"Dow, S&P 500 score record closes despite return of AI jitters - MarketWatch"
2025-12-12,Simply Good Foods Inc (NASDAQ:SMPL) Nasdaq composite Wellness Growth - Kalkine Media
2025-12-12,Nasdaq tumbles 2% and these 10 names have fueled the fire - Seeking Alpha
2025-12-09,"How major US stock indexes fared Tuesday, 12/9/2025 - 10tv.com"
2025-12-12,"Selloff Wipes Out S&P 500's Weekly Gains. The Nasdaq Took a Beating, Too. - Barron's"
2025-12-09,Stocks mixed after opening lower - MarketWatch
2025-12-11,Stock indexes at session highs going into the last hour of trading - MarketWatch
2025-12-12,"Dow Pivots From Peak, Joins S&P 500, Nasdaq in the Red - Schaeffer's Investment Research"
2025-12-11,Itron (NASDAQ:ITRI) Nasdaq Composite Energy Network Evolution - Kalkine Media
2025-12-11,Nasdaq 100 Chart Analysis After the Fed Decision - Action Forex
2025-12-10,S&P 500 futures inch higher ahead of Federal Reserve rate decision - MarketWatch
2025-12-12,U.S. stocks end lower as S&P 500’s tech sector slides - MarketWatch
2025-12-12,"US stock market today: Dow Jones touching record while S&P 500, Nasdaq in red — Gold, Silver touch all-tim - The Economic Times"
2025-12-11,"Dow Jumps 646, Nasdaq Falls 60, S&P 500 Adds 14 - TV News Check"
2025-12-11,"Dow, Russell 2000 Tap Records as Nasdaq Suffers Steep Slide - Schaeffer's Investment Research"
2025-12-11,Nasdaq back near session low - MarketWatch
2025-12-11,"S&P and Dow end at record levels, Oracle pulls Nasdaq lower - Seeking Alpha"
2025-12-10,"Stock Market Today: Indexes Eye Record Highs On Fed Rate Cut, Powell's Comments; Palantir Jumps (Live Coverage) - Investor's Business Daily"
2025-12-08,Market Perspectives Shaping the Nasdaq Composite Narrative - Kalkine Media
2025-12-12,Arvinas Inc (NASDAQ:ARVN) Nasdaq Composite Biotech Innovation - Kalkine Media
2025-12-09,Heard on the Street Recap: It Isn't Cheap to Run the Biggest Bank - The Wall Street Journal
2025-12-10,"The Dow Jones Index closed up by 497.58 points, with both the S&P 500 and Nasdaq also rising. - Bitget"
2025-12-12,"Stock Market on Dec 12, 2025: Dow, S&P 500 and Nasdaq end down as AI-related selling puts stock market under pressure; U.S. equities mostly fall on the week - MarketWatch"
2025-12-10,U.S. stocks higher at close of trade; Dow Jones Industrial Average up 1.05% - Investing.com
2025-12-10,"Live Nasdaq Composite: Markets Heed Fed, Trade With Caution - 24/7 Wall St."
2025-12-12,Analysts flag risks for Strategy at Nasdaq 100 index reshuffle - CNA
2025-12-12,Geron Corporation (NASDAQ:GERN) Nasdaq Composite ETF Clinical Trials - Kalkine Media
2025-12-09,Stocks Tick Higher as JOLTS Takes a Bite Out of Early 2026 Rate-Cut Odds - Barron's
2025-12-09,"S&P 500, Nasdaq open flat ahead of the Fed decision - TradingView — Track All Markets"
2025-12-12,"S&P 500, Nasdaq slip as Broadcom adds to AI bubble angst - KITCO"
2025-12-11,"Stock Market News, Dec. 11, 2025: Dow surges 650 points to close at record high, S&P 500 ekes out record and Nasdaq ends lower on tech slump after Oracle earnings - MarketWatch"
2025-12-09,Stock market today: S&P 500 ends higher as Fed cuts rates for third time this year - Investing.com
2025-12-12,Annual Changes to the Nasdaq-100 Index® - MarketScreener
2025-12-12,US stock futures today: Dow and S&P 500 hit record highs but Nasdaq slides again as Oracle’s crash drags G - The Economic Times
2025-12-12,Nasdaq on track to snap 2-week win streak as tech comes under pressure - MarketWatch
2025-12-12,Adobe Inc (NASDAQ:ADBE) Nasdaq Index Drives Creative Growth - Kalkine Media
2025-12-12,"Dow turns lower, but still on track to outperform Nasdaq by widest margin since January - MarketWatch"
2025-12-12,"Netflix, Inc. (NASDAQ:NFLX) Nasdaq Index Leads Entertainment Evolution - Kalkine Media"
2025-12-12,"Today's Market: S&P 500 Falls 1%, Nasdaq Slides 2% as Broadcom Lead Tech Stocks Down - TradingView — Track All Markets"
2025-12-09,Rocket Pharmaceuticals (NASDAQ:RCKT) Nasdaq Index Drives Rare-Disease Research - Kalkine Media
2025-12-12,"S&P 500 and Dow Jones race to record highs while Nasdaq stalls, as investors rotate into small caps and cy - The Economic Times"
2025-12-12,"Dow Jones, Nasdaq, S&P futures rise modestly after record closes, Broadcam drops majorly while Lululemon r - The Economic Times"
2025-12-11,Major stock indices end mixed as Dow and S&P hit new records.NASDAQ falls on tech weakness - investingLive
2025-12-12,"How major US stock indexes fared Friday, 12/12/2025 - KVUE"
2025-12-10,Is Cardinal Health Stock Outperforming the Nasdaq? - Yahoo Finance
2025-12-11,Ross Stores (NASDAQ:ROST) Leads In NASDAQ Composite Retail Performance - Kalkine Media
2025-12-11,"Nasdaq Composite Sinks 200 Points Pre-Bell After Oracle's Fiscal Q2 Results, Glossing Over Fed Policy Effects - MarketScreener"
2025-12-10,"Nasdaq extends declines, last down 0.4% - MarketScreener"
2025-12-15,IXIC: Nasdaq Composite Slides Ahead of Delayed Jobs Data. Here’s What to Expect. - TradingView — Track All Markets
2025-12-17,"S&P 500 snaps 4-day losing streak, boosted by cooler-than-expected inflation data: Live updates - CNBC"
2025-12-18,Nasdaq surges over 1% higher on softer than expected inflation - The Economic Times
2025-12-19,"This Is the 2nd Priciest Stock Market in 155 Years, Which Makes This High-Yield ETF a Genius Buy for 2026 - Nasdaq"
2025-12-17,"Stock market today: S&P 500 closes lower as Oracle, Nvidia lead wobble in AI trade - Investing.com India"
2025-12-17,"AI-Themed Stocks Take More Hits, Sending Nasdaq Lower - WSJ - The Wall Street Journal"
2025-12-19,"Stock market today: Dow, S&P 500, Nasdaq rise as Oracle, Nvidia lead AI trade resurgence - Yahoo Finance"
2025-12-15,"US Stock Markets Today: S&P, Nasdaq Erase Gains After Positive Start; Apple, Google Among Key Drags - NDTV Profit"
2025-12-19,"U.S. Stocks Rebound; Nasdaq Jumps 1.4%, Indian Rupee Gains - HDFC Sky"
2025-12-17,"Nasdaq Index: Oracle, Broadcom Drag Tech Stocks Lower – US Indices Forecast Today - FXEmpire"
2025-12-18,IXIC: Nasdaq Composite Jumps 1.8% as US Inflation Hits 2.7% in November - TradingView — Track All Markets
2025-12-18,Looking at Nasdaq-100 Index Adds and Deletes - Nasdaq
2025-12-17,"S&P 500 posts four-day losing streak, Nasdaq tumbles 1.8% as Oracle sells off: Live updates - CNBC"
2025-12-17,"Stock market today: Dow, S&P 500, Nasdaq sink as Oracle stock gets hit over AI funding worries - Yahoo Finance"
2025-12-17,"Nasdaq crashes today: Why Nasdaq is down today - Nasdaq Composite slides 1.1% as Nvidia, Tesla, Oracle lea - The Economic Times"
2025-12-15,"Stock Market News, Dec. 15, 2025: Gold and Silver Prices Rally While Bitcoin Declines - The Wall Street Journal"
2025-12-15,S&P 500 slips for a third day as jobs report sparks economic fears: Live updates - CNBC
2025-12-19,"Stock Market Today, Dec. 19: AI Optimism and Inflation Data Buoys Stocks - Nasdaq"
2025-12-19,S&P 500 posts back-to-back gains Friday as AI trade makes a comeback: Live updates - CNBC
2025-12-15,"Market rotation, the Fed's Kevins, Netflix's 'Star Wars' moment and more in Morning Squawk - CNBC"
2025-12-19,US Stock Market Today: Oracles 7% Surge Pushes Tech-Heavy Nasdaq Up 1% - NDTV Profit
2025-12-19,My Top 10 Portfolio Holdings for 2026 - Nasdaq
2025-12-15,"Stock Market Today, Dec. 15: U.S Stocks Ease as Investors Wait for Rate Clarity - Nasdaq"
2025-12-15,"Dow Jones Futures Rise After AI Sell-Off; Tesla, Eli Lilly Lead 5 Stocks In Buy Areas - Investor's Business Daily"
2025-12-17,"Dow Jones Futures Rise, Nasdaq Eyes Key Level; Tesla, Amazon, Defense Firms In Focus - Investor's Business Daily"
2025-12-15,Nasdaq Index: Tech and AI Stocks Slide as Broadcom Weakness Hits US Indices - FXEmpire
2025-12-16,"Stock market today: Dow, S&P 500 slip, Nasdaq snaps three-day losing streak as Tesla climbs to record - Yahoo Finance"
2025-12-15,"Stock market today: Dow, S&P 500, Nasdaq slip as tech slides ahead of jobs report - Yahoo Finance"
2025-12-16,"Stock Market News From Dec. 16, 2025: Nasdaq Snaps 3-Day Losing Streak - Barron's"
2025-12-17,"Stock Market News, Dec. 17, 2025: Tech Slide Weighs on Nasdaq; Oil Prices Gain - The Wall Street Journal"
2025-12-15,"US stocks open higher: S&P up 160 points, Nasdaq jumps 0.6% - TradingView — Track All Markets"
2025-12-19,Stocks Rally to Close Week in Positive Territory - Barron's
2025-12-17,Nasdaq Slides. Why AI Stocks Are Falling Again. - Barron's
2025-12-19,The Stock Market Needs to Focus on Lucky 13 - Barron's
2025-12-16,"US Stock Market Today: Dow, S&P 500 Falter As Jobs Data Shows Sluggish Economy - NDTV Profit"
2025-12-19,US stocks open in the green as AI stocks attempt a Santa rally: Nasdaq up 0.5% - TradingView — Track All Markets
2025-12-18,These 3 Stocks Have Been the Nasdaq-100's Top Performers of 2025. Are They Still Good Buys for 2026? - Nasdaq
2025-12-18,"US stocks rebound sharply: Nasdaq climbs over 1%, Dow up 300 points - TradingView — Track All Markets"
2025-12-18,S&P500 and Nasdaq: Cooler CPI Sparks Rebound in US Stocks; AI Trade Back in Focus Today - FXEmpire
2025-12-19,"Dow, S&P 500 and Nasdaq Climbs as Traders Brace for Options Expirations - TradingView — Track All Markets"
2025-12-18,"Stock Market News From Dec. 18, 2025: Dow, S&P 500, Nasdaq Rally After CPI - Barron's"
2025-12-15,"Bitcoin Bounce Backfires? Nasdaq Wobble Sparks Fears of $80,000 Crash! - Whalesbook"
2025-12-19,"Stocks open higher, but S&P 500, Nasdaq on track for 2nd straight weekly loss - MarketWatch"
2025-12-18,"S&P 500, Nasdaq and Dow Falls as Tech Slips Ahead of Inflation Data - TradingView — Track All Markets"
2025-12-18,Buy 5 Non-Tech Nasdaq Stocks for 2026 That Helped It Surge in 2025 - Yahoo Finance
2025-12-17,Wall Street closes lower as AI funding jitters drag tech stocks - Reuters
2025-12-17,Fortinet (NASDAQ:FTNT) valuation context within the Nasdaq Composite landscape - Kalkine Media
2025-12-18,Middlesex Water (NASDAQ:MSEX) Nasdaq Composite Community Utilities - Kalkine Media
2025-12-19,Kulicke and Soffa (NASDAQ:KLIC) Nasdaq Index Electronics Assembly - Kalkine Media
2025-12-15,Wall St closes lower as investors position for busy week of data - Reuters
2025-12-18,"Nasdaq Soars as Wall Street Cheers Inflation Reading, Micron Earnings - Barron's"
2025-12-18,S&P500 and Nasdaq 100: US Stocks Risk Further Selling on AI Spending Doubts - FXEmpire
2025-12-15,Analog Devices (NASDAQ:ADI) Nasdaq Composite Embedded Systems Core - Kalkine Media
2025-12-17,"Stock Market News From Dec. 17, 2025: Nasdaq Slides Despite Largest IPO in 4 Years - Barron's"
2025-12-16,FTSE 100 Down Slightly In Cautious Trade As Unemployment Rate Rises - Nasdaq
2025-12-16,"Stock Market Today: Dow Slides, Nasdaq Positive After Jobs Data; Nvidia Rises (Live Coverage) - Investor's Business Daily"
2025-12-15,"Dow Jones Futures: Broadcom, Nvidia, Palantir, Tesla Are Key Movers; Jobs Report On Deck - Investor's Business Daily"
2025-12-15,"Nasdaq Stock Market Today: Nasdaq Composite Ends Lower as AI Jitters Persist Ahead of Jobs Report (Dec. 15, 2025) - TechStock²"
2025-12-18,"S&P, Dow Jones, Nasdaq futures steady despite major market decline ahead of pivotal November CPI report - The Economic Times"
2025-12-15,Stock Market Today: Dow Dips Amid Ukraine-Russia Progress; Trump Eyes This Fed Move (Live Coverage) - Investor's Business Daily
2025-12-18,"Stock Market Today: Dow, S&P 500 Jump on Soft Inflation Readout — Live Updates - The Wall Street Journal"
2025-12-17,"Stock Market News, Dec. 17, 2025: Dow and S&P 500 fall for fourth day, Nasdaq slides as tech selloff deepens - MarketWatch"
2025-12-17,"Dow gives up earlier gains, S&P 500 and Nasdaq extend losses as AI stocks weigh on broader market - MarketWatch"
2025-12-19,"Stock Market News Dec. 19, 2025: Nasdaq Rallies; Global Bond Yields Rise - The Wall Street Journal"
2025-12-18,Live Nasdaq Composite: Markets Catch Tailwinds From Micron and Economy - 24/7 Wall St.
2025-12-18,US midday market brief: S&P 500 rebounds on cooler inflation as Micron sparks Nasdaq surge - TradingView — Track All Markets
2025-12-17,Where’s the Santa Claus Rally? Stocks Aren’t Following Traditional December Trends. - Barron's
2025-12-17,Liberty Live Group(NasdaqGS: LLYV.K) added to NASDAQ Composite Index - MarketScreener
2025-12-16,"Nasdaq futures lead market lower as AI concerns linger, traders eye jobs data - MarketWatch"
2025-12-19,"U.S. stocks end higher, with S&P 500 lifted by tech - MarketWatch"
2025-12-17,Stocks Settle Mixed on Soft US Economic News - Nasdaq
2025-12-15,The S&P 500 Loses Steam Ahead of Jobs Report - Barron's
2025-12-16,Stocks Fall Ahead of US November Payroll Report - Nasdaq
2025-12-19,"Markets News, Dec. 19, 2025: Major Stock Indexes Close Sharply Higher for 2nd Straight Day as Tech Rally Continues; S&P 500, Nasdaq Post Weekly Gains - Investopedia"
2025-12-17,"The Dow Jones Index closed down 228.29 points, with both the S&P 500 and Nasdaq also declining. - Bitget"
2025-12-19,US Stocks Brief: S&P Futures Up More Than 0.2% and Nasdaq 100 Futures Up 0.4% - MarketScreener
2025-12-19,Seven New Stocks Added to Nasdaq First North 25 - MarketScreener
2025-12-19,"Dow Jones Futures: Tech Stocks Eye Key Level; Oracle, Nike, FedEx In Focus - Investor's Business Daily"
2025-12-19,Harmonic Inc. (NASDAQ:HLIT) Nasdaq Composite Connectivity Tech - Kalkine Media
2025-12-15,"Schrodinger, Inc. (NASDAQ:SDGR) Nasdaq Composite ETF Simulation Platform - Kalkine Media"
2025-12-17,"Markets News, Dec. 17, 2025: Major Indexes End Sharply Lower as Tech Stocks Resume Retreat; S&P 500, Dow Post 4th Straight Loss - Investopedia"
2025-12-18,Bitcoin Infrastructure Acquisition Corp Ltd.(NasdaqGM:BIXI) added to NASDAQ Composite Index - MarketScreener
2025-12-15,"Stock Market Today, Dec. 15: U.S Stocks Ease as Investors Wait for Rate Clarity - The Motley Fool"
2025-12-18,"S&P, Nasdaq on Pace for Best CPI Day Since January - The Wall Street Journal"
2025-12-16,Stocks pare losses in early trading; Nasdaq flips positive - MarketWatch
2025-12-15,Live Nasdaq Composite: Markets Find Catalyst for Decisive Upward Move - 24/7 Wall St.
2025-12-17,Nasdaq Composite Logs Worst Day in Nearly 4 Weeks Amid Tech Selloff - MarketScreener
2025-12-17,Expedia Group Inc (NASDAQ:EXPE) Nasdaq Composite Online Travel - Kalkine Media
2025-12-15,Wealthfront Corporation(NasdaqGS: WLTH) added to NASDAQ Composite Index - MarketScreener
2025-12-16,Dow Drops 400 Points as Market Slide Accelerates - Barron's
2025-12-15,"Stock Market News Dec. 15, 2025: Dow, S&P 500 end lower, Nasdaq posts third straight daily loss as investors rotate out of AI trade, await economic data - MarketWatch"
2025-12-17,"Dow and Nasdaq open higher, S&P 500 on pace to break 3-day losing streak - MarketWatch"
2025-12-19,"Stock Market on Dec. 19, 2025: Dow, S&P 500, Nasdaq close higher amid AI-trade comeback; S&P 500 ekes out weekly gain after tech rally on Friday - MarketWatch"
2025-12-19,"Wall St ends higher as tech rally continues, led by Micron - Reuters"
2025-12-17,Live Nasdaq Composite: Markets Attempt Gains but Lack Conviction - 24/7 Wall St.
2025-12-15,"Stock market today: S&P 500 slips on tech woes, but Nvidia’s rise limits downside - Investing.com"
2025-12-15,Stocks open higher to kick off last full trading week of the year - MarketWatch
2025-12-16,"Stock Market News, Dec. 16, 2025: Dow, S&P 500 log 3-day lose streaks, Nasdaq ends higher after U.S. jobs report; oil hits lowest level since 2021 - MarketWatch"
2025-12-22,IXIC: Nasdaq Composite Jumps 0.5% in Broad Rally. New Record Before Year’s Out? - TradingView — Track All Markets
2025-12-20,US Market Outlook: Bulls Still Alive - BusinessLine
2025-12-22,"Stock market today: Dow, S&P 500, Nasdaq rise for third straight day, gold hits record to extend 2025 rally - Yahoo Finance"
2025-12-22,"S&P 500 posts third-straight winning day, buoyed by AI trade: Live updates - CNBC"
2025-12-26,A Stock Market Priced for Perfection Can Still Have a Very Good Year - Barron's
2025-12-23,Nasdaq 100: Tech Stocks Lift US Indices Today as AI Optimism Builds Mid-Session - FXEmpire
2025-12-22,"Stock Market News, Dec. 22, 2025: S&P 500 Rises; Gold, Silver Prices Hit Records - The Wall Street Journal"
2025-12-22,Optimism surrounding AI lifts Dow Jones futures by 0.14% while S&P 500 and Nasdaq 100 increase - VT Markets
2025-12-22,"US stocks climb higher at open: Nasdaq jumps 0.7%, Dow up over 100 pts - TradingView — Track All Markets"
2025-12-22,"S&P 500 rises to a record close, lifted by tech shares: Live updates - CNBC"
2025-12-24,S&P 500 closes at another fresh record in holiday-shortened session: Live updates - CNBC
2025-12-24,Fidelity Nasdaq Composite Index ETF Experiences Big Outflow - Nasdaq
2025-12-21,Stock Futures Climb Ahead of Shortened Trading Week - Barron's
2025-12-22,"Why Dow Jones, S&P 500 and Nasdaq are gaining today — U.S. stock market jumps more than 0.5% - here's toda - The Economic Times"
2025-12-23,Stock market today: S&P 500 notches latest 2025 record as Wall Street's winning streak reaches 4 - Yahoo Finance
2025-12-23,Stock Market Today: Dow Higher As S&P 500 Scores Record; Nvidia Clears Key Level (Live Coverage) - Investor's Business Daily
2025-12-23,Nasdaq 100 and S&P500: AI Rally Led by Micron Lifts US Stocks Today as Traders Reassess Forecasts - FXEmpire
2025-12-23,S&P 500 ends at fresh record as U.S. stock indexes finish higher for 4th straight day - MarketWatch
2025-12-21,"NASDAQ Today (Dec. 21, 2025): Nasdaq Composite Near 23,300 Ahead of Nasdaq-100 Rebalance, Fed Signals, and Nasdaq’s 23-Hour Trading Proposal - TechStock²"
2025-12-23,Nasdaq Index: Nvidia and Marvell Lift Tech Stocks Mid-Session as US Indices Rise - FXEmpire
2025-12-26,"US Stock Market Today: Wall Street Little Changed In Post-Christmas Session, S&P Hovers Around Record Highs - NDTV Profit"
2025-12-20,"Nasdaq Today (Dec. 20, 2025): AI-Led Rebound Lifts the Nasdaq Composite as Santa Rally Hopes, Fed Uncertainty, and 24/5 Trading Plans Collide - TechStock²"
2025-12-23,Live Nasdaq Composite: Markets Snub Signals of Growing Economy on Rate Fears - 24/7 Wall St.
2025-12-24,"Nasdaq Composite Gains Momentum Above Key Average, Dow Jones Eyes 50,000 - FXLeaders"
2025-12-22,"Stock Market News for Monday, Dec. 22, 2025: Dow, S&P 500, Nasdaq Rise; Oracle, DJT, Nvidia, Tesla, More Movers - Barron's"
2025-12-26,"Wall St ends close to all-time highs in light, post-holiday session - Reuters"
2025-12-23,"How major US stock indexes fared Tuesday, 12/23/2025 - abcnews.go.com"
2025-12-19,U.S. stocks are up in midday trading but major benchmarks are mixed on the week - MarketWatch
2025-12-24,Innoviva Inc (NASDAQ:INVA) Nasdaq Composite ETF Therapy Royalties - Kalkine Media
2025-12-26,Live Nasdaq Composite: Markets Eye Finish Line as Nvidia Finds Its Groove - 24/7 Wall St.
2025-12-19,"Rotation Time: As Tech Stocks Faltered, These Sectors Picked Up the Slack - Investopedia"
2025-12-23,"Here’s why the TSX Composite Index beat S&P 500, Nasdaq 100 in 2025 - TradingView — Track All Markets"
2025-12-19,Live Nasdaq Composite: Markets Poised for Volatility on Mega Witching Day - 24/7 Wall St.
2025-12-19,"Wall St ends higher as tech rally continues, led by Micron By Reuters - Investing.com"
2025-12-25,"Shanghai Composite Index, Nikkei 225 Close Higher - Nasdaq"
2025-12-22,S&P 500 on track to rise for 3rd-straight day as tech rebound marches on - MarketWatch
2025-12-19,"Stock Market News From Dec. 19, 2025: Dow, S&P 500, Nasdaq Rise; Nike, DJT, Oracle, Nvidia, Tilray, More Movers - Barron's"
2025-12-23,S&P 500 stalls just below record high - MarketWatch
2025-12-23,"Stock Market News, Dec. 23, 2025: S&P 500 scores fresh record, Dow and Nasdaq finish higher for 4th day - MarketWatch"
2025-12-23,Walmart Inc (NASDAQ:WMT) Nasdaq Composite Omnichannel Reach - Kalkine Media
2025-12-19,"Stocks Open Higher, Extending CPI Rally - Barron's"
2025-12-22,"S&P 500 e-mini futures up 0.27%, Nasdaq 100 futures up 0.44%, Dow futures up 0.1% - MarketScreener"
2025-12-19,Virtu Financial (NASDAQ:VIRT) Nasdaq 100 Index Global Liquidity Role - Kalkine Media
2025-12-23,Northern Trust (NASDAQ:NTRS) Nasdaq composite ETF Finance Backbone - Kalkine Media
2025-12-22,Adobe Inc. (NASDAQ:ADBE) Nasdaq Index Digital Experience Engine - Kalkine Media
2025-12-23,2026 AI Outlook - 24/7 Wall St.
2025-12-19,"Dow, Nasdaq Up Triple Digits as Stocks Rally Into Weekend - Finviz"
2025-12-23,Cognyte Software Ltd. (NASDAQ:CGNT) Nasdaq index Intelligence Software - Kalkine Media
2025-12-24,"Stock Market Today: Dow, S&P 500 Score Records Amid Santa Claus Rally Hopes; AI Stock Jumps (Live Coverage) - Investor's Business Daily"
2025-12-24,Ryanair Holdings plc (NASDAQ:RYAAY) Nasdaq Composite Aviation Model - Kalkine Media
2025-12-22,"Stock market news for Dec 22, 2025 - MSN"
2025-12-24,Live Nasdaq Composite: Markets Exhibit Caution in Holiday-Shortened Session - 24/7 Wall St.
2025-12-26,"Is the stock market open today? NYSE, Nasdaq trading hours for December 26 - MSN"
2025-12-23,Wall Street Analyst Calls - 24/7 Wall St.
2025-12-22,Kazia Therapeutics Regains Nasdaq Compliance - MarketScreener
2025-12-24,Forget Stock Market Predictions For 2026. Do This Instead. - Investor's Business Daily
2025-12-22,Monster Beverage (NASDAQ:MNST) Nasdaq 100 Index Consumer Play - Kalkine Media
2025-12-22,Autodesk Inc (NASDAQ:ADSK) Nasdaq Index Powering Design Workflows - Kalkine Media
2025-12-23,Inflation Target - 24/7 Wall St.
2025-12-22,Western Digital Corporation(NasdaqGS: WDC) added to NASDAQ-100 Index - MarketScreener
2025-12-20,"S&P 500, NASDAQ and Dow Jones remain positive: Wall Street ends the week on high as AI stocks bounce back; - The Economic Times"
2025-12-22,Seagate Technology Holdings plc(NasdaqGS: STX) added to NASDAQ-100 Index - MarketScreener
2025-12-24,MakeMyTrip Inc (NASDAQ:MMYT) Nasdaq 100 ETF Travel Demand - Kalkine Media
2025-12-23,Ulta Beauty (NASDAQ:ULTA) Consumer Reach In The Nasdaq 100 Index - Kalkine Media
2025-12-22,"Stock Market News Dec. 22, 2025: Dow, S&P 500 and Nasdaq record third straight daily gain as investors eye 'Santa Claus rally'; gold, silver hit records - MarketWatch"
2025-12-19,"US midday market brief: stocks rise as Nvidia lifts AI trade, Nasdaq leads gains - CryptoRank"
2025-12-22,"How major US stock indexes fared Monday, 12/22/2025 - KVUE"
2025-12-19,"Udemy, Inc. (NASDAQ:UDMY) Nasdaq 100 ETF Global Learning - Kalkine Media"
2025-12-19,Aclaris Therapeutics (NASDAQ:ACRS) Nasdaq Top 100 Biotech Model - Kalkine Media
2025-12-23,US Stocks Brief: Nasdaq 100 Futures and S&P Futures Futures Both Flat To Slightly Higher - MarketScreener
2025-12-24,Broader Market Rally - 24/7 Wall St.
2025-12-22,Ferrovial SE(NasdaqGS: FER) added to NASDAQ-100 Index - MarketScreener
2025-12-22,Honeywell International Inc (NASDAQ:HON) Nasdaq Futures Positioning - Kalkine Media
2025-12-22,Insmed Incorporated(NasdaqGS: INSM) added to NASDAQ-100 Index - MarketScreener
2025-12-26,Bullish on 2026 - 24/7 Wall St.
2025-12-19,VinFast Auto Ltd. (NASDAQ:VFS) Nasdaq Index Fund EV Platforms - Kalkine Media
2025-12-22,"How major US stock indexes fared Monday, 12/22/2025 - The Globe and Mail"
2025-12-19,Horizon Bancorp (NASDAQ:HBNC) Nasdaq Composite Regional Bank - Kalkine Media
2025-12-29,Trade to Watch 2026: Nasdaq 100 Correction Risk Before New Highs - FOREX.com
2025-12-31,US stock market ends 2025 on a high note after volatile year - BBC
2025-12-31,"Stock Market News for Dec 31, 2025 - Nasdaq"
2025-12-31,"S&P 500 closes lower Wednesday, but wraps 2025 with a 16% gain: Live updates - CNBC"
2025-12-31,Wall Street ends 2025 near record highs after year of economic upheaval - The Guardian
2025-12-29,"US stock market crashes today: Why Dow Jones, S&P 500, and Nasdaq all down today — gold and silver prices - The Economic Times"
2025-12-31,US stocks just posted a third straight year of stellar gains - CNN
2025-12-31,Nasdaq Drops for Fourth Straight Session - Barron's
2025-12-31,"Stock market today: Dow, S&P 500, Nasdaq post double-digit gains in 2025 as AI trade powers market once again - Yahoo Finance"
2025-12-31,U.S. stocks close lower - Xinhua
2025-12-29,Nasdaq Index and S&P500: US Stocks Slip Today as Traders Eye Fed Minutes and 2025 Outlook - FXEmpire
2026-01-02,Dow Jones Futures Rise As Santa Joins Rally In 2026; Big Tesla News Due - Investor's Business Daily
2025-12-30,Mastering Market Volatility: Trading Strategies for the Nasdaq-100 Index® in a Dynamic Capital Market - Nasdaq
2025-12-28,S&P 500 closes lower Monday as investors sell tech names into year-end: Live updates - CNBC
2026-01-02,The Market Was Calm to End 2025. January Will Bring a Rude Awakening. - Barron's
2026-01-02,S&P 500 closes higher on first trading day of 2026 as chip stocks offer small boost to the market - CNBC
2026-01-02,7 Magnificent Stocks That Can Double Your Money in 2026 - Nasdaq
2026-01-02,"Stock Market News From Jan. 2, 2026: Dow, S&P 500 End Losing Streaks - Barron's"
2025-12-30,S&P 500 posts third consecutive losing day as year-end approaches: Live updates - CNBC
2025-12-30,"Stock Market News for Dec 30, 2025 - Nasdaq"
2026-01-02,January Is Typically the Nasdaq's Best Month - The Wall Street Journal
2026-01-02,US Stock Market Today: Nasdaq Jumps 1% As Tech Shares Ride Momentum Into 2026 - NDTV Profit
2025-12-30,Nasdaq Couldn't Hold Its Gains. Fed Minutes Are Up Next. - Barron's
2026-01-02,Nasdaq Index: Forecast Points to Further Losses as Tech Stocks Break Support - FXEmpire
2025-12-29,"US Stock Market Today: S&P 500, Nasdaq Open Little Changed On Last Trading Day Of 2025 - scanx.trade"
2026-01-02,"Vaxcyte, Inc. (NASDAQ:PCVX) Nasdaq Composite Tracks Clinical Progress - Kalkine Media"
2025-12-31,"US Stock Markets Today: S&P 500, Nasdaq Muted In Last Trading Session Of 2025 - NDTV Profit"
2025-12-30,"US Stock Market Today: S&P 500, Nasdaq Trade Little Changed As Year-End Cheer Eludes Wall Street - NDTV Profit"
2026-01-02,"Wall Street starts 2026 on firm footing: S&P 500 climbs 0.5%, Nasdaq surges 1% - TradingView — Track All Markets"
2025-12-30,Microsoft Corporation (NASDAQ:MSFT) Nasdaq Composite Technology Pillar - Kalkine Media
2026-01-02,Early gains fade as Wall Street wobbles into 2026 - PBS
2025-12-31,Wall Street ends year's final session lower but posts big annual gains for 2025 - Reuters
2025-12-31,Nasdaq and S&P500: US Indices Dip Today While Fed Minutes Reveal Deep Split - FXEmpire
2025-12-30,"Stock Market News From Dec. 30, 2025: S&P 500 Falls for Third Day - Barron's"
2025-12-31,Initial Claims Decreased More Than Expected - TradingView — Track All Markets
2025-12-30,Stock Market Today: Dow Ends Lower After Fed Minutes; Two Biotech Names Tank (Live Coverage) - Investor's Business Daily
2025-12-31,"Stock Market News From Dec. 31, 2025: Dow, S&P 500 and Nasdaq Fall; Tesla, Nvidia and More Movers - Barron's"
2025-12-29,"First Hawaiian, Inc. (NASDAQ:FHB) Nasdaq Composite Regional Bank - Kalkine Media"
2026-01-02,Day One Biopharmaceuticals (NASDAQ:DAWN) Nasdaq Index Biomarker Science - Kalkine Media
2026-01-02,"Stock Market News, Jan. 2, 2026: Tesla, Gold Fall in Muted First Session of the Year - The Wall Street Journal"
2025-12-30,"S&P 500, Nasdaq end slightly down in holiday-thin trade, Meta gains on deal - Reuters"
2025-12-30,Nasdaq and S&P500: Tech Stocks Weigh on US Indices as Fed Minutes Loom Today - FXEmpire
2026-01-01,Is US stock market open or closed for trading on New Year's Day — January 1? - livemint.com
2025-12-31,"Dow, S&P 500, Nasdaq Composite record third straight year of gains - MarketScreener"
2025-12-30,"Nasdaq and S&P500: Year-End Selling Hits Tech Stocks, US Indices Retreat - FXEmpire"
2026-01-02,Live Nasdaq Composite: Tech Takes Lead as AI Trade Shines - 24/7 Wall St.
2025-12-31,Live Nasdaq Composite: Markets Close Curtain on Positive Year - 24/7 Wall St.
2025-12-30,S&P 500 and Nasdaq Trades Near Flat As Investors Awaiting Fed Guidance - TradingView — Track All Markets
2026-01-01,S&P500 and Nasdaq Index: Year-End Pullback Hits US Stocks Today Despite Strong Year - FXEmpire
2025-12-29,US midday market brief: S&P 500 dips after record week; tech names weigh on markets - TradingView — Track All Markets
2025-12-29,Incyte Corporation (NASDAQ:INCY) Nasdaq Index Fund Pathway Science - Kalkine Media
2025-12-31,"US stock market ends 2025 with a crash as Dow, S&P 500, and Nasdaq drift lower today — can Wall Street sti - The Economic Times"
2026-01-02,S&P 500 today: Why the S&P 500 reversed today’s gains as the U.S. stock market opens 2026 on uneven footin - The Economic Times
2025-12-29,eBay Inc (NASDAQ:EBAY) Nasdaq Composite ETF Digital Marketplace Scale - Kalkine Media
2025-12-29,"The Dow Jones Index closed down 249.04 points, with both the S&P 500 and Nasdaq also declining. - Bitget"
2025-12-30,Enphase Energy (NASDAQ:ENPH) Nasdaq Composite Power Architecture Shift - Kalkine Media
2025-12-30,Nasdaq Turns Higher as Wall Street Waits for FOMC Minutes - Barron's
2026-01-02,"Stock market today: Dow, S&P 500 edge higher to kick off 2026, semiconductor stocks rally - Yahoo Finance"
2025-12-29,Semtech Corporation (NASDAQ:SMTC) Nasdaq 100 Index Connectivity Focus - Kalkine Media
2026-01-02,Stock Market Laggards - 24/7 Wall St.
2026-01-02,Stock Market Today: Dow Up With 'January Barometer' On Watch; Nvidia Stock Climbs (Live Coverage) - Investor's Business Daily
2025-12-31,"How major US stock indexes fared Wednesday, 12/31/2025 - KING5.com"
2025-12-30,"Stock Market News, Dec. 30, 2025: Dow, S&P 500 and Nasdaq close lower for three consecutive days, gold and silver continue rally - MarketWatch"
2025-12-29,"Stocks end the day lower, ignoring the usual 'Santa Claus rally' - MarketWatch"
2025-12-31,Dow fall over 100 points in final session of 2025 - MarketWatch
2026-01-02,"Nasdaq falls flat, U.S. stocks battle to recover from tech sell-off to kick off 2026 (COMP:IND:) - Seeking Alpha"
2025-12-31,Fed Rate Cuts in 2026 - 24/7 Wall St.
2025-12-30,"US Stock Market Opens with Cautious Dip: S&P 500, Nasdaq, and Dow Jones Edge Lower - Bitget"
2025-12-31,"Stock Market on Dec. 31, 2025: Dow, S&P 500 and Nasdaq cement 3rd straight year of big gains in 2025; silver and gold book best year since 1979 - MarketWatch"
2025-12-29,Stock Market Today: Dow Loses Nearly 250 Points As Nvidia Falls; Precious Metal Stocks Hammered (Live Coverage) - Investor's Business Daily
2025-12-31,US stocks open in the red on the last trading day of the year: Nasdaq down 0.2% - TradingView — Track All Markets
2026-01-02,"Stock Market News for Jan 2, 2026 - The Globe and Mail"
2025-12-29,Wall St opens lower as rally pauses in final week of 2025 - The Business Times
2025-12-29,"First Solar, Inc. (NASDAQ:FSLR) Nasdaq Index Large-Scale PV Manufacturing - Kalkine Media"
2025-12-29,Live Nasdaq Composite: Stocks Kick Off Final Week With a Whimper - 24/7 Wall St.
2026-01-02,"S&P 500 climbs, Dow Jones today edges higher and Nasdaq surges as tech stocks rebound – why US stock marke - The Economic Times"
2025-12-29,"S&P 500, Nasdaq, Dow Forecasts for 2026: Wall Street Targets and Risks - FXEmpire"
2026-01-02,"U.S. stocks trade mostly lower midday, with tech-heavy Nasdaq and S&P 500 down - MarketWatch"
2025-12-29,Stock Market Today: Gold and Silver Fall ; Dow and Nasdaq Closes Lower - Eurasia Business News
2025-12-31,S&P 500 finishes with 16% gain in 2025 (SP500:) - Seeking Alpha
2026-01-02,Apple Downgrade - 24/7 Wall St.
2025-12-31,Nasdaq set for longest losing streak since April - MarketWatch
2025-12-31,Dan Ives’ 2026 AI Picks - 24/7 Wall St.
2025-12-31,"Dow, S&P 500 and Nasdaq end final session of 2025 lower, but stock market still logs 3rd straight year of big gains - MarketWatch"
2025-12-29,"How major US stock indexes fared Monday, 12/29/2025 - The Globe and Mail"
2025-12-30,Winmark Corporation Positioned In The Nasdaq Composite Retail Space - Kalkine Media
2026-01-01,"How major US stock indexes fared Wednesday, 12/31/2025 - The Globe and Mail"
2026-01-02,TriCo Bancshares (NASDAQ:TCBK) Nasdaq Futures Banking Structure - Kalkine Media
2026-01-02,"S&P, Nasdaq start 2026 on firm footing as tech rebounds after recent losses - The Edge Malaysia"
2025-12-30,Commvault Systems Inc (NASDAQ:CVLT) Nasdaq Composite Hybrid Data Control - Kalkine Media
2026-01-02,Flex (NASDAQ:FLEX) Nasdaq Composite Anchors Global Electronics Flow - Kalkine Media
2026-01-02,Apogee Therapeutics Inc (NASDAQ:APGE) Nasdaq today Early Biotech Stage - Kalkine Media
2026-01-01,10 Stock Market Predictions for 2026 - The Motley Fool
2026-01-02,Sotera Health Inc (NASDAQ:SHC) Nasdaq 100 Index Testing Specialist - Kalkine Media
2025-12-30,Ironwood Pharma (NASDAQ:IRWD) Nasdaq composite Biotech Watch - Kalkine Media
2026-01-02,"US Stock Market Early Session | First Trading Day of 2026! The Nasdaq Composite rose 1.3%, and the S&P 500 Index gained 0.6%; semiconductor stocks surged across the board, with ASML Holding and Micron Technology both rising approximately 8% to re - 富途牛牛"
2026-01-02,"Tesla, Inc. (NASDAQ:TSLA) Nasdaq Today Positions EV Scale - Kalkine Media"
2026-01-02,Peoples Bancorp (NASDAQ:PEBO) Nasdaq Futures Show Balance Sheet Role - Kalkine Media
2025-12-30,NVIDIA Corporation (NASDAQ:NVDA) Nasdaq Today Anchors AI Platforms - Kalkine Media
2026-01-01,Dr. Doom Predicts 20% Nasdaq Drop - 조선일보
2026-01-08,IXIC: Nasdaq Composite Barely Makes It Out in Green as Uncertainty Sweeps Stocks - TradingView — Track All Markets
2026-01-05,Dow jumps nearly 600 points to close at a record as markets rally after U.S.-Venezuela action: Live updates - CNBC
2026-01-05,"Stock Market Today: Dow Surges to Record High as Wall Street Turns to Energy, Financials - Barron's"
2026-01-09,Overnight Stock Market Movements: Key Developments - Equitypandit
2026-01-05,"History Says the Nasdaq Will Soar in 2026: 2 AI Stocks to Buy Now, According to Wall Street - Nasdaq"
2026-01-08,"Stock market today: Dow rises as defense stocks jump, Nvidia leads Nasdaq down as all eyes turn to jobs report - Yahoo Finance"
2026-01-02,"Dow closes higher on first day of 2026, still no Santa Claus rally - Reuters"
2026-01-05,QuantumScape (QS) Valuation Check After NASDAQ Composite Inclusion And Recent Share Price Moves - simplywall.st
2026-01-05,Monthly Market Wrap: December 2025 - YCharts
2026-01-02,"Chip Stocks Are Rallying, but Software Is Getting Crushed - Barron's"
2026-01-08,"US stocks open lower on Thursday: Dow slips 100 points, Nasdaq down 0.3% - TradingView — Track All Markets"
2026-01-06,"Stock market today: Dow crosses 49,000, S&P 500 jumps to new high in record-setting start to year - Yahoo Finance"
2026-01-07,"Stock futures are little changed after S&P 500, Dow retreat from record highs: Live updates - CNBC"
2026-01-06,"S&P 500 notches fresh record, Dow adds nearly 500 points for first close above 49,000: Live updates - CNBC"
2026-01-07,"Dow closes more than 450 points lower, S&P 500 pulls back from record: Live updates - CNBC"
2026-01-06,"Stock Market Today, Jan. 6: Dow and S&P 500 Set New Records for New Year Rally - Yahoo Finance Singapore"
2026-01-08,Here's What $100 Invested in the Fidelity Nasdaq Composite Index ETF Two Decades Ago Would Amount to Now - Bitget
2026-01-06,How to Invest in Index Funds: A Beginner's Guide - The Motley Fool
2026-01-02,Westin Acquisition Corp(NasdaqCM: WSTN) added to NASDAQ Composite Index - MarketScreener
2026-01-08,Assessing Cybin’s Valuation As Helus Pharma Uplists To Nasdaq And Joins The Nasdaq Composite Index - simplywall.st
2026-01-07,"How major US stock indexes fared Wednesday, 1/7/2026 - abcnews.go.com"
2026-01-08,United States shares mixed at close of trade; Dow Jones Industrial Average up 0.55% By Investing.com - Investing.com India
2026-01-06,QuantumScape (QS) Is Up 9.2% After Joining The NASDAQ Composite Index Is The Bull Case Changing? - Sahm
2026-01-07,Stock Market Today: Dow Slips Back Below 49K; Trump Takes On Defense Firms (Live Coverage) - Investor's Business Daily
2026-01-06,Live Nasdaq Composite: Markets Meander as Nvidia Challenges Tesla in AI Robotics - 24/7 Wall St.
2026-01-07,"S&P500 and Nasdaq: US Stock Market Split as Dow Drops, Tech Rallies - FXEmpire"
2026-01-09,"Stock Market News, Jan. 8, 2026: Dow Gains; Defense Stocks Rally - The Wall Street Journal"
2026-01-07,"How major US stock indexes fared Tuesday, 1/6/2026 - The Washington Post"
2026-01-08,"The S&P 500, Dow and Nasdaq Since 2000 Highs as of December 2025 - Advisor Perspectives"
2026-01-07,ACM Research (NASDAQ:ACMR) Nasdaq Composite Niche Equipment Provider - Kalkine Media
2026-01-06,"Stock market surges on Big Tech gains, nearing records - Fast Company"
2026-01-08,"Stock Market News, Jan. 8, 2026: Dow has best 5-day start to year since 2006 and Russell 2000 closes at new record, while S&P 500 ends flat and Nasdaq lower; defense stocks surge; investors await Friday's jobs report - MarketWatch"
2026-01-07,Neogen Corporation (NASDAQ:NEOG) Nasdaq Composite Biosecurity Role - Kalkine Media
2026-01-05,"How major US stock indexes fared Monday, 1/5/2026 - KING5.com"
2026-01-07,"Stock Market News From Jan. 6, 2026: Dow Closes Above 49,000 - Barron's"
2026-01-08,Stocks end the day mixed as Dow outperforms S&P 500 and Nasdaq; Russell 2000 scores new record-high close - MarketWatch
2026-01-08,"US Equity Indexes Mixed as Technology Restrains Nasdaq Composite, S&P 500 - MarketScreener"
2026-01-02,Stock Market Laggards - 24/7 Wall St.
2026-01-08,"Stock Market Today: Dow, Small Caps, Oil Move Higher; Defense Firms Gain As Valero Clears Base (Live Coverage) - Investor's Business Daily"
2026-01-05,Live Nasdaq Composite: Markets Advance Despite Rising Geopolitical Headwinds - 24/7 Wall St.
2026-01-05,Stock market opens in green as investors assess U.S. move in Venezuela (COMP:IND:) - Seeking Alpha
2026-01-07,Gilead Sciences (NASDAQ:GILD) Nasdaq 100 Index Biopharma Scale - Kalkine Media
2026-01-07,Seagate Technology (NASDAQ:STX) Nasdaq Index Expands Storage Reach - Kalkine Media
2026-01-05,AMZN Rally - 24/7 Wall St.
2026-01-06,"How major US stock indexes fared Monday, 1/5/2026 - The Washington Post"
2026-01-07,Royalty Pharma plc (NASDAQ:RPRX) Nasdaq Index Life Sciences Partner - Kalkine Media
2026-01-06,Maravai LifeSciences (NASDAQ:MRVI) Nasdaq Index Life Sciences Inputs - Kalkine Media
2026-01-08,The Dow hits session highs going into midday trading - MarketWatch
2026-01-06,International Bancshares (NASDAQ:IBOC) nasdaq index Banking Framework - Kalkine Media
2026-01-02,MicroStrategy’s Bitcoin Pain - 24/7 Wall St.
2026-01-06,Scholastic Corporation (NASDAQ:SCHL) Nasdaq Index Literacy Leadership - Kalkine Media
2026-01-05,Mobileye Global Inc (NASDAQ:MBLY) Nasdaq Composite In Automotive Vision - Kalkine Media
2026-01-06,S&T Bancorp Inc (NASDAQ:STBA) Nasdaq Composite Financial Stability - Kalkine Media
2026-01-02,Apple Downgrade - 24/7 Wall St.
2026-01-09,Amgen Inc. (NASDAQ:AMGN) aligns with nasdaq composite life sciences - Kalkine Media
2026-01-05,"Dow closes at a fresh record, S&P 500 and Nasdaq finish higher, as energy stocks soar after U.S.'s Venezuela operation - MarketWatch"
2026-01-05,The Best Index Funds and How to Start Investing - NerdWallet
2026-01-06,ICF International (NASDAQ:ICFI) Nasdaq Index Policy Consulting - Kalkine Media
2026-01-08,Live Nasdaq Composite: Tech Stocks Flex but Broader Markets Yawn - 24/7 Wall St.
2026-01-07,Live Nasdaq Composite: Tech Hunts Leadership in Broader Markets Push - 24/7 Wall St.
2026-01-06,"Stock Market News, Jan. 6, 2026: Dow ends above 49,000 for the first time, S&P 500 scores record close as stocks climb; gold and silver continue their advance - MarketWatch"
2026-01-02,Short-Term Stocks - 24/7 Wall St.
2026-01-05,Semi Sector Bump - 24/7 Wall St.
2026-01-05,US Stocks Brief: Nasdaq 100 Futures Up Near 0.65% and S&P Futures Up Near 0.3% - MarketScreener
2026-01-07,"Dow hits fresh intraday record, S&P 500 and Nasdaq remain higher in midday trading - MarketWatch"
2026-01-05,"History Says the Nasdaq Will Soar in 2026: 2 AI Stocks to Buy Now, According to Wall Street - The Motley Fool"
2026-01-04,"Best Stocks Of 2025: Micron, Palantir, Other AI Stars Highlight Elite 100 List - Investor's Business Daily"
2026-01-05,"Stock Market News, Jan. 5, 2026: Dow scores fresh record close; Chevron stock soars after Venezuela operation; gold and silver climb - MarketWatch"
2026-01-09,Scholar Rock (NASDAQ:SRRK) Clinical Biologics In Nasdaq Composite - Kalkine Media
2026-01-07,Wall St opens muted after AI-driven rally; labour data in focus - The Business Times
2026-01-09,Major Stock Market Indices Worldwide - bernama
2026-01-07,Dividend Growth - 24/7 Wall St.
2026-01-06,NBT Bancorp (NASDAQ:NBTB) Nasdaq Composite Deposit-Led Banking - Kalkine Media
2026-01-08,"Nasdaq Underperforms As Tech Rotation Hits Nvidia, Other AI Stocks; Jobs Report Next - Investor's Business Daily"
2026-01-05,GH Research Holdings Inc (NASDAQ:GHRS) Nasdaq Composite ETF Biotech Scope - Kalkine Media
2026-01-08,PTC Therapeutics Inc (NASDAQ:PTCT) Nasdaq Composite Genetic Precision - Kalkine Media
2026-01-07,China’s Nvidia Pushback - 24/7 Wall St.
2026-01-09,Cognyte Software Ltd. (NASDAQ:CGNT) Nasdaq Index Security Analytics - Kalkine Media
2026-01-09,Does CureVac’s (CVAC) NASDAQ Exit Quietly Recast Its Risk Profile and Equity Story? - simplywall.st
2026-01-09,"S&P, Nasdaq fall as tech weighs; defense stocks climb on Trump's budget hike call - KITCO"
2026-01-08,First Financial Bancorp (NASDAQ:FFBC) Nasdaq Composite Regional Bank - Kalkine Media
2026-01-08,"Dow Jones advances 270 points, Nasdaq sheds 104 - malaysiasun.com"
2026-01-08,Simply Good Foods Co (NASDAQ:SMPL) Nasdaq Composite Consumer Wellness - Kalkine Media
2026-01-09,"S&P 500 ends Friday with another record close, scores a winning week: Live updates - CNBC"
2026-01-10,Walmart to Replace AstraZeneca in Nasdaq-100 Index on January 20 - scanx.trade
2026-01-10,"How major US stock indexes fared Friday, 1/9/2026 - The Washington Post"
2026-01-10,Walmart to replace Astrazeneca on Nasdaq-100 on Jan 20 - MarketScreener
2026-01-10,"Stock Market News From Jan. 9, 2026: Dow, S&P 500 Mark Record Closes - Barron's"
2026-01-09,"US Stock Market Highlights: S&P 500 rises to another record Friday, heads for winning week - CNBC TV18"
2026-01-09,"Wall Street extends gains, Nasdaq Composite adds 191 points - malaysiasun.com"
2026-01-09,"Stock market today: Dow, S&P 500 jump to records, Nasdaq surges as stocks end 2026's first week with big gains - Yahoo Finance UK"
2026-01-09,Nasdaq 100 and S&P500: US Indices Eye Records as Jobs Miss Supports Rate Cut Bets - FXEmpire
2026-01-10,"Stocks Hit Records After Mixed Jobs Data: S&P 500, Dow, Nasdaq Update - News and Statistics - IndexBox"
2026-01-09,United States shares higher at close of trade; Dow Jones Industrial Average up 0.48% By Investing.com - Investing.com India
2026-01-09,"Stock Market Today: Dow, S&P 500 Close At New Highs; These Aerospace, Homebuilder Firms Shine (Live Coverage) - Investor's Business Daily"
2026-01-09,"US stock market today: Why Dow, S&P 500, Nasdaq are rising today - December jobs report and Supreme Court - The Economic Times"
2026-01-09,"US stocks jittery at open after jobs data: S&P up 0.2%, Nasdaq flat - TradingView — Track All Markets"
2026-01-09,"Stock Market on Jan. 9, 2026: Dow and S&P 500 book fresh record highs, tech-heavy Nasdaq rises after U.S. jobs report; U.S. stocks notch weekly gains - MarketWatch"
2026-01-09,Wall Street Analyst Calls - 24/7 Wall St.
2026-01-10,Walmart to replace Astrazeneca on Nasdaq-100 - MarketScreener
2026-01-10,Walmart to Replace AstraZeneca in Nasdaq-100 Index on January 20 - scanx.trade
2026-01-10,Nasdaq says Walmart will become a component of Nasdaq-100 index - MarketScreener
2026-01-09,Nasdaq still about 450 points shy of October record high - MarketWatch
2026-01-09,"US Stock Market Today: S&P 500, Dow Jones Edge Higher As Jobs Data Keep Fed Bets Intact - NDTV Profit"
2026-01-09,Live Nasdaq Composite: Markets Exhale on ‘Just Right’ Jobs Data - 24/7 Wall St.
2026-01-09,Major Stock Market Indices Worldwide - bernama
2026-01-09,Nasdaq Composite Gains Amid Jobs Report Analysis and Tariff Ruling Anticipation - thebull.com.au
2026-01-09,U.S. stocks higher at close of trade; Dow Jones Industrial Average up 0.48% - Investing.com
2026-01-09,"Fortrea, Inc. (NASDAQ:FTRE) Nasdaq Index Fund Integrated Services - Kalkine Media"
2026-01-09,Intel Corporation (NASDAQ:INTC) Nasdaq Index Global Silicon Footprint - Kalkine Media
2026-01-09,Neogen Corporation (NASDAQ:NEOG) Nasdaq 100 ETF Safety Systems - Kalkine Media
2026-01-09,Microchip Technology (NASDAQ:MCHP) Nasdaq 100 ETF Analog Strength - Kalkine Media
2026-01-09,"Copart, Inc. (NASDAQ:CPRT) Nasdaq 100 Index Data-Driven Auctions - Kalkine Media"
2026-01-09,New Fortress Energy LLC (NASDAQ:NFE) Nasdaq Futures Gas-to-Power Model - Kalkine Media
2026-01-09,"Stock Market Today: Dow, Nasdaq 100 And S&P 500 Futures Gain After December Jobs Data— General Motors, Tilray In Focus (UPDATED) - Benzinga"
2026-01-09,"Dow, S&P 500, Nasdaq futures trade flat ahead of jobs report - Latest news from Azerbaijan"
2026-01-09,Lam Research (NASDAQ:LRCX) Powers Chip Tools In Nasdaq 100 Index - Kalkine Media
2026-01-09,"CG Oncology, Inc. (NASDAQ:CGON) Nasdaq 100 Index Early-Stage Biotech - Kalkine Media"
2026-01-09,SolarEdge Technologies (NASDAQ:SEDG) Nasdaq Index Fund alignment - Kalkine Media
2026-01-09,U.S. shares higher at close of trade; Dow Jones Industrial Average up 0.48% - Investing.com UK
2026-01-09,"Tetra Tech, Inc. (NASDAQ:TTEK) Nasdaq Index Sustainability Projects - Kalkine Media"
2026-01-09,NASDAQ and S&P 500 Soar to Record Territory: Tech Surge and Housing Rally Drive January Gains - BBN Times
2026-01-09,Texas Capital Bancshares (NASDAQ:TCBI) Nasdaq 100 Composition Relevance - Kalkine Media
2026-01-09,Intuit (NASDAQ:INTU) Nasdaq Futures Track Business Software Momentum - Kalkine Media
2026-01-09,First Trust Has an ETF That Might Be Better Than the Nasdaq and QQQ - 24/7 Wall St.
2026-01-09,LendingTree (NASDAQ:TREE) Nasdaq Futures Technology-Led Lending - Kalkine Media
2026-01-09,Cathay General Bancorp (NASDAQ:CATY) Nasdaq Today Balance Sheet Stability - Kalkine Media
2026-01-09,"LegalZoom.com, Inc. (NASDAQ:LZ) Nasdaq Today Scalable Legal Solutions - Kalkine Media"
2026-01-09,PayPal Holdings Inc (NASDAQ:PYPL) Nasdaq Today Powers Online Checkout - Kalkine Media
2026-01-09,Kenvue (NYSE:KVUE) Shares Steady Within NYSE Composite Index - Kalkine Media
2026-01-10,Will Quad Graphics Inc. stock outperform Nasdaq index - Portfolio Performance Summary & Trade Opportunity Analysis - ulpravda.ru
2026-01-09,Income stock beat Nasdaq index returns - July 2025 Recap & Consistent Profit Trade Alerts - ulpravda.ru
2026-01-09,Dow Hits a Record High After December Jobs Report: Stock Market Today - inkl
2026-01-09,"Nasdaq Composite stalls below 23,480 after tech-led reversal as NFP data report looms - Traders Union"
2026-01-09,"7,238 Shares in Fidelity NASDAQ Composite Index ETF $ONEQ Acquired by Ethos Financial Group LLC - Defense World"
