date,close,open,high,low,volume
1979-04-03T00:00:00+05:30,124.15,124.15,124.15,124.15,0.0
1979-04-04T00:00:00+05:30,122.85,122.85,122.85,122.85,0.0
1979-04-06T00:00:00+05:30,123.52,123.52,123.52,123.52,0.0
1979-04-09T00:00:00+05:30,124.3,124.3,124.3,124.3,0.0
1979-04-11T00:00:00+05:30,125.01,125.01,125.01,125.01,0.0
1979-04-12T00:00:00+05:30,125.93,125.93,125.93,125.93,0.0
1979-04-17T00:00:00+05:30,126.24,126.24,126.24,126.24,0.0
1979-04-18T00:00:00+05:30,125.98,125.98,125.98,125.98,0.0
1979-04-19T00:00:00+05:30,126.14,126.14,126.14,126.14,0.0
1979-04-20T00:00:00+05:30,126.67,126.67,126.67,126.67,0.0
1979-04-23T00:00:00+05:30,124.81,124.81,124.81,124.81,0.0
1979-04-24T00:00:00+05:30,124.67,124.67,124.67,124.67,0.0
1979-04-25T00:00:00+05:30,125.36,125.36,125.36,125.36,0.0
1979-04-26T00:00:00+05:30,125.78,125.78,125.78,125.78,0.0
1979-04-27T00:00:00+05:30,127.02,127.02,127.02,127.02,0.0
1979-05-02T00:00:00+05:30,126.73,126.73,126.73,126.73,0.0
1979-05-03T00:00:00+05:30,125.84,125.84,125.84,125.84,0.0
1979-05-04T00:00:00+05:30,125.8,125.8,125.8,125.8,0.0
1979-05-07T00:00:00+05:30,124.77,124.77,124.77,124.77,0.0
1979-05-08T00:00:00+05:30,124.64,124.64,124.64,124.64,0.0
1979-05-09T00:00:00+05:30,123.12,123.12,123.12,123.12,0.0
1979-05-10T00:00:00+05:30,122.23,122.23,122.23,122.23,0.0
1979-05-11T00:00:00+05:30,122.63,122.63,122.63,122.63,0.0
1979-05-15T00:00:00+05:30,123.93,123.93,123.93,123.93,0.0
1979-05-16T00:00:00+05:30,124.59,124.59,124.59,124.59,0.0
1979-05-17T00:00:00+05:30,124.1,124.1,124.1,124.1,0.0
1979-05-18T00:00:00+05:30,124.41,124.41,124.41,124.41,0.0
1979-05-21T00:00:00+05:30,125.99,125.99,125.99,125.99,0.0
1979-05-22T00:00:00+05:30,126.58,126.58,126.58,126.58,0.0
1979-05-23T00:00:00+05:30,124.58,124.58,124.58,124.58,0.0
1979-05-24T00:00:00+05:30,125.26,125.26,125.26,125.26,0.0
1979-05-25T00:00:00+05:30,125.19,125.19,125.19,125.19,0.0
1979-05-29T00:00:00+05:30,124.29,124.29,124.29,124.29,0.0
1979-05-30T00:00:00+05:30,123.42,123.42,123.42,123.42,0.0
1979-05-31T00:00:00+05:30,124.1,124.1,124.1,124.1,0.0
1979-06-04T00:00:00+05:30,124.49,124.49,124.49,124.49,0.0
1979-06-05T00:00:00+05:30,125.86,125.86,125.86,125.86,0.0
1979-06-06T00:00:00+05:30,127.02,127.02,127.02,127.02,0.0
1979-06-07T00:00:00+05:30,128.34,128.34,128.34,128.34,0.0
1979-06-08T00:00:00+05:30,128.4,128.4,128.4,128.4,0.0
1979-06-12T00:00:00+05:30,129.74,129.74,129.74,129.74,0.0
1979-06-13T00:00:00+05:30,129.19,129.19,129.19,129.19,0.0
1979-06-14T00:00:00+05:30,130.24,130.24,130.24,130.24,0.0
1979-06-15T00:00:00+05:30,130.22,130.22,130.22,130.22,0.0
1979-06-18T00:00:00+05:30,128.82,128.82,128.82,128.82,0.0
1979-06-19T00:00:00+05:30,128.82,128.82,128.82,128.82,0.0
1979-06-20T00:00:00+05:30,126.98,126.98,126.98,126.98,0.0
1979-06-21T00:00:00+05:30,127.36,127.36,127.36,127.36,0.0
1979-06-22T00:00:00+05:30,127.46,127.46,127.46,127.46,0.0
1979-06-26T00:00:00+05:30,124.28,124.28,124.28,124.28,0.0
1979-06-27T00:00:00+05:30,124.53,124.53,124.53,124.53,0.0
1979-06-28T00:00:00+05:30,127.72,127.72,127.72,127.72,0.0
1979-06-29T00:00:00+05:30,125.41,125.41,125.41,125.41,0.0
1979-07-02T00:00:00+05:30,125.26,125.26,125.26,125.26,0.0
1979-07-03T00:00:00+05:30,124.71,124.71,124.71,124.71,0.0
1979-07-04T00:00:00+05:30,123.61,123.61,123.61,123.61,0.0
1979-07-05T00:00:00+05:30,124.29,124.29,124.29,124.29,0.0
1979-07-06T00:00:00+05:30,122.28,122.28,122.28,122.28,0.0
1979-07-10T00:00:00+05:30,121.5,121.5,121.5,121.5,0.0
1979-07-11T00:00:00+05:30,120.87,120.87,120.87,120.87,0.0
1979-07-12T00:00:00+05:30,118.31,118.31,118.31,118.31,0.0
1979-07-13T00:00:00+05:30,120.48,120.48,120.48,120.48,0.0
1979-07-16T00:00:00+05:30,120.27,120.27,120.27,120.27,0.0
1979-07-17T00:00:00+05:30,120.08,120.08,120.08,120.08,0.0
1979-07-18T00:00:00+05:30,120.42,120.42,120.42,120.42,0.0
1979-07-19T00:00:00+05:30,119.84,119.84,119.84,119.84,0.0
1979-07-20T00:00:00+05:30,119.88,119.88,119.88,119.88,0.0
1979-07-24T00:00:00+05:30,119.59,119.59,119.59,119.59,0.0
1979-07-25T00:00:00+05:30,120.26,120.26,120.26,120.26,0.0
1979-07-26T00:00:00+05:30,119.61,119.61,119.61,119.61,0.0
1979-07-27T00:00:00+05:30,117.94,117.94,117.94,117.94,0.0
1979-07-30T00:00:00+05:30,116.6,116.6,116.6,116.6,0.0
1979-07-31T00:00:00+05:30,115.86,115.86,115.86,115.86,0.0
1979-08-01T00:00:00+05:30,115.77,115.77,115.77,115.77,0.0
1979-08-02T00:00:00+05:30,114.14,114.14,114.14,114.14,0.0
1979-08-03T00:00:00+05:30,113.79,113.79,113.79,113.79,0.0
1979-08-08T00:00:00+05:30,117.14,117.14,117.14,117.14,0.0
1979-08-09T00:00:00+05:30,116.05,116.05,116.05,116.05,0.0
1979-08-10T00:00:00+05:30,116.16,116.16,116.16,116.16,0.0
1979-08-13T00:00:00+05:30,115.56,115.56,115.56,115.56,0.0
1979-08-14T00:00:00+05:30,114.62,114.62,114.62,114.62,0.0
1979-08-16T00:00:00+05:30,115.32,115.32,115.32,115.32,0.0
1979-08-17T00:00:00+05:30,115.93,115.93,115.93,115.93,0.0
1979-08-21T00:00:00+05:30,116.96,116.96,116.96,116.96,0.0
1979-08-22T00:00:00+05:30,115.45,115.45,115.45,115.45,0.0
1979-08-23T00:00:00+05:30,114.88,114.88,114.88,114.88,0.0
1979-08-24T00:00:00+05:30,115.5,115.5,115.5,115.5,0.0
1979-08-28T00:00:00+05:30,115.38,115.38,115.38,115.38,0.0
1979-08-29T00:00:00+05:30,115.5,115.5,115.5,115.5,0.0
1979-08-30T00:00:00+05:30,116.16,116.16,116.16,116.16,0.0
1979-08-31T00:00:00+05:30,116.11,116.11,116.11,116.11,0.0
1979-09-04T00:00:00+05:30,117.27,117.27,117.27,117.27,0.0
1979-09-05T00:00:00+05:30,117.27,117.27,117.27,117.27,0.0
1979-09-06T00:00:00+05:30,117.38,117.38,117.38,117.38,0.0
1979-09-07T00:00:00+05:30,117.98,117.98,117.98,117.98,0.0
1979-09-10T00:00:00+05:30,119.25,119.25,119.25,119.25,0.0
1979-09-11T00:00:00+05:30,119.77,119.77,119.77,119.77,0.0
1979-09-12T00:00:00+05:30,119.42,119.42,119.42,119.42,0.0
1979-09-13T00:00:00+05:30,118.46,118.46,118.46,118.46,0.0
1979-09-14T00:00:00+05:30,118.28,118.28,118.28,118.28,0.0
1979-09-18T00:00:00+05:30,119.24,119.24,119.24,119.24,0.0
1979-09-19T00:00:00+05:30,118.56,118.56,118.56,118.56,0.0
1979-09-20T00:00:00+05:30,117.8,117.8,117.8,117.8,0.0
1979-09-21T00:00:00+05:30,118.31,118.31,118.31,118.31,0.0
1979-09-24T00:00:00+05:30,118.51,118.51,118.51,118.51,0.0
1979-09-25T00:00:00+05:30,119.31,119.31,119.31,119.31,0.0
1979-09-26T00:00:00+05:30,119.77,119.77,119.77,119.77,0.0
1979-09-27T00:00:00+05:30,120.05,120.05,120.05,120.05,0.0
1979-09-28T00:00:00+05:30,119.64,119.64,119.64,119.64,0.0
1979-10-03T00:00:00+05:30,119.74,119.74,119.74,119.74,0.0
1979-10-04T00:00:00+05:30,119.01,119.01,119.01,119.01,0.0
1979-10-05T00:00:00+05:30,119.45,119.45,119.45,119.45,0.0
1979-10-10T00:00:00+05:30,120.74,120.74,120.74,120.74,0.0
1979-10-11T00:00:00+05:30,118.85,118.85,118.85,118.85,0.0
1979-10-12T00:00:00+05:30,119.58,119.58,119.58,119.58,0.0
1979-10-16T00:00:00+05:30,120.58,120.58,120.58,120.58,0.0
1979-10-17T00:00:00+05:30,121.35,121.35,121.35,121.35,0.0
1979-10-23T00:00:00+05:30,122.35,122.35,122.35,122.35,0.0
1979-10-24T00:00:00+05:30,123.08,123.08,123.08,123.08,0.0
1979-10-25T00:00:00+05:30,123.52,123.52,123.52,123.52,0.0
1979-10-30T00:00:00+05:30,124.3,124.3,124.3,124.3,0.0
1979-10-31T00:00:00+05:30,123.85,123.85,123.85,123.85,0.0
1979-11-02T00:00:00+05:30,123.27,123.27,123.27,123.27,0.0
1979-11-05T00:00:00+05:30,123.1,123.1,123.1,123.1,0.0
1979-11-06T00:00:00+05:30,122.64,122.64,122.64,122.64,0.0
1979-11-07T00:00:00+05:30,122.52,122.52,122.52,122.52,0.0
1979-11-08T00:00:00+05:30,121.92,121.92,121.92,121.92,0.0
1979-11-09T00:00:00+05:30,121.48,121.48,121.48,121.48,0.0
1979-11-13T00:00:00+05:30,121.74,121.74,121.74,121.74,0.0
1979-11-14T00:00:00+05:30,120.2,120.2,120.2,120.2,0.0
1979-11-15T00:00:00+05:30,120.42,120.42,120.42,120.42,0.0
1979-11-16T00:00:00+05:30,118.42,118.42,118.42,118.42,0.0
1979-11-19T00:00:00+05:30,118.33,118.33,118.33,118.33,0.0
1979-11-20T00:00:00+05:30,117.83,117.83,117.83,117.83,0.0
1979-11-21T00:00:00+05:30,117.36,117.36,117.36,117.36,0.0
1979-11-22T00:00:00+05:30,116.53,116.53,116.53,116.53,0.0
1979-11-23T00:00:00+05:30,115.51,115.51,115.51,115.51,0.0
1979-11-27T00:00:00+05:30,115.48,115.48,115.48,115.48,0.0
1979-11-28T00:00:00+05:30,115.05,115.05,115.05,115.05,0.0
1979-11-29T00:00:00+05:30,115.59,115.59,115.59,115.59,0.0
1979-12-03T00:00:00+05:30,116.6,116.6,116.6,116.6,0.0
1979-12-04T00:00:00+05:30,116.44,116.44,116.44,116.44,0.0
1979-12-05T00:00:00+05:30,116.42,116.42,116.42,116.42,0.0
1979-12-06T00:00:00+05:30,116.88,116.88,116.88,116.88,0.0
1979-12-07T00:00:00+05:30,117.69,117.69,117.69,117.69,0.0
1979-12-11T00:00:00+05:30,118.17,118.17,118.17,118.17,0.0
1979-12-12T00:00:00+05:30,117.46,117.46,117.46,117.46,0.0
1979-12-14T00:00:00+05:30,113.28,113.28,113.28,113.28,0.0
1979-12-17T00:00:00+05:30,117.67,117.67,117.67,117.67,0.0
1979-12-18T00:00:00+05:30,118.17,118.17,118.17,118.17,0.0
1979-12-19T00:00:00+05:30,117.72,117.72,117.72,117.72,0.0
1979-12-20T00:00:00+05:30,117.98,117.98,117.98,117.98,0.0
1979-12-21T00:00:00+05:30,118.31,118.31,118.31,118.31,0.0
1980-01-02T00:00:00+05:30,118.16,118.16,118.16,118.16,0.0
1980-01-04T00:00:00+05:30,119.52,119.52,119.52,119.52,0.0
1980-01-08T00:00:00+05:30,122.14,122.14,122.14,122.14,0.0
1980-01-09T00:00:00+05:30,122.4,122.4,122.4,122.4,0.0
1980-01-10T00:00:00+05:30,122.08,122.08,122.08,122.08,0.0
1980-01-11T00:00:00+05:30,122.34,122.34,122.34,122.34,0.0
1980-01-14T00:00:00+05:30,122.99,122.99,122.99,122.99,0.0
1980-01-15T00:00:00+05:30,123.54,123.54,123.54,123.54,0.0
1980-01-16T00:00:00+05:30,124.48,124.48,124.48,124.48,0.0
1980-01-17T00:00:00+05:30,125.96,125.96,125.96,125.96,0.0
1980-01-18T00:00:00+05:30,124.06,124.06,124.06,124.06,0.0
1980-01-22T00:00:00+05:30,124.46,124.46,124.46,124.46,0.0
1980-01-23T00:00:00+05:30,124.22,124.22,124.22,124.22,0.0
1980-01-24T00:00:00+05:30,123.54,123.54,123.54,123.54,0.0
1980-02-05T00:00:00+05:30,123.42,123.42,123.42,123.42,0.0
1980-02-13T00:00:00+05:30,123.92,123.92,123.92,123.92,0.0
1980-02-15T00:00:00+05:30,124.15,124.15,124.15,124.15,0.0
1980-02-18T00:00:00+05:30,125.15,125.15,125.15,125.15,0.0
1980-02-19T00:00:00+05:30,124.92,124.92,124.92,124.92,0.0
1980-02-20T00:00:00+05:30,126.27,126.27,126.27,126.27,0.0
1980-02-21T00:00:00+05:30,126.46,126.46,126.46,126.46,0.0
1980-02-22T00:00:00+05:30,125.15,125.15,125.15,125.15,0.0
1980-02-25T00:00:00+05:30,127.1,127.1,127.1,127.1,0.0
1980-02-26T00:00:00+05:30,127.24,127.24,127.24,127.24,0.0
1980-02-27T00:00:00+05:30,126.74,126.74,126.74,126.74,0.0
1980-02-28T00:00:00+05:30,127.88,127.88,127.88,127.88,0.0
1980-02-29T00:00:00+05:30,128.21,128.21,128.21,128.21,0.0
1980-03-04T00:00:00+05:30,128.81,128.81,128.81,128.81,0.0
1980-03-05T00:00:00+05:30,129.66,129.66,129.66,129.66,0.0
1980-03-06T00:00:00+05:30,130.29,130.29,130.29,130.29,0.0
1980-03-07T00:00:00+05:30,130.03,130.03,130.03,130.03,0.0
1980-03-10T00:00:00+05:30,129.55,129.55,129.55,129.55,0.0
1980-03-11T00:00:00+05:30,129.59,129.59,129.59,129.59,0.0
1980-03-12T00:00:00+05:30,128.76,128.76,128.76,128.76,0.0
1980-03-13T00:00:00+05:30,128.49,128.49,128.49,128.49,0.0
1980-03-14T00:00:00+05:30,128.74,128.74,128.74,128.74,0.0
1980-03-18T00:00:00+05:30,127.04,127.04,127.04,127.04,0.0
1980-03-19T00:00:00+05:30,128.17,128.17,128.17,128.17,0.0
1980-03-20T00:00:00+05:30,128.55,128.55,128.55,128.55,0.0
1980-03-21T00:00:00+05:30,129.13,129.13,129.13,129.13,0.0
1980-03-25T00:00:00+05:30,128.82,128.82,128.82,128.82,0.0
1980-03-26T00:00:00+05:30,129.05,129.05,129.05,129.05,0.0
1980-03-27T00:00:00+05:30,128.66,128.66,128.66,128.66,0.0
1980-03-28T00:00:00+05:30,128.57,128.57,128.57,128.57,0.0
1980-04-01T00:00:00+05:30,128.5,128.5,128.5,128.5,0.0
1980-04-02T00:00:00+05:30,129.08,129.08,129.08,129.08,0.0
1980-04-03T00:00:00+05:30,129.02,129.02,129.02,129.02,0.0
1980-04-07T00:00:00+05:30,130.12,130.12,130.12,130.12,0.0
1980-04-08T00:00:00+05:30,129.99,129.99,129.99,129.99,0.0
1980-04-09T00:00:00+05:30,129.8,129.8,129.8,129.8,0.0
1980-04-10T00:00:00+05:30,129.42,129.42,129.42,129.42,0.0
1980-04-11T00:00:00+05:30,128.85,128.85,128.85,128.85,0.0
1980-04-15T00:00:00+05:30,129.86,129.86,129.86,129.86,0.0
1980-04-16T00:00:00+05:30,129.14,129.14,129.14,129.14,0.0
1980-04-17T00:00:00+05:30,129.1,129.1,129.1,129.1,0.0
1980-04-18T00:00:00+05:30,129.27,129.27,129.27,129.27,0.0
1980-04-21T00:00:00+05:30,129.35,129.35,129.35,129.35,0.0
1980-04-22T00:00:00+05:30,128.94,128.94,128.94,128.94,0.0
1980-04-23T00:00:00+05:30,129.13,129.13,129.13,129.13,0.0
1980-04-24T00:00:00+05:30,128.37,128.37,128.37,128.37,0.0
1980-04-25T00:00:00+05:30,127.25,127.25,127.25,127.25,0.0
1980-05-02T00:00:00+05:30,126.33,126.33,126.33,126.33,0.0
1980-05-05T00:00:00+05:30,124.39,124.39,124.39,124.39,0.0
1980-05-06T00:00:00+05:30,124.83,124.83,124.83,124.83,0.0
1980-05-07T00:00:00+05:30,124.92,124.92,124.92,124.92,0.0
1980-05-08T00:00:00+05:30,124.77,124.77,124.77,124.77,0.0
1980-05-09T00:00:00+05:30,124.97,124.97,124.97,124.97,0.0
1980-05-13T00:00:00+05:30,125.93,125.93,125.93,125.93,0.0
1980-05-14T00:00:00+05:30,126.14,126.14,126.14,126.14,0.0
1980-05-15T00:00:00+05:30,126.09,126.09,126.09,126.09,0.0
1980-05-16T00:00:00+05:30,126.2,126.2,126.2,126.2,0.0
1980-05-22T00:00:00+05:30,125.97,125.97,125.97,125.97,0.0
1980-06-03T00:00:00+05:30,127.9,127.9,127.9,127.9,0.0
1980-06-04T00:00:00+05:30,128.31,128.31,128.31,128.31,0.0
1980-06-06T00:00:00+05:30,122.55,122.55,122.55,122.55,0.0
1980-06-10T00:00:00+05:30,123.25,123.25,123.25,123.25,0.0
1980-06-11T00:00:00+05:30,123.2,123.2,123.2,123.2,0.0
1980-06-13T00:00:00+05:30,123.73,123.73,123.73,123.73,0.0
1980-06-16T00:00:00+05:30,125.17,125.17,125.17,125.17,0.0
1980-06-17T00:00:00+05:30,125.19,125.19,125.19,125.19,0.0
1980-06-18T00:00:00+05:30,125.33,125.33,125.33,125.33,0.0
1980-06-19T00:00:00+05:30,122.12,122.12,122.12,122.12,0.0
1980-06-20T00:00:00+05:30,122.42,122.42,122.42,122.42,0.0
1980-06-26T00:00:00+05:30,122.52,122.52,122.52,122.52,0.0
1980-07-01T00:00:00+05:30,121.53,121.53,121.53,121.53,0.0
1980-07-02T00:00:00+05:30,121.5,121.5,121.5,121.5,0.0
1980-07-03T00:00:00+05:30,122.66,122.66,122.66,122.66,0.0
1980-07-04T00:00:00+05:30,123.66,123.66,123.66,123.66,0.0
1980-07-08T00:00:00+05:30,124.9,124.9,124.9,124.9,0.0
1980-07-09T00:00:00+05:30,125.47,125.47,125.47,125.47,0.0
1980-07-10T00:00:00+05:30,125.65,125.65,125.65,125.65,0.0
1980-07-11T00:00:00+05:30,126.03,126.03,126.03,126.03,0.0
1980-07-14T00:00:00+05:30,126.68,126.68,126.68,126.68,0.0
1980-07-15T00:00:00+05:30,126.5,126.5,126.5,126.5,0.0
1980-07-16T00:00:00+05:30,127.1,127.1,127.1,127.1,0.0
1980-07-17T00:00:00+05:30,126.33,126.33,126.33,126.33,0.0
1980-07-18T00:00:00+05:30,126.15,126.15,126.15,126.15,0.0
1980-07-22T00:00:00+05:30,127.45,127.45,127.45,127.45,0.0
1980-07-23T00:00:00+05:30,128.04,128.04,128.04,128.04,0.0
1980-07-24T00:00:00+05:30,129.16,129.16,129.16,129.16,0.0
1980-07-25T00:00:00+05:30,128.97,128.97,128.97,128.97,0.0
1980-07-28T00:00:00+05:30,129.8,129.8,129.8,129.8,0.0
1980-07-29T00:00:00+05:30,129.05,129.05,129.05,129.05,0.0
1980-07-30T00:00:00+05:30,128.6,128.6,128.6,128.6,0.0
1980-08-05T00:00:00+05:30,135.52,135.52,135.52,135.52,0.0
1980-08-06T00:00:00+05:30,136.25,136.25,136.25,136.25,0.0
1980-08-07T00:00:00+05:30,133.74,133.74,133.74,133.74,0.0
1980-08-08T00:00:00+05:30,134.71,134.71,134.71,134.71,0.0
1980-08-11T00:00:00+05:30,134.9,134.9,134.9,134.9,0.0
1980-08-12T00:00:00+05:30,134.93,134.93,134.93,134.93,0.0
1980-08-14T00:00:00+05:30,135.27,135.27,135.27,135.27,0.0
1980-08-19T00:00:00+05:30,136.74,136.74,136.74,136.74,0.0
1980-08-20T00:00:00+05:30,137.56,137.56,137.56,137.56,0.0
1980-08-21T00:00:00+05:30,138.77,138.77,138.77,138.77,0.0
1980-08-22T00:00:00+05:30,140.01,140.01,140.01,140.01,0.0
1980-08-28T00:00:00+05:30,140.75,140.75,140.75,140.75,0.0
1980-09-08T00:00:00+05:30,140.73,140.73,140.73,140.73,0.0
1980-09-11T00:00:00+05:30,141.0,141.0,141.0,141.0,0.0
1980-09-16T00:00:00+05:30,139.79,139.79,139.79,139.79,0.0
1980-09-22T00:00:00+05:30,135.73,135.73,135.73,135.73,0.0
1980-09-24T00:00:00+05:30,134.04,134.04,134.04,134.04,0.0
1980-09-30T00:00:00+05:30,134.41,134.41,134.41,134.41,0.0
1980-10-01T00:00:00+05:30,133.0,133.0,133.0,133.0,0.0
1980-10-03T00:00:00+05:30,134.33,134.33,134.33,134.33,0.0
1980-10-06T00:00:00+05:30,131.94,131.94,131.94,131.94,0.0
1980-10-07T00:00:00+05:30,131.56,131.56,131.56,131.56,0.0
1980-10-08T00:00:00+05:30,131.47,131.47,131.47,131.47,0.0
1980-10-09T00:00:00+05:30,131.48,131.48,131.48,131.48,0.0
1980-10-10T00:00:00+05:30,130.75,130.75,130.75,130.75,0.0
1980-10-14T00:00:00+05:30,130.23,130.23,130.23,130.23,0.0
1980-10-16T00:00:00+05:30,129.61,129.61,129.61,129.61,0.0
1980-10-17T00:00:00+05:30,129.94,129.94,129.94,129.94,0.0
1980-10-21T00:00:00+05:30,128.74,128.74,128.74,128.74,0.0
1980-10-22T00:00:00+05:30,129.67,129.67,129.67,129.67,0.0
1980-10-23T00:00:00+05:30,128.46,128.46,128.46,128.46,0.0
1980-10-24T00:00:00+05:30,128.99,128.99,128.99,128.99,0.0
1980-10-28T00:00:00+05:30,128.95,128.95,128.95,128.95,0.0
1980-10-29T00:00:00+05:30,127.68,127.68,127.68,127.68,0.0
1980-10-30T00:00:00+05:30,126.73,126.73,126.73,126.73,0.0
1980-10-31T00:00:00+05:30,130.92,130.92,130.92,130.92,0.0
1980-11-03T00:00:00+05:30,129.51,129.51,129.51,129.51,0.0
1980-11-04T00:00:00+05:30,129.41,129.41,129.41,129.41,0.0
1980-11-07T00:00:00+05:30,130.68,130.68,130.68,130.68,0.0
1980-11-10T00:00:00+05:30,131.25,131.25,131.25,131.25,0.0
1980-11-11T00:00:00+05:30,128.2,128.2,128.2,128.2,0.0
1980-11-12T00:00:00+05:30,132.61,132.61,132.61,132.61,0.0
1980-11-13T00:00:00+05:30,133.03,133.03,133.03,133.03,0.0
1980-11-14T00:00:00+05:30,134.37,134.37,134.37,134.37,0.0
1980-11-18T00:00:00+05:30,137.86,137.86,137.86,137.86,0.0
1980-11-20T00:00:00+05:30,137.27,137.27,137.27,137.27,0.0
1980-11-21T00:00:00+05:30,136.55,136.55,136.55,136.55,0.0
1980-11-25T00:00:00+05:30,137.37,137.37,137.37,137.37,0.0
1980-11-26T00:00:00+05:30,137.1,137.1,137.1,137.1,0.0
1980-11-27T00:00:00+05:30,138.26,138.26,138.26,138.26,0.0
1980-11-28T00:00:00+05:30,140.14,140.14,140.14,140.14,0.0
1980-12-02T00:00:00+05:30,141.32,141.32,141.32,141.32,0.0
1980-12-03T00:00:00+05:30,142.72,142.72,142.72,142.72,0.0
1980-12-10T00:00:00+05:30,142.88,142.88,142.88,142.88,0.0
1980-12-11T00:00:00+05:30,145.0,145.0,145.0,145.0,0.0
1980-12-12T00:00:00+05:30,147.44,147.44,147.44,147.44,0.0
1980-12-16T00:00:00+05:30,147.62,147.62,147.62,147.62,0.0
1980-12-17T00:00:00+05:30,147.07,147.07,147.07,147.07,0.0
1980-12-18T00:00:00+05:30,145.84,145.84,145.84,145.84,0.0
1980-12-19T00:00:00+05:30,146.66,146.66,146.66,146.66,0.0
1980-12-22T00:00:00+05:30,148.47,148.47,148.47,148.47,0.0
1980-12-23T00:00:00+05:30,148.25,148.25,148.25,148.25,0.0
1981-01-02T00:00:00+05:30,152.26,152.26,152.26,152.26,0.0
1981-01-06T00:00:00+05:30,151.54,151.54,151.54,151.54,0.0
1981-01-07T00:00:00+05:30,151.72,151.72,151.72,151.72,0.0
1981-01-08T00:00:00+05:30,151.22,151.22,151.22,151.22,0.0
1981-01-09T00:00:00+05:30,151.35,151.35,151.35,151.35,0.0
1981-01-12T00:00:00+05:30,148.62,148.62,148.62,148.62,0.0
1981-01-13T00:00:00+05:30,147.59,147.59,147.59,147.59,0.0
1981-01-14T00:00:00+05:30,148.07,148.07,148.07,148.07,0.0
1981-01-15T00:00:00+05:30,147.42,147.42,147.42,147.42,0.0
1981-01-27T00:00:00+05:30,148.33,148.33,148.33,148.33,0.0
1981-01-28T00:00:00+05:30,148.73,148.73,148.73,148.73,0.0
1981-01-29T00:00:00+05:30,146.63,146.63,146.63,146.63,0.0
1981-02-04T00:00:00+05:30,152.11,152.11,152.11,152.11,0.0
1981-02-05T00:00:00+05:30,151.75,151.75,151.75,151.75,0.0
1981-02-06T00:00:00+05:30,152.33,152.33,152.33,152.33,0.0
1981-02-10T00:00:00+05:30,155.4,155.4,155.4,155.4,0.0
1981-02-11T00:00:00+05:30,155.29,155.29,155.29,155.29,0.0
1981-02-12T00:00:00+05:30,155.41,155.41,155.41,155.41,0.0
1981-02-13T00:00:00+05:30,151.34,151.34,151.34,151.34,0.0
1981-02-17T00:00:00+05:30,157.49,157.49,157.49,157.49,0.0
1981-02-18T00:00:00+05:30,158.64,158.64,158.64,158.64,0.0
1981-02-19T00:00:00+05:30,158.7,158.7,158.7,158.7,0.0
1981-02-20T00:00:00+05:30,158.77,158.77,158.77,158.77,0.0
1981-02-23T00:00:00+05:30,159.34,159.34,159.34,159.34,0.0
1981-02-24T00:00:00+05:30,158.75,158.75,158.75,158.75,0.0
1981-02-25T00:00:00+05:30,157.68,157.68,157.68,157.68,0.0
1981-02-26T00:00:00+05:30,157.66,157.66,157.66,157.66,0.0
1981-03-02T00:00:00+05:30,160.49,160.49,160.49,160.49,0.0
1981-03-03T00:00:00+05:30,163.4,163.4,163.4,163.4,0.0
1981-03-05T00:00:00+05:30,165.21,165.21,165.21,165.21,0.0
1981-03-09T00:00:00+05:30,165.86,165.86,165.86,165.86,0.0
1981-03-10T00:00:00+05:30,166.77,166.77,166.77,166.77,0.0
1981-03-12T00:00:00+05:30,166.94,166.94,166.94,166.94,0.0
1981-03-17T00:00:00+05:30,167.16,167.16,167.16,167.16,0.0
1981-03-18T00:00:00+05:30,165.09,165.09,165.09,165.09,0.0
1981-03-19T00:00:00+05:30,164.39,164.39,164.39,164.39,0.0
1981-03-20T00:00:00+05:30,166.08,166.08,166.08,166.08,0.0
1981-03-23T00:00:00+05:30,167.57,167.57,167.57,167.57,0.0
1981-03-24T00:00:00+05:30,167.95,167.95,167.95,167.95,0.0
1981-03-25T00:00:00+05:30,167.79,167.79,167.79,167.79,0.0
1981-03-26T00:00:00+05:30,167.42,167.42,167.42,167.42,0.0
1981-03-27T00:00:00+05:30,169.49,169.49,169.49,169.49,0.0
1981-03-31T00:00:00+05:30,173.44,173.44,173.44,173.44,0.0
1981-04-01T00:00:00+05:30,173.79,173.79,173.79,173.79,0.0
1981-04-02T00:00:00+05:30,173.29,173.29,173.29,173.29,0.0
1981-04-03T00:00:00+05:30,173.49,173.49,173.49,173.49,0.0
1981-04-06T00:00:00+05:30,174.6,174.6,174.6,174.6,0.0
1981-04-07T00:00:00+05:30,172.81,172.81,172.81,172.81,0.0
1981-04-08T00:00:00+05:30,173.57,173.57,173.57,173.57,0.0
1981-04-10T00:00:00+05:30,177.36,177.36,177.36,177.36,0.0
1981-04-14T00:00:00+05:30,180.59,180.59,180.59,180.59,0.0
1981-04-15T00:00:00+05:30,182.35,182.35,182.35,182.35,0.0
1981-04-16T00:00:00+05:30,182.44,182.44,182.44,182.44,0.0
1981-04-20T00:00:00+05:30,179.48,179.48,179.48,179.48,0.0
1981-04-21T00:00:00+05:30,180.89,180.89,180.89,180.89,0.0
1981-04-22T00:00:00+05:30,181.39,181.39,181.39,181.39,0.0
1981-04-24T00:00:00+05:30,185.68,185.68,185.68,185.68,0.0
1981-04-29T00:00:00+05:30,186.29,186.29,186.29,186.29,0.0
1981-05-04T00:00:00+05:30,178.52,178.52,178.52,178.52,0.0
1981-05-06T00:00:00+05:30,181.28,181.28,181.28,181.28,0.0
1981-05-07T00:00:00+05:30,181.4,181.4,181.4,181.4,0.0
1981-05-14T00:00:00+05:30,181.9,181.9,181.9,181.9,0.0
1981-05-15T00:00:00+05:30,181.93,181.93,181.93,181.93,0.0
1981-05-19T00:00:00+05:30,182.29,182.29,182.29,182.29,0.0
1981-05-20T00:00:00+05:30,181.47,181.47,181.47,181.47,0.0
1981-05-21T00:00:00+05:30,180.89,180.89,180.89,180.89,0.0
1981-05-26T00:00:00+05:30,176.94,176.94,176.94,176.94,0.0
1981-05-27T00:00:00+05:30,177.95,177.95,177.95,177.95,0.0
1981-05-28T00:00:00+05:30,177.06,177.06,177.06,177.06,0.0
1981-06-01T00:00:00+05:30,182.43,182.43,182.43,182.43,0.0
1981-06-02T00:00:00+05:30,181.65,181.65,181.65,181.65,0.0
1981-06-03T00:00:00+05:30,181.62,181.62,181.62,181.62,0.0
1981-06-04T00:00:00+05:30,181.84,181.84,181.84,181.84,0.0
1981-06-05T00:00:00+05:30,184.99,184.99,184.99,184.99,0.0
1981-06-09T00:00:00+05:30,188.37,188.37,188.37,188.37,0.0
1981-06-10T00:00:00+05:30,189.61,189.61,189.61,189.61,0.0
1981-06-11T00:00:00+05:30,189.64,189.64,189.64,189.64,0.0
1981-06-12T00:00:00+05:30,192.83,192.83,192.83,192.83,0.0
1981-06-15T00:00:00+05:30,186.76,186.76,186.76,186.76,0.0
1981-06-16T00:00:00+05:30,188.99,188.99,188.99,188.99,0.0
1981-06-17T00:00:00+05:30,190.56,190.56,190.56,190.56,0.0
1981-06-18T00:00:00+05:30,193.13,193.13,193.13,193.13,0.0
1981-06-19T00:00:00+05:30,199.1,199.1,199.1,199.1,0.0
1981-06-23T00:00:00+05:30,205.51,205.51,205.51,205.51,0.0
1981-06-24T00:00:00+05:30,208.96,208.96,208.96,208.96,0.0
1981-06-25T00:00:00+05:30,208.72,208.72,208.72,208.72,0.0
1981-06-26T00:00:00+05:30,211.64,211.64,211.64,211.64,0.0
1981-07-02T00:00:00+05:30,206.08,206.08,206.08,206.08,0.0
1981-07-17T00:00:00+05:30,197.1,197.1,197.1,197.1,0.0
1981-07-21T00:00:00+05:30,208.2,208.2,208.2,208.2,0.0
1981-07-22T00:00:00+05:30,213.16,213.16,213.16,213.16,0.0
1981-07-23T00:00:00+05:30,212.1,212.1,212.1,212.1,0.0
1981-07-24T00:00:00+05:30,206.16,206.16,206.16,206.16,0.0
1981-07-27T00:00:00+05:30,208.52,208.52,208.52,208.52,0.0
1981-07-28T00:00:00+05:30,207.94,207.94,207.94,207.94,0.0
1981-07-29T00:00:00+05:30,207.74,207.74,207.74,207.74,0.0
1981-07-31T00:00:00+05:30,208.02,208.02,208.02,208.02,0.0
1981-08-04T00:00:00+05:30,202.08,202.08,202.08,202.08,0.0
1981-08-05T00:00:00+05:30,202.28,202.28,202.28,202.28,0.0
1981-08-06T00:00:00+05:30,205.1,205.1,205.1,205.1,0.0
1981-08-07T00:00:00+05:30,204.77,204.77,204.77,204.77,0.0
1981-08-10T00:00:00+05:30,207.05,207.05,207.05,207.05,0.0
1981-08-11T00:00:00+05:30,205.69,205.69,205.69,205.69,0.0
1981-08-12T00:00:00+05:30,201.85,201.85,201.85,201.85,0.0
1981-08-14T00:00:00+05:30,204.46,204.46,204.46,204.46,0.0
1981-08-18T00:00:00+05:30,205.45,205.45,205.45,205.45,0.0
1981-08-19T00:00:00+05:30,200.69,200.69,200.69,200.69,0.0
1981-08-20T00:00:00+05:30,197.0,197.0,197.0,197.0,0.0
1981-08-21T00:00:00+05:30,196.05,196.05,196.05,196.05,0.0
1981-08-24T00:00:00+05:30,197.23,197.23,197.23,197.23,0.0
1981-08-25T00:00:00+05:30,193.57,193.57,193.57,193.57,0.0
1981-08-27T00:00:00+05:30,191.88,191.88,191.88,191.88,0.0
1981-08-28T00:00:00+05:30,193.49,193.49,193.49,193.49,0.0
1981-09-01T00:00:00+05:30,191.62,191.62,191.62,191.62,0.0
1981-09-04T00:00:00+05:30,193.05,193.05,193.05,193.05,0.0
1981-09-07T00:00:00+05:30,192.23,192.23,192.23,192.23,0.0
1981-09-08T00:00:00+05:30,189.48,189.48,189.48,189.48,0.0
1981-09-09T00:00:00+05:30,187.85,187.85,187.85,187.85,0.0
1981-09-10T00:00:00+05:30,190.43,190.43,190.43,190.43,0.0
1981-09-11T00:00:00+05:30,191.1,191.1,191.1,191.1,0.0
1981-09-15T00:00:00+05:30,193.11,193.11,193.11,193.11,0.0
1981-09-16T00:00:00+05:30,196.57,196.57,196.57,196.57,0.0
1981-09-17T00:00:00+05:30,200.64,200.64,200.64,200.64,0.0
1981-09-18T00:00:00+05:30,199.49,199.49,199.49,199.49,0.0
1981-09-21T00:00:00+05:30,200.72,200.72,200.72,200.72,0.0
1981-09-22T00:00:00+05:30,200.77,200.77,200.77,200.77,0.0
1981-09-24T00:00:00+05:30,204.26,204.26,204.26,204.26,0.0
1981-09-25T00:00:00+05:30,203.78,203.78,203.78,203.78,0.0
1981-09-29T00:00:00+05:30,206.42,206.42,206.42,206.42,0.0
1981-09-30T00:00:00+05:30,205.4,205.4,205.4,205.4,0.0
1981-10-01T00:00:00+05:30,205.35,205.35,205.35,205.35,0.0
1981-10-05T00:00:00+05:30,207.71,207.71,207.71,207.71,0.0
1981-10-06T00:00:00+05:30,207.73,207.73,207.73,207.73,0.0
1981-10-07T00:00:00+05:30,206.39,206.39,206.39,206.39,0.0
1981-10-14T00:00:00+05:30,208.06,208.06,208.06,208.06,0.0
1981-10-15T00:00:00+05:30,208.81,208.81,208.81,208.81,0.0
1981-10-16T00:00:00+05:30,208.67,208.67,208.67,208.67,0.0
1981-10-19T00:00:00+05:30,210.05,210.05,210.05,210.05,0.0
1981-10-20T00:00:00+05:30,210.65,210.65,210.65,210.65,0.0
1981-10-21T00:00:00+05:30,209.87,209.87,209.87,209.87,0.0
1981-10-22T00:00:00+05:30,208.07,208.07,208.07,208.07,0.0
1981-10-23T00:00:00+05:30,208.08,208.08,208.08,208.08,0.0
1981-10-27T00:00:00+05:30,208.42,208.42,208.42,208.42,0.0
1981-10-29T00:00:00+05:30,207.78,207.78,207.78,207.78,0.0
1981-10-30T00:00:00+05:30,208.4,208.4,208.4,208.4,0.0
1981-11-04T00:00:00+05:30,217.19,217.19,217.19,217.19,0.0
1981-11-05T00:00:00+05:30,216.26,216.26,216.26,216.26,0.0
1981-11-06T00:00:00+05:30,218.28,218.28,218.28,218.28,0.0
1981-11-10T00:00:00+05:30,219.3,219.3,219.3,219.3,0.0
1981-11-12T00:00:00+05:30,219.1,219.1,219.1,219.1,0.0
1981-11-20T00:00:00+05:30,214.44,214.44,214.44,214.44,0.0
1981-11-23T00:00:00+05:30,215.34,215.34,215.34,215.34,0.0
1981-11-24T00:00:00+05:30,215.05,215.05,215.05,215.05,0.0
1981-11-25T00:00:00+05:30,215.74,215.74,215.74,215.74,0.0
1981-11-27T00:00:00+05:30,214.56,214.56,214.56,214.56,0.0
1981-12-02T00:00:00+05:30,210.72,210.72,210.72,210.72,0.0
1981-12-03T00:00:00+05:30,215.16,215.16,215.16,215.16,0.0
1981-12-04T00:00:00+05:30,215.05,215.05,215.05,215.05,0.0
1981-12-07T00:00:00+05:30,215.14,215.14,215.14,215.14,0.0
1981-12-08T00:00:00+05:30,215.38,215.38,215.38,215.38,0.0
1981-12-09T00:00:00+05:30,215.58,215.58,215.58,215.58,0.0
1981-12-10T00:00:00+05:30,215.24,215.24,215.24,215.24,0.0
1981-12-11T00:00:00+05:30,215.02,215.02,215.02,215.02,0.0
1981-12-15T00:00:00+05:30,217.15,217.15,217.15,217.15,0.0
1981-12-21T00:00:00+05:30,220.81,220.81,220.81,220.81,0.0
1981-12-22T00:00:00+05:30,222.91,222.91,222.91,222.91,0.0
1981-12-23T00:00:00+05:30,226.12,226.12,226.12,226.12,0.0
1981-12-24T00:00:00+05:30,227.72,227.72,227.72,227.72,0.0
1982-01-04T00:00:00+05:30,252.89,252.89,252.89,252.89,0.0
1982-01-05T00:00:00+05:30,252.89,252.89,252.89,252.89,0.0
1982-01-06T00:00:00+05:30,252.62,252.62,252.62,252.62,0.0
1982-01-07T00:00:00+05:30,252.01,252.01,252.01,252.01,0.0
1982-01-08T00:00:00+05:30,233.84,233.84,233.84,233.84,0.0
1982-01-12T00:00:00+05:30,233.76,233.76,233.76,233.76,0.0
1982-01-13T00:00:00+05:30,234.51,234.51,234.51,234.51,0.0
1982-01-14T00:00:00+05:30,232.68,232.68,232.68,232.68,0.0
1982-01-15T00:00:00+05:30,230.56,230.56,230.56,230.56,0.0
1982-01-18T00:00:00+05:30,228.82,228.82,228.82,228.82,0.0
1982-01-20T00:00:00+05:30,226.76,226.76,226.76,226.76,0.0
1982-01-21T00:00:00+05:30,222.9,222.9,222.9,222.9,0.0
1982-01-22T00:00:00+05:30,222.06,222.06,222.06,222.06,0.0
1982-01-27T00:00:00+05:30,220.83,220.83,220.83,220.83,0.0
1982-01-28T00:00:00+05:30,221.63,221.63,221.63,221.63,0.0
1982-01-29T00:00:00+05:30,219.93,219.93,219.93,219.93,0.0
1982-02-01T00:00:00+05:30,218.99,218.99,218.99,218.99,0.0
1982-02-02T00:00:00+05:30,221.58,221.58,221.58,221.58,0.0
1982-02-03T00:00:00+05:30,224.21,224.21,224.21,224.21,0.0
1982-02-04T00:00:00+05:30,225.05,225.05,225.05,225.05,0.0
1982-02-05T00:00:00+05:30,230.4,230.4,230.4,230.4,0.0
1982-02-10T00:00:00+05:30,232.71,232.71,232.71,232.71,0.0
1982-02-11T00:00:00+05:30,233.19,233.19,233.19,233.19,0.0
1982-02-12T00:00:00+05:30,229.66,229.66,229.66,229.66,0.0
1982-02-15T00:00:00+05:30,234.79,234.79,234.79,234.79,0.0
1982-02-16T00:00:00+05:30,232.85,232.85,232.85,232.85,0.0
1982-02-17T00:00:00+05:30,232.08,232.08,232.08,232.08,0.0
1982-02-18T00:00:00+05:30,231.03,231.03,231.03,231.03,0.0
1982-02-19T00:00:00+05:30,229.93,229.93,229.93,229.93,0.0
1982-02-23T00:00:00+05:30,229.35,229.35,229.35,229.35,0.0
1982-02-24T00:00:00+05:30,229.73,229.73,229.73,229.73,0.0
1982-02-25T00:00:00+05:30,229.5,229.5,229.5,229.5,0.0
1982-02-26T00:00:00+05:30,228.47,228.47,228.47,228.47,0.0
1982-03-01T00:00:00+05:30,233.55,233.55,233.55,233.55,0.0
1982-03-02T00:00:00+05:30,237.48,237.48,237.48,237.48,0.0
1982-03-03T00:00:00+05:30,238.75,238.75,238.75,238.75,0.0
1982-03-04T00:00:00+05:30,238.32,238.32,238.32,238.32,0.0
1982-03-05T00:00:00+05:30,240.11,240.11,240.11,240.11,0.0
1982-03-09T00:00:00+05:30,237.27,237.27,237.27,237.27,0.0
1982-03-11T00:00:00+05:30,232.71,232.71,232.71,232.71,0.0
1982-03-12T00:00:00+05:30,232.29,232.29,232.29,232.29,0.0
1982-03-15T00:00:00+05:30,230.25,230.25,230.25,230.25,0.0
1982-03-16T00:00:00+05:30,226.67,226.67,226.67,226.67,0.0
1982-03-17T00:00:00+05:30,221.2,221.2,221.2,221.2,0.0
1982-03-18T00:00:00+05:30,210.24,210.24,210.24,210.24,0.0
1982-03-24T00:00:00+05:30,216.85,216.85,216.85,216.85,0.0
1982-03-25T00:00:00+05:30,222.22,222.22,222.22,222.22,0.0
1982-03-29T00:00:00+05:30,219.62,219.62,219.62,219.62,0.0
1982-03-30T00:00:00+05:30,213.79,213.79,213.79,213.79,0.0
1982-03-31T00:00:00+05:30,217.71,217.71,217.71,217.71,0.0
1982-04-01T00:00:00+05:30,220.93,220.93,220.93,220.93,0.0
1982-04-12T00:00:00+05:30,223.53,223.53,223.53,223.53,0.0
1982-04-13T00:00:00+05:30,223.82,223.82,223.82,223.82,0.0
1982-04-14T00:00:00+05:30,221.71,221.71,221.71,221.71,0.0
1982-04-15T00:00:00+05:30,219.35,219.35,219.35,219.35,0.0
1982-04-16T00:00:00+05:30,221.42,221.42,221.42,221.42,0.0
1982-04-21T00:00:00+05:30,218.15,218.15,218.15,218.15,0.0
1982-04-22T00:00:00+05:30,220.84,220.84,220.84,220.84,0.0
1982-04-23T00:00:00+05:30,223.17,223.17,223.17,223.17,0.0
1982-04-26T00:00:00+05:30,223.04,223.04,223.04,223.04,0.0
1982-04-27T00:00:00+05:30,222.56,222.56,222.56,222.56,0.0
1982-04-28T00:00:00+05:30,225.74,225.74,225.74,225.74,0.0
1982-04-29T00:00:00+05:30,225.9,225.9,225.9,225.9,0.0
1982-05-05T00:00:00+05:30,231.38,231.38,231.38,231.38,0.0
1982-05-06T00:00:00+05:30,233.61,233.61,233.61,233.61,0.0
1982-05-10T00:00:00+05:30,229.26,229.26,229.26,229.26,0.0
1982-05-11T00:00:00+05:30,228.0,228.0,228.0,228.0,0.0
1982-05-12T00:00:00+05:30,228.16,228.16,228.16,228.16,0.0
1982-05-13T00:00:00+05:30,229.09,229.09,229.09,229.09,0.0
1982-05-14T00:00:00+05:30,229.44,229.44,229.44,229.44,0.0
1982-05-18T00:00:00+05:30,229.24,229.24,229.24,229.24,0.0
1982-05-19T00:00:00+05:30,228.36,228.36,228.36,228.36,0.0
1982-05-24T00:00:00+05:30,229.67,229.67,229.67,229.67,0.0
1982-05-25T00:00:00+05:30,231.79,231.79,231.79,231.79,0.0
1982-05-26T00:00:00+05:30,229.35,229.35,229.35,229.35,0.0
1982-05-27T00:00:00+05:30,228.92,228.92,228.92,228.92,0.0
1982-06-01T00:00:00+05:30,227.25,227.25,227.25,227.25,0.0
1982-06-02T00:00:00+05:30,225.19,225.19,225.19,225.19,0.0
1982-06-03T00:00:00+05:30,225.53,225.53,225.53,225.53,0.0
1982-06-04T00:00:00+05:30,225.24,225.24,225.24,225.24,0.0
1982-06-07T00:00:00+05:30,225.18,225.18,225.18,225.18,0.0
1982-06-08T00:00:00+05:30,224.99,224.99,224.99,224.99,0.0
1982-06-09T00:00:00+05:30,225.55,225.55,225.55,225.55,0.0
1982-06-10T00:00:00+05:30,223.35,223.35,223.35,223.35,0.0
1982-06-11T00:00:00+05:30,220.07,220.07,220.07,220.07,0.0
1982-06-15T00:00:00+05:30,214.02,214.02,214.02,214.02,0.0
1982-06-16T00:00:00+05:30,215.14,215.14,215.14,215.14,0.0
1982-06-17T00:00:00+05:30,217.38,217.38,217.38,217.38,0.0
1982-06-18T00:00:00+05:30,214.79,214.79,214.79,214.79,0.0
1982-06-21T00:00:00+05:30,216.35,216.35,216.35,216.35,0.0
1982-06-22T00:00:00+05:30,215.67,215.67,215.67,215.67,0.0
1982-06-23T00:00:00+05:30,213.87,213.87,213.87,213.87,0.0
1982-06-24T00:00:00+05:30,213.13,213.13,213.13,213.13,0.0
1982-06-25T00:00:00+05:30,205.7,205.7,205.7,205.7,0.0
1982-06-29T00:00:00+05:30,212.81,212.81,212.81,212.81,0.0
1982-07-02T00:00:00+05:30,212.06,212.06,212.06,212.06,0.0
1982-07-05T00:00:00+05:30,211.74,211.74,211.74,211.74,0.0
1982-07-06T00:00:00+05:30,208.45,208.45,208.45,208.45,0.0
1982-07-07T00:00:00+05:30,206.41,206.41,206.41,206.41,0.0
1982-07-08T00:00:00+05:30,207.19,207.19,207.19,207.19,0.0
1982-07-13T00:00:00+05:30,205.79,205.79,205.79,205.79,0.0
1982-07-14T00:00:00+05:30,206.27,206.27,206.27,206.27,0.0
1982-07-15T00:00:00+05:30,207.12,207.12,207.12,207.12,0.0
1982-07-20T00:00:00+05:30,205.32,205.32,205.32,205.32,0.0
1982-07-21T00:00:00+05:30,204.66,204.66,204.66,204.66,0.0
1982-07-22T00:00:00+05:30,205.85,205.85,205.85,205.85,0.0
1982-07-26T00:00:00+05:30,208.4,208.4,208.4,208.4,0.0
1982-07-27T00:00:00+05:30,212.17,212.17,212.17,212.17,0.0
1982-07-28T00:00:00+05:30,213.96,213.96,213.96,213.96,0.0
1982-07-30T00:00:00+05:30,215.83,215.83,215.83,215.83,0.0
1982-08-03T00:00:00+05:30,216.37,216.37,216.37,216.37,0.0
1982-08-05T00:00:00+05:30,214.71,214.71,214.71,214.71,0.0
1982-08-06T00:00:00+05:30,214.71,214.71,214.71,214.71,0.0
1982-08-09T00:00:00+05:30,213.58,213.58,213.58,213.58,0.0
1982-08-10T00:00:00+05:30,214.38,214.38,214.38,214.38,0.0
1982-08-11T00:00:00+05:30,215.74,215.74,215.74,215.74,0.0
1982-08-13T00:00:00+05:30,215.53,215.53,215.53,215.53,0.0
1982-08-17T00:00:00+05:30,214.76,214.76,214.76,214.76,0.0
1982-08-20T00:00:00+05:30,213.21,213.21,213.21,213.21,0.0
1982-08-24T00:00:00+05:30,214.16,214.16,214.16,214.16,0.0
1982-08-25T00:00:00+05:30,214.79,214.79,214.79,214.79,0.0
1982-08-27T00:00:00+05:30,214.85,214.85,214.85,214.85,0.0
1982-08-31T00:00:00+05:30,213.99,213.99,213.99,213.99,0.0
1982-09-01T00:00:00+05:30,212.95,212.95,212.95,212.95,0.0
1982-09-02T00:00:00+05:30,213.84,213.84,213.84,213.84,0.0
1982-09-03T00:00:00+05:30,214.92,214.92,214.92,214.92,0.0
1982-09-06T00:00:00+05:30,217.13,217.13,217.13,217.13,0.0
1982-09-07T00:00:00+05:30,219.55,219.55,219.55,219.55,0.0
1982-09-08T00:00:00+05:30,218.6,218.6,218.6,218.6,0.0
1982-09-09T00:00:00+05:30,220.54,220.54,220.54,220.54,0.0
1982-09-10T00:00:00+05:30,218.82,218.82,218.82,218.82,0.0
1982-09-14T00:00:00+05:30,219.52,219.52,219.52,219.52,0.0
1982-09-16T00:00:00+05:30,219.45,219.45,219.45,219.45,0.0
1982-09-17T00:00:00+05:30,219.97,219.97,219.97,219.97,0.0
1982-09-20T00:00:00+05:30,219.85,219.85,219.85,219.85,0.0
1982-09-21T00:00:00+05:30,220.79,220.79,220.79,220.79,0.0
1982-09-22T00:00:00+05:30,221.92,221.92,221.92,221.92,0.0
1982-09-23T00:00:00+05:30,220.65,220.65,220.65,220.65,0.0
1982-09-24T00:00:00+05:30,224.09,224.09,224.09,224.09,0.0
1982-09-29T00:00:00+05:30,227.87,227.87,227.87,227.87,0.0
1982-09-30T00:00:00+05:30,228.22,228.22,228.22,228.22,0.0
1982-10-01T00:00:00+05:30,229.58,229.58,229.58,229.58,0.0
1982-10-04T00:00:00+05:30,227.37,227.37,227.37,227.37,0.0
1982-10-05T00:00:00+05:30,227.14,227.14,227.14,227.14,0.0
1982-10-06T00:00:00+05:30,226.66,226.66,226.66,226.66,0.0
1982-10-07T00:00:00+05:30,226.41,226.41,226.41,226.41,0.0
1982-10-08T00:00:00+05:30,222.72,222.72,222.72,222.72,0.0
1982-10-14T00:00:00+05:30,225.91,225.91,225.91,225.91,0.0
1982-10-15T00:00:00+05:30,221.57,221.57,221.57,221.57,0.0
1982-10-18T00:00:00+05:30,222.4,222.4,222.4,222.4,0.0
1982-10-20T00:00:00+05:30,218.48,218.48,218.48,218.48,0.0
1982-10-21T00:00:00+05:30,219.39,219.39,219.39,219.39,0.0
1982-10-22T00:00:00+05:30,218.94,218.94,218.94,218.94,0.0
1982-10-25T00:00:00+05:30,218.93,218.93,218.93,218.93,0.0
1982-10-26T00:00:00+05:30,220.06,220.06,220.06,220.06,0.0
1982-10-28T00:00:00+05:30,222.14,222.14,222.14,222.14,0.0
1982-11-02T00:00:00+05:30,221.8,221.8,221.8,221.8,0.0
1982-11-03T00:00:00+05:30,221.37,221.37,221.37,221.37,0.0
1982-11-04T00:00:00+05:30,222.84,222.84,222.84,222.84,0.0
1982-11-05T00:00:00+05:30,217.64,217.64,217.64,217.64,0.0
1982-11-09T00:00:00+05:30,222.54,222.54,222.54,222.54,0.0
1982-11-10T00:00:00+05:30,221.41,221.41,221.41,221.41,0.0
1982-11-11T00:00:00+05:30,222.15,222.15,222.15,222.15,0.0
1982-11-15T00:00:00+05:30,221.42,221.42,221.42,221.42,0.0
1982-11-18T00:00:00+05:30,222.84,222.84,222.84,222.84,0.0
1982-11-19T00:00:00+05:30,224.66,224.66,224.66,224.66,0.0
1982-11-22T00:00:00+05:30,226.31,226.31,226.31,226.31,0.0
1982-11-23T00:00:00+05:30,226.49,226.49,226.49,226.49,0.0
1982-11-24T00:00:00+05:30,225.38,225.38,225.38,225.38,0.0
1982-11-25T00:00:00+05:30,227.2,227.2,227.2,227.2,0.0
1982-11-26T00:00:00+05:30,227.97,227.97,227.97,227.97,0.0
1982-12-01T00:00:00+05:30,231.49,231.49,231.49,231.49,0.0
1982-12-02T00:00:00+05:30,231.27,231.27,231.27,231.27,0.0
1982-12-03T00:00:00+05:30,232.09,232.09,232.09,232.09,0.0
1982-12-06T00:00:00+05:30,231.15,231.15,231.15,231.15,0.0
1982-12-07T00:00:00+05:30,229.76,229.76,229.76,229.76,0.0
1982-12-08T00:00:00+05:30,231.5,231.5,231.5,231.5,0.0
1982-12-09T00:00:00+05:30,233.18,233.18,233.18,233.18,0.0
1982-12-10T00:00:00+05:30,234.85,234.85,234.85,234.85,0.0
1982-12-14T00:00:00+05:30,232.36,232.36,232.36,232.36,0.0
1982-12-16T00:00:00+05:30,231.09,231.09,231.09,231.09,0.0
1982-12-17T00:00:00+05:30,231.47,231.47,231.47,231.47,0.0
1982-12-20T00:00:00+05:30,232.1,232.1,232.1,232.1,0.0
1982-12-21T00:00:00+05:30,233.75,233.75,233.75,233.75,0.0
1982-12-22T00:00:00+05:30,234.1,234.1,234.1,234.1,0.0
1982-12-23T00:00:00+05:30,236.02,236.02,236.02,236.02,0.0
1982-12-24T00:00:00+05:30,235.83,235.83,235.83,235.83,0.0
1983-01-03T00:00:00+05:30,236.62,236.62,236.62,236.62,0.0
1983-01-04T00:00:00+05:30,235.1,235.1,235.1,235.1,0.0
1983-01-05T00:00:00+05:30,235.14,235.14,235.14,235.14,0.0
1983-01-06T00:00:00+05:30,233.22,233.22,233.22,233.22,0.0
1983-01-07T00:00:00+05:30,230.83,230.83,230.83,230.83,0.0
1983-01-11T00:00:00+05:30,229.33,229.33,229.33,229.33,0.0
1983-01-12T00:00:00+05:30,230.88,230.88,230.88,230.88,0.0
1983-01-13T00:00:00+05:30,229.44,229.44,229.44,229.44,0.0
1983-01-14T00:00:00+05:30,230.11,230.11,230.11,230.11,0.0
1983-01-17T00:00:00+05:30,229.95,229.95,229.95,229.95,0.0
1983-01-18T00:00:00+05:30,227.17,227.17,227.17,227.17,0.0
1983-01-19T00:00:00+05:30,224.22,224.22,224.22,224.22,0.0
1983-01-20T00:00:00+05:30,222.01,222.01,222.01,222.01,0.0
1983-01-21T00:00:00+05:30,220.92,220.92,220.92,220.92,0.0
1983-01-25T00:00:00+05:30,222.93,222.93,222.93,222.93,0.0
1983-01-27T00:00:00+05:30,222.48,222.48,222.48,222.48,0.0
1983-01-28T00:00:00+05:30,221.94,221.94,221.94,221.94,0.0
1983-01-31T00:00:00+05:30,221.66,221.66,221.66,221.66,0.0
1983-02-01T00:00:00+05:30,222.64,222.64,222.64,222.64,0.0
1983-02-02T00:00:00+05:30,222.1,222.1,222.1,222.1,0.0
1983-02-03T00:00:00+05:30,219.27,219.27,219.27,219.27,0.0
1983-02-04T00:00:00+05:30,216.94,216.94,216.94,216.94,0.0
1983-02-08T00:00:00+05:30,220.14,220.14,220.14,220.14,0.0
1983-02-09T00:00:00+05:30,221.36,221.36,221.36,221.36,0.0
1983-02-10T00:00:00+05:30,221.3,221.3,221.3,221.3,0.0
1983-02-14T00:00:00+05:30,216.83,216.83,216.83,216.83,0.0
1983-02-15T00:00:00+05:30,220.15,220.15,220.15,220.15,0.0
1983-02-16T00:00:00+05:30,220.9,220.9,220.9,220.9,0.0
1983-02-17T00:00:00+05:30,221.83,221.83,221.83,221.83,0.0
1983-02-18T00:00:00+05:30,222.64,222.64,222.64,222.64,0.0
1983-02-22T00:00:00+05:30,222.42,222.42,222.42,222.42,0.0
1983-02-23T00:00:00+05:30,222.14,222.14,222.14,222.14,0.0
1983-02-24T00:00:00+05:30,221.62,221.62,221.62,221.62,0.0
1983-02-25T00:00:00+05:30,222.34,222.34,222.34,222.34,0.0
1983-02-28T00:00:00+05:30,218.82,218.82,218.82,218.82,0.0
1983-03-02T00:00:00+05:30,219.71,219.71,219.71,219.71,0.0
1983-03-03T00:00:00+05:30,219.83,219.83,219.83,219.83,0.0
1983-03-04T00:00:00+05:30,220.45,220.45,220.45,220.45,0.0
1983-03-08T00:00:00+05:30,218.55,218.55,218.55,218.55,0.0
1983-03-09T00:00:00+05:30,218.03,218.03,218.03,218.03,0.0
1983-03-10T00:00:00+05:30,216.41,216.41,216.41,216.41,0.0
1983-03-11T00:00:00+05:30,215.3,215.3,215.3,215.3,0.0
1983-03-14T00:00:00+05:30,214.26,214.26,214.26,214.26,0.0
1983-03-15T00:00:00+05:30,216.34,216.34,216.34,216.34,0.0
1983-03-16T00:00:00+05:30,216.3,216.3,216.3,216.3,0.0
1983-03-17T00:00:00+05:30,214.11,214.11,214.11,214.11,0.0
1983-03-18T00:00:00+05:30,215.73,215.73,215.73,215.73,0.0
1983-03-22T00:00:00+05:30,214.39,214.39,214.39,214.39,0.0
1983-03-23T00:00:00+05:30,212.12,212.12,212.12,212.12,0.0
1983-03-24T00:00:00+05:30,209.68,209.68,209.68,209.68,0.0
1983-03-25T00:00:00+05:30,211.51,211.51,211.51,211.51,0.0
1983-03-31T00:00:00+05:30,211.51,211.51,211.51,211.51,0.0
1983-04-05T00:00:00+05:30,212.78,212.78,212.78,212.78,0.0
1983-04-06T00:00:00+05:30,213.84,213.84,213.84,213.84,0.0
1983-04-07T00:00:00+05:30,214.52,214.52,214.52,214.52,0.0
1983-04-08T00:00:00+05:30,213.76,213.76,213.76,213.76,0.0
1983-04-11T00:00:00+05:30,211.27,211.27,211.27,211.27,0.0
1983-04-12T00:00:00+05:30,211.34,211.34,211.34,211.34,0.0
1983-04-13T00:00:00+05:30,210.19,210.19,210.19,210.19,0.0
1983-04-15T00:00:00+05:30,210.39,210.39,210.39,210.39,0.0
1983-04-19T00:00:00+05:30,210.74,210.74,210.74,210.74,0.0
1983-04-20T00:00:00+05:30,207.17,207.17,207.17,207.17,0.0
1983-04-22T00:00:00+05:30,208.64,208.64,208.64,208.64,0.0
1983-04-26T00:00:00+05:30,211.18,211.18,211.18,211.18,0.0
1983-04-27T00:00:00+05:30,213.59,213.59,213.59,213.59,0.0
1983-04-28T00:00:00+05:30,214.16,214.16,214.16,214.16,0.0
1983-05-03T00:00:00+05:30,221.16,221.16,221.16,221.16,0.0
1983-05-04T00:00:00+05:30,221.17,221.17,221.17,221.17,0.0
1983-05-05T00:00:00+05:30,219.93,219.93,219.93,219.93,0.0
1983-05-06T00:00:00+05:30,221.65,221.65,221.65,221.65,0.0
1983-05-09T00:00:00+05:30,228.85,228.85,228.85,228.85,0.0
1983-05-10T00:00:00+05:30,232.0,232.0,232.0,232.0,0.0
1983-05-11T00:00:00+05:30,235.52,235.52,235.52,235.52,0.0
1983-05-12T00:00:00+05:30,238.66,238.66,238.66,238.66,0.0
1983-05-13T00:00:00+05:30,239.71,239.71,239.71,239.71,0.0
1983-05-17T00:00:00+05:30,240.15,240.15,240.15,240.15,0.0
1983-05-18T00:00:00+05:30,234.39,234.39,234.39,234.39,0.0
1983-05-19T00:00:00+05:30,234.82,234.82,234.82,234.82,0.0
1983-05-20T00:00:00+05:30,233.71,233.71,233.71,233.71,0.0
1983-05-23T00:00:00+05:30,231.64,231.64,231.64,231.64,0.0
1983-05-24T00:00:00+05:30,231.66,231.66,231.66,231.66,0.0
1983-05-25T00:00:00+05:30,231.68,231.68,231.68,231.68,0.0
1983-05-27T00:00:00+05:30,233.85,233.85,233.85,233.85,0.0
1983-05-31T00:00:00+05:30,237.42,237.42,237.42,237.42,0.0
1983-06-01T00:00:00+05:30,237.99,237.99,237.99,237.99,0.0
1983-06-02T00:00:00+05:30,239.54,239.54,239.54,239.54,0.0
1983-06-03T00:00:00+05:30,239.72,239.72,239.72,239.72,0.0
1983-06-06T00:00:00+05:30,240.04,240.04,240.04,240.04,0.0
1983-06-07T00:00:00+05:30,241.02,241.02,241.02,241.02,0.0
1983-06-08T00:00:00+05:30,243.17,243.17,243.17,243.17,0.0
1983-06-09T00:00:00+05:30,244.87,244.87,244.87,244.87,0.0
1983-06-10T00:00:00+05:30,244.46,244.46,244.46,244.46,0.0
1983-06-16T00:00:00+05:30,246.16,246.16,246.16,246.16,0.0
1983-06-20T00:00:00+05:30,246.37,246.37,246.37,246.37,0.0
1983-06-21T00:00:00+05:30,241.82,241.82,241.82,241.82,0.0
1983-06-22T00:00:00+05:30,240.11,240.11,240.11,240.11,0.0
1983-06-23T00:00:00+05:30,240.52,240.52,240.52,240.52,0.0
1983-06-27T00:00:00+05:30,238.27,238.27,238.27,238.27,0.0
1983-06-28T00:00:00+05:30,237.97,237.97,237.97,237.97,0.0
1983-06-29T00:00:00+05:30,237.45,237.45,237.45,237.45,0.0
1983-07-26T00:00:00+05:30,236.97,236.97,236.97,236.97,0.0
1983-07-27T00:00:00+05:30,236.73,236.73,236.73,236.73,0.0
1983-07-28T00:00:00+05:30,235.46,235.46,235.46,235.46,0.0
1983-08-02T00:00:00+05:30,234.52,234.52,234.52,234.52,0.0
1983-08-04T00:00:00+05:30,233.29,233.29,233.29,233.29,0.0
1983-08-05T00:00:00+05:30,234.38,234.38,234.38,234.38,0.0
1983-08-08T00:00:00+05:30,234.99,234.99,234.99,234.99,0.0
1983-08-09T00:00:00+05:30,235.72,235.72,235.72,235.72,0.0
1983-08-10T00:00:00+05:30,237.1,237.1,237.1,237.1,0.0
1983-08-11T00:00:00+05:30,237.15,237.15,237.15,237.15,0.0
1983-08-12T00:00:00+05:30,237.91,237.91,237.91,237.91,0.0
1983-08-16T00:00:00+05:30,240.03,240.03,240.03,240.03,0.0
1983-08-17T00:00:00+05:30,237.98,237.98,237.98,237.98,0.0
1983-08-18T00:00:00+05:30,238.53,238.53,238.53,238.53,0.0
1983-08-24T00:00:00+05:30,238.6,238.6,238.6,238.6,0.0
1983-08-25T00:00:00+05:30,238.42,238.42,238.42,238.42,0.0
1983-08-29T00:00:00+05:30,238.16,238.16,238.16,238.16,0.0
1983-08-30T00:00:00+05:30,238.57,238.57,238.57,238.57,0.0
1983-09-01T00:00:00+05:30,238.5,238.5,238.5,238.5,0.0
1983-09-02T00:00:00+05:30,236.95,236.95,236.95,236.95,0.0
1983-09-06T00:00:00+05:30,232.31,232.31,232.31,232.31,0.0
1983-09-08T00:00:00+05:30,232.22,232.22,232.22,232.22,0.0
1983-09-09T00:00:00+05:30,233.1,233.1,233.1,233.1,0.0
1983-09-12T00:00:00+05:30,234.66,234.66,234.66,234.66,0.0
1983-09-13T00:00:00+05:30,234.83,234.83,234.83,234.83,0.0
1983-09-14T00:00:00+05:30,234.69,234.69,234.69,234.69,0.0
1983-09-15T00:00:00+05:30,235.83,235.83,235.83,235.83,0.0
1983-09-20T00:00:00+05:30,238.36,238.36,238.36,238.36,0.0
1983-09-21T00:00:00+05:30,237.75,237.75,237.75,237.75,0.0
1983-09-22T00:00:00+05:30,237.48,237.48,237.48,237.48,0.0
1983-09-23T00:00:00+05:30,237.65,237.65,237.65,237.65,0.0
1983-09-26T00:00:00+05:30,238.37,238.37,238.37,238.37,0.0
1983-09-27T00:00:00+05:30,238.24,238.24,238.24,238.24,0.0
1983-09-28T00:00:00+05:30,237.3,237.3,237.3,237.3,0.0
1983-09-29T00:00:00+05:30,236.56,236.56,236.56,236.56,0.0
1983-09-30T00:00:00+05:30,236.21,236.21,236.21,236.21,0.0
1983-10-04T00:00:00+05:30,238.92,238.92,238.92,238.92,0.0
1983-10-05T00:00:00+05:30,237.11,237.11,237.11,237.11,0.0
1983-10-06T00:00:00+05:30,237.22,237.22,237.22,237.22,0.0
1983-10-07T00:00:00+05:30,236.62,236.62,236.62,236.62,0.0
1983-10-10T00:00:00+05:30,234.72,234.72,234.72,234.72,0.0
1983-10-11T00:00:00+05:30,232.7,232.7,232.7,232.7,0.0
1983-10-12T00:00:00+05:30,232.46,232.46,232.46,232.46,0.0
1983-10-13T00:00:00+05:30,232.19,232.19,232.19,232.19,0.0
1983-10-14T00:00:00+05:30,230.95,230.95,230.95,230.95,0.0
1983-10-19T00:00:00+05:30,228.36,228.36,228.36,228.36,0.0
1983-10-20T00:00:00+05:30,226.86,226.86,226.86,226.86,0.0
1983-10-24T00:00:00+05:30,227.28,227.28,227.28,227.28,0.0
1983-10-25T00:00:00+05:30,226.89,226.89,226.89,226.89,0.0
1983-10-26T00:00:00+05:30,225.94,225.94,225.94,225.94,0.0
1983-10-27T00:00:00+05:30,234.68,234.68,234.68,234.68,0.0
1983-10-28T00:00:00+05:30,236.92,236.92,236.92,236.92,0.0
1983-11-01T00:00:00+05:30,240.08,240.08,240.08,240.08,0.0
1983-11-04T00:00:00+05:30,242.67,242.67,242.67,242.67,0.0
1983-11-07T00:00:00+05:30,238.49,238.49,238.49,238.49,0.0
1983-11-08T00:00:00+05:30,240.12,240.12,240.12,240.12,0.0
1983-11-09T00:00:00+05:30,242.22,242.22,242.22,242.22,0.0
1983-11-10T00:00:00+05:30,240.71,240.71,240.71,240.71,0.0
1983-11-11T00:00:00+05:30,240.01,240.01,240.01,240.01,0.0
1983-11-15T00:00:00+05:30,235.95,235.95,235.95,235.95,0.0
1983-11-16T00:00:00+05:30,236.1,236.1,236.1,236.1,0.0
1983-11-17T00:00:00+05:30,235.81,235.81,235.81,235.81,0.0
1983-11-18T00:00:00+05:30,236.73,236.73,236.73,236.73,0.0
1983-11-21T00:00:00+05:30,237.23,237.23,237.23,237.23,0.0
1983-11-22T00:00:00+05:30,240.73,240.73,240.73,240.73,0.0
1983-11-23T00:00:00+05:30,241.4,241.4,241.4,241.4,0.0
1983-11-24T00:00:00+05:30,241.04,241.04,241.04,241.04,0.0
1983-11-25T00:00:00+05:30,240.67,240.67,240.67,240.67,0.0
1983-11-29T00:00:00+05:30,240.76,240.76,240.76,240.76,0.0
1983-11-30T00:00:00+05:30,240.21,240.21,240.21,240.21,0.0
1983-12-01T00:00:00+05:30,236.01,236.01,236.01,236.01,0.0
1983-12-02T00:00:00+05:30,241.62,241.62,241.62,241.62,0.0
1983-12-05T00:00:00+05:30,241.37,241.37,241.37,241.37,0.0
1983-12-06T00:00:00+05:30,241.06,241.06,241.06,241.06,0.0
1983-12-07T00:00:00+05:30,240.61,240.61,240.61,240.61,0.0
1983-12-08T00:00:00+05:30,240.85,240.85,240.85,240.85,0.0
1983-12-09T00:00:00+05:30,241.99,241.99,241.99,241.99,0.0
1983-12-13T00:00:00+05:30,243.23,243.23,243.23,243.23,0.0
1983-12-14T00:00:00+05:30,244.42,244.42,244.42,244.42,0.0
1983-12-15T00:00:00+05:30,248.0,248.0,248.0,248.0,0.0
1983-12-16T00:00:00+05:30,248.77,248.77,248.77,248.77,0.0
1983-12-19T00:00:00+05:30,248.54,248.54,248.54,248.54,0.0
1983-12-20T00:00:00+05:30,248.1,248.1,248.1,248.1,0.0
1983-12-21T00:00:00+05:30,250.21,250.21,250.21,250.21,0.0
1983-12-22T00:00:00+05:30,251.84,251.84,251.84,251.84,0.0
1983-12-23T00:00:00+05:30,252.92,252.92,252.92,252.92,0.0
1984-01-02T00:00:00+05:30,252.8,252.8,252.8,252.8,0.0
1984-01-04T00:00:00+05:30,255.62,255.62,255.62,255.62,0.0
1984-01-05T00:00:00+05:30,255.84,255.84,255.84,255.84,0.0
1984-01-06T00:00:00+05:30,255.56,255.56,255.56,255.56,0.0
1984-01-10T00:00:00+05:30,253.81,253.81,253.81,253.81,0.0
1984-01-11T00:00:00+05:30,252.8,252.8,252.8,252.8,0.0
1984-01-12T00:00:00+05:30,251.73,251.73,251.73,251.73,0.0
1984-01-13T00:00:00+05:30,251.28,251.28,251.28,251.28,0.0
1984-01-16T00:00:00+05:30,246.01,246.01,246.01,246.01,0.0
1984-01-17T00:00:00+05:30,244.78,244.78,244.78,244.78,0.0
1984-01-18T00:00:00+05:30,242.95,242.95,242.95,242.95,0.0
1984-01-19T00:00:00+05:30,243.48,243.48,243.48,243.48,0.0
1984-01-23T00:00:00+05:30,244.85,244.85,244.85,244.85,0.0
1984-01-24T00:00:00+05:30,245.5,245.5,245.5,245.5,0.0
1984-01-25T00:00:00+05:30,243.4,243.4,243.4,243.4,0.0
1984-01-27T00:00:00+05:30,249.26,249.26,249.26,249.26,0.0
1984-01-30T00:00:00+05:30,248.46,248.46,248.46,248.46,0.0
1984-02-01T00:00:00+05:30,246.9,246.9,246.9,246.9,0.0
1984-02-02T00:00:00+05:30,246.02,246.02,246.02,246.02,0.0
1984-02-03T00:00:00+05:30,247.24,247.24,247.24,247.24,0.0
1984-02-07T00:00:00+05:30,247.35,247.35,247.35,247.35,0.0
1984-02-08T00:00:00+05:30,245.81,245.81,245.81,245.81,0.0
1984-02-09T00:00:00+05:30,246.45,246.45,246.45,246.45,0.0
1984-02-10T00:00:00+05:30,247.95,247.95,247.95,247.95,0.0
1984-02-13T00:00:00+05:30,248.08,248.08,248.08,248.08,0.0
1984-02-14T00:00:00+05:30,248.68,248.68,248.68,248.68,0.0
1984-02-15T00:00:00+05:30,248.66,248.66,248.66,248.66,0.0
1984-02-16T00:00:00+05:30,249.43,249.43,249.43,249.43,0.0
1984-02-17T00:00:00+05:30,249.19,249.19,249.19,249.19,0.0
1984-02-21T00:00:00+05:30,247.13,247.13,247.13,247.13,0.0
1984-02-22T00:00:00+05:30,247.59,247.59,247.59,247.59,0.0
1984-02-23T00:00:00+05:30,247.86,247.86,247.86,247.86,0.0
1984-02-24T00:00:00+05:30,248.23,248.23,248.23,248.23,0.0
1984-02-27T00:00:00+05:30,250.4,250.4,250.4,250.4,0.0
1984-02-28T00:00:00+05:30,252.07,252.07,252.07,252.07,0.0
1984-02-29T00:00:00+05:30,250.47,250.47,250.47,250.47,0.0
1984-03-01T00:00:00+05:30,250.43,250.43,250.43,250.43,0.0
1984-03-02T00:00:00+05:30,249.27,249.27,249.27,249.27,0.0
1984-03-06T00:00:00+05:30,247.39,247.39,247.39,247.39,0.0
1984-03-07T00:00:00+05:30,248.55,248.55,248.55,248.55,0.0
1984-03-08T00:00:00+05:30,244.93,244.93,244.93,244.93,0.0
1984-03-09T00:00:00+05:30,245.47,245.47,245.47,245.47,0.0
1984-03-12T00:00:00+05:30,244.88,244.88,244.88,244.88,0.0
1984-03-13T00:00:00+05:30,243.39,243.39,243.39,243.39,0.0
1984-03-14T00:00:00+05:30,242.63,242.63,242.63,242.63,0.0
1984-03-15T00:00:00+05:30,243.52,243.52,243.52,243.52,0.0
1984-03-20T00:00:00+05:30,241.95,241.95,241.95,241.95,0.0
1984-03-21T00:00:00+05:30,240.13,240.13,240.13,240.13,0.0
1984-03-22T00:00:00+05:30,242.64,242.64,242.64,242.64,0.0
1984-03-23T00:00:00+05:30,243.87,243.87,243.87,243.87,0.0
1984-03-26T00:00:00+05:30,241.98,241.98,241.98,241.98,0.0
1984-03-27T00:00:00+05:30,242.69,242.69,242.69,242.69,0.0
1984-03-28T00:00:00+05:30,243.43,243.43,243.43,243.43,0.0
1984-03-29T00:00:00+05:30,242.53,242.53,242.53,242.53,0.0
1984-03-30T00:00:00+05:30,245.33,245.33,245.33,245.33,0.0
1984-04-03T00:00:00+05:30,246.78,246.78,246.78,246.78,0.0
1984-04-04T00:00:00+05:30,246.05,246.05,246.05,246.05,0.0
1984-04-05T00:00:00+05:30,243.57,243.57,243.57,243.57,0.0
1984-04-06T00:00:00+05:30,243.31,243.31,243.31,243.31,0.0
1984-04-09T00:00:00+05:30,243.01,243.01,243.01,243.01,0.0
1984-04-11T00:00:00+05:30,241.24,241.24,241.24,241.24,0.0
1984-04-12T00:00:00+05:30,240.62,240.62,240.62,240.62,0.0
1984-04-17T00:00:00+05:30,237.59,237.59,237.59,237.59,0.0
1984-04-18T00:00:00+05:30,238.17,238.17,238.17,238.17,0.0
1984-04-19T00:00:00+05:30,239.96,239.96,239.96,239.96,0.0
1984-04-23T00:00:00+05:30,237.22,237.22,237.22,237.22,0.0
1984-04-24T00:00:00+05:30,236.43,236.43,236.43,236.43,0.0
1984-04-25T00:00:00+05:30,238.03,238.03,238.03,238.03,0.0
1984-04-26T00:00:00+05:30,235.82,235.82,235.82,235.82,0.0
1984-04-27T00:00:00+05:30,235.27,235.27,235.27,235.27,0.0
1984-05-02T00:00:00+05:30,236.61,236.61,236.61,236.61,0.0
1984-05-04T00:00:00+05:30,235.15,235.15,235.15,235.15,0.0
1984-05-07T00:00:00+05:30,234.0,234.0,234.0,234.0,0.0
1984-05-08T00:00:00+05:30,233.33,233.33,233.33,233.33,0.0
1984-05-09T00:00:00+05:30,233.11,233.11,233.11,233.11,0.0
1984-05-10T00:00:00+05:30,234.05,234.05,234.05,234.05,0.0
1984-05-11T00:00:00+05:30,235.3,235.3,235.3,235.3,0.0
1984-05-16T00:00:00+05:30,237.01,237.01,237.01,237.01,0.0
1984-05-17T00:00:00+05:30,236.28,236.28,236.28,236.28,0.0
1984-05-18T00:00:00+05:30,235.36,235.36,235.36,235.36,0.0
1984-05-21T00:00:00+05:30,235.1,235.1,235.1,235.1,0.0
1984-05-22T00:00:00+05:30,236.97,236.97,236.97,236.97,0.0
1984-05-23T00:00:00+05:30,236.59,236.59,236.59,236.59,0.0
1984-05-24T00:00:00+05:30,237.27,237.27,237.27,237.27,0.0
1984-05-25T00:00:00+05:30,233.85,233.85,233.85,233.85,0.0
1984-05-29T00:00:00+05:30,238.3,238.3,238.3,238.3,0.0
1984-05-30T00:00:00+05:30,240.74,240.74,240.74,240.74,0.0
1984-05-31T00:00:00+05:30,240.75,240.75,240.75,240.75,0.0
1984-06-01T00:00:00+05:30,240.49,240.49,240.49,240.49,0.0
1984-06-04T00:00:00+05:30,240.63,240.63,240.63,240.63,0.0
1984-06-05T00:00:00+05:30,240.83,240.83,240.83,240.83,0.0
1984-06-06T00:00:00+05:30,241.44,241.44,241.44,241.44,0.0
1984-06-07T00:00:00+05:30,241.76,241.76,241.76,241.76,0.0
1984-06-08T00:00:00+05:30,240.89,240.89,240.89,240.89,0.0
1984-06-12T00:00:00+05:30,239.7,239.7,239.7,239.7,0.0
1984-06-13T00:00:00+05:30,241.0,241.0,241.0,241.0,0.0
1984-06-14T00:00:00+05:30,241.13,241.13,241.13,241.13,0.0
1984-06-15T00:00:00+05:30,241.17,241.17,241.17,241.17,0.0
1984-06-18T00:00:00+05:30,241.56,241.56,241.56,241.56,0.0
1984-06-19T00:00:00+05:30,241.62,241.62,241.62,241.62,0.0
1984-06-20T00:00:00+05:30,242.4,242.4,242.4,242.4,0.0
1984-06-21T00:00:00+05:30,241.68,241.68,241.68,241.68,0.0
1984-06-22T00:00:00+05:30,246.47,246.47,246.47,246.47,0.0
1984-06-26T00:00:00+05:30,247.14,247.14,247.14,247.14,0.0
1984-06-27T00:00:00+05:30,247.42,247.42,247.42,247.42,0.0
1984-06-28T00:00:00+05:30,247.62,247.62,247.62,247.62,0.0
1984-06-29T00:00:00+05:30,249.44,249.44,249.44,249.44,0.0
1984-07-04T00:00:00+05:30,252.55,252.55,252.55,252.55,0.0
1984-07-05T00:00:00+05:30,254.67,254.67,254.67,254.67,0.0
1984-07-06T00:00:00+05:30,254.95,254.95,254.95,254.95,0.0
1984-07-10T00:00:00+05:30,255.43,255.43,255.43,255.43,0.0
1984-07-11T00:00:00+05:30,254.85,254.85,254.85,254.85,0.0
1984-07-12T00:00:00+05:30,255.8,255.8,255.8,255.8,0.0
1984-07-13T00:00:00+05:30,256.65,256.65,256.65,256.65,0.0
1984-07-16T00:00:00+05:30,257.55,257.55,257.55,257.55,0.0
1984-07-17T00:00:00+05:30,257.89,257.89,257.89,257.89,0.0
1984-07-18T00:00:00+05:30,257.06,257.06,257.06,257.06,0.0
1984-07-19T00:00:00+05:30,255.62,255.62,255.62,255.62,0.0
1984-07-20T00:00:00+05:30,256.92,256.92,256.92,256.92,0.0
1984-07-24T00:00:00+05:30,256.35,256.35,256.35,256.35,0.0
1984-07-25T00:00:00+05:30,256.29,256.29,256.29,256.29,0.0
1984-07-26T00:00:00+05:30,253.75,253.75,253.75,253.75,0.0
1984-07-27T00:00:00+05:30,253.62,253.62,253.62,253.62,0.0
1984-07-30T00:00:00+05:30,254.3,254.3,254.3,254.3,0.0
1984-07-31T00:00:00+05:30,253.73,253.73,253.73,253.73,0.0
1984-08-01T00:00:00+05:30,252.14,252.14,252.14,252.14,0.0
1984-08-02T00:00:00+05:30,251.3,251.3,251.3,251.3,0.0
1984-08-07T00:00:00+05:30,252.06,252.06,252.06,252.06,0.0
1984-08-08T00:00:00+05:30,251.87,251.87,251.87,251.87,0.0
1984-08-09T00:00:00+05:30,251.48,251.48,251.48,251.48,0.0
1984-08-10T00:00:00+05:30,251.07,251.07,251.07,251.07,0.0
1984-08-13T00:00:00+05:30,250.95,250.95,250.95,250.95,0.0
1984-08-14T00:00:00+05:30,250.77,250.77,250.77,250.77,0.0
1984-08-16T00:00:00+05:30,248.0,248.0,248.0,248.0,0.0
1984-08-17T00:00:00+05:30,250.29,250.29,250.29,250.29,0.0
1984-08-21T00:00:00+05:30,249.75,249.75,249.75,249.75,0.0
1984-08-22T00:00:00+05:30,248.55,248.55,248.55,248.55,0.0
1984-08-23T00:00:00+05:30,248.48,248.48,248.48,248.48,0.0
1984-08-24T00:00:00+05:30,247.64,247.64,247.64,247.64,0.0
1984-08-28T00:00:00+05:30,247.58,247.58,247.58,247.58,0.0
1984-08-31T00:00:00+05:30,249.14,249.14,249.14,249.14,0.0
1984-09-04T00:00:00+05:30,251.82,251.82,251.82,251.82,0.0
1984-09-05T00:00:00+05:30,252.32,252.32,252.32,252.32,0.0
1984-09-06T00:00:00+05:30,252.24,252.24,252.24,252.24,0.0
1984-09-10T00:00:00+05:30,251.87,251.87,251.87,251.87,0.0
1984-09-11T00:00:00+05:30,251.75,251.75,251.75,251.75,0.0
1984-09-12T00:00:00+05:30,251.14,251.14,251.14,251.14,0.0
1984-09-13T00:00:00+05:30,252.28,252.28,252.28,252.28,0.0
1984-09-14T00:00:00+05:30,254.02,254.02,254.02,254.02,0.0
1984-09-18T00:00:00+05:30,256.28,256.28,256.28,256.28,0.0
1984-09-19T00:00:00+05:30,259.53,259.53,259.53,259.53,0.0
1984-09-20T00:00:00+05:30,259.71,259.71,259.71,259.71,0.0
1984-09-21T00:00:00+05:30,260.37,260.37,260.37,260.37,0.0
1984-09-24T00:00:00+05:30,262.13,262.13,262.13,262.13,0.0
1984-09-25T00:00:00+05:30,261.34,261.34,261.34,261.34,0.0
1984-09-26T00:00:00+05:30,262.22,262.22,262.22,262.22,0.0
1984-09-27T00:00:00+05:30,263.24,263.24,263.24,263.24,0.0
1984-09-28T00:00:00+05:30,265.61,265.61,265.61,265.61,0.0
1984-10-03T00:00:00+05:30,270.3,270.3,270.3,270.3,0.0
1984-10-05T00:00:00+05:30,274.74,274.74,274.74,274.74,0.0
1984-10-08T00:00:00+05:30,275.12,275.12,275.12,275.12,0.0
1984-10-09T00:00:00+05:30,274.47,274.47,274.47,274.47,0.0
1984-10-10T00:00:00+05:30,274.49,274.49,274.49,274.49,0.0
1984-10-11T00:00:00+05:30,276.67,276.67,276.67,276.67,0.0
1984-10-12T00:00:00+05:30,278.97,278.97,278.97,278.97,0.0
1984-10-15T00:00:00+05:30,280.01,280.01,280.01,280.01,0.0
1984-10-16T00:00:00+05:30,279.39,279.39,279.39,279.39,0.0
1984-10-17T00:00:00+05:30,277.93,277.93,277.93,277.93,0.0
1984-10-18T00:00:00+05:30,275.88,275.88,275.88,275.88,0.0
1984-10-19T00:00:00+05:30,275.35,275.35,275.35,275.35,0.0
1984-10-22T00:00:00+05:30,270.12,270.12,270.12,270.12,0.0
1984-10-24T00:00:00+05:30,268.99,268.99,268.99,268.99,0.0
1984-10-26T00:00:00+05:30,270.71,270.71,270.71,270.71,0.0
1984-10-29T00:00:00+05:30,271.19,271.19,271.19,271.19,0.0
1984-10-30T00:00:00+05:30,267.81,267.81,267.81,267.81,0.0
1984-11-05T00:00:00+05:30,262.82,262.82,262.82,262.82,0.0
1984-11-06T00:00:00+05:30,263.12,263.12,263.12,263.12,0.0
1984-11-07T00:00:00+05:30,265.92,265.92,265.92,265.92,0.0
1984-11-09T00:00:00+05:30,267.6,267.6,267.6,267.6,0.0
1984-11-13T00:00:00+05:30,268.59,268.59,268.59,268.59,0.0
1984-11-14T00:00:00+05:30,267.52,267.52,267.52,267.52,0.0
1984-11-15T00:00:00+05:30,266.35,266.35,266.35,266.35,0.0
1984-11-16T00:00:00+05:30,264.76,264.76,264.76,264.76,0.0
1984-11-19T00:00:00+05:30,263.76,263.76,263.76,263.76,0.0
1984-11-20T00:00:00+05:30,264.32,264.32,264.32,264.32,0.0
1984-11-21T00:00:00+05:30,265.45,265.45,265.45,265.45,0.0
1984-11-23T00:00:00+05:30,264.85,264.85,264.85,264.85,0.0
1984-11-28T00:00:00+05:30,261.36,261.36,261.36,261.36,0.0
1984-11-29T00:00:00+05:30,261.1,261.1,261.1,261.1,0.0
1984-11-30T00:00:00+05:30,259.44,259.44,259.44,259.44,0.0
1984-12-03T00:00:00+05:30,259.98,259.98,259.98,259.98,0.0
1984-12-04T00:00:00+05:30,260.1,260.1,260.1,260.1,0.0
1984-12-05T00:00:00+05:30,259.99,259.99,259.99,259.99,0.0
1984-12-07T00:00:00+05:30,260.19,260.19,260.19,260.19,0.0
1984-12-11T00:00:00+05:30,261.17,261.17,261.17,261.17,0.0
1984-12-12T00:00:00+05:30,262.4,262.4,262.4,262.4,0.0
1984-12-13T00:00:00+05:30,265.89,265.89,265.89,265.89,0.0
1984-12-14T00:00:00+05:30,267.94,267.94,267.94,267.94,0.0
1984-12-17T00:00:00+05:30,269.79,269.79,269.79,269.79,0.0
1984-12-18T00:00:00+05:30,269.39,269.39,269.39,269.39,0.0
1984-12-19T00:00:00+05:30,268.66,268.66,268.66,268.66,0.0
1984-12-20T00:00:00+05:30,269.72,269.72,269.72,269.72,0.0
1984-12-21T00:00:00+05:30,271.87,271.87,271.87,271.87,0.0
1985-01-02T00:00:00+05:30,273.41,273.41,273.41,273.41,0.0
1985-01-03T00:00:00+05:30,273.48,273.48,273.48,273.48,0.0
1985-01-04T00:00:00+05:30,273.73,273.73,273.73,273.73,0.0
1985-01-08T00:00:00+05:30,278.84,278.84,278.84,278.84,0.0
1985-01-09T00:00:00+05:30,279.07,279.07,279.07,279.07,0.0
1985-01-10T00:00:00+05:30,276.62,276.62,276.62,276.62,0.0
1985-01-11T00:00:00+05:30,274.93,274.93,274.93,274.93,0.0
1985-01-14T00:00:00+05:30,276.0,276.0,276.0,276.0,0.0
1985-01-15T00:00:00+05:30,274.51,274.51,274.51,274.51,0.0
1985-01-16T00:00:00+05:30,276.27,276.27,276.27,276.27,0.0
1985-01-17T00:00:00+05:30,276.67,276.67,276.67,276.67,0.0
1985-01-18T00:00:00+05:30,281.36,281.36,281.36,281.36,0.0
1985-01-22T00:00:00+05:30,286.46,286.46,286.46,286.46,0.0
1985-01-23T00:00:00+05:30,286.27,286.27,286.27,286.27,0.0
1985-01-24T00:00:00+05:30,285.67,285.67,285.67,285.67,0.0
1985-01-25T00:00:00+05:30,283.85,283.85,283.85,283.85,0.0
1985-01-28T00:00:00+05:30,282.36,282.36,282.36,282.36,0.0
1985-01-29T00:00:00+05:30,284.51,284.51,284.51,284.51,0.0
1985-01-30T00:00:00+05:30,287.45,287.45,287.45,287.45,0.0
1985-01-31T00:00:00+05:30,287.62,287.62,287.62,287.62,0.0
1985-02-01T00:00:00+05:30,295.01,295.01,295.01,295.01,0.0
1985-02-05T00:00:00+05:30,298.52,298.52,298.52,298.52,0.0
1985-02-06T00:00:00+05:30,297.67,297.67,297.67,297.67,0.0
1985-02-07T00:00:00+05:30,297.26,297.26,297.26,297.26,0.0
1985-02-08T00:00:00+05:30,298.08,298.08,298.08,298.08,0.0
1985-02-11T00:00:00+05:30,297.43,297.43,297.43,297.43,0.0
1985-02-12T00:00:00+05:30,296.68,296.68,296.68,296.68,0.0
1985-02-13T00:00:00+05:30,295.19,295.19,295.19,295.19,0.0
1985-02-14T00:00:00+05:30,297.02,297.02,297.02,297.02,0.0
1985-02-15T00:00:00+05:30,300.92,300.92,300.92,300.92,0.0
1985-02-19T00:00:00+05:30,302.64,302.64,302.64,302.64,0.0
1985-02-20T00:00:00+05:30,302.57,302.57,302.57,302.57,0.0
1985-02-21T00:00:00+05:30,307.32,307.32,307.32,307.32,0.0
1985-02-22T00:00:00+05:30,306.57,306.57,306.57,306.57,0.0
1985-02-25T00:00:00+05:30,305.16,305.16,305.16,305.16,0.0
1985-02-26T00:00:00+05:30,303.07,303.07,303.07,303.07,0.0
1985-02-27T00:00:00+05:30,303.22,303.22,303.22,303.22,0.0
1985-02-28T00:00:00+05:30,303.63,303.63,303.63,303.63,0.0
1985-03-01T00:00:00+05:30,305.59,305.59,305.59,305.59,0.0
1985-03-05T00:00:00+05:30,305.71,305.71,305.71,305.71,0.0
1985-03-06T00:00:00+05:30,306.59,306.59,306.59,306.59,0.0
1985-03-08T00:00:00+05:30,309.32,309.32,309.32,309.32,0.0
1985-03-11T00:00:00+05:30,311.26,311.26,311.26,311.26,0.0
1985-03-12T00:00:00+05:30,313.73,313.73,313.73,313.73,0.0
1985-03-13T00:00:00+05:30,316.62,316.62,316.62,316.62,0.0
1985-03-14T00:00:00+05:30,314.17,314.17,314.17,314.17,0.0
1985-03-15T00:00:00+05:30,310.55,310.55,310.55,310.55,0.0
1985-03-18T00:00:00+05:30,320.73,320.73,320.73,320.73,0.0
1985-03-19T00:00:00+05:30,322.17,322.17,322.17,322.17,0.0
1985-03-20T00:00:00+05:30,324.12,324.12,324.12,324.12,0.0
1985-03-21T00:00:00+05:30,340.76,340.76,340.76,340.76,0.0
1985-03-26T00:00:00+05:30,347.56,347.56,347.56,347.56,0.0
1985-03-27T00:00:00+05:30,352.51,352.51,352.51,352.51,0.0
1985-03-28T00:00:00+05:30,353.86,353.86,353.86,353.86,0.0
1985-04-01T00:00:00+05:30,351.4,351.4,351.4,351.4,0.0
1985-04-02T00:00:00+05:30,353.03,353.03,353.03,353.03,0.0
1985-04-04T00:00:00+05:30,353.01,353.01,353.01,353.01,0.0
1985-04-08T00:00:00+05:30,347.0,347.0,347.0,347.0,0.0
1985-04-09T00:00:00+05:30,348.37,348.37,348.37,348.37,0.0
1985-04-11T00:00:00+05:30,346.53,346.53,346.53,346.53,0.0
1985-04-12T00:00:00+05:30,350.7,350.7,350.7,350.7,0.0
1985-04-15T00:00:00+05:30,355.9,355.9,355.9,355.9,0.0
1985-04-16T00:00:00+05:30,361.31,361.31,361.31,361.31,0.0
1985-04-17T00:00:00+05:30,360.53,360.53,360.53,360.53,0.0
1985-04-18T00:00:00+05:30,353.19,353.19,353.19,353.19,0.0
1985-04-19T00:00:00+05:30,356.92,356.92,356.92,356.92,0.0
1985-04-23T00:00:00+05:30,363.4,363.4,363.4,363.4,0.0
1985-04-24T00:00:00+05:30,363.05,363.05,363.05,363.05,0.0
1985-04-26T00:00:00+05:30,376.96,376.96,376.96,376.96,0.0
1985-04-30T00:00:00+05:30,386.95,386.95,386.95,386.95,0.0
1985-05-02T00:00:00+05:30,384.14,384.14,384.14,384.14,0.0
1985-05-03T00:00:00+05:30,369.78,369.78,369.78,369.78,0.0
1985-05-06T00:00:00+05:30,363.05,363.05,363.05,363.05,0.0
1985-05-07T00:00:00+05:30,364.0,364.0,364.0,364.0,0.0
1985-05-08T00:00:00+05:30,365.77,365.77,365.77,365.77,0.0
1985-05-09T00:00:00+05:30,377.49,377.49,377.49,377.49,0.0
1985-05-10T00:00:00+05:30,381.48,381.48,381.48,381.48,0.0
1985-05-14T00:00:00+05:30,374.97,374.97,374.97,374.97,0.0
1985-05-15T00:00:00+05:30,373.79,373.79,373.79,373.79,0.0
1985-05-16T00:00:00+05:30,374.47,374.47,374.47,374.47,0.0
1985-05-17T00:00:00+05:30,380.77,380.77,380.77,380.77,0.0
1985-05-20T00:00:00+05:30,385.24,385.24,385.24,385.24,0.0
1985-05-21T00:00:00+05:30,382.2,382.2,382.2,382.2,0.0
1985-05-22T00:00:00+05:30,377.63,377.63,377.63,377.63,0.0
1985-05-23T00:00:00+05:30,377.14,377.14,377.14,377.14,0.0
1985-05-28T00:00:00+05:30,393.39,393.39,393.39,393.39,0.0
1985-05-29T00:00:00+05:30,395.63,395.63,395.63,395.63,0.0
1985-05-30T00:00:00+05:30,396.06,396.06,396.06,396.06,0.0
1985-05-31T00:00:00+05:30,399.42,399.42,399.42,399.42,0.0
1985-06-03T00:00:00+05:30,403.49,403.49,403.49,403.49,0.0
1985-06-04T00:00:00+05:30,399.97,399.97,399.97,399.97,0.0
1985-06-05T00:00:00+05:30,401.28,401.28,401.28,401.28,0.0
1985-06-06T00:00:00+05:30,415.34,415.34,415.34,415.34,0.0
1985-06-07T00:00:00+05:30,427.88,427.88,427.88,427.88,0.0
1985-06-11T00:00:00+05:30,446.23,446.23,446.23,446.23,0.0
1985-06-12T00:00:00+05:30,448.75,448.75,448.75,448.75,0.0
1985-06-13T00:00:00+05:30,445.11,445.11,445.11,445.11,0.0
1985-06-14T00:00:00+05:30,439.21,439.21,439.21,439.21,0.0
1985-06-18T00:00:00+05:30,444.07,444.07,444.07,444.07,0.0
1985-06-19T00:00:00+05:30,445.07,445.07,445.07,445.07,0.0
1985-06-21T00:00:00+05:30,459.34,459.34,459.34,459.34,0.0
1985-06-27T00:00:00+05:30,471.27,471.27,471.27,471.27,0.0
1985-06-28T00:00:00+05:30,477.96,477.96,477.96,477.96,0.0
1985-07-02T00:00:00+05:30,454.34,454.34,454.34,454.34,0.0
1985-07-03T00:00:00+05:30,451.79,451.79,451.79,451.79,0.0
1985-07-05T00:00:00+05:30,460.77,460.77,460.77,460.77,0.0
1985-07-08T00:00:00+05:30,463.0,463.0,463.0,463.0,0.0
1985-07-09T00:00:00+05:30,462.26,462.26,462.26,462.26,0.0
1985-07-10T00:00:00+05:30,458.87,458.87,458.87,458.87,0.0
1985-07-11T00:00:00+05:30,457.56,457.56,457.56,457.56,0.0
1985-07-12T00:00:00+05:30,452.9,452.9,452.9,452.9,0.0
1985-07-16T00:00:00+05:30,466.88,466.88,466.88,466.88,0.0
1985-07-17T00:00:00+05:30,480.29,480.29,480.29,480.29,0.0
1985-07-18T00:00:00+05:30,499.16,499.16,499.16,499.16,0.0
1985-07-19T00:00:00+05:30,505.9,505.9,505.9,505.9,0.0
1985-07-22T00:00:00+05:30,539.7,539.7,539.7,539.7,0.0
1985-07-23T00:00:00+05:30,520.43,520.43,520.43,520.43,0.0
1985-07-24T00:00:00+05:30,523.09,523.09,523.09,523.09,0.0
1985-07-25T00:00:00+05:30,512.71,512.71,512.71,512.71,0.0
1985-07-26T00:00:00+05:30,504.09,504.09,504.09,504.09,0.0
1985-07-29T00:00:00+05:30,497.72,497.72,497.72,497.72,0.0
1985-07-30T00:00:00+05:30,514.85,514.85,514.85,514.85,0.0
1985-08-02T00:00:00+05:30,515.67,515.67,515.67,515.67,0.0
1985-08-07T00:00:00+05:30,530.58,530.58,530.58,530.58,0.0
1985-08-08T00:00:00+05:30,532.66,532.66,532.66,532.66,0.0
1985-08-09T00:00:00+05:30,533.2,533.2,533.2,533.2,0.0
1985-08-12T00:00:00+05:30,522.79,522.79,522.79,522.79,0.0
1985-08-13T00:00:00+05:30,522.29,522.29,522.29,522.29,0.0
1985-08-14T00:00:00+05:30,505.4,505.4,505.4,505.4,0.0
1985-08-16T00:00:00+05:30,476.57,476.57,476.57,476.57,0.0
1985-08-21T00:00:00+05:30,475.28,475.28,475.28,475.28,0.0
1985-08-23T00:00:00+05:30,484.88,484.88,484.88,484.88,0.0
1985-08-26T00:00:00+05:30,470.46,470.46,470.46,470.46,0.0
1985-08-28T00:00:00+05:30,468.39,468.39,468.39,468.39,0.0
1985-08-29T00:00:00+05:30,468.14,468.14,468.14,468.14,0.0
1985-09-02T00:00:00+05:30,467.39,467.39,467.39,467.39,0.0
1985-09-03T00:00:00+05:30,447.77,447.77,447.77,447.77,0.0
1985-09-04T00:00:00+05:30,449.49,449.49,449.49,449.49,0.0
1985-09-05T00:00:00+05:30,461.24,461.24,461.24,461.24,0.0
1985-09-06T00:00:00+05:30,476.42,476.42,476.42,476.42,0.0
1985-09-10T00:00:00+05:30,488.71,488.71,488.71,488.71,0.0
1985-09-11T00:00:00+05:30,489.71,489.71,489.71,489.71,0.0
1985-09-12T00:00:00+05:30,487.78,487.78,487.78,487.78,0.0
1985-09-13T00:00:00+05:30,487.38,487.38,487.38,487.38,0.0
1985-09-16T00:00:00+05:30,483.04,483.04,483.04,483.04,0.0
1985-09-17T00:00:00+05:30,483.44,483.44,483.44,483.44,0.0
1985-09-19T00:00:00+05:30,479.14,479.14,479.14,479.14,0.0
1985-09-20T00:00:00+05:30,482.78,482.78,482.78,482.78,0.0
1985-09-24T00:00:00+05:30,480.92,480.92,480.92,480.92,0.0
1985-09-25T00:00:00+05:30,464.3,464.3,464.3,464.3,0.0
1985-09-27T00:00:00+05:30,461.86,461.86,461.86,461.86,0.0
1985-09-30T00:00:00+05:30,434.97,434.97,434.97,434.97,0.0
1985-10-01T00:00:00+05:30,434.66,434.66,434.66,434.66,0.0
1985-10-03T00:00:00+05:30,453.04,453.04,453.04,453.04,0.0
1985-10-04T00:00:00+05:30,464.19,464.19,464.19,464.19,0.0
1985-10-08T00:00:00+05:30,478.73,478.73,478.73,478.73,0.0
1985-10-09T00:00:00+05:30,469.74,469.74,469.74,469.74,0.0
1985-10-10T00:00:00+05:30,466.16,466.16,466.16,466.16,0.0
1985-10-11T00:00:00+05:30,465.16,465.16,465.16,465.16,0.0
1985-10-14T00:00:00+05:30,465.23,465.23,465.23,465.23,0.0
1985-10-15T00:00:00+05:30,465.04,465.04,465.04,465.04,0.0
1985-10-16T00:00:00+05:30,469.93,469.93,469.93,469.93,0.0
1985-10-17T00:00:00+05:30,471.87,471.87,471.87,471.87,0.0
1985-10-18T00:00:00+05:30,482.11,482.11,482.11,482.11,0.0
1985-10-23T00:00:00+05:30,486.43,486.43,486.43,486.43,0.0
1985-10-24T00:00:00+05:30,481.91,481.91,481.91,481.91,0.0
1985-10-25T00:00:00+05:30,477.89,477.89,477.89,477.89,0.0
1985-10-28T00:00:00+05:30,482.01,482.01,482.01,482.01,0.0
1985-10-29T00:00:00+05:30,476.63,476.63,476.63,476.63,0.0
1985-10-30T00:00:00+05:30,481.15,481.15,481.15,481.15,0.0
1985-10-31T00:00:00+05:30,476.14,476.14,476.14,476.14,0.0
1985-11-01T00:00:00+05:30,472.85,472.85,472.85,472.85,0.0
1985-11-05T00:00:00+05:30,465.1,465.1,465.1,465.1,0.0
1985-11-06T00:00:00+05:30,455.65,455.65,455.65,455.65,0.0
1985-11-07T00:00:00+05:30,459.26,459.26,459.26,459.26,0.0
1985-11-08T00:00:00+05:30,470.47,470.47,470.47,470.47,0.0
1985-11-12T00:00:00+05:30,477.1,477.1,477.1,477.1,0.0
1985-11-14T00:00:00+05:30,474.13,474.13,474.13,474.13,0.0
1985-11-15T00:00:00+05:30,475.18,475.18,475.18,475.18,0.0
1985-11-18T00:00:00+05:30,476.33,476.33,476.33,476.33,0.0
1985-11-19T00:00:00+05:30,482.98,482.98,482.98,482.98,0.0
1985-11-20T00:00:00+05:30,487.39,487.39,487.39,487.39,0.0
1985-11-21T00:00:00+05:30,491.28,491.28,491.28,491.28,0.0
1985-11-22T00:00:00+05:30,493.91,493.91,493.91,493.91,0.0
1985-11-26T00:00:00+05:30,491.09,491.09,491.09,491.09,0.0
1985-11-28T00:00:00+05:30,494.11,494.11,494.11,494.11,0.0
1985-11-29T00:00:00+05:30,496.35,496.35,496.35,496.35,0.0
1985-12-02T00:00:00+05:30,503.43,503.43,503.43,503.43,0.0
1985-12-03T00:00:00+05:30,509.23,509.23,509.23,509.23,0.0
1985-12-04T00:00:00+05:30,510.41,510.41,510.41,510.41,0.0
1985-12-05T00:00:00+05:30,510.62,510.62,510.62,510.62,0.0
1985-12-06T00:00:00+05:30,519.86,519.86,519.86,519.86,0.0
1985-12-10T00:00:00+05:30,538.24,538.24,538.24,538.24,0.0
1985-12-11T00:00:00+05:30,536.73,536.73,536.73,536.73,0.0
1985-12-12T00:00:00+05:30,534.21,534.21,534.21,534.21,0.0
1985-12-13T00:00:00+05:30,531.62,531.62,531.62,531.62,0.0
1985-12-16T00:00:00+05:30,526.26,526.26,526.26,526.26,0.0
1985-12-17T00:00:00+05:30,524.76,524.76,524.76,524.76,0.0
1985-12-18T00:00:00+05:30,533.35,533.35,533.35,533.35,0.0
1985-12-19T00:00:00+05:30,524.21,524.21,524.21,524.21,0.0
1985-12-20T00:00:00+05:30,521.72,521.72,521.72,521.72,0.0
1985-12-23T00:00:00+05:30,527.36,527.36,527.36,527.36,0.0
1986-01-02T00:00:00+05:30,549.43,549.43,549.43,549.43,0.0
1986-01-03T00:00:00+05:30,561.01,561.01,561.01,561.01,0.0
1986-01-07T00:00:00+05:30,564.35,564.35,564.35,564.35,0.0
1986-01-08T00:00:00+05:30,570.53,570.53,570.53,570.53,0.0
1986-01-09T00:00:00+05:30,577.64,577.64,577.64,577.64,0.0
1986-01-10T00:00:00+05:30,593.08,593.08,593.08,593.08,0.0
1986-01-13T00:00:00+05:30,578.98,578.98,578.98,578.98,0.0
1986-01-14T00:00:00+05:30,567.14,567.14,567.14,567.14,0.0
1986-01-15T00:00:00+05:30,575.68,575.68,575.68,575.68,0.0
1986-01-16T00:00:00+05:30,581.24,581.24,581.24,581.24,0.0
1986-01-17T00:00:00+05:30,580.46,580.46,580.46,580.46,0.0
1986-01-23T00:00:00+05:30,588.53,588.53,588.53,588.53,0.0
1986-01-24T00:00:00+05:30,587.82,587.82,587.82,587.82,0.0
1986-01-27T00:00:00+05:30,592.1,592.1,592.1,592.1,0.0
1986-01-28T00:00:00+05:30,579.25,579.25,579.25,579.25,0.0
1986-01-29T00:00:00+05:30,582.25,582.25,582.25,582.25,0.0
1986-01-30T00:00:00+05:30,590.08,590.08,590.08,590.08,0.0
1986-01-31T00:00:00+05:30,597.86,597.86,597.86,597.86,0.0
1986-02-05T00:00:00+05:30,625.27,625.27,625.27,625.27,0.0
1986-02-06T00:00:00+05:30,624.62,624.62,624.62,624.62,0.0
1986-02-07T00:00:00+05:30,627.84,627.84,627.84,627.84,0.0
1986-02-10T00:00:00+05:30,637.34,637.34,637.34,637.34,0.0
1986-02-11T00:00:00+05:30,656.45,656.45,656.45,656.45,0.0
1986-02-12T00:00:00+05:30,651.18,651.18,651.18,651.18,0.0
1986-02-13T00:00:00+05:30,640.08,640.08,640.08,640.08,0.0
1986-02-14T00:00:00+05:30,640.37,640.37,640.37,640.37,0.0
1986-02-17T00:00:00+05:30,633.98,633.98,633.98,633.98,0.0
1986-02-18T00:00:00+05:30,627.21,627.21,627.21,627.21,0.0
1986-02-19T00:00:00+05:30,622.48,622.48,622.48,622.48,0.0
1986-02-20T00:00:00+05:30,627.57,627.57,627.57,627.57,0.0
1986-02-21T00:00:00+05:30,633.15,633.15,633.15,633.15,0.0
1986-02-25T00:00:00+05:30,632.9,632.9,632.9,632.9,0.0
1986-02-27T00:00:00+05:30,649.49,649.49,649.49,649.49,0.0
1986-02-28T00:00:00+05:30,656.89,656.89,656.89,656.89,0.0
1986-03-03T00:00:00+05:30,627.1,627.1,627.1,627.1,0.0
1986-03-04T00:00:00+05:30,613.44,613.44,613.44,613.44,0.0
1986-03-05T00:00:00+05:30,599.16,599.16,599.16,599.16,0.0
1986-03-06T00:00:00+05:30,591.67,591.67,591.67,591.67,0.0
1986-03-07T00:00:00+05:30,560.09,560.09,560.09,560.09,0.0
1986-03-12T00:00:00+05:30,588.29,588.29,588.29,588.29,0.0
1986-03-13T00:00:00+05:30,593.91,593.91,593.91,593.91,0.0
1986-03-14T00:00:00+05:30,593.56,593.56,593.56,593.56,0.0
1986-03-17T00:00:00+05:30,568.9,568.9,568.9,568.9,0.0
1986-03-18T00:00:00+05:30,560.6,560.6,560.6,560.6,0.0
1986-03-19T00:00:00+05:30,554.83,554.83,554.83,554.83,0.0
1986-03-20T00:00:00+05:30,539.61,539.61,539.61,539.61,0.0
1986-03-21T00:00:00+05:30,525.02,525.02,525.02,525.02,0.0
1986-03-25T00:00:00+05:30,572.97,572.97,572.97,572.97,0.0
1986-03-27T00:00:00+05:30,581.49,581.49,581.49,581.49,0.0
1986-03-31T00:00:00+05:30,574.11,574.11,574.11,574.11,0.0
1986-04-01T00:00:00+05:30,560.74,560.74,560.74,560.74,0.0
1986-04-02T00:00:00+05:30,570.94,570.94,570.94,570.94,0.0
1986-04-03T00:00:00+05:30,582.18,582.18,582.18,582.18,0.0
1986-04-04T00:00:00+05:30,590.9,590.9,590.9,590.9,0.0
1986-04-07T00:00:00+05:30,589.11,589.11,589.11,589.11,0.0
1986-04-08T00:00:00+05:30,606.26,606.26,606.26,606.26,0.0
1986-04-09T00:00:00+05:30,604.59,604.59,604.59,604.59,0.0
1986-04-11T00:00:00+05:30,623.17,623.17,623.17,623.17,0.0
1986-04-15T00:00:00+05:30,626.05,626.05,626.05,626.05,0.0
1986-04-16T00:00:00+05:30,622.79,622.79,622.79,622.79,0.0
1986-04-17T00:00:00+05:30,607.42,607.42,607.42,607.42,0.0
1986-04-21T00:00:00+05:30,610.33,610.33,610.33,610.33,0.0
1986-04-23T00:00:00+05:30,597.91,597.91,597.91,597.91,0.0
1986-04-24T00:00:00+05:30,596.14,596.14,596.14,596.14,0.0
1986-04-25T00:00:00+05:30,599.83,599.83,599.83,599.83,0.0
1986-04-28T00:00:00+05:30,588.91,588.91,588.91,588.91,0.0
1986-04-29T00:00:00+05:30,584.53,584.53,584.53,584.53,0.0
1986-04-30T00:00:00+05:30,598.53,598.53,598.53,598.53,0.0
1986-05-02T00:00:00+05:30,597.1,597.1,597.1,597.1,0.0
1986-05-06T00:00:00+05:30,580.9,580.9,580.9,580.9,0.0
1986-05-07T00:00:00+05:30,575.64,575.64,575.64,575.64,0.0
1986-05-08T00:00:00+05:30,592.72,592.72,592.72,592.72,0.0
1986-05-09T00:00:00+05:30,603.55,603.55,603.55,603.55,0.0
1986-05-12T00:00:00+05:30,603.92,603.92,603.92,603.92,0.0
1986-05-13T00:00:00+05:30,599.13,599.13,599.13,599.13,0.0
1986-05-14T00:00:00+05:30,596.11,596.11,596.11,596.11,0.0
1986-05-15T00:00:00+05:30,598.69,598.69,598.69,598.69,0.0
1986-05-16T00:00:00+05:30,596.0,596.0,596.0,596.0,0.0
1986-05-20T00:00:00+05:30,596.87,596.87,596.87,596.87,0.0
1986-05-21T00:00:00+05:30,603.03,603.03,603.03,603.03,0.0
1986-05-22T00:00:00+05:30,603.37,603.37,603.37,603.37,0.0
1986-05-26T00:00:00+05:30,598.91,598.91,598.91,598.91,0.0
1986-05-27T00:00:00+05:30,603.29,603.29,603.29,603.29,0.0
1986-05-28T00:00:00+05:30,607.91,607.91,607.91,607.91,0.0
1986-05-29T00:00:00+05:30,619.48,619.48,619.48,619.48,0.0
1986-05-30T00:00:00+05:30,625.64,625.64,625.64,625.64,0.0
1986-06-03T00:00:00+05:30,654.28,654.28,654.28,654.28,0.0
1986-06-04T00:00:00+05:30,658.92,658.92,658.92,658.92,0.0
1986-06-05T00:00:00+05:30,650.65,650.65,650.65,650.65,0.0
1986-06-06T00:00:00+05:30,647.78,647.78,647.78,647.78,0.0
1986-06-09T00:00:00+05:30,651.1,651.1,651.1,651.1,0.0
1986-06-11T00:00:00+05:30,645.22,645.22,645.22,645.22,0.0
1986-06-12T00:00:00+05:30,641.4,641.4,641.4,641.4,0.0
1986-06-13T00:00:00+05:30,632.18,632.18,632.18,632.18,0.0
1986-06-17T00:00:00+05:30,622.75,622.75,622.75,622.75,0.0
1986-06-18T00:00:00+05:30,625.48,625.48,625.48,625.48,0.0
1986-06-19T00:00:00+05:30,622.75,622.75,622.75,622.75,0.0
1986-06-20T00:00:00+05:30,626.13,626.13,626.13,626.13,0.0
1986-06-23T00:00:00+05:30,620.57,620.57,620.57,620.57,0.0
1986-06-24T00:00:00+05:30,624.45,624.45,624.45,624.45,0.0
1986-06-25T00:00:00+05:30,627.09,627.09,627.09,627.09,0.0
1986-06-26T00:00:00+05:30,613.15,613.15,613.15,613.15,0.0
1986-06-27T00:00:00+05:30,605.57,605.57,605.57,605.57,0.0
1986-07-01T00:00:00+05:30,605.24,605.24,605.24,605.24,0.0
1986-07-02T00:00:00+05:30,603.9,603.9,603.9,603.9,0.0
1986-07-03T00:00:00+05:30,613.98,613.98,613.98,613.98,0.0
1986-07-04T00:00:00+05:30,613.6,613.6,613.6,613.6,0.0
1986-07-08T00:00:00+05:30,618.23,618.23,618.23,618.23,0.0
1986-07-09T00:00:00+05:30,615.89,615.89,615.89,615.89,0.0
1986-07-10T00:00:00+05:30,612.86,612.86,612.86,612.86,0.0
1986-07-11T00:00:00+05:30,612.37,612.37,612.37,612.37,0.0
1986-07-15T00:00:00+05:30,610.76,610.76,610.76,610.76,0.0
1986-07-16T00:00:00+05:30,616.95,616.95,616.95,616.95,0.0
1986-07-17T00:00:00+05:30,631.58,631.58,631.58,631.58,0.0
1986-07-18T00:00:00+05:30,633.58,633.58,633.58,633.58,0.0
1986-07-21T00:00:00+05:30,623.05,623.05,623.05,623.05,0.0
1986-07-22T00:00:00+05:30,621.79,621.79,621.79,621.79,0.0
1986-07-23T00:00:00+05:30,591.61,591.61,591.61,591.61,0.0
1986-07-24T00:00:00+05:30,595.35,595.35,595.35,595.35,0.0
1986-07-28T00:00:00+05:30,584.25,584.25,584.25,584.25,0.0
1986-07-31T00:00:00+05:30,596.7,596.7,596.7,596.7,0.0
1986-08-01T00:00:00+05:30,586.08,586.08,586.08,586.08,0.0
1986-08-04T00:00:00+05:30,571.71,571.71,571.71,571.71,0.0
1986-08-05T00:00:00+05:30,567.18,567.18,567.18,567.18,0.0
1986-08-06T00:00:00+05:30,563.31,563.31,563.31,563.31,0.0
1986-08-07T00:00:00+05:30,561.74,561.74,561.74,561.74,0.0
1986-08-08T00:00:00+05:30,570.86,570.86,570.86,570.86,0.0
1986-08-12T00:00:00+05:30,571.13,571.13,571.13,571.13,0.0
1986-08-13T00:00:00+05:30,565.91,565.91,565.91,565.91,0.0
1986-08-14T00:00:00+05:30,549.64,549.64,549.64,549.64,0.0
1986-08-18T00:00:00+05:30,539.33,539.33,539.33,539.33,0.0
1986-08-20T00:00:00+05:30,555.72,555.72,555.72,555.72,0.0
1986-08-21T00:00:00+05:30,557.14,557.14,557.14,557.14,0.0
1986-08-22T00:00:00+05:30,556.52,556.52,556.52,556.52,0.0
1986-08-26T00:00:00+05:30,561.13,561.13,561.13,561.13,0.0
1986-08-28T00:00:00+05:30,553.82,553.82,553.82,553.82,0.0
1986-08-29T00:00:00+05:30,548.4,548.4,548.4,548.4,0.0
1986-09-01T00:00:00+05:30,540.66,540.66,540.66,540.66,0.0
1986-09-02T00:00:00+05:30,555.16,555.16,555.16,555.16,0.0
1986-09-03T00:00:00+05:30,551.83,551.83,551.83,551.83,0.0
1986-09-04T00:00:00+05:30,557.99,557.99,557.99,557.99,0.0
1986-09-09T00:00:00+05:30,566.58,566.58,566.58,566.58,0.0
1986-09-10T00:00:00+05:30,560.09,560.09,560.09,560.09,0.0
1986-09-11T00:00:00+05:30,559.34,559.34,559.34,559.34,0.0
1986-09-12T00:00:00+05:30,551.55,551.55,551.55,551.55,0.0
1986-09-16T00:00:00+05:30,546.69,546.69,546.69,546.69,0.0
1986-09-17T00:00:00+05:30,553.26,553.26,553.26,553.26,0.0
1986-09-18T00:00:00+05:30,562.04,562.04,562.04,562.04,0.0
1986-09-19T00:00:00+05:30,563.22,563.22,563.22,563.22,0.0
1986-09-22T00:00:00+05:30,568.97,568.97,568.97,568.97,0.0
1986-09-23T00:00:00+05:30,567.09,567.09,567.09,567.09,0.0
1986-09-24T00:00:00+05:30,568.37,568.37,568.37,568.37,0.0
1986-09-25T00:00:00+05:30,570.02,570.02,570.02,570.02,0.0
1986-09-26T00:00:00+05:30,578.05,578.05,578.05,578.05,0.0
1986-09-30T00:00:00+05:30,588.4,588.4,588.4,588.4,0.0
1986-10-01T00:00:00+05:30,587.27,587.27,587.27,587.27,0.0
1986-10-03T00:00:00+05:30,574.86,574.86,574.86,574.86,0.0
1986-10-08T00:00:00+05:30,574.99,574.99,574.99,574.99,0.0
1986-10-09T00:00:00+05:30,580.54,580.54,580.54,580.54,0.0
1986-10-10T00:00:00+05:30,576.45,576.45,576.45,576.45,0.0
1986-10-15T00:00:00+05:30,586.77,586.77,586.77,586.77,0.0
1986-10-16T00:00:00+05:30,583.56,583.56,583.56,583.56,0.0
1986-10-17T00:00:00+05:30,576.56,576.56,576.56,576.56,0.0
1986-10-20T00:00:00+05:30,565.27,565.27,565.27,565.27,0.0
1986-10-21T00:00:00+05:30,555.71,555.71,555.71,555.71,0.0
1986-10-22T00:00:00+05:30,540.9,540.9,540.9,540.9,0.0
1986-10-29T00:00:00+05:30,575.74,575.74,575.74,575.74,0.0
1986-11-04T00:00:00+05:30,551.8,551.8,551.8,551.8,0.0
1986-11-05T00:00:00+05:30,549.41,549.41,549.41,549.41,0.0
1986-11-07T00:00:00+05:30,559.07,559.07,559.07,559.07,0.0
1986-11-10T00:00:00+05:30,541.15,541.15,541.15,541.15,0.0
1986-11-11T00:00:00+05:30,541.31,541.31,541.31,541.31,0.0
1986-11-12T00:00:00+05:30,541.66,541.66,541.66,541.66,0.0
1986-11-13T00:00:00+05:30,540.43,540.43,540.43,540.43,0.0
1986-11-19T00:00:00+05:30,519.99,519.99,519.99,519.99,0.0
1986-11-20T00:00:00+05:30,521.16,521.16,521.16,521.16,0.0
1986-11-21T00:00:00+05:30,516.76,516.76,516.76,516.76,0.0
1986-11-24T00:00:00+05:30,502.97,502.97,502.97,502.97,0.0
1986-11-26T00:00:00+05:30,487.88,487.88,487.88,487.88,0.0
1986-11-27T00:00:00+05:30,504.0,504.0,504.0,504.0,0.0
1986-11-28T00:00:00+05:30,499.81,499.81,499.81,499.81,0.0
1986-12-01T00:00:00+05:30,482.41,482.41,482.41,482.41,0.0
1986-12-02T00:00:00+05:30,492.04,492.04,492.04,492.04,0.0
1986-12-03T00:00:00+05:30,490.58,490.58,490.58,490.58,0.0
1986-12-04T00:00:00+05:30,486.7,486.7,486.7,486.7,0.0
1986-12-08T00:00:00+05:30,497.51,497.51,497.51,497.51,0.0
1986-12-09T00:00:00+05:30,515.81,515.81,515.81,515.81,0.0
1986-12-11T00:00:00+05:30,531.94,531.94,531.94,531.94,0.0
1986-12-12T00:00:00+05:30,518.16,518.16,518.16,518.16,0.0
1986-12-15T00:00:00+05:30,510.3,510.3,510.3,510.3,0.0
1986-12-16T00:00:00+05:30,512.6,512.6,512.6,512.6,0.0
1986-12-17T00:00:00+05:30,501.05,501.05,501.05,501.05,0.0
1986-12-18T00:00:00+05:30,516.21,516.21,516.21,516.21,0.0
1986-12-19T00:00:00+05:30,522.65,522.65,522.65,522.65,0.0
1986-12-22T00:00:00+05:30,524.34,524.34,524.34,524.34,0.0
1986-12-23T00:00:00+05:30,524.55,524.55,524.55,524.55,0.0
1986-12-24T00:00:00+05:30,524.45,524.45,524.45,524.45,0.0
1987-01-02T00:00:00+05:30,542.06,542.06,542.06,542.06,0.0
1987-01-05T00:00:00+05:30,555.56,555.56,555.56,555.56,0.0
1987-01-07T00:00:00+05:30,560.41,560.41,560.41,560.41,0.0
1987-01-08T00:00:00+05:30,555.23,555.23,555.23,555.23,0.0
1987-01-09T00:00:00+05:30,554.28,554.28,554.28,554.28,0.0
1987-01-12T00:00:00+05:30,561.8,561.8,561.8,561.8,0.0
1987-01-13T00:00:00+05:30,558.66,558.66,558.66,558.66,0.0
1987-01-14T00:00:00+05:30,550.69,550.69,550.69,550.69,0.0
1987-01-15T00:00:00+05:30,560.84,560.84,560.84,560.84,0.0
1987-01-16T00:00:00+05:30,562.03,562.03,562.03,562.03,0.0
1987-01-20T00:00:00+05:30,553.37,553.37,553.37,553.37,0.0
1987-01-21T00:00:00+05:30,543.16,543.16,543.16,543.16,0.0
1987-01-22T00:00:00+05:30,551.3,551.3,551.3,551.3,0.0
1987-01-23T00:00:00+05:30,550.23,550.23,550.23,550.23,0.0
1987-01-27T00:00:00+05:30,542.22,542.22,542.22,542.22,0.0
1987-01-28T00:00:00+05:30,545.29,545.29,545.29,545.29,0.0
1987-01-29T00:00:00+05:30,553.93,553.93,553.93,553.93,0.0
1987-01-30T00:00:00+05:30,553.8,553.8,553.8,553.8,0.0
1987-02-03T00:00:00+05:30,560.08,560.08,560.08,560.08,0.0
1987-02-04T00:00:00+05:30,557.28,557.28,557.28,557.28,0.0
1987-02-05T00:00:00+05:30,561.31,561.31,561.31,561.31,0.0
1987-02-06T00:00:00+05:30,566.08,566.08,566.08,566.08,0.0
1987-02-09T00:00:00+05:30,570.88,570.88,570.88,570.88,0.0
1987-02-10T00:00:00+05:30,572.47,572.47,572.47,572.47,0.0
1987-02-11T00:00:00+05:30,567.0,567.0,567.0,567.0,0.0
1987-02-12T00:00:00+05:30,574.28,574.28,574.28,574.28,0.0
1987-02-13T00:00:00+05:30,578.75,578.75,578.75,578.75,0.0
1987-02-16T00:00:00+05:30,573.65,573.65,573.65,573.65,0.0
1987-02-17T00:00:00+05:30,573.68,573.68,573.68,573.68,0.0
1987-02-18T00:00:00+05:30,574.44,574.44,574.44,574.44,0.0
1987-02-19T00:00:00+05:30,564.98,564.98,564.98,564.98,0.0
1987-02-20T00:00:00+05:30,567.29,567.29,567.29,567.29,0.0
1987-02-23T00:00:00+05:30,564.71,564.71,564.71,564.71,0.0
1987-02-24T00:00:00+05:30,568.41,568.41,568.41,568.41,0.0
1987-02-25T00:00:00+05:30,573.99,573.99,573.99,573.99,0.0
1987-02-27T00:00:00+05:30,578.38,578.38,578.38,578.38,0.0
1987-03-02T00:00:00+05:30,536.18,536.18,536.18,536.18,0.0
1987-03-03T00:00:00+05:30,529.19,529.19,529.19,529.19,0.0
1987-03-04T00:00:00+05:30,519.07,519.07,519.07,519.07,0.0
1987-03-05T00:00:00+05:30,522.51,522.51,522.51,522.51,0.0
1987-03-06T00:00:00+05:30,520.36,520.36,520.36,520.36,0.0
1987-03-09T00:00:00+05:30,533.43,533.43,533.43,533.43,0.0
1987-03-10T00:00:00+05:30,538.75,538.75,538.75,538.75,0.0
1987-03-11T00:00:00+05:30,539.3,539.3,539.3,539.3,0.0
1987-03-12T00:00:00+05:30,548.41,548.41,548.41,548.41,0.0
1987-03-13T00:00:00+05:30,548.05,548.05,548.05,548.05,0.0
1987-03-17T00:00:00+05:30,534.39,534.39,534.39,534.39,0.0
1987-03-18T00:00:00+05:30,529.59,529.59,529.59,529.59,0.0
1987-03-19T00:00:00+05:30,529.52,529.52,529.52,529.52,0.0
1987-03-20T00:00:00+05:30,533.68,533.68,533.68,533.68,0.0
1987-03-25T00:00:00+05:30,522.25,522.25,522.25,522.25,0.0
1987-03-26T00:00:00+05:30,518.85,518.85,518.85,518.85,0.0
1987-03-27T00:00:00+05:30,511.55,511.55,511.55,511.55,0.0
1987-03-31T00:00:00+05:30,510.36,510.36,510.36,510.36,0.0
1987-04-01T00:00:00+05:30,510.57,510.57,510.57,510.57,0.0
1987-04-02T00:00:00+05:30,509.33,509.33,509.33,509.33,0.0
1987-04-03T00:00:00+05:30,524.4,524.4,524.4,524.4,0.0
1987-04-06T00:00:00+05:30,535.61,535.61,535.61,535.61,0.0
1987-04-08T00:00:00+05:30,535.2,535.2,535.2,535.2,0.0
1987-04-09T00:00:00+05:30,528.46,528.46,528.46,528.46,0.0
1987-04-10T00:00:00+05:30,524.91,524.91,524.91,524.91,0.0
1987-04-13T00:00:00+05:30,523.0,523.0,523.0,523.0,0.0
1987-04-15T00:00:00+05:30,517.2,517.2,517.2,517.2,0.0
1987-04-16T00:00:00+05:30,498.95,498.95,498.95,498.95,0.0
1987-04-20T00:00:00+05:30,494.25,494.25,494.25,494.25,0.0
1987-04-21T00:00:00+05:30,490.27,490.27,490.27,490.27,0.0
1987-04-22T00:00:00+05:30,494.01,494.01,494.01,494.01,0.0
1987-04-23T00:00:00+05:30,509.48,509.48,509.48,509.48,0.0
1987-04-24T00:00:00+05:30,512.04,512.04,512.04,512.04,0.0
1987-04-27T00:00:00+05:30,500.56,500.56,500.56,500.56,0.0
1987-04-28T00:00:00+05:30,500.36,500.36,500.36,500.36,0.0
1987-04-29T00:00:00+05:30,479.87,479.87,479.87,479.87,0.0
1987-05-04T00:00:00+05:30,465.74,465.74,465.74,465.74,0.0
1987-05-05T00:00:00+05:30,455.13,455.13,455.13,455.13,0.0
1987-05-06T00:00:00+05:30,463.1,463.1,463.1,463.1,0.0
1987-05-07T00:00:00+05:30,474.96,474.96,474.96,474.96,0.0
1987-05-08T00:00:00+05:30,485.08,485.08,485.08,485.08,0.0
1987-05-11T00:00:00+05:30,485.16,485.16,485.16,485.16,0.0
1987-05-12T00:00:00+05:30,476.2,476.2,476.2,476.2,0.0
1987-05-14T00:00:00+05:30,464.72,464.72,464.72,464.72,0.0
1987-05-15T00:00:00+05:30,465.93,465.93,465.93,465.93,0.0
1987-05-18T00:00:00+05:30,479.16,479.16,479.16,479.16,0.0
1987-05-19T00:00:00+05:30,473.9,473.9,473.9,473.9,0.0
1987-05-20T00:00:00+05:30,473.02,473.02,473.02,473.02,0.0
1987-05-21T00:00:00+05:30,472.56,472.56,472.56,472.56,0.0
1987-05-22T00:00:00+05:30,468.56,468.56,468.56,468.56,0.0
1987-05-26T00:00:00+05:30,456.45,456.45,456.45,456.45,0.0
1987-05-27T00:00:00+05:30,447.41,447.41,447.41,447.41,0.0
1987-05-28T00:00:00+05:30,453.62,453.62,453.62,453.62,0.0
1987-05-29T00:00:00+05:30,462.27,462.27,462.27,462.27,0.0
1987-06-01T00:00:00+05:30,454.32,454.32,454.32,454.32,0.0
1987-06-02T00:00:00+05:30,457.41,457.41,457.41,457.41,0.0
1987-06-03T00:00:00+05:30,456.21,456.21,456.21,456.21,0.0
1987-06-04T00:00:00+05:30,455.13,455.13,455.13,455.13,0.0
1987-06-05T00:00:00+05:30,458.06,458.06,458.06,458.06,0.0
1987-06-08T00:00:00+05:30,445.19,445.19,445.19,445.19,0.0
1987-06-09T00:00:00+05:30,440.38,440.38,440.38,440.38,0.0
1987-06-10T00:00:00+05:30,437.12,437.12,437.12,437.12,0.0
1987-06-11T00:00:00+05:30,449.86,449.86,449.86,449.86,0.0
1987-06-12T00:00:00+05:30,459.13,459.13,459.13,459.13,0.0
1987-06-15T00:00:00+05:30,450.01,450.01,450.01,450.01,0.0
1987-06-16T00:00:00+05:30,450.39,450.39,450.39,450.39,0.0
1987-06-17T00:00:00+05:30,447.7,447.7,447.7,447.7,0.0
1987-06-19T00:00:00+05:30,442.6,442.6,442.6,442.6,0.0
1987-06-22T00:00:00+05:30,432.7,432.7,432.7,432.7,0.0
1987-06-23T00:00:00+05:30,415.51,415.51,415.51,415.51,0.0
1987-06-26T00:00:00+05:30,423.36,423.36,423.36,423.36,0.0
1987-06-29T00:00:00+05:30,433.98,433.98,433.98,433.98,0.0
1987-07-01T00:00:00+05:30,450.59,450.59,450.59,450.59,0.0
1987-07-02T00:00:00+05:30,456.63,456.63,456.63,456.63,0.0
1987-07-03T00:00:00+05:30,469.95,469.95,469.95,469.95,0.0
1987-07-06T00:00:00+05:30,463.93,463.93,463.93,463.93,0.0
1987-07-07T00:00:00+05:30,462.51,462.51,462.51,462.51,0.0
1987-07-08T00:00:00+05:30,461.85,461.85,461.85,461.85,0.0
1987-07-09T00:00:00+05:30,481.24,481.24,481.24,481.24,0.0
1987-07-13T00:00:00+05:30,496.49,496.49,496.49,496.49,0.0
1987-07-14T00:00:00+05:30,500.61,500.61,500.61,500.61,0.0
1987-07-15T00:00:00+05:30,492.47,492.47,492.47,492.47,0.0
1987-07-16T00:00:00+05:30,487.79,487.79,487.79,487.79,0.0
1987-07-17T00:00:00+05:30,485.36,485.36,485.36,485.36,0.0
1987-07-20T00:00:00+05:30,471.03,471.03,471.03,471.03,0.0
1987-07-21T00:00:00+05:30,469.82,469.82,469.82,469.82,0.0
1987-07-22T00:00:00+05:30,473.18,473.18,473.18,473.18,0.0
1987-07-23T00:00:00+05:30,485.05,485.05,485.05,485.05,0.0
1987-07-24T00:00:00+05:30,482.95,482.95,482.95,482.95,0.0
1987-07-27T00:00:00+05:30,493.93,493.93,493.93,493.93,0.0
1987-07-28T00:00:00+05:30,497.21,497.21,497.21,497.21,0.0
1987-07-29T00:00:00+05:30,498.66,498.66,498.66,498.66,0.0
1987-07-30T00:00:00+05:30,497.73,497.73,497.73,497.73,0.0
1987-07-31T00:00:00+05:30,489.11,489.11,489.11,489.11,0.0
1987-08-03T00:00:00+05:30,488.71,488.71,488.71,488.71,0.0
1987-08-04T00:00:00+05:30,487.08,487.08,487.08,487.08,0.0
1987-08-05T00:00:00+05:30,493.57,493.57,493.57,493.57,0.0
1987-08-07T00:00:00+05:30,497.76,497.76,497.76,497.76,0.0
1987-08-10T00:00:00+05:30,498.64,498.64,498.64,498.64,0.0
1987-08-11T00:00:00+05:30,501.75,501.75,501.75,501.75,0.0
1987-08-12T00:00:00+05:30,491.25,491.25,491.25,491.25,0.0
1987-08-13T00:00:00+05:30,505.08,505.08,505.08,505.08,0.0
1987-08-14T00:00:00+05:30,499.0,499.0,499.0,499.0,0.0
1987-08-18T00:00:00+05:30,486.66,486.66,486.66,486.66,0.0
1987-08-19T00:00:00+05:30,479.4,479.4,479.4,479.4,0.0
1987-08-20T00:00:00+05:30,486.56,486.56,486.56,486.56,0.0
1987-08-21T00:00:00+05:30,487.93,487.93,487.93,487.93,0.0
1987-08-24T00:00:00+05:30,492.82,492.82,492.82,492.82,0.0
1987-08-26T00:00:00+05:30,496.89,496.89,496.89,496.89,0.0
1987-08-27T00:00:00+05:30,492.59,492.59,492.59,492.59,0.0
1987-08-31T00:00:00+05:30,482.79,482.79,482.79,482.79,0.0
1987-09-01T00:00:00+05:30,478.7,478.7,478.7,478.7,0.0
1987-09-02T00:00:00+05:30,472.34,472.34,472.34,472.34,0.0
1987-09-03T00:00:00+05:30,478.21,478.21,478.21,478.21,0.0
1987-09-04T00:00:00+05:30,481.93,481.93,481.93,481.93,0.0
1987-09-07T00:00:00+05:30,483.22,483.22,483.22,483.22,0.0
1987-09-08T00:00:00+05:30,483.12,483.12,483.12,483.12,0.0
1987-09-09T00:00:00+05:30,481.71,481.71,481.71,481.71,0.0
1987-09-10T00:00:00+05:30,479.66,479.66,479.66,479.66,0.0
1987-09-11T00:00:00+05:30,484.05,484.05,484.05,484.05,0.0
1987-09-14T00:00:00+05:30,473.62,473.62,473.62,473.62,0.0
1987-09-15T00:00:00+05:30,464.62,464.62,464.62,464.62,0.0
1987-09-16T00:00:00+05:30,466.84,466.84,466.84,466.84,0.0
1987-09-17T00:00:00+05:30,464.5,464.5,464.5,464.5,0.0
1987-09-25T00:00:00+05:30,456.77,456.77,456.77,456.77,0.0
1987-09-28T00:00:00+05:30,449.2,449.2,449.2,449.2,0.0
1987-09-29T00:00:00+05:30,444.63,444.63,444.63,444.63,0.0
1987-09-30T00:00:00+05:30,449.52,449.52,449.52,449.52,0.0
1987-10-01T00:00:00+05:30,457.67,457.67,457.67,457.67,0.0
1987-10-05T00:00:00+05:30,468.81,468.81,468.81,468.81,0.0
1987-10-06T00:00:00+05:30,470.91,470.91,470.91,470.91,0.0
1987-10-07T00:00:00+05:30,469.05,469.05,469.05,469.05,0.0
1987-10-08T00:00:00+05:30,460.58,460.58,460.58,460.58,0.0
1987-10-09T00:00:00+05:30,460.26,460.26,460.26,460.26,0.0
1987-10-12T00:00:00+05:30,459.29,459.29,459.29,459.29,0.0
1987-10-13T00:00:00+05:30,458.37,458.37,458.37,458.37,0.0
1987-10-14T00:00:00+05:30,456.47,456.47,456.47,456.47,0.0
1987-10-15T00:00:00+05:30,460.3,460.3,460.3,460.3,0.0
1987-10-16T00:00:00+05:30,461.72,461.72,461.72,461.72,0.0
1987-10-19T00:00:00+05:30,461.7,461.7,461.7,461.7,0.0
1987-10-22T00:00:00+05:30,452.26,452.26,452.26,452.26,0.0
1987-10-26T00:00:00+05:30,447.07,447.07,447.07,447.07,0.0
1987-10-27T00:00:00+05:30,435.15,435.15,435.15,435.15,0.0
1987-10-28T00:00:00+05:30,438.02,438.02,438.02,438.02,0.0
1987-10-29T00:00:00+05:30,444.67,444.67,444.67,444.67,0.0
1987-10-30T00:00:00+05:30,450.31,450.31,450.31,450.31,0.0
1987-11-02T00:00:00+05:30,450.23,450.23,450.23,450.23,0.0
1987-11-03T00:00:00+05:30,447.94,447.94,447.94,447.94,0.0
1987-11-04T00:00:00+05:30,445.48,445.48,445.48,445.48,0.0
1987-11-06T00:00:00+05:30,441.43,441.43,441.43,441.43,0.0
1987-11-09T00:00:00+05:30,445.14,445.14,445.14,445.14,0.0
1987-11-10T00:00:00+05:30,443.13,443.13,443.13,443.13,0.0
1987-11-11T00:00:00+05:30,438.21,438.21,438.21,438.21,0.0
1987-11-12T00:00:00+05:30,434.7,434.7,434.7,434.7,0.0
1987-11-13T00:00:00+05:30,429.24,429.24,429.24,429.24,0.0
1987-11-16T00:00:00+05:30,419.26,419.26,419.26,419.26,0.0
1987-11-17T00:00:00+05:30,421.23,421.23,421.23,421.23,0.0
1987-11-18T00:00:00+05:30,421.74,421.74,421.74,421.74,0.0
1987-11-19T00:00:00+05:30,419.17,419.17,419.17,419.17,0.0
1987-11-20T00:00:00+05:30,416.44,416.44,416.44,416.44,0.0
1987-11-23T00:00:00+05:30,422.75,422.75,422.75,422.75,0.0
1987-11-24T00:00:00+05:30,426.86,426.86,426.86,426.86,0.0
1987-11-25T00:00:00+05:30,428.55,428.55,428.55,428.55,0.0
1987-11-26T00:00:00+05:30,428.26,428.26,428.26,428.26,0.0
1987-11-27T00:00:00+05:30,427.92,427.92,427.92,427.92,0.0
1987-11-30T00:00:00+05:30,430.18,430.18,430.18,430.18,0.0
1987-12-01T00:00:00+05:30,428.86,428.86,428.86,428.86,0.0
1987-12-02T00:00:00+05:30,427.16,427.16,427.16,427.16,0.0
1987-12-03T00:00:00+05:30,423.8,423.8,423.8,423.8,0.0
1987-12-04T00:00:00+05:30,421.5,421.5,421.5,421.5,0.0
1987-12-07T00:00:00+05:30,414.15,414.15,414.15,414.15,0.0
1987-12-08T00:00:00+05:30,413.91,413.91,413.91,413.91,0.0
1987-12-09T00:00:00+05:30,414.21,414.21,414.21,414.21,0.0
1987-12-10T00:00:00+05:30,405.57,405.57,405.57,405.57,0.0
1987-12-11T00:00:00+05:30,407.0,407.0,407.0,407.0,0.0
1987-12-14T00:00:00+05:30,407.92,407.92,407.92,407.92,0.0
1987-12-15T00:00:00+05:30,414.1,414.1,414.1,414.1,0.0
1987-12-16T00:00:00+05:30,416.75,416.75,416.75,416.75,0.0
1987-12-17T00:00:00+05:30,423.5,423.5,423.5,423.5,0.0
1987-12-18T00:00:00+05:30,428.87,428.87,428.87,428.87,0.0
1987-12-21T00:00:00+05:30,437.9,437.9,437.9,437.9,0.0
1987-12-22T00:00:00+05:30,434.51,434.51,434.51,434.51,0.0
1987-12-23T00:00:00+05:30,435.7,435.7,435.7,435.7,0.0
1987-12-24T00:00:00+05:30,442.17,442.17,442.17,442.17,0.0
1988-01-04T00:00:00+05:30,439.17,439.17,439.17,439.17,0.0
1988-01-05T00:00:00+05:30,443.68,443.68,443.68,443.68,0.0
1988-01-06T00:00:00+05:30,448.15,448.15,448.15,448.15,0.0
1988-01-07T00:00:00+05:30,456.68,456.68,456.68,456.68,0.0
1988-01-08T00:00:00+05:30,468.0,468.0,468.0,468.0,0.0
1988-01-11T00:00:00+05:30,463.39,463.39,463.39,463.39,0.0
1988-01-12T00:00:00+05:30,468.5,468.5,468.5,468.5,0.0
1988-01-13T00:00:00+05:30,472.35,472.35,472.35,472.35,0.0
1988-01-14T00:00:00+05:30,467.65,467.65,467.65,467.65,0.0
1988-01-15T00:00:00+05:30,462.65,462.65,462.65,462.65,0.0
1988-01-18T00:00:00+05:30,453.64,453.64,453.64,453.64,0.0
1988-01-19T00:00:00+05:30,459.69,459.69,459.69,459.69,0.0
1988-01-20T00:00:00+05:30,458.43,458.43,458.43,458.43,0.0
1988-01-21T00:00:00+05:30,453.18,453.18,453.18,453.18,0.0
1988-01-25T00:00:00+05:30,448.04,448.04,448.04,448.04,0.0
1988-01-27T00:00:00+05:30,437.24,437.24,437.24,437.24,0.0
1988-01-29T00:00:00+05:30,441.95,441.95,441.95,441.95,0.0
1988-02-01T00:00:00+05:30,443.19,443.19,443.19,443.19,0.0
1988-02-02T00:00:00+05:30,443.4,443.4,443.4,443.4,0.0
1988-02-03T00:00:00+05:30,436.45,436.45,436.45,436.45,0.0
1988-02-04T00:00:00+05:30,431.5,431.5,431.5,431.5,0.0
1988-02-05T00:00:00+05:30,438.5,438.5,438.5,438.5,0.0
1988-02-08T00:00:00+05:30,433.64,433.64,433.64,433.64,0.0
1988-02-09T00:00:00+05:30,432.0,432.0,432.0,432.0,0.0
1988-02-10T00:00:00+05:30,423.92,423.92,423.92,423.92,0.0
1988-02-11T00:00:00+05:30,419.14,419.14,419.14,419.14,0.0
1988-02-12T00:00:00+05:30,419.74,419.74,419.74,419.74,0.0
1988-02-15T00:00:00+05:30,421.17,421.17,421.17,421.17,0.0
1988-02-17T00:00:00+05:30,426.39,426.39,426.39,426.39,0.0
1988-02-18T00:00:00+05:30,421.9,421.9,421.9,421.9,0.0
1988-02-22T00:00:00+05:30,406.36,406.36,406.36,406.36,0.0
1988-02-23T00:00:00+05:30,406.83,406.83,406.83,406.83,0.0
1988-02-24T00:00:00+05:30,404.18,404.18,404.18,404.18,0.0
1988-02-25T00:00:00+05:30,398.98,398.98,398.98,398.98,0.0
1988-02-26T00:00:00+05:30,403.55,403.55,403.55,403.55,0.0
1988-02-29T00:00:00+05:30,411.22,411.22,411.22,411.22,0.0
1988-03-01T00:00:00+05:30,406.03,406.03,406.03,406.03,0.0
1988-03-02T00:00:00+05:30,402.12,402.12,402.12,402.12,0.0
1988-03-03T00:00:00+05:30,407.66,407.66,407.66,407.66,0.0
1988-03-07T00:00:00+05:30,401.15,401.15,401.15,401.15,0.0
1988-03-08T00:00:00+05:30,405.22,405.22,405.22,405.22,0.0
1988-03-09T00:00:00+05:30,412.82,412.82,412.82,412.82,0.0
1988-03-10T00:00:00+05:30,419.98,419.98,419.98,419.98,0.0
1988-03-11T00:00:00+05:30,428.37,428.37,428.37,428.37,0.0
1988-03-14T00:00:00+05:30,419.97,419.97,419.97,419.97,0.0
1988-03-16T00:00:00+05:30,420.41,420.41,420.41,420.41,0.0
1988-03-17T00:00:00+05:30,417.18,417.18,417.18,417.18,0.0
1988-03-21T00:00:00+05:30,405.4,405.4,405.4,405.4,0.0
1988-03-22T00:00:00+05:30,402.98,402.98,402.98,402.98,0.0
1988-03-23T00:00:00+05:30,402.55,402.55,402.55,402.55,0.0
1988-03-24T00:00:00+05:30,394.87,394.87,394.87,394.87,0.0
1988-03-25T00:00:00+05:30,393.75,393.75,393.75,393.75,0.0
1988-03-28T00:00:00+05:30,390.0,390.0,390.0,390.0,0.0
1988-03-29T00:00:00+05:30,398.4,398.4,398.4,398.4,0.0
1988-03-30T00:00:00+05:30,398.37,398.37,398.37,398.37,0.0
1988-04-04T00:00:00+05:30,397.16,397.16,397.16,397.16,0.0
1988-04-05T00:00:00+05:30,406.16,406.16,406.16,406.16,0.0
1988-04-06T00:00:00+05:30,413.33,413.33,413.33,413.33,0.0
1988-04-07T00:00:00+05:30,415.04,415.04,415.04,415.04,0.0
1988-04-08T00:00:00+05:30,408.87,408.87,408.87,408.87,0.0
1988-04-11T00:00:00+05:30,404.13,404.13,404.13,404.13,0.0
1988-04-12T00:00:00+05:30,406.79,406.79,406.79,406.79,0.0
1988-04-13T00:00:00+05:30,409.88,409.88,409.88,409.88,0.0
1988-04-15T00:00:00+05:30,405.43,405.43,405.43,405.43,0.0
1988-04-19T00:00:00+05:30,413.47,413.47,413.47,413.47,0.0
1988-04-20T00:00:00+05:30,424.74,424.74,424.74,424.74,0.0
1988-04-21T00:00:00+05:30,431.14,431.14,431.14,431.14,0.0
1988-04-22T00:00:00+05:30,442.54,442.54,442.54,442.54,0.0
1988-04-25T00:00:00+05:30,454.85,454.85,454.85,454.85,0.0
1988-04-26T00:00:00+05:30,447.3,447.3,447.3,447.3,0.0
1988-04-27T00:00:00+05:30,465.09,465.09,465.09,465.09,0.0
1988-04-28T00:00:00+05:30,474.41,474.41,474.41,474.41,0.0
1988-04-29T00:00:00+05:30,471.5,471.5,471.5,471.5,0.0
1988-05-02T00:00:00+05:30,482.42,482.42,482.42,482.42,0.0
1988-05-03T00:00:00+05:30,472.55,472.55,472.55,472.55,0.0
1988-05-04T00:00:00+05:30,473.88,473.88,473.88,473.88,0.0
1988-05-05T00:00:00+05:30,471.74,471.74,471.74,471.74,0.0
1988-05-06T00:00:00+05:30,483.37,483.37,483.37,483.37,0.0
1988-05-10T00:00:00+05:30,496.34,496.34,496.34,496.34,0.0
1988-05-11T00:00:00+05:30,500.3,500.3,500.3,500.3,0.0
1988-05-12T00:00:00+05:30,511.84,511.84,511.84,511.84,0.0
1988-05-13T00:00:00+05:30,504.33,504.33,504.33,504.33,0.0
1988-05-16T00:00:00+05:30,512.16,512.16,512.16,512.16,0.0
1988-05-17T00:00:00+05:30,506.38,506.38,506.38,506.38,0.0
1988-05-19T00:00:00+05:30,522.03,522.03,522.03,522.03,0.0
1988-05-20T00:00:00+05:30,539.42,539.42,539.42,539.42,0.0
1988-05-23T00:00:00+05:30,536.63,536.63,536.63,536.63,0.0
1988-05-24T00:00:00+05:30,524.39,524.39,524.39,524.39,0.0
1988-05-25T00:00:00+05:30,541.53,541.53,541.53,541.53,0.0
1988-05-26T00:00:00+05:30,556.57,556.57,556.57,556.57,0.0
1988-05-27T00:00:00+05:30,557.69,557.69,557.69,557.69,0.0
1988-05-30T00:00:00+05:30,575.44,575.44,575.44,575.44,0.0
1988-05-31T00:00:00+05:30,579.81,579.81,579.81,579.81,0.0
1988-06-01T00:00:00+05:30,572.1,572.1,572.1,572.1,0.0
1988-06-02T00:00:00+05:30,587.26,587.26,587.26,587.26,0.0
1988-06-03T00:00:00+05:30,618.85,618.85,618.85,618.85,0.0
1988-06-08T00:00:00+05:30,628.63,628.63,628.63,628.63,0.0
1988-06-09T00:00:00+05:30,613.93,613.93,613.93,613.93,0.0
1988-06-10T00:00:00+05:30,601.13,601.13,601.13,601.13,0.0
1988-06-13T00:00:00+05:30,616.6,616.6,616.6,616.6,0.0
1988-06-14T00:00:00+05:30,601.64,601.64,601.64,601.64,0.0
1988-06-15T00:00:00+05:30,597.82,597.82,597.82,597.82,0.0
1988-06-16T00:00:00+05:30,605.37,605.37,605.37,605.37,0.0
1988-06-17T00:00:00+05:30,594.51,594.51,594.51,594.51,0.0
1988-06-20T00:00:00+05:30,594.27,594.27,594.27,594.27,0.0
1988-06-21T00:00:00+05:30,577.24,577.24,577.24,577.24,0.0
1988-06-22T00:00:00+05:30,582.24,582.24,582.24,582.24,0.0
1988-06-23T00:00:00+05:30,586.43,586.43,586.43,586.43,0.0
1988-06-24T00:00:00+05:30,575.43,575.43,575.43,575.43,0.0
1988-06-28T00:00:00+05:30,574.4,574.4,574.4,574.4,0.0
1988-06-29T00:00:00+05:30,583.5,583.5,583.5,583.5,0.0
1988-07-01T00:00:00+05:30,577.53,577.53,577.53,577.53,0.0
1988-07-04T00:00:00+05:30,570.89,570.89,570.89,570.89,0.0
1988-07-05T00:00:00+05:30,556.0,556.0,556.0,556.0,0.0
1988-07-06T00:00:00+05:30,553.0,553.0,553.0,553.0,0.0
1988-07-07T00:00:00+05:30,552.07,552.07,552.07,552.07,0.0
1988-07-08T00:00:00+05:30,567.17,567.17,567.17,567.17,0.0
1988-07-11T00:00:00+05:30,579.02,579.02,579.02,579.02,0.0
1988-07-12T00:00:00+05:30,588.01,588.01,588.01,588.01,0.0
1988-07-13T00:00:00+05:30,583.04,583.04,583.04,583.04,0.0
1988-07-14T00:00:00+05:30,577.26,577.26,577.26,577.26,0.0
1988-07-15T00:00:00+05:30,576.64,576.64,576.64,576.64,0.0
1988-07-18T00:00:00+05:30,595.52,595.52,595.52,595.52,0.0
1988-07-19T00:00:00+05:30,607.42,607.42,607.42,607.42,0.0
1988-07-27T00:00:00+05:30,604.02,604.02,604.02,604.02,0.0
1988-07-28T00:00:00+05:30,596.97,596.97,596.97,596.97,0.0
1988-07-29T00:00:00+05:30,603.59,603.59,603.59,603.59,0.0
1988-08-01T00:00:00+05:30,609.6,609.6,609.6,609.6,0.0
1988-08-02T00:00:00+05:30,604.36,604.36,604.36,604.36,0.0
1988-08-03T00:00:00+05:30,599.79,599.79,599.79,599.79,0.0
1988-08-04T00:00:00+05:30,600.63,600.63,600.63,600.63,0.0
1988-08-05T00:00:00+05:30,604.98,604.98,604.98,604.98,0.0
1988-08-08T00:00:00+05:30,600.41,600.41,600.41,600.41,0.0
1988-08-09T00:00:00+05:30,600.93,600.93,600.93,600.93,0.0
1988-08-10T00:00:00+05:30,600.77,600.77,600.77,600.77,0.0
1988-08-12T00:00:00+05:30,593.73,593.73,593.73,593.73,0.0
1988-08-16T00:00:00+05:30,589.1,589.1,589.1,589.1,0.0
1988-08-17T00:00:00+05:30,595.05,595.05,595.05,595.05,0.0
1988-08-18T00:00:00+05:30,596.63,596.63,596.63,596.63,0.0
1988-08-19T00:00:00+05:30,598.49,598.49,598.49,598.49,0.0
1988-08-22T00:00:00+05:30,599.32,599.32,599.32,599.32,0.0
1988-08-23T00:00:00+05:30,594.63,594.63,594.63,594.63,0.0
1988-08-25T00:00:00+05:30,597.53,597.53,597.53,597.53,0.0
1988-08-26T00:00:00+05:30,590.51,590.51,590.51,590.51,0.0
1988-08-29T00:00:00+05:30,585.07,585.07,585.07,585.07,0.0
1988-08-30T00:00:00+05:30,586.71,586.71,586.71,586.71,0.0
1988-08-31T00:00:00+05:30,593.76,593.76,593.76,593.76,0.0
1988-09-01T00:00:00+05:30,610.09,610.09,610.09,610.09,0.0
1988-09-02T00:00:00+05:30,606.26,606.26,606.26,606.26,0.0
1988-09-05T00:00:00+05:30,620.31,620.31,620.31,620.31,0.0
1988-09-06T00:00:00+05:30,609.87,609.87,609.87,609.87,0.0
1988-09-07T00:00:00+05:30,611.68,611.68,611.68,611.68,0.0
1988-09-08T00:00:00+05:30,621.69,621.69,621.69,621.69,0.0
1988-09-09T00:00:00+05:30,620.01,620.01,620.01,620.01,0.0
1988-09-13T00:00:00+05:30,621.97,621.97,621.97,621.97,0.0
1988-09-14T00:00:00+05:30,626.53,626.53,626.53,626.53,0.0
1988-09-19T00:00:00+05:30,643.87,643.87,643.87,643.87,0.0
1988-09-20T00:00:00+05:30,636.2,636.2,636.2,636.2,0.0
1988-09-21T00:00:00+05:30,642.75,642.75,642.75,642.75,0.0
1988-09-22T00:00:00+05:30,646.82,646.82,646.82,646.82,0.0
1988-09-23T00:00:00+05:30,644.68,644.68,644.68,644.68,0.0
1988-09-30T00:00:00+05:30,662.71,662.71,662.71,662.71,0.0
1988-10-03T00:00:00+05:30,676.58,676.58,676.58,676.58,0.0
1988-10-04T00:00:00+05:30,678.79,678.79,678.79,678.79,0.0
1988-10-05T00:00:00+05:30,686.97,686.97,686.97,686.97,0.0
1988-10-06T00:00:00+05:30,686.91,686.91,686.91,686.91,0.0
1988-10-07T00:00:00+05:30,693.9,693.9,693.9,693.9,0.0
1988-10-10T00:00:00+05:30,704.8,704.8,704.8,704.8,0.0
1988-10-11T00:00:00+05:30,679.88,679.88,679.88,679.88,0.0
1988-10-12T00:00:00+05:30,664.45,664.45,664.45,664.45,0.0
1988-10-13T00:00:00+05:30,656.12,656.12,656.12,656.12,0.0
1988-10-14T00:00:00+05:30,652.18,652.18,652.18,652.18,0.0
1988-10-18T00:00:00+05:30,678.67,678.67,678.67,678.67,0.0
1988-10-21T00:00:00+05:30,705.06,705.06,705.06,705.06,0.0
1988-10-25T00:00:00+05:30,702.95,702.95,702.95,702.95,0.0
1988-10-26T00:00:00+05:30,697.17,697.17,697.17,697.17,0.0
1988-10-27T00:00:00+05:30,679.34,679.34,679.34,679.34,0.0
1988-10-28T00:00:00+05:30,675.38,675.38,675.38,675.38,0.0
1988-10-31T00:00:00+05:30,654.18,654.18,654.18,654.18,0.0
1988-11-01T00:00:00+05:30,676.37,676.37,676.37,676.37,0.0
1988-11-02T00:00:00+05:30,683.78,683.78,683.78,683.78,0.0
1988-11-03T00:00:00+05:30,670.75,670.75,670.75,670.75,0.0
1988-11-04T00:00:00+05:30,699.75,699.75,699.75,699.75,0.0
1988-11-09T00:00:00+05:30,709.03,709.03,709.03,709.03,0.0
1988-11-15T00:00:00+05:30,705.86,705.86,705.86,705.86,0.0
1988-11-16T00:00:00+05:30,708.2,708.2,708.2,708.2,0.0
1988-11-17T00:00:00+05:30,711.5,711.5,711.5,711.5,0.0
1988-11-18T00:00:00+05:30,719.07,719.07,719.07,719.07,0.0
1988-11-21T00:00:00+05:30,718.16,718.16,718.16,718.16,0.0
1988-11-24T00:00:00+05:30,704.74,704.74,704.74,704.74,0.0
1988-11-28T00:00:00+05:30,695.0,695.0,695.0,695.0,0.0
1988-11-29T00:00:00+05:30,702.02,702.02,702.02,702.02,0.0
1988-11-30T00:00:00+05:30,707.44,707.44,707.44,707.44,0.0
1988-12-02T00:00:00+05:30,709.65,709.65,709.65,709.65,0.0
1988-12-05T00:00:00+05:30,698.87,698.87,698.87,698.87,0.0
1988-12-06T00:00:00+05:30,687.04,687.04,687.04,687.04,0.0
1988-12-07T00:00:00+05:30,674.74,674.74,674.74,674.74,0.0
1988-12-09T00:00:00+05:30,675.04,675.04,675.04,675.04,0.0
1988-12-13T00:00:00+05:30,668.06,668.06,668.06,668.06,0.0
1988-12-14T00:00:00+05:30,695.7,695.7,695.7,695.7,0.0
1988-12-15T00:00:00+05:30,689.04,689.04,689.04,689.04,0.0
1988-12-16T00:00:00+05:30,668.12,668.12,668.12,668.12,0.0
1988-12-19T00:00:00+05:30,657.42,657.42,657.42,657.42,0.0
1988-12-20T00:00:00+05:30,665.58,665.58,665.58,665.58,0.0
1988-12-21T00:00:00+05:30,666.52,666.52,666.52,666.52,0.0
1988-12-22T00:00:00+05:30,661.77,661.77,661.77,661.77,0.0
1988-12-23T00:00:00+05:30,666.26,666.26,666.26,666.26,0.0
1989-01-02T00:00:00+05:30,659.11,659.11,659.11,659.11,0.0
1989-01-04T00:00:00+05:30,640.81,640.81,640.81,640.81,0.0
1989-01-05T00:00:00+05:30,628.17,628.17,628.17,628.17,0.0
1989-01-06T00:00:00+05:30,625.32,625.32,625.32,625.32,0.0
1989-01-09T00:00:00+05:30,658.45,658.45,658.45,658.45,0.0
1989-01-10T00:00:00+05:30,660.41,660.41,660.41,660.41,0.0
1989-01-11T00:00:00+05:30,656.24,656.24,656.24,656.24,0.0
1989-01-12T00:00:00+05:30,652.24,652.24,652.24,652.24,0.0
1989-01-13T00:00:00+05:30,642.35,642.35,642.35,642.35,0.0
1989-01-16T00:00:00+05:30,644.39,644.39,644.39,644.39,0.0
1989-01-17T00:00:00+05:30,646.32,646.32,646.32,646.32,0.0
1989-01-18T00:00:00+05:30,641.02,641.02,641.02,641.02,0.0
1989-01-19T00:00:00+05:30,634.12,634.12,634.12,634.12,0.0
1989-01-20T00:00:00+05:30,631.75,631.75,631.75,631.75,0.0
1989-01-23T00:00:00+05:30,628.19,628.19,628.19,628.19,0.0
1989-01-25T00:00:00+05:30,659.89,659.89,659.89,659.89,0.0
1989-01-27T00:00:00+05:30,666.62,666.62,666.62,666.62,0.0
1989-01-30T00:00:00+05:30,674.47,674.47,674.47,674.47,0.0
1989-01-31T00:00:00+05:30,678.72,678.72,678.72,678.72,0.0
1989-02-01T00:00:00+05:30,662.59,662.59,662.59,662.59,0.0
1989-02-02T00:00:00+05:30,650.64,650.64,650.64,650.64,0.0
1989-02-03T00:00:00+05:30,665.48,665.48,665.48,665.48,0.0
1989-02-06T00:00:00+05:30,684.59,684.59,684.59,684.59,0.0
1989-02-07T00:00:00+05:30,678.72,678.72,678.72,678.72,0.0
1989-02-08T00:00:00+05:30,669.2,669.2,669.2,669.2,0.0
1989-02-09T00:00:00+05:30,670.4,670.4,670.4,670.4,0.0
1989-02-10T00:00:00+05:30,669.8,669.8,669.8,669.8,0.0
1989-02-13T00:00:00+05:30,656.21,656.21,656.21,656.21,0.0
1989-02-14T00:00:00+05:30,660.23,660.23,660.23,660.23,0.0
1989-02-15T00:00:00+05:30,653.73,653.73,653.73,653.73,0.0
1989-02-16T00:00:00+05:30,643.61,643.61,643.61,643.61,0.0
1989-02-17T00:00:00+05:30,648.75,648.75,648.75,648.75,0.0
1989-02-20T00:00:00+05:30,661.76,661.76,661.76,661.76,0.0
1989-02-21T00:00:00+05:30,661.17,661.17,661.17,661.17,0.0
1989-02-22T00:00:00+05:30,660.66,660.66,660.66,660.66,0.0
1989-02-23T00:00:00+05:30,661.87,661.87,661.87,661.87,0.0
1989-02-24T00:00:00+05:30,671.57,671.57,671.57,671.57,0.0
1989-02-28T00:00:00+05:30,654.96,654.96,654.96,654.96,0.0
1989-03-01T00:00:00+05:30,636.0,636.0,636.0,636.0,0.0
1989-03-02T00:00:00+05:30,655.46,655.46,655.46,655.46,0.0
1989-03-03T00:00:00+05:30,656.42,656.42,656.42,656.42,0.0
1989-03-07T00:00:00+05:30,671.7,671.7,671.7,671.7,0.0
1989-03-08T00:00:00+05:30,680.66,680.66,680.66,680.66,0.0
1989-03-09T00:00:00+05:30,678.04,678.04,678.04,678.04,0.0
1989-03-10T00:00:00+05:30,684.77,684.77,684.77,684.77,0.0
1989-03-13T00:00:00+05:30,675.23,675.23,675.23,675.23,0.0
1989-03-14T00:00:00+05:30,666.28,666.28,666.28,666.28,0.0
1989-03-15T00:00:00+05:30,672.39,672.39,672.39,672.39,0.0
1989-03-16T00:00:00+05:30,673.07,673.07,673.07,673.07,0.0
1989-03-17T00:00:00+05:30,670.7,670.7,670.7,670.7,0.0
1989-03-20T00:00:00+05:30,663.8,663.8,663.8,663.8,0.0
1989-03-21T00:00:00+05:30,656.53,656.53,656.53,656.53,0.0
1989-03-23T00:00:00+05:30,679.29,679.29,679.29,679.29,0.0
1989-03-27T00:00:00+05:30,690.46,690.46,690.46,690.46,0.0
1989-03-28T00:00:00+05:30,692.29,692.29,692.29,692.29,0.0
1989-03-29T00:00:00+05:30,704.01,704.01,704.01,704.01,0.0
1989-03-30T00:00:00+05:30,711.14,711.14,711.14,711.14,0.0
1989-03-31T00:00:00+05:30,713.6,713.6,713.6,713.6,0.0
1989-04-03T00:00:00+05:30,723.88,723.88,723.88,723.88,0.0
1989-04-04T00:00:00+05:30,718.69,718.69,718.69,718.69,0.0
1989-04-05T00:00:00+05:30,716.78,716.78,716.78,716.78,0.0
1989-04-07T00:00:00+05:30,728.25,728.25,728.25,728.25,0.0
1989-04-10T00:00:00+05:30,752.15,752.15,752.15,752.15,0.0
1989-04-11T00:00:00+05:30,753.93,753.93,753.93,753.93,0.0
1989-04-12T00:00:00+05:30,734.77,734.77,734.77,734.77,0.0
1989-04-13T00:00:00+05:30,748.44,748.44,748.44,748.44,0.0
1989-04-17T00:00:00+05:30,745.57,745.57,745.57,745.57,0.0
1989-04-19T00:00:00+05:30,750.91,750.91,750.91,750.91,0.0
1989-04-20T00:00:00+05:30,761.09,761.09,761.09,761.09,0.0
1989-04-21T00:00:00+05:30,768.86,768.86,768.86,768.86,0.0
1989-04-25T00:00:00+05:30,761.85,761.85,761.85,761.85,0.0
1989-04-26T00:00:00+05:30,781.24,781.24,781.24,781.24,0.0
1989-04-27T00:00:00+05:30,770.9,770.9,770.9,770.9,0.0
1989-04-28T00:00:00+05:30,780.36,780.36,780.36,780.36,0.0
1989-05-02T00:00:00+05:30,751.87,751.87,751.87,751.87,0.0
1989-05-03T00:00:00+05:30,749.75,749.75,749.75,749.75,0.0
1989-05-04T00:00:00+05:30,753.53,753.53,753.53,753.53,0.0
1989-05-05T00:00:00+05:30,745.94,745.94,745.94,745.94,0.0
1989-05-10T00:00:00+05:30,732.34,732.34,732.34,732.34,0.0
1989-05-11T00:00:00+05:30,713.54,713.54,713.54,713.54,0.0
1989-05-12T00:00:00+05:30,726.79,726.79,726.79,726.79,0.0
1989-05-15T00:00:00+05:30,734.94,734.94,734.94,734.94,0.0
1989-05-16T00:00:00+05:30,734.83,734.83,734.83,734.83,0.0
1989-05-17T00:00:00+05:30,715.12,715.12,715.12,715.12,0.0
1989-05-18T00:00:00+05:30,718.08,718.08,718.08,718.08,0.0
1989-05-19T00:00:00+05:30,708.35,708.35,708.35,708.35,0.0
1989-05-22T00:00:00+05:30,705.77,705.77,705.77,705.77,0.0
1989-05-23T00:00:00+05:30,716.16,716.16,716.16,716.16,0.0
1989-05-24T00:00:00+05:30,715.24,715.24,715.24,715.24,0.0
1989-05-26T00:00:00+05:30,709.83,709.83,709.83,709.83,0.0
1989-05-29T00:00:00+05:30,695.28,695.28,695.28,695.28,0.0
1989-05-30T00:00:00+05:30,692.24,692.24,692.24,692.24,0.0
1989-05-31T00:00:00+05:30,691.15,691.15,691.15,691.15,0.0
1989-06-01T00:00:00+05:30,699.02,699.02,699.02,699.02,0.0
1989-06-02T00:00:00+05:30,708.19,708.19,708.19,708.19,0.0
1989-06-05T00:00:00+05:30,725.14,725.14,725.14,725.14,0.0
1989-06-06T00:00:00+05:30,723.13,723.13,723.13,723.13,0.0
1989-06-07T00:00:00+05:30,725.38,725.38,725.38,725.38,0.0
1989-06-08T00:00:00+05:30,724.37,724.37,724.37,724.37,0.0
1989-06-09T00:00:00+05:30,723.09,723.09,723.09,723.09,0.0
1989-06-12T00:00:00+05:30,724.94,724.94,724.94,724.94,0.0
1989-06-13T00:00:00+05:30,724.04,724.04,724.04,724.04,0.0
1989-06-14T00:00:00+05:30,714.97,714.97,714.97,714.97,0.0
1989-06-15T00:00:00+05:30,712.03,712.03,712.03,712.03,0.0
1989-06-16T00:00:00+05:30,730.02,730.02,730.02,730.02,0.0
1989-06-19T00:00:00+05:30,732.08,732.08,732.08,732.08,0.0
1989-06-20T00:00:00+05:30,736.27,736.27,736.27,736.27,0.0
1989-06-21T00:00:00+05:30,756.16,756.16,756.16,756.16,0.0
1989-06-22T00:00:00+05:30,765.08,765.08,765.08,765.08,0.0
1989-06-23T00:00:00+05:30,773.45,773.45,773.45,773.45,0.0
1989-06-26T00:00:00+05:30,762.24,762.24,762.24,762.24,0.0
1989-06-27T00:00:00+05:30,765.12,765.12,765.12,765.12,0.0
1989-06-28T00:00:00+05:30,776.35,776.35,776.35,776.35,0.0
1989-06-29T00:00:00+05:30,778.86,778.86,778.86,778.86,0.0
1989-06-30T00:00:00+05:30,792.17,792.17,792.17,792.17,0.0
1989-07-04T00:00:00+05:30,794.21,794.21,794.21,794.21,0.0
1989-07-05T00:00:00+05:30,798.01,798.01,798.01,798.01,0.0
1989-07-06T00:00:00+05:30,790.49,790.49,790.49,790.49,0.0
1989-07-07T00:00:00+05:30,783.7,783.7,783.7,783.7,0.0
1989-07-10T00:00:00+05:30,765.2,765.2,765.2,765.2,0.0
1989-07-11T00:00:00+05:30,756.16,756.16,756.16,756.16,0.0
1989-07-12T00:00:00+05:30,762.86,762.86,762.86,762.86,0.0
1989-07-13T00:00:00+05:30,758.92,758.92,758.92,758.92,0.0
1989-07-17T00:00:00+05:30,747.19,747.19,747.19,747.19,0.0
1989-07-18T00:00:00+05:30,751.82,751.82,751.82,751.82,0.0
1989-07-19T00:00:00+05:30,752.86,752.86,752.86,752.86,0.0
1989-07-20T00:00:00+05:30,754.1,754.1,754.1,754.1,0.0
1989-07-21T00:00:00+05:30,740.25,740.25,740.25,740.25,0.0
1989-07-25T00:00:00+05:30,734.17,734.17,734.17,734.17,0.0
1989-07-26T00:00:00+05:30,743.13,743.13,743.13,743.13,0.0
1989-07-27T00:00:00+05:30,722.64,722.64,722.64,722.64,0.0
1989-07-28T00:00:00+05:30,716.35,716.35,716.35,716.35,0.0
1989-08-01T00:00:00+05:30,729.23,729.23,729.23,729.23,0.0
1989-08-02T00:00:00+05:30,716.55,716.55,716.55,716.55,0.0
1989-08-03T00:00:00+05:30,716.8,716.8,716.8,716.8,0.0
1989-08-04T00:00:00+05:30,719.61,719.61,719.61,719.61,0.0
1989-08-07T00:00:00+05:30,715.5,715.5,715.5,715.5,0.0
1989-08-08T00:00:00+05:30,706.78,706.78,706.78,706.78,0.0
1989-08-09T00:00:00+05:30,715.35,715.35,715.35,715.35,0.0
1989-08-10T00:00:00+05:30,732.31,732.31,732.31,732.31,0.0
1989-08-14T00:00:00+05:30,736.46,736.46,736.46,736.46,0.0
1989-08-17T00:00:00+05:30,727.27,727.27,727.27,727.27,0.0
1989-08-18T00:00:00+05:30,720.24,720.24,720.24,720.24,0.0
1989-08-21T00:00:00+05:30,708.5,708.5,708.5,708.5,0.0
1989-08-22T00:00:00+05:30,709.38,709.38,709.38,709.38,0.0
1989-08-23T00:00:00+05:30,710.48,710.48,710.48,710.48,0.0
1989-08-28T00:00:00+05:30,714.34,714.34,714.34,714.34,0.0
1989-08-29T00:00:00+05:30,719.48,719.48,719.48,719.48,0.0
1989-08-30T00:00:00+05:30,731.27,731.27,731.27,731.27,0.0
1989-08-31T00:00:00+05:30,733.3,733.3,733.3,733.3,0.0
1989-09-01T00:00:00+05:30,729.25,729.25,729.25,729.25,0.0
1989-09-06T00:00:00+05:30,730.62,730.62,730.62,730.62,0.0
1989-09-07T00:00:00+05:30,733.71,733.71,733.71,733.71,0.0
1989-09-08T00:00:00+05:30,721.56,721.56,721.56,721.56,0.0
1989-09-11T00:00:00+05:30,713.73,713.73,713.73,713.73,0.0
1989-09-12T00:00:00+05:30,714.21,714.21,714.21,714.21,0.0
1989-09-13T00:00:00+05:30,715.76,715.76,715.76,715.76,0.0
1989-09-14T00:00:00+05:30,729.46,729.46,729.46,729.46,0.0
1989-09-15T00:00:00+05:30,726.75,726.75,726.75,726.75,0.0
1989-09-18T00:00:00+05:30,730.25,730.25,730.25,730.25,0.0
1989-09-19T00:00:00+05:30,730.48,730.48,730.48,730.48,0.0
1989-09-20T00:00:00+05:30,727.33,727.33,727.33,727.33,0.0
1989-09-21T00:00:00+05:30,726.17,726.17,726.17,726.17,0.0
1989-09-22T00:00:00+05:30,726.26,726.26,726.26,726.26,0.0
1989-09-25T00:00:00+05:30,722.39,722.39,722.39,722.39,0.0
1989-09-26T00:00:00+05:30,726.51,726.51,726.51,726.51,0.0
1989-09-27T00:00:00+05:30,727.91,727.91,727.91,727.91,0.0
1989-09-28T00:00:00+05:30,734.32,734.32,734.32,734.32,0.0
1989-09-29T00:00:00+05:30,748.06,748.06,748.06,748.06,0.0
1989-10-03T00:00:00+05:30,740.72,740.72,740.72,740.72,0.0
1989-10-04T00:00:00+05:30,732.34,732.34,732.34,732.34,0.0
1989-10-05T00:00:00+05:30,722.52,722.52,722.52,722.52,0.0
1989-10-06T00:00:00+05:30,723.35,723.35,723.35,723.35,0.0
1989-10-09T00:00:00+05:30,729.17,729.17,729.17,729.17,0.0
1989-10-11T00:00:00+05:30,722.54,722.54,722.54,722.54,0.0
1989-10-12T00:00:00+05:30,727.04,727.04,727.04,727.04,0.0
1989-10-13T00:00:00+05:30,724.75,724.75,724.75,724.75,0.0
1989-10-16T00:00:00+05:30,715.8,715.8,715.8,715.8,0.0
1989-10-17T00:00:00+05:30,699.03,699.03,699.03,699.03,0.0
1989-10-18T00:00:00+05:30,721.2,721.2,721.2,721.2,0.0
1989-10-19T00:00:00+05:30,741.76,741.76,741.76,741.76,0.0
1989-10-20T00:00:00+05:30,738.52,738.52,738.52,738.52,0.0
1989-10-23T00:00:00+05:30,740.48,740.48,740.48,740.48,0.0
1989-10-24T00:00:00+05:30,738.32,738.32,738.32,738.32,0.0
1989-10-25T00:00:00+05:30,752.33,752.33,752.33,752.33,0.0
1989-10-26T00:00:00+05:30,755.58,755.58,755.58,755.58,0.0
1989-10-31T00:00:00+05:30,746.58,746.58,746.58,746.58,0.0
1989-11-01T00:00:00+05:30,740.3,740.3,740.3,740.3,0.0
1989-11-02T00:00:00+05:30,741.65,741.65,741.65,741.65,0.0
1989-11-03T00:00:00+05:30,740.11,740.11,740.11,740.11,0.0
1989-11-06T00:00:00+05:30,735.72,735.72,735.72,735.72,0.0
1989-11-07T00:00:00+05:30,727.71,727.71,727.71,727.71,0.0
1989-11-08T00:00:00+05:30,719.68,719.68,719.68,719.68,0.0
1989-11-09T00:00:00+05:30,720.25,720.25,720.25,720.25,0.0
1989-11-10T00:00:00+05:30,708.0,708.0,708.0,708.0,0.0
1989-11-20T00:00:00+05:30,707.5,707.5,707.5,707.5,0.0
1989-11-21T00:00:00+05:30,715.0,715.0,715.0,715.0,0.0
1989-11-22T00:00:00+05:30,711.69,711.69,711.69,711.69,0.0
1989-11-23T00:00:00+05:30,695.89,695.89,695.89,695.89,0.0
1989-11-28T00:00:00+05:30,698.81,698.81,698.81,698.81,0.0
1989-11-29T00:00:00+05:30,678.98,678.98,678.98,678.98,0.0
1989-11-30T00:00:00+05:30,689.72,689.72,689.72,689.72,0.0
1989-12-01T00:00:00+05:30,712.0,712.0,712.0,712.0,0.0
1989-12-04T00:00:00+05:30,725.52,725.52,725.52,725.52,0.0
1989-12-05T00:00:00+05:30,735.31,735.31,735.31,735.31,0.0
1989-12-06T00:00:00+05:30,733.56,733.56,733.56,733.56,0.0
1989-12-07T00:00:00+05:30,732.09,732.09,732.09,732.09,0.0
1989-12-08T00:00:00+05:30,756.08,756.08,756.08,756.08,0.0
1989-12-12T00:00:00+05:30,792.99,792.99,792.99,792.99,0.0
1989-12-13T00:00:00+05:30,761.23,761.23,761.23,761.23,0.0
1989-12-14T00:00:00+05:30,764.37,764.37,764.37,764.37,0.0
1989-12-15T00:00:00+05:30,760.13,760.13,760.13,760.13,0.0
1989-12-18T00:00:00+05:30,772.83,772.83,772.83,772.83,0.0
1989-12-19T00:00:00+05:30,776.88,776.88,776.88,776.88,0.0
1989-12-20T00:00:00+05:30,768.78,768.78,768.78,768.78,0.0
1989-12-21T00:00:00+05:30,766.75,766.75,766.75,766.75,0.0
1989-12-22T00:00:00+05:30,778.64,778.64,778.64,778.64,0.0
1990-01-01T00:00:00+05:30,783.35,783.35,783.35,783.35,0.0
1990-01-02T00:00:00+05:30,780.01,780.01,780.01,780.01,0.0
1990-01-03T00:00:00+05:30,763.22,763.22,763.22,763.22,0.0
1990-01-04T00:00:00+05:30,760.8,760.8,760.8,760.8,0.0
1990-01-05T00:00:00+05:30,774.58,774.58,774.58,774.58,0.0
1990-01-08T00:00:00+05:30,778.33,778.33,778.33,778.33,0.0
1990-01-09T00:00:00+05:30,774.5,774.5,774.5,774.5,0.0
1990-01-10T00:00:00+05:30,782.48,782.48,782.48,782.48,0.0
1990-01-11T00:00:00+05:30,780.34,780.34,780.34,780.34,0.0
1990-01-15T00:00:00+05:30,763.55,763.55,763.55,763.55,0.0
1990-01-16T00:00:00+05:30,755.58,755.58,755.58,755.58,0.0
1990-01-17T00:00:00+05:30,745.19,745.19,745.19,745.19,0.0
1990-01-18T00:00:00+05:30,738.58,738.58,738.58,738.58,0.0
1990-01-19T00:00:00+05:30,710.75,710.75,710.75,710.75,0.0
1990-01-22T00:00:00+05:30,706.85,706.85,706.85,706.85,0.0
1990-01-23T00:00:00+05:30,722.01,722.01,722.01,722.01,0.0
1990-01-24T00:00:00+05:30,718.95,718.95,718.95,718.95,0.0
1990-01-25T00:00:00+05:30,716.23,716.23,716.23,716.23,0.0
1990-01-30T00:00:00+05:30,701.08,701.08,701.08,701.08,0.0
1990-01-31T00:00:00+05:30,683.32,683.32,683.32,683.32,0.0
1990-02-01T00:00:00+05:30,692.41,692.41,692.41,692.41,0.0
1990-02-02T00:00:00+05:30,684.48,684.48,684.48,684.48,0.0
1990-02-06T00:00:00+05:30,674.26,674.26,674.26,674.26,0.0
1990-02-07T00:00:00+05:30,674.47,674.47,674.47,674.47,0.0
1990-02-08T00:00:00+05:30,659.3,659.3,659.3,659.3,0.0
1990-02-12T00:00:00+05:30,673.27,673.27,673.27,673.27,0.0
1990-02-13T00:00:00+05:30,673.26,673.26,673.26,673.26,0.0
1990-02-14T00:00:00+05:30,679.29,679.29,679.29,679.29,0.0
1990-02-15T00:00:00+05:30,690.07,690.07,690.07,690.07,0.0
1990-02-16T00:00:00+05:30,689.98,689.98,689.98,689.98,0.0
1990-02-19T00:00:00+05:30,679.53,679.53,679.53,679.53,0.0
1990-02-20T00:00:00+05:30,674.47,674.47,674.47,674.47,0.0
1990-02-21T00:00:00+05:30,678.57,678.57,678.57,678.57,0.0
1990-02-22T00:00:00+05:30,678.97,678.97,678.97,678.97,0.0
1990-02-26T00:00:00+05:30,680.58,680.58,680.58,680.58,0.0
1990-02-28T00:00:00+05:30,676.23,676.23,676.23,676.23,0.0
1990-03-01T00:00:00+05:30,692.58,692.58,692.58,692.58,0.0
1990-03-02T00:00:00+05:30,691.61,691.61,691.61,691.61,0.0
1990-03-05T00:00:00+05:30,685.88,685.88,685.88,685.88,0.0
1990-03-06T00:00:00+05:30,678.7,678.7,678.7,678.7,0.0
1990-03-07T00:00:00+05:30,678.38,678.38,678.38,678.38,0.0
1990-03-08T00:00:00+05:30,670.38,670.38,670.38,670.38,0.0
1990-03-09T00:00:00+05:30,673.94,673.94,673.94,673.94,0.0
1990-03-13T00:00:00+05:30,688.08,688.08,688.08,688.08,0.0
1990-03-14T00:00:00+05:30,683.47,683.47,683.47,683.47,0.0
1990-03-15T00:00:00+05:30,678.91,678.91,678.91,678.91,0.0
1990-03-16T00:00:00+05:30,686.29,686.29,686.29,686.29,0.0
1990-03-19T00:00:00+05:30,711.04,711.04,711.04,711.04,0.0
1990-03-20T00:00:00+05:30,726.31,726.31,726.31,726.31,0.0
1990-03-21T00:00:00+05:30,721.69,721.69,721.69,721.69,0.0
1990-03-22T00:00:00+05:30,738.22,738.22,738.22,738.22,0.0
1990-03-23T00:00:00+05:30,757.76,757.76,757.76,757.76,0.0
1990-03-26T00:00:00+05:30,761.33,761.33,761.33,761.33,0.0
1990-03-28T00:00:00+05:30,770.3,770.3,770.3,770.3,0.0
1990-03-29T00:00:00+05:30,767.74,767.74,767.74,767.74,0.0
1990-03-30T00:00:00+05:30,781.05,781.05,781.05,781.05,0.0
1990-04-02T00:00:00+05:30,782.97,782.97,782.97,782.97,0.0
1990-04-04T00:00:00+05:30,805.86,805.86,805.86,805.86,0.0
1990-04-05T00:00:00+05:30,794.44,794.44,794.44,794.44,0.0
1990-04-06T00:00:00+05:30,770.74,770.74,770.74,770.74,0.0
1990-04-09T00:00:00+05:30,769.97,769.97,769.97,769.97,0.0
1990-04-10T00:00:00+05:30,781.17,781.17,781.17,781.17,0.0
1990-04-12T00:00:00+05:30,748.79,748.79,748.79,748.79,0.0
1990-04-17T00:00:00+05:30,755.58,755.58,755.58,755.58,0.0
1990-04-18T00:00:00+05:30,773.76,773.76,773.76,773.76,0.0
1990-04-19T00:00:00+05:30,759.15,759.15,759.15,759.15,0.0
1990-04-20T00:00:00+05:30,787.36,787.36,787.36,787.36,0.0
1990-04-23T00:00:00+05:30,792.57,792.57,792.57,792.57,0.0
1990-04-24T00:00:00+05:30,791.79,791.79,791.79,791.79,0.0
1990-04-25T00:00:00+05:30,793.58,793.58,793.58,793.58,0.0
1990-04-30T00:00:00+05:30,795.13,795.13,795.13,795.13,0.0
1990-05-02T00:00:00+05:30,786.21,786.21,786.21,786.21,0.0
1990-05-03T00:00:00+05:30,779.22,779.22,779.22,779.22,0.0
1990-05-04T00:00:00+05:30,776.11,776.11,776.11,776.11,0.0
1990-05-07T00:00:00+05:30,779.38,779.38,779.38,779.38,0.0
1990-05-08T00:00:00+05:30,785.19,785.19,785.19,785.19,0.0
1990-05-10T00:00:00+05:30,779.5,779.5,779.5,779.5,0.0
1990-05-11T00:00:00+05:30,780.73,780.73,780.73,780.73,0.0
1990-05-14T00:00:00+05:30,774.75,774.75,774.75,774.75,0.0
1990-05-15T00:00:00+05:30,786.9,786.9,786.9,786.9,0.0
1990-05-17T00:00:00+05:30,770.36,770.36,770.36,770.36,0.0
1990-05-18T00:00:00+05:30,767.02,767.02,767.02,767.02,0.0
1990-05-21T00:00:00+05:30,780.3,780.3,780.3,780.3,0.0
1990-05-22T00:00:00+05:30,777.96,777.96,777.96,777.96,0.0
1990-05-23T00:00:00+05:30,788.14,788.14,788.14,788.14,0.0
1990-05-24T00:00:00+05:30,786.08,786.08,786.08,786.08,0.0
1990-05-25T00:00:00+05:30,787.1,787.1,787.1,787.1,0.0
1990-05-28T00:00:00+05:30,810.15,810.15,810.15,810.15,0.0
1990-05-29T00:00:00+05:30,811.59,811.59,811.59,811.59,0.0
1990-05-30T00:00:00+05:30,803.89,803.89,803.89,803.89,0.0
1990-05-31T00:00:00+05:30,800.8,800.8,800.8,800.8,0.0
1990-06-01T00:00:00+05:30,799.5,799.5,799.5,799.5,0.0
1990-06-04T00:00:00+05:30,797.61,797.61,797.61,797.61,0.0
1990-06-05T00:00:00+05:30,795.11,795.11,795.11,795.11,0.0
1990-06-06T00:00:00+05:30,794.18,794.18,794.18,794.18,0.0
1990-06-07T00:00:00+05:30,790.03,790.03,790.03,790.03,0.0
1990-06-11T00:00:00+05:30,794.7,794.7,794.7,794.7,0.0
1990-06-12T00:00:00+05:30,787.36,787.36,787.36,787.36,0.0
1990-06-13T00:00:00+05:30,781.66,781.66,781.66,781.66,0.0
1990-06-14T00:00:00+05:30,783.21,783.21,783.21,783.21,0.0
1990-06-15T00:00:00+05:30,785.75,785.75,785.75,785.75,0.0
1990-06-18T00:00:00+05:30,791.32,791.32,791.32,791.32,0.0
1990-06-19T00:00:00+05:30,790.76,790.76,790.76,790.76,0.0
1990-06-20T00:00:00+05:30,790.31,790.31,790.31,790.31,0.0
1990-06-21T00:00:00+05:30,800.3,800.3,800.3,800.3,0.0
1990-06-22T00:00:00+05:30,814.72,814.72,814.72,814.72,0.0
1990-06-25T00:00:00+05:30,817.54,817.54,817.54,817.54,0.0
1990-06-26T00:00:00+05:30,820.35,820.35,820.35,820.35,0.0
1990-06-27T00:00:00+05:30,829.47,829.47,829.47,829.47,0.0
1990-06-28T00:00:00+05:30,834.49,834.49,834.49,834.49,0.0
1990-06-29T00:00:00+05:30,850.5,850.5,850.5,850.5,0.0
1990-07-03T00:00:00+05:30,862.88,862.88,862.88,862.88,0.0
1990-07-05T00:00:00+05:30,883.03,883.03,883.03,883.03,0.0
1990-07-06T00:00:00+05:30,896.25,896.25,896.25,896.25,0.0
1990-07-09T00:00:00+05:30,896.16,896.16,896.16,896.16,0.0
1990-07-10T00:00:00+05:30,893.08,893.08,893.08,893.08,0.0
1990-07-11T00:00:00+05:30,909.3,909.3,909.3,909.3,0.0
1990-07-12T00:00:00+05:30,924.29,924.29,924.29,924.29,0.0
1990-07-13T00:00:00+05:30,920.24,920.24,920.24,920.24,0.0
1990-07-16T00:00:00+05:30,886.33,886.33,886.33,886.33,0.0
1990-07-17T00:00:00+05:30,916.93,916.93,916.93,916.93,0.0
1990-07-18T00:00:00+05:30,926.92,926.92,926.92,926.92,0.0
1990-07-19T00:00:00+05:30,941.7,941.7,941.7,941.7,0.0
1990-07-20T00:00:00+05:30,940.73,940.73,940.73,940.73,0.0
1990-07-25T00:00:00+05:30,1007.97,1007.97,1007.97,1007.97,0.0
1990-07-26T00:00:00+05:30,1008.12,1008.12,1008.12,1008.12,0.0
1990-07-27T00:00:00+05:30,1033.15,1033.15,1033.15,1033.15,0.0
1990-07-30T00:00:00+05:30,1098.95,1098.95,1098.95,1098.95,0.0
1990-08-03T00:00:00+05:30,1061.66,1061.66,1061.66,1061.66,0.0
1990-08-07T00:00:00+05:30,1043.54,1043.54,1043.54,1043.54,0.0
1990-08-08T00:00:00+05:30,1010.01,1010.01,1010.01,1010.01,0.0
1990-08-09T00:00:00+05:30,1025.83,1025.83,1025.83,1025.83,0.0
1990-08-10T00:00:00+05:30,1046.25,1046.25,1046.25,1046.25,0.0
1990-08-13T00:00:00+05:30,1092.55,1092.55,1092.55,1092.55,0.0
1990-08-16T00:00:00+05:30,1088.08,1088.08,1088.08,1088.08,0.0
1990-08-17T00:00:00+05:30,1080.96,1080.96,1080.96,1080.96,0.0
1990-08-20T00:00:00+05:30,1096.93,1096.93,1096.93,1096.93,0.0
1990-08-21T00:00:00+05:30,1134.03,1134.03,1134.03,1134.03,0.0
1990-08-22T00:00:00+05:30,1157.78,1157.78,1157.78,1157.78,0.0
1990-08-23T00:00:00+05:30,1151.27,1151.27,1151.27,1151.27,0.0
1990-08-27T00:00:00+05:30,1217.67,1217.67,1217.67,1217.67,0.0
1990-08-28T00:00:00+05:30,1207.87,1207.87,1207.87,1207.87,0.0
1990-08-29T00:00:00+05:30,1197.2,1197.2,1197.2,1197.2,0.0
1990-08-30T00:00:00+05:30,1247.53,1247.53,1247.53,1247.53,0.0
1990-09-03T00:00:00+05:30,1260.77,1260.77,1260.77,1260.77,0.0
1990-09-04T00:00:00+05:30,1201.93,1201.93,1201.93,1201.93,0.0
1990-09-05T00:00:00+05:30,1200.76,1200.76,1200.76,1200.76,0.0
1990-09-06T00:00:00+05:30,1229.83,1229.83,1229.83,1229.83,0.0
1990-09-07T00:00:00+05:30,1255.72,1255.72,1255.72,1255.72,0.0
1990-09-10T00:00:00+05:30,1282.27,1282.27,1282.27,1282.27,0.0
1990-09-11T00:00:00+05:30,1321.82,1321.82,1321.82,1321.82,0.0
1990-09-12T00:00:00+05:30,1286.25,1286.25,1286.25,1286.25,0.0
1990-09-14T00:00:00+05:30,1228.19,1228.19,1228.19,1228.19,0.0
1990-09-18T00:00:00+05:30,1314.56,1314.56,1314.56,1314.56,0.0
1990-09-19T00:00:00+05:30,1332.04,1332.04,1332.04,1332.04,0.0
1990-09-20T00:00:00+05:30,1331.73,1331.73,1331.73,1331.73,0.0
1990-09-21T00:00:00+05:30,1389.04,1389.04,1389.04,1389.04,0.0
1990-09-25T00:00:00+05:30,1466.11,1466.11,1466.11,1466.11,0.0
1990-09-26T00:00:00+05:30,1404.15,1404.15,1404.15,1404.15,0.0
1990-09-27T00:00:00+05:30,1420.08,1420.08,1420.08,1420.08,0.0
1990-10-04T00:00:00+05:30,1426.9,1426.9,1426.9,1426.9,0.0
1990-10-09T00:00:00+05:30,1559.43,1559.43,1559.43,1559.43,0.0
1990-10-11T00:00:00+05:30,1472.38,1472.38,1472.38,1472.38,0.0
1990-10-12T00:00:00+05:30,1402.73,1402.73,1402.73,1402.73,0.0
1990-10-15T00:00:00+05:30,1280.18,1280.18,1280.18,1280.18,0.0
1990-10-18T00:00:00+05:30,1311.32,1311.32,1311.32,1311.32,0.0
1990-10-22T00:00:00+05:30,1223.4,1223.4,1223.4,1223.4,0.0
1990-10-25T00:00:00+05:30,1299.17,1299.17,1299.17,1299.17,0.0
1990-10-26T00:00:00+05:30,1269.46,1269.46,1269.46,1269.46,0.0
1990-10-31T00:00:00+05:30,1295.21,1295.21,1295.21,1295.21,0.0
1990-11-01T00:00:00+05:30,1323.02,1323.02,1323.02,1323.02,0.0
1990-11-05T00:00:00+05:30,1331.75,1331.75,1331.75,1331.75,0.0
1990-11-07T00:00:00+05:30,1381.17,1381.17,1381.17,1381.17,0.0
1990-11-08T00:00:00+05:30,1412.17,1412.17,1412.17,1412.17,0.0
1990-11-09T00:00:00+05:30,1392.53,1392.53,1392.53,1392.53,0.0
1990-11-12T00:00:00+05:30,1293.5,1293.5,1293.5,1293.5,0.0
1990-11-14T00:00:00+05:30,1308.1,1308.1,1308.1,1308.1,0.0
1990-11-16T00:00:00+05:30,1320.74,1320.74,1320.74,1320.74,0.0
1990-11-21T00:00:00+05:30,1265.19,1265.19,1265.19,1265.19,0.0
1990-11-22T00:00:00+05:30,1241.95,1241.95,1241.95,1241.95,0.0
1990-11-23T00:00:00+05:30,1304.55,1304.55,1304.55,1304.55,0.0
1990-11-26T00:00:00+05:30,1327.57,1327.57,1327.57,1327.57,0.0
1990-11-27T00:00:00+05:30,1284.35,1284.35,1284.35,1284.35,0.0
1990-11-29T00:00:00+05:30,1208.56,1208.56,1208.56,1208.56,0.0
1990-11-30T00:00:00+05:30,1196.25,1196.25,1196.25,1196.25,0.0
1990-12-03T00:00:00+05:30,1203.9,1203.9,1203.9,1203.9,0.0
1990-12-04T00:00:00+05:30,1163.29,1163.29,1163.29,1163.29,0.0
1990-12-05T00:00:00+05:30,1173.77,1173.77,1173.77,1173.77,0.0
1990-12-06T00:00:00+05:30,1179.41,1179.41,1179.41,1179.41,0.0
1990-12-10T00:00:00+05:30,1214.45,1214.45,1214.45,1214.45,0.0
1990-12-11T00:00:00+05:30,1196.35,1196.35,1196.35,1196.35,0.0
1990-12-12T00:00:00+05:30,1215.2,1215.2,1215.2,1215.2,0.0
1990-12-13T00:00:00+05:30,1234.96,1234.96,1234.96,1234.96,0.0
1990-12-14T00:00:00+05:30,1242.84,1242.84,1242.84,1242.84,0.0
1990-12-17T00:00:00+05:30,1188.54,1188.54,1188.54,1188.54,0.0
1990-12-18T00:00:00+05:30,1111.73,1111.73,1111.73,1111.73,0.0
1990-12-19T00:00:00+05:30,1058.41,1058.41,1058.41,1058.41,0.0
1990-12-21T00:00:00+05:30,1034.97,1034.97,1034.97,1034.97,0.0
1990-12-24T00:00:00+05:30,1048.29,1048.29,1048.29,1048.29,0.0
1991-01-02T00:00:00+05:30,999.26,1027.38,1027.38,999.26,0.0
1991-01-03T00:00:00+05:30,982.35,983.51,989.08,981.08,0.0
1991-01-07T00:00:00+05:30,1010.77,982.81,1010.77,978.69,0.0
1991-01-09T00:00:00+05:30,1008.52,1007.66,1013.8,998.09,0.0
1991-01-11T00:00:00+05:30,1034.3,1000.51,1034.3,997.04,0.0
1991-01-14T00:00:00+05:30,1017.72,1012.8,1017.98,1004.91,0.0
1991-01-23T00:00:00+05:30,1001.38,1014.36,1014.36,998.77,0.0
1991-01-24T00:00:00+05:30,971.8,991.28,991.28,967.69,0.0
1991-01-25T00:00:00+05:30,956.11,966.31,966.31,947.14,0.0
1991-01-31T00:00:00+05:30,982.32,993.54,996.62,981.97,0.0
1991-02-01T00:00:00+05:30,1021.95,987.11,1021.95,983.23,0.0
1991-02-04T00:00:00+05:30,1052.04,1035.13,1059.2,1035.13,0.0
1991-02-05T00:00:00+05:30,1070.29,1064.84,1074.46,1062.06,0.0
1991-02-06T00:00:00+05:30,1061.87,1079.99,1079.99,1056.67,0.0
1991-02-07T00:00:00+05:30,1039.45,1045.91,1045.91,1023.17,0.0
1991-02-08T00:00:00+05:30,1030.23,1037.5,1038.35,1030.23,0.0
1991-02-11T00:00:00+05:30,1013.5,1015.55,1016.11,1010.35,0.0
1991-02-13T00:00:00+05:30,1004.94,1006.15,1014.28,1002.88,0.0
1991-02-14T00:00:00+05:30,1024.23,1009.24,1024.89,1009.24,0.0
1991-02-15T00:00:00+05:30,1039.6,1028.55,1039.78,1028.55,0.0
1991-02-19T00:00:00+05:30,1149.89,1118.2,1149.89,1112.67,0.0
1991-02-20T00:00:00+05:30,1148.33,1124.3,1148.33,1124.3,0.0
1991-02-21T00:00:00+05:30,1153.29,1170.21,1170.82,1147.14,0.0
1991-02-22T00:00:00+05:30,1179.33,1194.36,1194.36,1177.87,0.0
1991-02-25T00:00:00+05:30,1177.87,1177.87,1177.87,1177.87,0.0
1991-02-26T00:00:00+05:30,1205.2,1191.36,1219.68,1191.36,0.0
1991-02-27T00:00:00+05:30,1221.55,1202.63,1221.55,1196.46,0.0
1991-02-28T00:00:00+05:30,1220.41,1242.26,1249.36,1220.41,0.0
1991-03-04T00:00:00+05:30,1225.44,1200.43,1231.29,1191.13,0.0
1991-03-05T00:00:00+05:30,1245.93,1219.68,1251.07,1219.68,0.0
1991-03-07T00:00:00+05:30,1151.05,1158.55,1158.55,1137.59,0.0
1991-03-08T00:00:00+05:30,1191.05,1156.9,1191.05,1154.88,0.0
1991-03-11T00:00:00+05:30,1174.72,1171.23,1174.72,1158.55,0.0
1991-03-12T00:00:00+05:30,1165.9,1157.59,1165.9,1151.51,0.0
1991-03-13T00:00:00+05:30,1160.08,1170.21,1188.91,1160.08,0.0
1991-03-14T00:00:00+05:30,1196.48,1150.54,1196.48,1150.54,0.0
1991-03-15T00:00:00+05:30,1206.75,1214.08,1229.79,1204.69,0.0
1991-03-18T00:00:00+05:30,1171.08,1181.58,1187.85,1170.63,0.0
1991-03-20T00:00:00+05:30,1171.92,1180.92,1182.72,1169.02,0.0
1991-03-21T00:00:00+05:30,1165.2,1144.87,1165.44,1144.87,0.0
1991-03-22T00:00:00+05:30,1171.59,1198.3,1201.8,1171.31,0.0
1991-03-25T00:00:00+05:30,1155.46,1158.51,1160.66,1152.53,0.0
1991-03-26T00:00:00+05:30,1170.59,1151.54,1171.2,1151.33,0.0
1991-03-27T00:00:00+05:30,1167.97,1175.55,1189.87,1167.61,0.0
1991-04-01T00:00:00+05:30,1193.61,1179.18,1198.64,1179.18,0.0
1991-04-02T00:00:00+05:30,1209.23,1204.02,1211.12,1198.1,0.0
1991-04-03T00:00:00+05:30,1202.9,1217.01,1217.76,1202.54,0.0
1991-04-04T00:00:00+05:30,1197.12,1194.91,1200.64,1194.91,0.0
1991-04-05T00:00:00+05:30,1218.12,1212.85,1219.83,1207.18,0.0
1991-04-08T00:00:00+05:30,1238.7,1222.47,1241.02,1218.07,0.0
1991-04-09T00:00:00+05:30,1240.53,1250.59,1256.8,1238.84,0.0
1991-04-11T00:00:00+05:30,1259.28,1239.39,1259.28,1236.84,0.0
1991-04-12T00:00:00+05:30,1288.02,1279.6,1300.45,1279.6,0.0
1991-04-15T00:00:00+05:30,1302.5,1306.7,1316.38,1298.91,0.0
1991-04-16T00:00:00+05:30,1274.97,1299.26,1299.26,1262.98,0.0
1991-04-18T00:00:00+05:30,1271.62,1260.53,1276.85,1256.14,0.0
1991-04-19T00:00:00+05:30,1283.94,1278.41,1291.64,1278.41,0.0
1991-04-22T00:00:00+05:30,1287.27,1273.89,1288.33,1273.78,0.0
1991-04-23T00:00:00+05:30,1276.94,1273.35,1289.08,1273.35,0.0
1991-04-24T00:00:00+05:30,1274.56,1270.21,1282.81,1264.76,0.0
1991-04-25T00:00:00+05:30,1296.54,1291.95,1300.55,1291.95,0.0
1991-04-26T00:00:00+05:30,1286.59,1304.1,1304.11,1286.46,0.0
1991-04-29T00:00:00+05:30,1267.46,1275.09,1275.09,1258.88,0.0
1991-04-30T00:00:00+05:30,1235.11,1263.85,1263.85,1235.11,0.0
1991-05-03T00:00:00+05:30,1272.09,1269.39,1278.12,1264.39,0.0
1991-05-06T00:00:00+05:30,1255.42,1264.76,1267.65,1253.21,0.0
1991-05-07T00:00:00+05:30,1255.04,1239.96,1257.25,1239.96,0.0
1991-05-08T00:00:00+05:30,1266.34,1272.82,1272.82,1265.77,0.0
1991-05-09T00:00:00+05:30,1260.29,1254.69,1269.62,1253.69,0.0
1991-05-10T00:00:00+05:30,1288.35,1278.1,1288.35,1277.92,0.0
1991-05-13T00:00:00+05:30,1289.13,1296.52,1302.36,1289.13,0.0
1991-05-14T00:00:00+05:30,1292.83,1283.04,1292.93,1280.18,0.0
1991-05-16T00:00:00+05:30,1291.5,1297.75,1304.13,1291.13,0.0
1991-05-17T00:00:00+05:30,1297.69,1308.79,1310.11,1297.61,0.0
1991-05-20T00:00:00+05:30,1284.25,1289.99,1289.99,1282.12,0.0
1991-05-21T00:00:00+05:30,1320.54,1293.04,1320.54,1293.04,0.0
1991-05-23T00:00:00+05:30,1314.89,1295.4,1321.88,1294.24,0.0
1991-05-27T00:00:00+05:30,1317.9,1315.03,1324.76,1313.31,0.0
1991-05-29T00:00:00+05:30,1327.33,1327.33,1327.33,1327.33,0.0
1991-05-30T00:00:00+05:30,1335.48,1337.33,1338.46,1325.02,0.0
1991-05-31T00:00:00+05:30,1307.34,1308.64,1327.86,1307.34,0.0
1991-06-03T00:00:00+05:30,1287.95,1302.82,1302.82,1287.34,0.0
1991-06-04T00:00:00+05:30,1290.07,1289.36,1295.0,1289.36,0.0
1991-06-05T00:00:00+05:30,1284.81,1295.54,1295.54,1283.3,0.0
1991-06-06T00:00:00+05:30,1272.97,1291.34,1291.76,1270.03,0.0
1991-06-07T00:00:00+05:30,1248.31,1271.27,1271.27,1246.13,0.0
1991-06-11T00:00:00+05:30,1261.64,1260.17,1263.71,1252.7,0.0
1991-06-12T00:00:00+05:30,1288.25,1274.39,1291.51,1274.39,0.0
1991-06-13T00:00:00+05:30,1275.15,1293.42,1296.22,1273.68,0.0
1991-06-14T00:00:00+05:30,1292.81,1271.43,1293.44,1267.9,0.0
1991-06-17T00:00:00+05:30,1307.22,1317.09,1323.39,1307.05,0.0
1991-06-18T00:00:00+05:30,1335.21,1322.13,1335.21,1318.2,0.0
1991-06-19T00:00:00+05:30,1325.46,1327.7,1331.24,1324.42,0.0
1991-06-20T00:00:00+05:30,1336.75,1331.33,1341.58,1331.33,0.0
1991-06-21T00:00:00+05:30,1361.72,1371.85,1372.25,1353.32,0.0
1991-06-24T00:00:00+05:30,1305.33,1340.2,1340.2,1303.38,0.0
1991-06-25T00:00:00+05:30,1301.85,1288.91,1303.72,1288.91,0.0
1991-06-26T00:00:00+05:30,1272.54,1298.61,1301.06,1271.23,0.0
1991-06-27T00:00:00+05:30,1289.94,1255.14,1290.43,1245.15,0.0
1991-06-28T00:00:00+05:30,1269.91,1288.25,1292.59,1267.5,0.0
1991-07-01T00:00:00+05:30,1275.23,1253.08,1275.23,1251.98,0.0
1991-07-02T00:00:00+05:30,1293.67,1279.88,1293.67,1276.82,0.0
1991-07-03T00:00:00+05:30,1312.87,1310.2,1327.04,1310.2,0.0
1991-07-04T00:00:00+05:30,1298.66,1305.44,1306.01,1292.2,0.0
1991-07-05T00:00:00+05:30,1357.32,1322.89,1359.32,1322.89,0.0
1991-07-08T00:00:00+05:30,1363.99,1351.17,1385.27,1351.17,0.0
1991-07-09T00:00:00+05:30,1369.06,1368.31,1381.41,1360.22,0.0
1991-07-10T00:00:00+05:30,1388.8,1394.97,1404.69,1388.8,0.0
1991-07-11T00:00:00+05:30,1420.75,1403.96,1438.26,1403.96,0.0
1991-07-12T00:00:00+05:30,1441.85,1447.64,1456.5,1436.7,0.0
1991-07-15T00:00:00+05:30,1407.35,1421.77,1421.77,1406.32,0.0
1991-07-16T00:00:00+05:30,1431.75,1398.95,1432.82,1398.85,0.0
1991-07-17T00:00:00+05:30,1442.54,1442.54,1442.54,1442.54,0.0
1991-07-19T00:00:00+05:30,1455.48,1424.94,1455.76,1424.62,0.0
1991-07-22T00:00:00+05:30,1419.31,1439.75,1441.33,1417.04,0.0
1991-07-24T00:00:00+05:30,1485.76,1481.95,1488.47,1465.94,0.0
1991-07-25T00:00:00+05:30,1555.43,1513.88,1561.08,1513.88,0.0
1991-07-26T00:00:00+05:30,1599.98,1604.23,1630.27,1596.46,0.0
1991-07-29T00:00:00+05:30,1637.7,1646.53,1679.95,1636.74,0.0
1991-07-30T00:00:00+05:30,1647.0,1637.36,1650.28,1637.36,0.0
1991-07-31T00:00:00+05:30,1632.67,1614.0,1637.39,1606.79,0.0
1991-08-01T00:00:00+05:30,1649.01,1647.29,1677.68,1646.54,0.0
1991-08-02T00:00:00+05:30,1680.62,1703.15,1703.15,1680.62,0.0
1991-08-05T00:00:00+05:30,1680.69,1664.58,1693.18,1655.13,0.0
1991-08-07T00:00:00+05:30,1657.44,1685.46,1691.82,1652.17,0.0
1991-08-08T00:00:00+05:30,1632.9,1623.3,1632.9,1598.85,0.0
1991-08-09T00:00:00+05:30,1663.57,1658.16,1666.55,1649.73,0.0
1991-08-12T00:00:00+05:30,1664.06,1659.46,1666.75,1659.46,0.0
1991-08-13T00:00:00+05:30,1687.24,1688.63,1705.78,1685.03,0.0
1991-08-14T00:00:00+05:30,1705.63,1699.72,1706.66,1690.47,0.0
1991-08-16T00:00:00+05:30,1727.07,1724.06,1740.04,1720.31,0.0
1991-08-19T00:00:00+05:30,1749.91,1755.63,1757.44,1726.81,0.0
1991-08-20T00:00:00+05:30,1709.43,1723.37,1727.4,1704.21,0.0
1991-08-21T00:00:00+05:30,1707.77,1692.21,1711.16,1692.21,0.0
1991-08-22T00:00:00+05:30,1752.3,1768.18,1777.91,1752.3,0.0
1991-08-23T00:00:00+05:30,1802.81,1755.71,1810.35,1755.71,0.0
1991-08-26T00:00:00+05:30,1844.82,1849.41,1861.94,1841.02,0.0
1991-08-27T00:00:00+05:30,1813.68,1805.17,1818.15,1795.98,0.0
1991-08-28T00:00:00+05:30,1827.59,1827.9,1847.15,1827.59,0.0
1991-08-30T00:00:00+05:30,1795.99,1759.26,1806.06,1759.26,0.0
1991-09-03T00:00:00+05:30,1764.36,1802.43,1804.76,1760.3,0.0
1991-09-04T00:00:00+05:30,1762.62,1740.93,1762.62,1739.15,0.0
1991-09-05T00:00:00+05:30,1810.21,1810.21,1810.21,1810.21,0.0
1991-09-06T00:00:00+05:30,1811.54,1830.34,1833.96,1810.53,0.0
1991-09-10T00:00:00+05:30,1810.71,1828.17,1833.22,1809.95,0.0
1991-09-13T00:00:00+05:30,1861.74,1819.64,1861.74,1818.54,0.0
1991-09-16T00:00:00+05:30,1912.35,1819.56,1916.79,1819.56,0.0
1991-09-17T00:00:00+05:30,1878.55,1859.02,1878.55,1851.66,0.0
1991-09-18T00:00:00+05:30,1876.62,1891.51,1918.21,1874.17,0.0
1991-09-20T00:00:00+05:30,1833.44,1873.64,1873.64,1830.78,0.0
1991-09-24T00:00:00+05:30,1817.26,1827.13,1827.13,1800.83,0.0
1991-09-25T00:00:00+05:30,1818.52,1817.95,1837.68,1817.72,0.0
1991-09-26T00:00:00+05:30,1786.92,1823.07,1823.07,1784.36,0.0
1991-09-27T00:00:00+05:30,1870.04,1824.73,1870.04,1824.73,0.0
1991-09-30T00:00:00+05:30,1885.28,1895.96,1916.77,1885.28,0.0
1991-10-01T00:00:00+05:30,1858.45,1872.69,1872.69,1850.91,0.0
1991-10-03T00:00:00+05:30,1815.62,1834.03,1834.03,1813.91,0.0
1991-10-04T00:00:00+05:30,1773.15,1789.63,1802.41,1771.47,0.0
1991-10-07T00:00:00+05:30,1780.25,1797.94,1805.21,1779.14,0.0
1991-10-09T00:00:00+05:30,1716.53,1735.87,1735.87,1685.57,0.0
1991-10-10T00:00:00+05:30,1752.5,1742.33,1752.5,1732.04,0.0
1991-10-11T00:00:00+05:30,1764.5,1762.33,1777.74,1761.16,0.0
1991-10-14T00:00:00+05:30,1729.3,1744.12,1744.12,1726.43,0.0
1991-10-15T00:00:00+05:30,1724.06,1714.18,1724.06,1698.63,0.0
1991-10-16T00:00:00+05:30,1773.47,1745.76,1779.04,1745.76,0.0
1991-10-18T00:00:00+05:30,1778.91,1795.39,1803.83,1776.24,0.0
1991-10-21T00:00:00+05:30,1740.53,1751.88,1751.88,1739.19,0.0
1991-10-22T00:00:00+05:30,1764.24,1741.06,1764.24,1740.12,0.0
1991-10-23T00:00:00+05:30,1776.25,1765.66,1779.78,1765.66,0.0
1991-10-24T00:00:00+05:30,1793.78,1808.52,1811.78,1793.78,0.0
1991-10-29T00:00:00+05:30,1893.16,1863.75,1893.16,1863.75,0.0
1991-10-30T00:00:00+05:30,1861.85,1878.1,1897.71,1861.85,0.0
1991-10-31T00:00:00+05:30,1889.84,1866.96,1893.27,1866.96,0.0
1991-11-01T00:00:00+05:30,1909.8,1914.12,1917.06,1903.22,0.0
1991-11-05T00:00:00+05:30,1917.96,1927.18,1927.18,1906.48,0.0
1991-11-08T00:00:00+05:30,1910.81,1925.13,1928.61,1902.55,0.0
1991-11-11T00:00:00+05:30,1895.53,1895.53,1895.53,1895.53,0.0
1991-11-12T00:00:00+05:30,1878.82,1886.54,1897.09,1876.12,0.0
1991-11-13T00:00:00+05:30,1881.5,1865.95,1881.5,1858.49,0.0
1991-11-14T00:00:00+05:30,1894.67,1888.55,1904.15,1888.55,0.0
1991-11-15T00:00:00+05:30,1879.69,1885.14,1885.14,1871.86,0.0
1991-11-18T00:00:00+05:30,1871.32,1872.66,1885.92,1862.34,0.0
1991-11-19T00:00:00+05:30,1924.15,1902.88,1924.15,1902.88,0.0
1991-11-20T00:00:00+05:30,1910.59,1944.55,1955.29,1910.02,0.0
1991-11-22T00:00:00+05:30,1886.56,1907.34,1907.34,1881.99,0.0
1991-11-26T00:00:00+05:30,1855.94,1872.9,1890.78,1855.54,0.0
1991-11-27T00:00:00+05:30,1864.39,1871.32,1877.92,1863.26,0.0
1991-11-28T00:00:00+05:30,1856.34,1853.53,1877.14,1853.53,0.0
1991-11-29T00:00:00+05:30,1903.31,1890.77,1903.31,1890.77,0.0
1991-12-02T00:00:00+05:30,1904.26,1918.61,1920.99,1899.55,0.0
1991-12-03T00:00:00+05:30,1892.84,1891.31,1893.36,1881.52,0.0
1991-12-04T00:00:00+05:30,1885.44,1888.9,1895.82,1885.41,0.0
1991-12-05T00:00:00+05:30,1876.73,1871.86,1876.73,1863.56,0.0
1991-12-06T00:00:00+05:30,1899.11,1886.1,1899.5,1880.27,0.0
1991-12-09T00:00:00+05:30,1879.73,1911.82,1917.53,1879.73,0.0
1991-12-10T00:00:00+05:30,1872.45,1870.45,1875.73,1863.47,0.0
1991-12-11T00:00:00+05:30,1860.75,1870.92,1874.21,1860.75,0.0
1991-12-12T00:00:00+05:30,1837.88,1845.19,1860.69,1837.88,0.0
1991-12-16T00:00:00+05:30,1825.45,1813.28,1825.9,1804.81,0.0
1991-12-17T00:00:00+05:30,1814.67,1823.51,1837.03,1813.29,0.0
1991-12-18T00:00:00+05:30,1834.78,1809.73,1835.37,1807.21,0.0
1991-12-19T00:00:00+05:30,1875.67,1848.2,1876.04,1848.2,0.0
1991-12-20T00:00:00+05:30,1873.28,1870.23,1895.11,1870.23,0.0
1991-12-23T00:00:00+05:30,1915.12,1890.69,1915.58,1886.03,0.0
1991-12-24T00:00:00+05:30,1908.85,1839.18,1946.28,1839.18,0.0
1992-01-01T00:00:00+05:30,1957.33,1957.33,1957.33,1957.33,0.0
1992-01-02T00:00:00+05:30,1969.16,1965.68,1973.59,1960.9,0.0
1992-01-03T00:00:00+05:30,1996.5,2006.66,2007.22,1993.77,0.0
1992-01-06T00:00:00+05:30,1967.55,2000.49,2005.53,1966.39,0.0
1992-01-07T00:00:00+05:30,1963.53,1961.46,1963.53,1949.38,0.0
1992-01-08T00:00:00+05:30,1949.31,1946.95,1953.83,1945.48,0.0
1992-01-09T00:00:00+05:30,1972.53,1950.99,1976.16,1948.15,0.0
1992-01-13T00:00:00+05:30,1998.88,1973.51,2006.84,1972.16,0.0
1992-01-14T00:00:00+05:30,1998.07,1981.87,1998.07,1976.54,0.0
1992-01-15T00:00:00+05:30,2020.18,2018.15,2024.62,2012.62,0.0
1992-01-16T00:00:00+05:30,2002.6,2003.31,2021.62,1997.86,0.0
1992-01-17T00:00:00+05:30,2115.89,2079.23,2118.15,2066.5,0.0
1992-01-20T00:00:00+05:30,2107.07,2094.54,2114.27,2094.27,0.0
1992-01-21T00:00:00+05:30,2115.71,2119.35,2157.87,2107.64,0.0
1992-01-22T00:00:00+05:30,2132.82,2103.58,2135.74,2103.58,0.0
1992-01-23T00:00:00+05:30,2150.41,2181.9,2184.99,2145.87,0.0
1992-01-24T00:00:00+05:30,2139.33,2146.61,2153.79,2134.91,0.0
1992-01-27T00:00:00+05:30,2172.11,2144.03,2181.35,2142.6,0.0
1992-01-29T00:00:00+05:30,2214.22,2209.45,2214.22,2186.6,0.0
1992-01-30T00:00:00+05:30,2299.77,2275.13,2300.27,2254.87,0.0
1992-01-31T00:00:00+05:30,2302.54,2300.1,2329.95,2300.1,0.0
1992-02-03T00:00:00+05:30,2272.81,2272.81,2272.81,2272.81,0.0
1992-02-04T00:00:00+05:30,2278.72,2257.09,2278.82,2253.94,0.0
1992-02-05T00:00:00+05:30,2288.43,2284.84,2289.41,2284.02,0.0
1992-02-06T00:00:00+05:30,2309.36,2289.76,2314.32,2289.76,0.0
1992-02-07T00:00:00+05:30,2194.48,2307.02,2315.2,2193.27,0.0
1992-02-10T00:00:00+05:30,2273.47,2209.65,2278.4,2209.65,0.0
1992-02-12T00:00:00+05:30,2305.38,2334.32,2337.75,2298.03,0.0
1992-02-13T00:00:00+05:30,2322.79,2303.11,2331.22,2303.11,0.0
1992-02-17T00:00:00+05:30,2437.3,2384.03,2491.68,2384.03,0.0
1992-02-18T00:00:00+05:30,2403.78,2476.26,2478.44,2402.52,0.0
1992-02-19T00:00:00+05:30,2382.07,2407.54,2407.54,2350.08,0.0
1992-02-20T00:00:00+05:30,2449.06,2422.15,2468.97,2414.45,0.0
1992-02-21T00:00:00+05:30,2454.66,2421.54,2454.89,2417.71,0.0
1992-02-24T00:00:00+05:30,2491.27,2478.88,2497.97,2467.8,0.0
1992-02-26T00:00:00+05:30,2617.52,2586.34,2640.53,2586.34,0.0
1992-02-27T00:00:00+05:30,2741.73,2674.86,2754.06,2674.86,0.0
1992-02-28T00:00:00+05:30,2759.22,2785.2,2787.6,2759.11,0.0
1992-03-02T00:00:00+05:30,3333.25,3273.47,3333.25,3273.47,0.0
1992-03-03T00:00:00+05:30,3472.78,3323.6,3479.33,3314.53,0.0
1992-03-09T00:00:00+05:30,3547.61,3547.61,3547.61,3547.61,0.0
1992-03-10T00:00:00+05:30,3316.03,3480.74,3480.74,3261.0,0.0
1992-03-11T00:00:00+05:30,3163.68,3137.95,3173.19,3069.49,0.0
1992-03-12T00:00:00+05:30,3241.97,3178.14,3306.17,3178.14,0.0
1992-03-13T00:00:00+05:30,3259.36,3299.74,3346.26,3259.36,0.0
1992-03-16T00:00:00+05:30,3250.7,3305.62,3385.99,2949.7,0.0
1992-03-17T00:00:00+05:30,3198.78,3296.41,3296.41,3197.51,0.0
1992-03-18T00:00:00+05:30,3128.01,3212.66,3212.66,3126.45,0.0
1992-03-20T00:00:00+05:30,3243.53,3135.88,3243.53,3135.88,0.0
1992-03-24T00:00:00+05:30,3669.58,3521.25,3688.53,3521.25,0.0
1992-03-25T00:00:00+05:30,3802.17,3655.0,3807.64,3655.0,0.0
1992-03-27T00:00:00+05:30,3791.18,3672.99,3800.83,3655.12,0.0
1992-03-30T00:00:00+05:30,4091.43,4112.23,4159.53,4091.43,0.0
1992-03-31T00:00:00+05:30,4285.0,4172.21,4318.95,4172.21,0.0
1992-04-02T00:00:00+05:30,4387.86,4546.58,4546.58,4387.86,0.0
1992-04-03T00:00:00+05:30,4238.25,4120.45,4241.07,4026.77,0.0
1992-04-06T00:00:00+05:30,4062.57,4150.74,4150.74,4062.57,0.0
1992-04-07T00:00:00+05:30,4023.11,3988.28,4023.11,3930.64,0.0
1992-04-08T00:00:00+05:30,4333.57,4062.31,4341.27,4062.31,0.0
1992-04-10T00:00:00+05:30,4306.43,4328.63,4338.75,4266.26,0.0
1992-04-13T00:00:00+05:30,4163.02,4266.68,4307.21,4163.02,0.0
1992-04-22T00:00:00+05:30,4467.32,4467.32,4467.32,4467.32,0.0
1992-04-28T00:00:00+05:30,3896.9,4109.84,4112.78,3896.9,0.0
1992-04-29T00:00:00+05:30,3674.41,3727.18,3750.07,3611.11,0.0
1992-04-30T00:00:00+05:30,3887.72,3637.17,3887.72,3636.02,0.0
1992-05-06T00:00:00+05:30,3560.72,3531.21,3579.87,3460.6,0.0
1992-05-07T00:00:00+05:30,3658.0,3651.01,3710.86,3651.01,0.0
1992-05-11T00:00:00+05:30,3420.05,3556.94,3566.07,3407.54,0.0
1992-05-12T00:00:00+05:30,3086.37,3273.82,3307.71,3080.43,0.0
1992-05-13T00:00:00+05:30,3431.13,3283.16,3493.47,3283.16,0.0
1992-05-14T00:00:00+05:30,3394.48,3407.85,3407.85,3335.48,0.0
1992-05-18T00:00:00+05:30,3456.16,3475.12,3527.21,3454.13,0.0
1992-05-19T00:00:00+05:30,3568.67,3490.91,3574.92,3481.82,0.0
1992-05-20T00:00:00+05:30,3559.28,3499.27,3562.36,3495.29,0.0
1992-05-22T00:00:00+05:30,3435.07,3378.88,3442.65,3376.12,0.0
1992-05-25T00:00:00+05:30,3406.29,3432.43,3432.43,3399.92,0.0
1992-05-26T00:00:00+05:30,3298.74,3349.11,3352.43,3271.13,0.0
1992-05-27T00:00:00+05:30,3144.79,3307.02,3307.02,3111.07,0.0
1992-05-28T00:00:00+05:30,3072.48,3002.42,3072.48,2963.49,0.0
1992-05-29T00:00:00+05:30,3006.08,3050.19,3070.6,2987.69,0.0
1992-06-01T00:00:00+05:30,3001.24,2958.39,3003.83,2928.1,0.0
1992-06-02T00:00:00+05:30,3133.83,3014.07,3147.2,3014.07,0.0
1992-06-03T00:00:00+05:30,3101.66,3120.37,3192.45,3092.45,0.0
1992-06-04T00:00:00+05:30,3004.92,3016.83,3018.64,2993.68,0.0
1992-06-05T00:00:00+05:30,3086.74,2983.22,3086.99,2983.22,0.0
1992-06-08T00:00:00+05:30,3100.66,3063.22,3113.66,3063.22,0.0
1992-06-09T00:00:00+05:30,3154.23,3127.57,3198.77,3127.57,0.0
1992-06-10T00:00:00+05:30,3140.8,3139.94,3193.17,3139.46,0.0
1992-06-25T00:00:00+05:30,3081.32,3097.48,3102.44,3081.32,0.0
1992-06-26T00:00:00+05:30,3080.54,3080.54,3080.54,3080.54,0.0
1992-07-15T00:00:00+05:30,2912.92,2972.96,2972.96,2912.92,0.0
1992-07-16T00:00:00+05:30,2809.69,2890.75,2891.81,2797.92,0.0
1992-07-17T00:00:00+05:30,2806.31,2795.31,2807.96,2761.45,0.0
1992-07-20T00:00:00+05:30,2855.43,2794.95,2864.05,2794.42,0.0
1992-07-21T00:00:00+05:30,2870.59,2839.17,2870.59,2837.07,0.0
1992-07-22T00:00:00+05:30,2818.12,2857.01,2881.94,2814.26,0.0
1992-07-23T00:00:00+05:30,2678.34,2784.04,2784.04,2677.07,0.0
1992-07-27T00:00:00+05:30,2804.15,2740.74,2807.41,2737.65,0.0
1992-07-28T00:00:00+05:30,2830.57,2858.25,2872.71,2822.24,0.0
1992-07-29T00:00:00+05:30,2755.25,2796.53,2805.99,2752.94,0.0
1992-07-30T00:00:00+05:30,2698.83,2733.86,2733.86,2680.69,0.0
1992-07-31T00:00:00+05:30,2727.06,2717.56,2727.06,2698.75,0.0
1992-08-03T00:00:00+05:30,2722.65,2721.02,2730.82,2697.04,0.0
1992-08-04T00:00:00+05:30,2686.49,2699.45,2700.26,2676.82,0.0
1992-08-05T00:00:00+05:30,2630.23,2676.5,2681.42,2628.2,0.0
1992-08-06T00:00:00+05:30,2529.59,2594.45,2595.37,2529.59,0.0
1992-08-07T00:00:00+05:30,2590.68,2568.81,2605.19,2568.81,0.0
1992-08-10T00:00:00+05:30,2668.25,2598.77,2668.98,2597.5,0.0
1992-08-11T00:00:00+05:30,2693.42,2706.46,2732.34,2686.99,0.0
1992-08-12T00:00:00+05:30,2678.83,2638.05,2679.35,2638.05,0.0
1992-08-14T00:00:00+05:30,2795.18,2720.53,2795.18,2720.53,0.0
1992-08-17T00:00:00+05:30,2889.08,2830.07,2892.68,2830.07,0.0
1992-08-18T00:00:00+05:30,2921.53,2875.61,2921.53,2869.41,0.0
1992-08-19T00:00:00+05:30,2982.6,2978.86,3007.45,2964.75,0.0
1992-08-20T00:00:00+05:30,2995.25,3018.2,3059.22,2995.25,0.0
1992-08-21T00:00:00+05:30,3034.94,2958.97,3034.94,2958.97,0.0
1992-08-24T00:00:00+05:30,3053.12,3051.28,3071.52,3041.39,0.0
1992-08-25T00:00:00+05:30,2959.41,3020.82,3021.59,2959.41,0.0
1992-08-26T00:00:00+05:30,2909.32,2947.56,2947.56,2864.79,0.0
1992-08-27T00:00:00+05:30,2996.98,2891.99,2998.57,2891.99,0.0
1992-08-28T00:00:00+05:30,3031.63,3013.54,3033.65,3009.77,0.0
1992-09-01T00:00:00+05:30,3070.49,3080.79,3099.4,3070.49,0.0
1992-09-02T00:00:00+05:30,3040.57,3035.38,3046.17,3017.04,0.0
1992-09-03T00:00:00+05:30,3079.53,3062.69,3099.66,3048.4,0.0
1992-09-04T00:00:00+05:30,3166.1,3080.4,3166.1,3078.72,0.0
1992-09-07T00:00:00+05:30,3226.52,3172.71,3250.02,3172.71,0.0
1992-09-08T00:00:00+05:30,3201.46,3205.32,3205.32,3187.47,0.0
1992-09-09T00:00:00+05:30,3198.69,3192.42,3200.25,3178.81,0.0
1992-09-11T00:00:00+05:30,3219.92,3202.82,3220.18,3193.09,0.0
1992-09-14T00:00:00+05:30,3274.85,3205.67,3274.85,3205.67,0.0
1992-09-15T00:00:00+05:30,3410.29,3365.96,3415.99,3365.96,0.0
1992-09-16T00:00:00+05:30,3404.96,3463.14,3463.14,3404.96,0.0
1992-09-17T00:00:00+05:30,3378.18,3356.09,3386.75,3354.2,0.0
1992-09-18T00:00:00+05:30,3383.62,3385.36,3385.36,3340.76,0.0
1992-09-21T00:00:00+05:30,3274.74,3340.04,3341.6,3263.64,0.0
1992-09-22T00:00:00+05:30,3298.75,3242.79,3305.43,3242.79,0.0
1992-09-24T00:00:00+05:30,3246.96,3286.7,3286.7,3236.07,0.0
1992-09-25T00:00:00+05:30,3256.59,3249.02,3256.59,3249.02,0.0
1992-09-28T00:00:00+05:30,3239.98,3252.18,3258.6,3231.74,0.0
1992-09-29T00:00:00+05:30,3195.75,3192.96,3224.16,3179.65,0.0
1992-09-30T00:00:00+05:30,3294.42,3226.08,3297.32,3226.08,0.0
1992-10-01T00:00:00+05:30,3315.72,3303.93,3329.8,3301.76,0.0
1992-10-06T00:00:00+05:30,3247.76,3234.31,3273.53,3234.31,0.0
1992-10-08T00:00:00+05:30,3211.55,3219.19,3223.2,3201.49,0.0
1992-10-09T00:00:00+05:30,3275.57,3300.25,3304.71,3275.24,0.0
1992-10-12T00:00:00+05:30,3166.52,3223.15,3223.15,3158.29,0.0
1992-10-13T00:00:00+05:30,3187.76,3127.44,3190.28,3127.44,0.0
1992-10-14T00:00:00+05:30,3105.63,3166.5,3168.9,3105.63,0.0
1992-10-15T00:00:00+05:30,3086.45,3081.37,3100.89,3053.04,0.0
1992-10-20T00:00:00+05:30,3050.9,3074.66,3078.41,3045.78,0.0
1992-10-21T00:00:00+05:30,2934.66,2973.71,2987.57,2932.18,0.0
1992-10-22T00:00:00+05:30,2987.29,2982.99,3002.16,2968.45,0.0
1992-10-28T00:00:00+05:30,2876.7,2963.28,2963.28,2876.7,0.0
1992-10-29T00:00:00+05:30,2862.15,2873.65,2890.63,2862.15,0.0
1992-10-30T00:00:00+05:30,2833.34,2892.39,2896.92,2825.58,0.0
1992-11-03T00:00:00+05:30,2928.89,2867.57,2928.89,2867.57,0.0
1992-11-04T00:00:00+05:30,2926.18,2953.02,2982.9,2917.56,0.0
1992-11-05T00:00:00+05:30,2794.83,2870.59,2889.69,2794.83,0.0
1992-11-06T00:00:00+05:30,2756.19,2760.12,2760.12,2732.77,0.0
1992-11-09T00:00:00+05:30,2685.39,2758.46,2758.46,2682.84,0.0
1992-11-11T00:00:00+05:30,2596.53,2663.31,2663.31,2555.53,0.0
1992-11-12T00:00:00+05:30,2641.81,2645.74,2679.25,2635.71,0.0
1992-11-13T00:00:00+05:30,2586.68,2606.44,2606.44,2574.74,0.0
1992-11-18T00:00:00+05:30,2524.71,2551.98,2551.98,2501.77,0.0
1992-11-19T00:00:00+05:30,2423.26,2506.52,2506.52,2413.62,0.0
1992-11-20T00:00:00+05:30,2479.56,2422.97,2479.56,2418.52,0.0
1992-11-23T00:00:00+05:30,2530.47,2468.92,2545.33,2468.92,0.0
1992-11-24T00:00:00+05:30,2546.86,2523.27,2560.71,2522.48,0.0
1992-11-25T00:00:00+05:30,2556.56,2593.97,2609.35,2555.46,0.0
1992-11-26T00:00:00+05:30,2487.11,2526.09,2526.09,2487.09,0.0
1992-11-27T00:00:00+05:30,2486.41,2462.91,2486.83,2460.8,0.0
1992-11-30T00:00:00+05:30,2518.1,2511.41,2542.55,2511.41,0.0
1992-12-01T00:00:00+05:30,2547.69,2522.07,2551.81,2522.07,0.0
1992-12-02T00:00:00+05:30,2593.62,2590.56,2614.04,2586.24,0.0
1992-12-03T00:00:00+05:30,2619.9,2574.86,2627.93,2559.32,0.0
1992-12-04T00:00:00+05:30,2696.86,2696.14,2708.62,2664.49,0.0
1992-12-10T00:00:00+05:30,2550.22,2609.31,2609.31,2550.22,0.0
1992-12-11T00:00:00+05:30,2536.87,2566.34,2575.0,2534.22,0.0
1992-12-14T00:00:00+05:30,2469.45,2537.72,2537.98,2468.58,0.0
1992-12-15T00:00:00+05:30,2477.27,2446.88,2477.27,2430.35,0.0
1992-12-16T00:00:00+05:30,2374.72,2425.87,2425.87,2374.72,0.0
1992-12-17T00:00:00+05:30,2400.16,2366.01,2400.68,2359.34,0.0
1992-12-18T00:00:00+05:30,2476.89,2447.54,2500.43,2447.54,0.0
1992-12-21T00:00:00+05:30,2542.1,2523.79,2550.48,2523.79,0.0
1992-12-22T00:00:00+05:30,2562.1,2587.75,2592.09,2559.71,0.0
1992-12-23T00:00:00+05:30,2571.36,2535.92,2571.72,2523.8,0.0
1992-12-24T00:00:00+05:30,2615.37,2604.83,2626.93,2604.36,0.0
1993-01-04T00:00:00+05:30,2539.67,2617.78,2617.78,2539.67,0.0
1993-01-05T00:00:00+05:30,2501.52,2519.45,2520.51,2488.98,0.0
1993-01-06T00:00:00+05:30,2447.5,2473.93,2473.93,2441.38,0.0
1993-01-07T00:00:00+05:30,2395.8,2411.71,2411.71,2389.8,0.0
1993-01-08T00:00:00+05:30,2420.67,2421.23,2426.29,2418.79,0.0
1993-01-14T00:00:00+05:30,2459.67,2425.99,2459.67,2425.99,0.0
1993-01-15T00:00:00+05:30,2525.54,2503.61,2527.89,2494.58,0.0
1993-01-18T00:00:00+05:30,2586.05,2579.51,2588.05,2575.38,0.0
1993-01-19T00:00:00+05:30,2545.12,2597.4,2597.4,2537.65,0.0
1993-01-20T00:00:00+05:30,2531.55,2525.25,2531.61,2505.69,0.0
1993-01-21T00:00:00+05:30,2544.23,2538.34,2553.11,2533.03,0.0
1993-01-22T00:00:00+05:30,2542.39,2520.27,2542.65,2519.33,0.0
1993-01-25T00:00:00+05:30,2555.85,2570.73,2588.5,2555.21,0.0
1993-01-27T00:00:00+05:30,2595.13,2574.87,2595.13,2574.87,0.0
1993-01-28T00:00:00+05:30,2654.25,2611.25,2954.25,2611.25,0.0
1993-01-29T00:00:00+05:30,2680.79,2663.75,2709.71,2662.84,0.0
1993-02-01T00:00:00+05:30,2634.43,2667.38,2667.38,2615.44,0.0
1993-02-02T00:00:00+05:30,2663.0,2606.01,2663.09,2605.02,0.0
1993-02-03T00:00:00+05:30,2660.75,2660.31,2676.34,2660.31,0.0
1993-02-04T00:00:00+05:30,2638.54,2632.2,2650.78,2631.73,0.0
1993-02-05T00:00:00+05:30,2648.89,2617.39,2662.05,2616.99,0.0
1993-02-08T00:00:00+05:30,2712.56,2702.03,2721.6,2698.26,0.0
1993-02-09T00:00:00+05:30,2771.68,2758.77,2772.6,2758.77,0.0
1993-02-10T00:00:00+05:30,2812.12,2798.72,2814.08,2789.66,0.0
1993-02-11T00:00:00+05:30,2785.83,2793.97,2803.63,2748.2,0.0
1993-02-12T00:00:00+05:30,2745.48,2771.6,2771.6,2725.06,0.0
1993-02-15T00:00:00+05:30,2640.4,2694.31,2694.7,2634.05,0.0
1993-02-16T00:00:00+05:30,2607.51,2644.36,2648.19,2607.51,0.0
1993-02-17T00:00:00+05:30,2638.85,2614.87,2643.86,2614.87,0.0
1993-02-18T00:00:00+05:30,2671.37,2659.99,2678.11,2659.99,0.0
1993-02-22T00:00:00+05:30,2708.34,2712.15,2725.25,2708.34,0.0
1993-02-23T00:00:00+05:30,2741.38,2714.12,2746.69,2711.9,0.0
1993-02-24T00:00:00+05:30,2753.67,2753.01,2782.5,2753.01,0.0
1993-02-25T00:00:00+05:30,2799.35,2768.66,2804.99,2768.66,0.0
1993-02-26T00:00:00+05:30,2813.15,2832.84,2842.33,2811.39,0.0
1993-03-01T00:00:00+05:30,2571.18,2677.93,2677.93,2565.8,0.0
1993-03-02T00:00:00+05:30,2543.82,2550.25,2550.25,2494.52,0.0
1993-03-03T00:00:00+05:30,2565.32,2578.64,2579.98,2561.75,0.0
1993-03-04T00:00:00+05:30,2532.67,2533.27,2536.54,2524.21,0.0
1993-03-05T00:00:00+05:30,2471.74,2535.98,2535.98,2459.5,0.0
1993-03-09T00:00:00+05:30,2336.96,2451.2,2451.2,2318.36,0.0
1993-03-10T00:00:00+05:30,2287.15,2326.2,2326.2,2229.74,0.0
1993-03-11T00:00:00+05:30,2330.09,2337.66,2337.66,2308.09,0.0
1993-03-12T00:00:00+05:30,2361.15,2361.15,2361.15,2361.15,0.0
1993-03-15T00:00:00+05:30,2421.27,2394.77,2424.05,2394.77,0.0
1993-03-16T00:00:00+05:30,2459.85,2468.71,2477.34,2454.3,0.0
1993-03-17T00:00:00+05:30,2409.23,2418.9,2418.9,2398.42,0.0
1993-03-18T00:00:00+05:30,2393.58,2417.94,2420.98,2393.58,0.0
1993-03-19T00:00:00+05:30,2376.76,2380.53,2384.71,2371.96,0.0
1993-03-22T00:00:00+05:30,2402.2,2405.48,2405.48,2388.99,0.0
1993-03-23T00:00:00+05:30,2378.55,2385.77,2388.74,2377.43,0.0
1993-03-26T00:00:00+05:30,2341.42,2352.6,2357.97,2339.07,0.0
1993-03-29T00:00:00+05:30,2276.9,2322.94,2322.94,2273.97,0.0
1993-03-30T00:00:00+05:30,2225.08,2230.7,2230.7,2184.67,0.0
1993-03-31T00:00:00+05:30,2280.52,2244.54,2282.99,2244.54,0.0
1993-04-02T00:00:00+05:30,2311.44,2294.41,2311.44,2284.57,0.0
1993-04-07T00:00:00+05:30,2408.68,2371.08,2412.15,2369.99,0.0
1993-04-08T00:00:00+05:30,2310.91,2347.29,2347.29,2310.91,0.0
1993-04-12T00:00:00+05:30,2222.69,2229.54,2249.08,2222.48,0.0
1993-04-13T00:00:00+05:30,2226.84,2179.01,2235.21,2178.84,0.0
1993-04-15T00:00:00+05:30,2293.12,2264.42,2304.89,2264.42,0.0
1993-04-16T00:00:00+05:30,2299.78,2262.44,2299.78,2259.71,0.0
1993-04-19T00:00:00+05:30,2268.15,2281.71,2281.71,2262.82,0.0
1993-04-20T00:00:00+05:30,2204.91,2220.99,2220.99,2193.48,0.0
1993-04-21T00:00:00+05:30,2189.51,2195.53,2198.04,2148.81,0.0
1993-04-22T00:00:00+05:30,2158.96,2148.24,2166.21,2135.04,0.0
1993-04-23T00:00:00+05:30,2100.67,2115.45,2118.46,2091.76,0.0
1993-04-26T00:00:00+05:30,2036.81,2099.77,2099.77,2036.81,0.0
1993-04-27T00:00:00+05:30,2070.71,1990.99,2071.57,1980.06,0.0
1993-04-28T00:00:00+05:30,2121.49,2124.57,2140.5,2116.51,0.0
1993-04-29T00:00:00+05:30,2144.27,2101.99,2156.31,2097.63,0.0
1993-04-30T00:00:00+05:30,2122.3,2162.97,2169.88,2122.3,0.0
1993-05-03T00:00:00+05:30,2084.42,2099.18,2099.18,2059.77,0.0
1993-05-04T00:00:00+05:30,2127.37,2097.84,2142.76,2097.84,0.0
1993-05-05T00:00:00+05:30,2168.7,2133.98,2168.7,2120.39,0.0
1993-05-07T00:00:00+05:30,2219.24,2183.39,2219.24,2182.19,0.0
1993-05-10T00:00:00+05:30,2226.92,2255.35,2258.46,2226.05,0.0
1993-05-11T00:00:00+05:30,2289.31,2239.69,2292.75,2239.69,0.0
1993-05-12T00:00:00+05:30,2286.29,2313.53,2318.86,2272.29,0.0
1993-05-13T00:00:00+05:30,2286.24,2254.08,2286.24,2229.38,0.0
1993-05-14T00:00:00+05:30,2356.63,2319.48,2357.52,2315.92,0.0
1993-05-17T00:00:00+05:30,2300.54,2363.21,2364.18,2300.54,0.0
1993-05-18T00:00:00+05:30,2309.97,2278.12,2310.11,2268.8,0.0
1993-05-21T00:00:00+05:30,2357.71,2364.65,2369.31,2348.46,0.0
1993-05-24T00:00:00+05:30,2339.34,2357.57,2357.57,2339.34,0.0
1993-05-25T00:00:00+05:30,2285.62,2307.78,2318.77,2285.62,0.0
1993-05-26T00:00:00+05:30,2251.69,2293.78,2294.16,2240.03,0.0
1993-05-27T00:00:00+05:30,2215.96,2213.49,2256.85,2204.83,0.0
1993-05-28T00:00:00+05:30,2165.58,2210.11,2210.11,2159.65,0.0
1993-05-31T00:00:00+05:30,2192.74,2179.06,2203.76,2179.06,0.0
1993-06-02T00:00:00+05:30,2245.2,2232.29,2246.23,2218.93,0.0
1993-06-03T00:00:00+05:30,2253.38,2261.44,2290.47,2253.38,0.0
1993-06-04T00:00:00+05:30,2336.62,2310.89,2336.62,2309.0,0.0
1993-06-07T00:00:00+05:30,2405.85,2352.17,2405.85,2324.78,0.0
1993-06-08T00:00:00+05:30,2376.86,2384.24,2420.6,2376.86,0.0
1993-06-09T00:00:00+05:30,2351.03,2359.21,2386.6,2344.54,0.0
1993-06-10T00:00:00+05:30,2396.01,2381.57,2410.06,2381.55,0.0
1993-06-11T00:00:00+05:30,2404.0,2401.83,2437.71,2398.78,0.0
1993-06-14T00:00:00+05:30,2357.64,2384.25,2384.25,2347.57,0.0
1993-06-15T00:00:00+05:30,2305.98,2314.52,2314.52,2283.06,0.0
1993-06-16T00:00:00+05:30,2291.65,2279.4,2311.44,2277.91,0.0
1993-06-17T00:00:00+05:30,2234.38,2268.49,2269.78,2227.69,0.0
1993-06-18T00:00:00+05:30,2226.68,2243.25,2248.29,2211.36,0.0
1993-06-21T00:00:00+05:30,2218.88,2197.34,2218.88,2180.68,0.0
1993-06-22T00:00:00+05:30,2249.29,2232.39,2252.53,2232.39,0.0
1993-06-23T00:00:00+05:30,2235.06,2225.13,2235.35,2223.79,0.0
1993-06-24T00:00:00+05:30,2227.8,2256.93,2267.87,2225.86,0.0
1993-06-25T00:00:00+05:30,2203.96,2222.47,2224.18,2195.35,0.0
1993-06-28T00:00:00+05:30,2161.98,2161.36,2168.89,2140.39,0.0
1993-06-29T00:00:00+05:30,2211.14,2180.93,2213.94,2180.93,0.0
1993-06-30T00:00:00+05:30,2227.54,2222.72,2227.78,2211.17,0.0
1993-07-02T00:00:00+05:30,2233.86,2243.81,2252.56,2233.86,0.0
1993-07-05T00:00:00+05:30,2255.79,2272.7,2282.72,2255.79,0.0
1993-07-06T00:00:00+05:30,2260.26,2237.83,2265.3,2228.42,0.0
1993-07-07T00:00:00+05:30,2253.36,2280.27,2280.27,2249.5,0.0
1993-07-08T00:00:00+05:30,2221.68,2239.62,2239.62,2216.11,0.0
1993-07-09T00:00:00+05:30,2214.83,2240.98,2240.98,2211.64,0.0
1993-07-12T00:00:00+05:30,2181.1,2179.42,2184.85,2168.61,0.0
1993-07-13T00:00:00+05:30,2184.12,2191.73,2193.36,2181.22,0.0
1993-07-14T00:00:00+05:30,2185.24,2189.59,2195.02,2183.64,0.0
1993-07-15T00:00:00+05:30,2158.83,2181.08,2181.62,2158.52,0.0
1993-07-16T00:00:00+05:30,2131.21,2135.17,2138.22,2131.21,0.0
1993-07-19T00:00:00+05:30,2098.27,2125.43,2128.75,2094.73,0.0
1993-07-20T00:00:00+05:30,2105.49,2083.56,2108.34,2082.38,0.0
1993-07-21T00:00:00+05:30,2123.32,2115.76,2128.94,2115.76,0.0
1993-07-22T00:00:00+05:30,2159.77,2136.69,2163.56,2136.69,0.0
1993-07-26T00:00:00+05:30,2164.39,2167.59,2200.75,2163.77,0.0
1993-07-27T00:00:00+05:30,2164.88,2129.91,2165.29,2129.67,0.0
1993-07-28T00:00:00+05:30,2149.73,2135.01,2161.97,2133.22,0.0
1993-07-29T00:00:00+05:30,2232.47,2201.37,2233.5,2198.86,0.0
1993-07-30T00:00:00+05:30,2328.21,2313.89,2336.6,2303.76,0.0
1993-08-03T00:00:00+05:30,2336.62,2354.99,2381.44,2335.71,0.0
1993-08-04T00:00:00+05:30,2322.71,2343.6,2346.23,2322.71,0.0
1993-08-06T00:00:00+05:30,2382.18,2357.08,2384.79,2357.08,0.0
1993-08-10T00:00:00+05:30,2380.96,2393.56,2400.11,2372.44,0.0
1993-08-12T00:00:00+05:30,2483.8,2450.36,2494.92,2450.36,0.0
1993-08-13T00:00:00+05:30,2522.48,2518.45,2530.81,2511.6,0.0
1993-08-16T00:00:00+05:30,2527.24,2555.89,2569.99,2519.85,0.0
1993-08-17T00:00:00+05:30,2575.58,2490.85,2579.58,2490.85,0.0
1993-08-18T00:00:00+05:30,2615.2,2633.58,2636.72,2610.99,0.0
1993-08-19T00:00:00+05:30,2700.75,2639.51,2706.11,2639.51,0.0
1993-08-20T00:00:00+05:30,2742.37,2727.54,2768.54,2725.4,0.0
1993-08-24T00:00:00+05:30,2655.38,2732.8,2732.85,2655.38,0.0
1993-08-25T00:00:00+05:30,2679.73,2648.04,2685.89,2599.53,0.0
1993-08-26T00:00:00+05:30,2670.88,2692.59,2705.59,2668.33,0.0
1993-08-27T00:00:00+05:30,2668.96,2690.78,2700.27,2660.7,0.0
1993-08-30T00:00:00+05:30,2633.79,2652.75,2677.71,2627.42,0.0
1993-09-01T00:00:00+05:30,2630.49,2627.29,2630.49,2593.74,0.0
1993-09-02T00:00:00+05:30,2684.34,2692.35,2706.28,2684.31,0.0
1993-09-03T00:00:00+05:30,2664.06,2647.87,2664.25,2641.56,0.0
1993-09-06T00:00:00+05:30,2621.2,2640.63,2640.63,2619.5,0.0
1993-09-07T00:00:00+05:30,2533.53,2537.02,2537.33,2513.61,0.0
1993-09-08T00:00:00+05:30,2580.24,2557.53,2589.97,2557.53,0.0
1993-09-09T00:00:00+05:30,2662.54,2644.06,2665.89,2644.06,0.0
1993-09-10T00:00:00+05:30,2705.07,2672.16,2706.71,2672.16,0.0
1993-09-13T00:00:00+05:30,2789.2,2768.21,2808.51,2765.11,0.0
1993-09-14T00:00:00+05:30,2807.64,2763.9,2807.64,2763.9,0.0
1993-09-15T00:00:00+05:30,2800.48,2838.9,2838.9,2800.48,0.0
1993-09-16T00:00:00+05:30,2746.44,2761.11,2761.11,2734.68,0.0
1993-09-17T00:00:00+05:30,2763.59,2764.99,2771.09,2749.88,0.0
1993-09-20T00:00:00+05:30,2767.8,2784.9,2798.65,2767.8,0.0
1993-09-21T00:00:00+05:30,2751.11,2754.24,2780.62,2747.13,0.0
1993-09-22T00:00:00+05:30,2759.15,2736.68,2761.95,2736.68,0.0
1993-09-24T00:00:00+05:30,2722.52,2765.83,2767.64,2720.65,0.0
1993-09-27T00:00:00+05:30,2740.76,2712.25,2745.51,2711.7,0.0
1993-09-28T00:00:00+05:30,2750.04,2765.36,2773.3,2750.04,0.0
1993-09-29T00:00:00+05:30,2686.31,2711.33,2711.33,2686.31,0.0
1993-09-30T00:00:00+05:30,2709.64,2700.98,2724.64,2700.98,0.0
1993-10-01T00:00:00+05:30,2662.84,2712.72,2718.52,2656.81,0.0
1993-10-04T00:00:00+05:30,2641.88,2642.6,2644.78,2612.03,0.0
1993-10-05T00:00:00+05:30,2638.16,2653.94,2660.56,2634.47,0.0
1993-10-06T00:00:00+05:30,2626.18,2617.19,2636.44,2617.19,0.0
1993-10-07T00:00:00+05:30,2652.14,2641.82,2654.52,2636.08,0.0
1993-10-08T00:00:00+05:30,2671.08,2690.28,2693.28,2671.08,0.0
1993-10-11T00:00:00+05:30,2691.19,2724.22,2735.35,2687.49,0.0
1993-10-12T00:00:00+05:30,2710.92,2683.14,2715.06,2681.61,0.0
1993-10-19T00:00:00+05:30,2747.39,2739.9,2748.72,2720.35,0.0
1993-10-20T00:00:00+05:30,2738.25,2756.85,2756.85,2732.51,0.0
1993-10-21T00:00:00+05:30,2689.77,2703.88,2703.88,2671.02,0.0
1993-10-22T00:00:00+05:30,2721.76,2704.78,2722.64,2697.57,0.0
1993-10-25T00:00:00+05:30,2737.33,2727.76,2741.12,2725.17,0.0
1993-10-26T00:00:00+05:30,2701.92,2727.58,2727.58,2692.71,0.0
1993-10-27T00:00:00+05:30,2704.59,2688.57,2705.83,2687.36,0.0
1993-10-28T00:00:00+05:30,2696.52,2702.85,2702.85,2695.43,0.0
1993-10-29T00:00:00+05:30,2673.74,2677.31,2677.31,2665.8,0.0
1993-11-01T00:00:00+05:30,2621.28,2648.26,2648.26,2609.37,0.0
1993-11-02T00:00:00+05:30,2612.25,2616.96,2636.4,2612.25,0.0
1993-11-03T00:00:00+05:30,2630.98,2620.69,2641.52,2617.54,0.0
1993-11-04T00:00:00+05:30,2635.07,2622.07,2642.38,2617.95,0.0
1993-11-05T00:00:00+05:30,2664.72,2639.17,2664.72,2636.9,0.0
1993-11-08T00:00:00+05:30,2718.92,2690.71,2720.41,2690.71,0.0
1993-11-09T00:00:00+05:30,2758.44,2728.43,2768.36,2725.93,0.0
1993-11-10T00:00:00+05:30,2793.23,2789.78,2804.55,2782.03,0.0
1993-11-16T00:00:00+05:30,2852.12,2817.88,2852.12,2811.17,0.0
1993-11-17T00:00:00+05:30,2877.62,2878.59,2893.29,2852.79,0.0
1993-11-18T00:00:00+05:30,2933.36,2963.26,2963.26,2863.26,0.0
1993-11-19T00:00:00+05:30,2972.86,2969.16,2996.74,2947.28,0.0
1993-11-22T00:00:00+05:30,3043.58,3023.63,3054.12,3023.63,0.0
1993-11-23T00:00:00+05:30,3041.44,3012.05,3084.94,3010.34,0.0
1993-11-24T00:00:00+05:30,3053.35,3030.77,3076.31,3030.77,0.0
1993-11-25T00:00:00+05:30,3077.52,3039.44,3080.45,3032.74,0.0
1993-11-26T00:00:00+05:30,3233.14,3197.55,3243.33,3197.55,0.0
1993-12-01T00:00:00+05:30,3292.85,3270.84,3292.85,3253.78,0.0
1993-12-02T00:00:00+05:30,3283.36,3357.91,3372.8,3283.26,0.0
1993-12-03T00:00:00+05:30,3219.23,3239.82,3280.3,3219.23,0.0
1993-12-06T00:00:00+05:30,3149.8,3158.8,3180.23,3149.8,0.0
1993-12-07T00:00:00+05:30,3231.71,3182.26,3231.71,3182.26,0.0
1993-12-08T00:00:00+05:30,3310.24,3262.32,3319.55,3261.15,0.0
1993-12-09T00:00:00+05:30,3328.58,3326.04,3336.04,3304.99,0.0
1993-12-10T00:00:00+05:30,3401.9,3428.71,3446.3,3401.12,0.0
1993-12-13T00:00:00+05:30,3454.81,3383.02,3459.07,3373.58,0.0
1993-12-24T00:00:00+05:30,3346.06,3373.03,3373.03,3343.32,0.0
1994-01-03T00:00:00+05:30,3465.86,3436.87,3467.63,3436.87,0.0
1994-01-04T00:00:00+05:30,3479.92,3529.96,3545.83,3479.92,0.0
1994-01-05T00:00:00+05:30,3454.08,3405.88,3463.96,3405.88,0.0
1994-01-06T00:00:00+05:30,3509.47,3481.01,3510.59,3480.96,0.0
1994-01-07T00:00:00+05:30,3662.2,3614.4,3662.2,3604.84,0.0
1994-01-10T00:00:00+05:30,3821.56,3737.84,3821.56,3735.8,0.0
1994-01-11T00:00:00+05:30,3780.1,3801.79,3803.67,3772.82,0.0
1994-01-12T00:00:00+05:30,3903.79,3789.18,3913.6,3789.18,0.0
1994-01-13T00:00:00+05:30,3928.59,4025.06,4025.63,3928.59,0.0
1994-01-14T00:00:00+05:30,3938.74,3876.74,3959.17,3872.94,0.0
1994-01-17T00:00:00+05:30,4020.87,4011.99,4087.57,4010.59,0.0
1994-01-18T00:00:00+05:30,3951.02,3962.85,4021.49,3951.02,0.0
1994-01-19T00:00:00+05:30,3825.91,3861.28,3861.28,3781.11,0.0
1994-01-20T00:00:00+05:30,3752.51,3812.69,3828.24,3752.06,0.0
1994-01-24T00:00:00+05:30,3865.44,3747.82,3865.44,3747.5,0.0
1994-01-25T00:00:00+05:30,3982.49,3921.42,3986.6,3921.42,0.0
1994-01-27T00:00:00+05:30,4069.39,4065.91,4075.15,4041.97,0.0
1994-01-28T00:00:00+05:30,4053.94,4127.39,4152.74,4050.89,0.0
1994-01-31T00:00:00+05:30,3994.86,3982.07,4012.58,3976.7,0.0
1994-02-01T00:00:00+05:30,3947.86,3939.17,3960.21,3919.43,0.0
1994-02-02T00:00:00+05:30,4036.64,3946.81,4040.41,3946.81,0.0
1994-02-03T00:00:00+05:30,4000.96,4074.05,4092.49,3988.88,0.0
1994-02-04T00:00:00+05:30,3917.57,3999.19,3999.19,3917.57,0.0
1994-02-07T00:00:00+05:30,4144.49,4087.79,4162.4,4087.79,0.0
1994-02-08T00:00:00+05:30,4162.08,4191.5,4203.7,4154.06,0.0
1994-02-09T00:00:00+05:30,4018.92,4137.43,4143.46,4007.63,0.0
1994-02-10T00:00:00+05:30,4039.9,3965.57,4047.37,3964.38,0.0
1994-02-11T00:00:00+05:30,3991.38,4056.98,4056.98,3989.18,0.0
1994-02-14T00:00:00+05:30,3911.69,3965.34,3965.34,3903.97,0.0
1994-02-15T00:00:00+05:30,3900.13,3906.24,3921.84,3894.46,0.0
1994-02-16T00:00:00+05:30,3807.42,3888.74,3888.74,3774.66,0.0
1994-02-17T00:00:00+05:30,3867.39,3803.69,3877.74,3803.69,0.0
1994-02-18T00:00:00+05:30,3915.04,3880.35,3926.59,3880.35,0.0
1994-02-21T00:00:00+05:30,4129.52,4123.3,4170.21,4123.3,0.0
1994-02-22T00:00:00+05:30,4084.89,4168.13,4192.93,4084.89,0.0
1994-02-23T00:00:00+05:30,4028.78,4051.15,4069.59,4025.81,0.0
1994-02-24T00:00:00+05:30,4132.33,4132.33,4132.33,4132.33,0.0
1994-02-25T00:00:00+05:30,4236.96,4183.49,4237.58,4183.49,0.0
1994-02-28T00:00:00+05:30,4286.2,4122.12,4288.44,4122.12,0.0
1994-03-01T00:00:00+05:30,4147.72,4273.48,4273.48,4141.98,0.0
1994-03-02T00:00:00+05:30,4066.2,4102.6,4102.6,4013.71,0.0
1994-03-03T00:00:00+05:30,3981.72,4022.14,4022.14,3947.92,0.0
1994-03-04T00:00:00+05:30,3801.56,3945.67,3947.97,3797.16,0.0
1994-03-07T00:00:00+05:30,3744.61,3768.09,3781.82,3728.93,0.0
1994-03-08T00:00:00+05:30,3847.39,3694.88,3850.2,3693.81,0.0
1994-03-09T00:00:00+05:30,3807.72,3885.34,3939.19,3803.81,0.0
1994-03-11T00:00:00+05:30,3747.22,3726.9,3761.19,3722.89,0.0
1994-03-15T00:00:00+05:30,3758.28,3742.64,3784.71,3742.64,0.0
1994-03-16T00:00:00+05:30,3791.96,3786.3,3796.08,3785.48,0.0
1994-03-17T00:00:00+05:30,3792.98,3790.9,3812.49,3767.63,0.0
1994-03-18T00:00:00+05:30,3801.86,3784.94,3806.84,3775.2,0.0
1994-03-21T00:00:00+05:30,3820.73,3802.98,3825.27,3796.15,0.0
1994-03-22T00:00:00+05:30,3791.78,3780.1,3791.78,3762.65,0.0
1994-03-23T00:00:00+05:30,3726.82,3712.75,3726.82,3664.73,0.0
1994-03-24T00:00:00+05:30,3681.47,3666.85,3682.93,3661.76,0.0
1994-03-25T00:00:00+05:30,3678.16,3652.85,3681.39,3643.33,0.0
1994-03-28T00:00:00+05:30,3713.18,3667.1,3713.18,3658.69,0.0
1994-03-29T00:00:00+05:30,3779.68,3698.94,3780.2,3698.2,0.0
1994-03-30T00:00:00+05:30,3776.19,3761.49,3789.07,3761.49,0.0
1994-03-31T00:00:00+05:30,3778.99,3747.01,3786.7,3743.03,0.0
1994-04-04T00:00:00+05:30,3780.85,3766.82,3806.07,3763.43,0.0
1994-04-05T00:00:00+05:30,3812.15,3771.89,3821.94,3771.89,0.0
1994-04-06T00:00:00+05:30,3842.38,3814.24,3852.34,3814.24,0.0
1994-04-07T00:00:00+05:30,3835.83,3833.07,3849.91,3825.32,0.0
1994-04-08T00:00:00+05:30,3878.55,3863.21,3906.94,3863.02,0.0
1994-04-12T00:00:00+05:30,3915.12,3920.0,3938.38,3915.12,0.0
1994-04-13T00:00:00+05:30,3944.53,3886.0,3944.95,3886.0,0.0
1994-04-15T00:00:00+05:30,3895.18,3921.64,3927.47,3892.22,0.0
1994-04-18T00:00:00+05:30,3866.91,3855.65,3874.75,3850.9,0.0
1994-04-19T00:00:00+05:30,3830.29,3832.21,3875.49,3824.35,0.0
1994-04-21T00:00:00+05:30,3778.93,3816.78,3816.78,3771.45,0.0
1994-04-22T00:00:00+05:30,3806.74,3769.19,3811.65,3768.39,0.0
1994-04-25T00:00:00+05:30,3813.27,3802.85,3813.43,3789.64,0.0
1994-04-26T00:00:00+05:30,3780.52,3778.65,3787.13,3777.64,0.0
1994-04-27T00:00:00+05:30,3753.08,3754.45,3754.73,3738.85,0.0
1994-04-28T00:00:00+05:30,3740.4,3712.4,3742.24,3694.55,0.0
1994-04-29T00:00:00+05:30,3746.1,3744.72,3760.5,3744.72,0.0
1994-05-02T00:00:00+05:30,3720.72,3728.57,3747.09,3720.61,0.0
1994-05-03T00:00:00+05:30,3672.14,3708.0,3725.14,3667.11,0.0
1994-05-04T00:00:00+05:30,3600.48,3637.96,3646.14,3597.23,0.0
1994-05-05T00:00:00+05:30,3623.65,3582.91,3628.12,3575.77,0.0
1994-05-06T00:00:00+05:30,3715.04,3644.35,3726.03,3644.35,0.0
1994-05-09T00:00:00+05:30,3752.56,3721.37,3760.21,3721.37,0.0
1994-05-10T00:00:00+05:30,3774.6,3777.52,3797.89,3766.92,0.0
1994-05-11T00:00:00+05:30,3781.1,3780.51,3801.57,3780.51,0.0
1994-05-13T00:00:00+05:30,3808.5,3785.14,3816.12,3782.88,0.0
1994-05-16T00:00:00+05:30,3844.09,3814.76,3849.35,3814.76,0.0
1994-05-17T00:00:00+05:30,3802.5,3835.62,3836.47,3794.37,0.0
1994-05-18T00:00:00+05:30,3807.01,3772.4,3808.73,3772.12,0.0
1994-05-19T00:00:00+05:30,3808.77,3789.73,3831.57,3787.46,0.0
1994-05-20T00:00:00+05:30,3783.67,3764.92,3784.21,3757.33,0.0
1994-05-23T00:00:00+05:30,3737.23,3779.13,3779.13,3737.23,0.0
1994-05-24T00:00:00+05:30,3704.33,3707.82,3707.82,3685.19,0.0
1994-05-26T00:00:00+05:30,3738.0,3727.57,3744.36,3723.58,0.0
1994-05-27T00:00:00+05:30,3789.51,3756.09,3797.66,3755.76,0.0
1994-05-30T00:00:00+05:30,3828.7,3825.08,3829.78,3808.01,0.0
1994-05-31T00:00:00+05:30,3829.36,3835.79,3851.15,3823.06,0.0
1994-06-01T00:00:00+05:30,3833.49,3820.11,3833.65,3811.26,0.0
1994-06-02T00:00:00+05:30,3923.7,3857.6,3926.39,3856.59,0.0
1994-06-03T00:00:00+05:30,4053.23,3990.95,4057.09,3990.95,0.0
1994-06-06T00:00:00+05:30,4091.39,4095.53,4130.89,4090.32,0.0
1994-06-07T00:00:00+05:30,4033.66,4076.17,4081.28,4033.66,0.0
1994-06-08T00:00:00+05:30,4033.66,4009.17,4065.49,4009.17,0.0
1994-06-09T00:00:00+05:30,4137.7,4041.69,4137.7,4041.69,0.0
1994-06-10T00:00:00+05:30,4145.13,4183.66,4197.61,4136.41,0.0
1994-06-13T00:00:00+05:30,4128.85,4139.26,4165.39,4128.85,0.0
1994-06-14T00:00:00+05:30,4133.13,4114.88,4149.24,4113.58,0.0
1994-06-15T00:00:00+05:30,4123.7,4143.84,4150.06,4122.13,0.0
1994-06-16T00:00:00+05:30,4187.75,4160.94,4188.82,4144.11,0.0
1994-06-17T00:00:00+05:30,4282.59,4253.51,4290.37,4253.51,0.0
1994-06-20T00:00:00+05:30,4332.98,4287.12,4334.48,4287.12,0.0
1994-06-22T00:00:00+05:30,4324.12,4304.45,4325.25,4304.45,0.0
1994-06-23T00:00:00+05:30,4257.7,4302.19,4302.19,4257.7,0.0
1994-06-24T00:00:00+05:30,4213.01,4243.85,4243.85,4212.41,0.0
1994-06-27T00:00:00+05:30,4174.38,4170.04,4179.86,4152.45,0.0
1994-06-28T00:00:00+05:30,4211.83,4185.8,4228.7,4185.8,0.0
1994-06-29T00:00:00+05:30,4140.25,4212.76,4212.76,4136.0,0.0
1994-06-30T00:00:00+05:30,4086.72,4122.32,4123.62,4074.17,0.0
1994-07-01T00:00:00+05:30,4118.98,4098.67,4147.54,4098.67,0.0
1994-07-04T00:00:00+05:30,4095.2,4119.6,4123.97,4093.4,0.0
1994-07-05T00:00:00+05:30,4102.06,4085.72,4111.49,4082.95,0.0
1994-07-06T00:00:00+05:30,4098.33,4120.88,4129.96,4092.83,0.0
1994-07-07T00:00:00+05:30,4048.61,4068.02,4085.95,4047.55,0.0
1994-07-08T00:00:00+05:30,4076.65,4083.25,4105.25,4076.65,0.0
1994-07-11T00:00:00+05:30,4080.17,4060.69,4087.67,4056.19,0.0
1994-07-12T00:00:00+05:30,4133.29,4086.44,4135.21,4086.44,0.0
1994-07-13T00:00:00+05:30,4131.52,4140.29,4153.85,4131.52,0.0
1994-07-14T00:00:00+05:30,4093.63,4111.73,4112.47,4093.63,0.0
1994-07-15T00:00:00+05:30,4121.49,4111.25,4139.77,4111.25,0.0
1994-07-18T00:00:00+05:30,4098.11,4101.02,4117.9,4092.48,0.0
1994-07-19T00:00:00+05:30,4114.85,4088.98,4117.45,4078.67,0.0
1994-07-20T00:00:00+05:30,4110.86,4116.4,4130.46,4109.34,0.0
1994-07-21T00:00:00+05:30,4104.47,4098.42,4104.47,4092.93,0.0
1994-07-22T00:00:00+05:30,4103.35,4105.48,4114.38,4103.12,0.0
1994-07-25T00:00:00+05:30,4106.65,4086.86,4113.88,4086.86,0.0
1994-07-26T00:00:00+05:30,4108.1,4114.45,4122.78,4107.68,0.0
1994-07-27T00:00:00+05:30,4101.27,4094.59,4104.03,4094.59,0.0
1994-07-28T00:00:00+05:30,4106.97,4091.09,4109.13,4086.16,0.0
1994-07-29T00:00:00+05:30,4191.3,4130.66,4217.21,4130.66,0.0
1994-08-01T00:00:00+05:30,4276.48,4227.6,4304.02,4227.6,0.0
1994-08-02T00:00:00+05:30,4309.93,4300.49,4333.23,4300.49,0.0
1994-08-03T00:00:00+05:30,4281.64,4276.74,4282.08,4261.65,0.0
1994-08-04T00:00:00+05:30,4300.99,4313.39,4331.3,4294.4,0.0
1994-08-05T00:00:00+05:30,4301.57,4305.13,4324.49,4288.34,0.0
1994-08-08T00:00:00+05:30,4297.34,4283.14,4314.55,4283.14,0.0
1994-08-09T00:00:00+05:30,4319.08,4283.73,4335.85,4282.82,0.0
1994-08-10T00:00:00+05:30,4365.0,4321.73,4379.06,4321.73,0.0
1994-08-11T00:00:00+05:30,4394.27,4364.15,4394.27,4350.73,0.0
1994-08-12T00:00:00+05:30,4508.15,4497.27,4510.86,4490.91,0.0
1994-08-16T00:00:00+05:30,4495.84,4505.87,4529.94,4495.84,0.0
1994-08-17T00:00:00+05:30,4506.5,4489.53,4513.92,4483.2,0.0
1994-08-18T00:00:00+05:30,4534.33,4502.34,4544.02,4502.34,0.0
1994-08-19T00:00:00+05:30,4468.78,4519.82,4525.92,4464.18,0.0
1994-08-24T00:00:00+05:30,4429.05,4489.15,4492.36,4429.05,0.0
1994-08-25T00:00:00+05:30,4430.76,4422.82,4430.76,4395.88,0.0
1994-08-29T00:00:00+05:30,4525.25,4463.51,4525.25,4463.51,0.0
1994-08-31T00:00:00+05:30,4588.16,4525.23,4588.16,4525.23,0.0
1994-09-01T00:00:00+05:30,4542.78,4573.86,4577.88,4532.46,0.0
1994-09-02T00:00:00+05:30,4526.21,4521.56,4538.04,4514.29,0.0
1994-09-05T00:00:00+05:30,4510.75,4506.24,4512.59,4481.5,0.0
1994-09-06T00:00:00+05:30,4525.01,4499.5,4526.06,4499.5,0.0
1994-09-07T00:00:00+05:30,4530.33,4521.29,4537.93,4508.87,0.0
1994-09-08T00:00:00+05:30,4550.95,4528.17,4562.07,4527.57,0.0
1994-09-12T00:00:00+05:30,4630.54,4614.24,4643.31,4611.66,0.0
1994-09-13T00:00:00+05:30,4599.42,4615.19,4628.93,4599.42,0.0
1994-09-14T00:00:00+05:30,4599.17,4593.95,4616.3,4593.2,0.0
1994-09-15T00:00:00+05:30,4604.15,4582.73,4612.2,4582.73,0.0
1994-09-16T00:00:00+05:30,4617.61,4610.66,4636.99,4610.66,0.0
1994-09-19T00:00:00+05:30,4553.79,4607.01,4614.85,4553.79,0.0
1994-09-20T00:00:00+05:30,4488.38,4543.94,4543.94,4471.95,0.0
1994-09-21T00:00:00+05:30,4507.11,4462.95,4511.91,4462.19,0.0
1994-09-22T00:00:00+05:30,4451.78,4501.53,4501.53,4446.14,0.0
1994-09-23T00:00:00+05:30,4494.38,4484.88,4496.53,4484.88,0.0
1994-09-27T00:00:00+05:30,4444.56,4458.15,4490.33,4439.47,0.0
1994-09-28T00:00:00+05:30,4408.49,4428.15,4431.2,4404.46,0.0
1994-09-29T00:00:00+05:30,4358.3,4387.33,4393.93,4358.3,0.0
1994-09-30T00:00:00+05:30,4281.0,4339.76,4339.76,4281.0,0.0
1994-10-03T00:00:00+05:30,4339.46,4267.97,4357.13,4267.97,0.0
1994-10-04T00:00:00+05:30,4366.14,4334.92,4381.09,4334.92,0.0
1994-10-05T00:00:00+05:30,4350.05,4356.83,4359.69,4343.16,0.0
1994-10-06T00:00:00+05:30,4380.17,4352.02,4381.62,4352.02,0.0
1994-10-07T00:00:00+05:30,4427.04,4407.87,4449.7,4407.87,0.0
1994-10-10T00:00:00+05:30,4410.95,4421.95,4428.63,4409.92,0.0
1994-10-11T00:00:00+05:30,4423.25,4398.69,4443.74,4398.69,0.0
1994-10-12T00:00:00+05:30,4401.88,4410.51,4430.29,4401.88,0.0
1994-10-14T00:00:00+05:30,4386.43,4393.1,4396.78,4386.43,0.0
1994-10-17T00:00:00+05:30,4365.43,4355.58,4367.14,4353.67,0.0
1994-10-18T00:00:00+05:30,4335.9,4355.2,4355.2,4335.9,0.0
1994-10-19T00:00:00+05:30,4329.47,4313.3,4331.49,4311.23,0.0
1994-10-20T00:00:00+05:30,4281.99,4297.84,4303.95,4281.99,0.0
1994-10-21T00:00:00+05:30,4310.52,4313.15,4313.15,4293.45,0.0
1994-10-24T00:00:00+05:30,4328.37,4307.95,4336.54,4307.95,0.0
1994-10-25T00:00:00+05:30,4355.58,4325.51,4363.25,4325.51,0.0
1994-10-26T00:00:00+05:30,4357.44,4345.43,4357.45,4338.74,0.0
1994-10-27T00:00:00+05:30,4328.57,4327.91,4336.16,4322.86,0.0
1994-10-28T00:00:00+05:30,4274.71,4315.34,4325.51,4274.71,0.0
1994-10-31T00:00:00+05:30,4269.86,4252.6,4273.4,4248.95,0.0
1994-11-03T00:00:00+05:30,4303.65,4293.51,4306.74,4292.07,0.0
1994-11-07T00:00:00+05:30,4308.7,4286.01,4308.7,4281.02,0.0
1994-11-08T00:00:00+05:30,4295.89,4275.35,4295.89,4264.92,0.0
1994-11-09T00:00:00+05:30,4205.68,4259.29,4262.95,4199.66,0.0
1994-11-10T00:00:00+05:30,4138.73,4168.53,4168.53,4138.73,0.0
1994-11-11T00:00:00+05:30,4059.58,4073.48,4105.36,4058.7,0.0
1994-11-14T00:00:00+05:30,4020.99,4041.93,4048.13,3999.01,0.0
1994-11-15T00:00:00+05:30,4035.49,4020.37,4035.49,4012.56,0.0
1994-11-16T00:00:00+05:30,4113.79,4042.17,4114.01,4042.17,0.0
1994-11-17T00:00:00+05:30,4158.19,4121.32,4158.19,4112.42,0.0
1994-11-21T00:00:00+05:30,4136.65,4148.58,4159.9,4134.73,0.0
1994-11-22T00:00:00+05:30,4082.28,4115.07,4115.23,4068.36,0.0
1994-11-23T00:00:00+05:30,4022.67,4050.18,4065.47,4015.81,0.0
1994-11-24T00:00:00+05:30,4075.39,4012.46,4088.23,4008.1,0.0
1994-11-25T00:00:00+05:30,4132.28,4111.64,4145.89,4109.03,0.0
1994-11-29T00:00:00+05:30,4149.86,4138.87,4168.54,4133.78,0.0
1994-11-30T00:00:00+05:30,4124.18,4116.61,4138.95,4116.61,0.0
1994-12-01T00:00:00+05:30,4104.33,4106.18,4109.09,4086.23,0.0
1994-12-02T00:00:00+05:30,4077.49,4082.39,4082.39,4054.9,0.0
1994-12-05T00:00:00+05:30,4084.23,4037.13,4087.94,4034.49,0.0
1994-12-06T00:00:00+05:30,4040.37,4051.14,4051.14,4031.37,0.0
1994-12-07T00:00:00+05:30,3978.39,4003.72,4006.49,3975.94,0.0
1994-12-08T00:00:00+05:30,3925.73,3931.27,3940.36,3925.73,0.0
1994-12-09T00:00:00+05:30,3967.87,3931.15,3974.09,3929.97,0.0
1994-12-12T00:00:00+05:30,3884.48,3877.48,3884.48,3851.22,0.0
1994-12-13T00:00:00+05:30,3830.05,3847.0,3856.89,3830.05,0.0
1994-12-14T00:00:00+05:30,3861.47,3806.3,3866.58,3806.3,0.0
1994-12-15T00:00:00+05:30,3903.89,3831.95,3905.46,3831.95,0.0
1994-12-16T00:00:00+05:30,3943.65,3900.69,3946.72,3900.69,0.0
1994-12-19T00:00:00+05:30,3910.06,3924.38,3926.84,3909.3,0.0
1994-12-20T00:00:00+05:30,3897.58,3891.31,3902.13,3887.53,0.0
1994-12-21T00:00:00+05:30,3912.63,3876.44,3912.63,3875.94,0.0
1994-12-22T00:00:00+05:30,3897.21,3885.36,3909.95,3885.36,0.0
1994-12-23T00:00:00+05:30,3926.9,3875.71,3926.9,3875.71,0.0
1995-01-02T00:00:00+05:30,3932.09,3910.16,3943.66,3910.16,0.0
1995-01-03T00:00:00+05:30,3916.29,3914.5,3933.09,3901.37,0.0
1995-01-04T00:00:00+05:30,3886.34,3887.52,3907.09,3885.97,0.0
1995-01-05T00:00:00+05:30,3827.41,3845.92,3850.24,3814.35,0.0
1995-01-06T00:00:00+05:30,3765.62,3800.53,3803.84,3756.23,0.0
1995-01-09T00:00:00+05:30,3709.02,3723.09,3744.84,3709.02,0.0
1995-01-10T00:00:00+05:30,3623.06,3659.91,3668.35,3622.86,0.0
1995-01-11T00:00:00+05:30,3600.79,3588.66,3602.91,3574.89,0.0
1995-01-12T00:00:00+05:30,3574.9,3603.22,3603.22,3554.79,0.0
1995-01-13T00:00:00+05:30,3603.66,3561.11,3613.6,3559.6,0.0
1995-01-16T00:00:00+05:30,3653.17,3625.38,3672.85,3625.38,0.0
1995-01-17T00:00:00+05:30,3636.3,3640.51,3669.1,3636.3,0.0
1995-01-18T00:00:00+05:30,3654.35,3621.57,3675.22,3620.67,0.0
1995-01-19T00:00:00+05:30,3656.08,3663.18,3675.84,3656.08,0.0
1995-01-20T00:00:00+05:30,3600.53,3644.0,3652.69,3592.95,0.0
1995-01-23T00:00:00+05:30,3483.93,3538.9,3541.27,3481.54,0.0
1995-01-24T00:00:00+05:30,3411.04,3415.53,3417.58,3394.94,0.0
1995-01-25T00:00:00+05:30,3450.68,3443.73,3468.09,3440.01,0.0
1995-01-27T00:00:00+05:30,3505.81,3477.54,3507.38,3451.82,0.0
1995-01-30T00:00:00+05:30,3575.79,3493.78,3579.77,3493.78,0.0
1995-01-31T00:00:00+05:30,3618.54,3602.52,3630.5,3602.52,0.0
1995-02-01T00:00:00+05:30,3569.66,3636.89,3636.89,3569.66,0.0
1995-02-02T00:00:00+05:30,3599.29,3546.15,3601.04,3546.15,0.0
1995-02-03T00:00:00+05:30,3638.13,3591.31,3642.12,3591.31,0.0
1995-02-06T00:00:00+05:30,3590.24,3620.76,3623.0,3563.12,0.0
1995-02-07T00:00:00+05:30,3581.47,3569.51,3583.04,3552.31,0.0
1995-02-08T00:00:00+05:30,3548.27,3563.28,3563.28,3537.48,0.0
1995-02-09T00:00:00+05:30,3555.57,3523.06,3570.38,3523.06,0.0
1995-02-10T00:00:00+05:30,3522.14,3580.19,3580.19,3521.44,0.0
1995-02-13T00:00:00+05:30,3506.04,3508.46,3516.34,3494.84,0.0
1995-02-14T00:00:00+05:30,3515.48,3510.17,3531.39,3510.17,0.0
1995-02-15T00:00:00+05:30,3485.14,3508.66,3508.66,3479.44,0.0
1995-02-16T00:00:00+05:30,3409.69,3462.76,3462.76,3406.73,0.0
1995-02-17T00:00:00+05:30,3383.89,3400.97,3400.97,3375.05,0.0
1995-02-20T00:00:00+05:30,3356.73,3367.56,3369.52,3356.73,0.0
1995-02-21T00:00:00+05:30,3280.83,3308.12,3318.08,3275.01,0.0
1995-02-22T00:00:00+05:30,3233.31,3254.69,3256.69,3228.94,0.0
1995-02-23T00:00:00+05:30,3371.23,3371.23,3371.23,3371.23,0.0
1995-02-24T00:00:00+05:30,3454.89,3475.17,3483.16,3448.29,0.0
1995-02-28T00:00:00+05:30,3421.47,3394.23,3422.78,3393.9,0.0
1995-03-01T00:00:00+05:30,3459.81,3454.97,3460.56,3448.78,0.0
1995-03-02T00:00:00+05:30,3508.33,3505.09,3513.89,3500.03,0.0
1995-03-03T00:00:00+05:30,3528.36,3488.33,3528.94,3488.33,0.0
1995-03-06T00:00:00+05:30,3540.76,3531.99,3540.76,3504.08,0.0
1995-03-07T00:00:00+05:30,3498.42,3507.84,3518.77,3497.91,0.0
1995-03-08T00:00:00+05:30,3480.99,3480.99,3480.99,3480.99,0.0
1995-03-09T00:00:00+05:30,3473.06,3482.03,3482.03,3458.29,0.0
1995-03-10T00:00:00+05:30,3515.19,3545.37,3548.47,3515.16,0.0
1995-03-13T00:00:00+05:30,3410.11,3420.64,3445.68,3410.08,0.0
1995-03-14T00:00:00+05:30,3465.13,3429.68,3465.13,3425.62,0.0
1995-03-15T00:00:00+05:30,3399.19,3436.64,3440.83,3399.19,0.0
1995-03-16T00:00:00+05:30,3367.65,3364.15,3367.65,3286.13,0.0
1995-03-23T00:00:00+05:30,3293.77,3333.65,3333.65,3291.45,0.0
1995-03-24T00:00:00+05:30,3280.1,3292.36,3295.57,3267.71,0.0
1995-03-27T00:00:00+05:30,3299.19,3295.38,3314.38,3294.13,0.0
1995-03-28T00:00:00+05:30,3317.01,3327.53,3355.38,3308.92,0.0
1995-03-29T00:00:00+05:30,3292.34,3311.54,3312.49,3292.34,0.0
1995-03-30T00:00:00+05:30,3288.32,3295.28,3308.83,3285.11,0.0
1995-03-31T00:00:00+05:30,3260.96,3278.52,3278.52,3244.04,0.0
1995-04-03T00:00:00+05:30,3316.64,3287.84,3321.1,3287.84,0.0
1995-04-04T00:00:00+05:30,3394.42,3335.33,3394.42,3335.33,0.0
1995-04-05T00:00:00+05:30,3439.94,3417.61,3448.03,3417.61,0.0
1995-04-06T00:00:00+05:30,3484.25,3453.93,3508.61,3453.93,0.0
1995-04-07T00:00:00+05:30,3472.06,3478.39,3482.2,3465.48,0.0
1995-04-10T00:00:00+05:30,3464.76,3461.9,3474.09,3460.45,0.0
1995-04-17T00:00:00+05:30,3460.46,3477.6,3477.81,3460.46,0.0
1995-04-18T00:00:00+05:30,3421.89,3431.29,3447.07,3416.85,0.0
1995-04-19T00:00:00+05:30,3384.52,3393.53,3394.36,3363.85,0.0
1995-04-20T00:00:00+05:30,3356.32,3390.21,3390.21,3346.2,0.0
1995-04-21T00:00:00+05:30,3362.79,3366.75,3392.99,3362.79,0.0
1995-04-24T00:00:00+05:30,3309.0,3342.69,3342.69,3309.0,0.0
1995-04-25T00:00:00+05:30,3272.53,3283.93,3283.93,3267.5,0.0
1995-04-26T00:00:00+05:30,3264.79,3253.72,3277.44,3252.26,0.0
1995-04-27T00:00:00+05:30,3210.71,3251.71,3251.71,3202.12,0.0
1995-04-28T00:00:00+05:30,3133.28,3184.11,3192.92,3133.28,0.0
1995-05-02T00:00:00+05:30,3015.07,3061.88,3061.88,2996.84,0.0
1995-05-03T00:00:00+05:30,3069.25,2966.63,3069.99,2966.63,0.0
1995-05-04T00:00:00+05:30,3104.23,3082.1,3109.58,3073.57,0.0
1995-05-05T00:00:00+05:30,3203.81,3119.78,3219.13,3119.78,0.0
1995-05-08T00:00:00+05:30,3199.18,3164.8,3210.56,3164.8,0.0
1995-05-09T00:00:00+05:30,3207.42,3207.42,3207.42,3207.42,0.0
1995-05-10T00:00:00+05:30,3187.81,3207.42,3219.41,3180.59,0.0
1995-05-12T00:00:00+05:30,3154.18,3187.51,3187.51,3129.79,0.0
1995-05-15T00:00:00+05:30,3117.27,3143.49,3154.63,3114.83,0.0
1995-05-16T00:00:00+05:30,3149.77,3117.27,3149.77,3108.92,0.0
1995-05-17T00:00:00+05:30,3229.29,3157.81,3229.29,3157.81,0.0
1995-05-18T00:00:00+05:30,3276.52,3235.21,3293.53,3235.21,0.0
1995-05-19T00:00:00+05:30,3327.68,3299.23,3328.09,3299.23,0.0
1995-05-22T00:00:00+05:30,3279.13,3279.13,3279.13,3279.13,0.0
1995-05-23T00:00:00+05:30,3252.09,3277.98,3277.98,3246.69,0.0
1995-05-24T00:00:00+05:30,3229.36,3262.86,3279.58,3225.46,0.0
1995-05-25T00:00:00+05:30,3213.02,3219.19,3220.08,3188.15,0.0
1995-05-26T00:00:00+05:30,3235.55,3211.36,3278.43,3211.36,0.0
1995-05-29T00:00:00+05:30,3249.55,3232.1,3255.16,3232.1,0.0
1995-05-30T00:00:00+05:30,3276.31,3251.04,3276.44,3246.54,0.0
1995-05-31T00:00:00+05:30,3351.48,3296.41,3351.48,3294.19,0.0
1995-06-01T00:00:00+05:30,3409.85,3351.11,3411.39,3351.11,0.0
1995-06-02T00:00:00+05:30,3384.99,3405.32,3438.98,3377.54,0.0
1995-06-05T00:00:00+05:30,3367.55,3384.92,3384.92,3363.9,0.0
1995-06-06T00:00:00+05:30,3399.36,3368.08,3400.34,3366.2,0.0
1995-06-07T00:00:00+05:30,3388.48,3406.04,3418.62,3388.29,0.0
1995-06-08T00:00:00+05:30,3359.27,3375.3,3375.3,3352.65,0.0
1995-06-09T00:00:00+05:30,3337.71,3357.98,3358.14,3337.71,0.0
1995-06-12T00:00:00+05:30,3318.54,3338.64,3343.61,3302.04,0.0
1995-06-13T00:00:00+05:30,3299.47,3319.69,3319.69,3279.13,0.0
1995-06-14T00:00:00+05:30,3324.86,3311.4,3348.36,3311.4,0.0
1995-06-15T00:00:00+05:30,3315.88,3325.23,3325.23,3303.43,0.0
1995-06-16T00:00:00+05:30,3349.47,3326.82,3360.31,3325.82,0.0
1995-06-19T00:00:00+05:30,3373.73,3367.24,3378.09,3367.24,0.0
1995-06-20T00:00:00+05:30,3384.32,3370.16,3390.01,3370.16,0.0
1995-06-21T00:00:00+05:30,3376.94,3390.09,3394.95,3374.19,0.0
1995-06-22T00:00:00+05:30,3355.63,3366.14,3366.14,3345.6,0.0
1995-06-23T00:00:00+05:30,3315.81,3352.09,3352.09,3312.64,0.0
1995-06-26T00:00:00+05:30,3259.77,3295.49,3295.49,3255.9,0.0
1995-06-27T00:00:00+05:30,3252.96,3246.59,3263.97,3239.07,0.0
1995-06-28T00:00:00+05:30,3295.28,3271.06,3295.28,3252.5,0.0
1995-06-29T00:00:00+05:30,3284.85,3306.05,3310.46,3284.85,0.0
1995-06-30T00:00:00+05:30,3247.36,3262.85,3263.02,3237.65,0.0
1995-07-03T00:00:00+05:30,3182.4,3217.01,3217.01,3176.2,0.0
1995-07-04T00:00:00+05:30,3164.24,3181.76,3181.76,3155.79,0.0
1995-07-05T00:00:00+05:30,3164.46,3165.47,3218.9,3163.51,0.0
1995-07-06T00:00:00+05:30,3166.58,3157.33,3166.58,3135.47,0.0
1995-07-07T00:00:00+05:30,3191.04,3172.51,3193.15,3172.51,0.0
1995-07-10T00:00:00+05:30,3198.54,3196.36,3227.99,3196.36,0.0
1995-07-11T00:00:00+05:30,3214.25,3214.25,3214.25,3214.25,0.0
1995-07-12T00:00:00+05:30,3253.45,3241.4,3253.48,3236.9,0.0
1995-07-13T00:00:00+05:30,3287.53,3260.11,3287.53,3260.11,0.0
1995-07-14T00:00:00+05:30,3331.98,3287.39,3345.07,3287.09,0.0
1995-07-17T00:00:00+05:30,3385.02,3346.98,3386.58,3346.98,0.0
1995-07-18T00:00:00+05:30,3380.23,3392.11,3405.21,3366.93,0.0
1995-07-19T00:00:00+05:30,3402.25,3378.03,3402.25,3359.52,0.0
1995-07-20T00:00:00+05:30,3440.71,3414.77,3441.55,3409.55,0.0
1995-07-21T00:00:00+05:30,3443.19,3439.13,3443.19,3410.52,0.0
1995-07-25T00:00:00+05:30,3539.55,3468.4,3539.55,3466.88,0.0
1995-07-26T00:00:00+05:30,3554.89,3563.2,3595.55,3550.8,0.0
1995-07-27T00:00:00+05:30,3556.95,3553.98,3559.81,3519.8,0.0
1995-07-28T00:00:00+05:30,3452.88,3424.59,3470.62,3420.64,0.0
1995-07-31T00:00:00+05:30,3386.97,3401.89,3409.82,3382.59,0.0
1995-08-01T00:00:00+05:30,3390.73,3383.29,3410.77,3383.29,0.0
1995-08-02T00:00:00+05:30,3438.34,3409.81,3443.3,3409.81,0.0
1995-08-03T00:00:00+05:30,3371.9,3444.82,3447.57,3364.07,0.0
1995-08-04T00:00:00+05:30,3395.17,3349.34,3395.17,3349.34,0.0
1995-08-07T00:00:00+05:30,3394.0,3394.86,3418.9,3394.0,0.0
1995-08-08T00:00:00+05:30,3388.27,3385.37,3401.06,3367.93,0.0
1995-08-09T00:00:00+05:30,3422.79,3404.7,3432.96,3404.7,0.0
1995-08-11T00:00:00+05:30,3404.6,3429.34,3429.34,3401.6,0.0
1995-08-14T00:00:00+05:30,3409.11,3403.83,3412.65,3382.32,0.0
1995-08-16T00:00:00+05:30,3425.67,3417.2,3428.45,3414.36,0.0
1995-08-17T00:00:00+05:30,3446.18,3440.34,3452.46,3439.17,0.0
1995-08-21T00:00:00+05:30,3452.44,3453.85,3462.75,3444.31,0.0
1995-08-22T00:00:00+05:30,3447.32,3455.72,3455.72,3426.48,0.0
1995-08-24T00:00:00+05:30,3415.56,3457.88,3457.88,3413.38,0.0
1995-08-25T00:00:00+05:30,3370.28,3423.61,3423.61,3369.09,0.0
1995-08-28T00:00:00+05:30,3328.61,3355.94,3355.94,3328.61,0.0
1995-08-31T00:00:00+05:30,3346.76,3337.19,3346.76,3327.72,0.0
1995-09-01T00:00:00+05:30,3356.09,3345.56,3356.09,3337.27,0.0
1995-09-04T00:00:00+05:30,3337.07,3355.22,3362.93,3328.65,0.0
1995-09-05T00:00:00+05:30,3316.19,3335.58,3335.58,3311.38,0.0
1995-09-06T00:00:00+05:30,3348.23,3307.29,3348.23,3289.4,0.0
1995-09-07T00:00:00+05:30,3344.11,3374.93,3375.36,3344.11,0.0
1995-09-08T00:00:00+05:30,3366.25,3346.0,3366.25,3344.22,0.0
1995-09-11T00:00:00+05:30,3373.26,3377.03,3377.03,3364.39,0.0
1995-09-12T00:00:00+05:30,3361.64,3377.91,3384.9,3361.64,0.0
1995-09-13T00:00:00+05:30,3350.23,3347.66,3350.33,3337.8,0.0
1995-09-14T00:00:00+05:30,3361.18,3351.71,3367.28,3347.42,0.0
1995-09-15T00:00:00+05:30,3371.66,3365.76,3375.45,3362.78,0.0
1995-09-18T00:00:00+05:30,3370.36,3367.02,3374.69,3366.22,0.0
1995-09-19T00:00:00+05:30,3375.1,3368.67,3378.18,3360.82,0.0
1995-09-20T00:00:00+05:30,3401.01,3397.18,3406.87,3387.09,0.0
1995-09-21T00:00:00+05:30,3424.1,3402.04,3425.35,3400.98,0.0
1995-09-22T00:00:00+05:30,3444.4,3439.35,3448.99,3437.23,0.0
1995-09-25T00:00:00+05:30,3488.6,3463.42,3488.91,3463.42,0.0
1995-09-26T00:00:00+05:30,3518.11,3507.89,3519.14,3497.66,0.0
1995-09-27T00:00:00+05:30,3466.39,3496.54,3502.85,3466.39,0.0
1995-09-28T00:00:00+05:30,3456.52,3456.8,3461.83,3446.4,0.0
1995-09-29T00:00:00+05:30,3493.21,3457.52,3493.21,3457.52,0.0
1995-10-04T00:00:00+05:30,3531.49,3531.49,3531.49,3531.49,0.0
1995-10-05T00:00:00+05:30,3562.81,3581.16,3592.15,3546.04,0.0
1995-10-06T00:00:00+05:30,3598.37,3601.59,3609.19,3588.36,0.0
1995-10-09T00:00:00+05:30,3582.9,3588.97,3602.57,3582.9,0.0
1995-10-10T00:00:00+05:30,3557.8,3576.2,3576.2,3552.84,0.0
1995-10-11T00:00:00+05:30,3572.22,3550.26,3575.18,3545.94,0.0
1995-10-12T00:00:00+05:30,3561.4,3582.66,3582.66,3558.1,0.0
1995-10-13T00:00:00+05:30,3581.97,3560.85,3582.83,3557.71,0.0
1995-10-16T00:00:00+05:30,3583.76,3582.49,3584.99,3573.79,0.0
1995-10-17T00:00:00+05:30,3568.86,3582.77,3592.52,3568.86,0.0
1995-10-18T00:00:00+05:30,3567.45,3569.5,3611.56,3564.11,0.0
1995-10-19T00:00:00+05:30,3540.37,3554.98,3556.06,3534.88,0.0
1995-10-20T00:00:00+05:30,3514.42,3542.45,3542.45,3506.8,0.0
1995-10-23T00:00:00+05:30,3486.2,3512.58,3512.58,3484.13,0.0
1995-10-26T00:00:00+05:30,3408.67,3479.97,3479.97,3390.81,0.0
1995-10-27T00:00:00+05:30,3444.12,3401.18,3444.12,3383.19,0.0
1995-10-30T00:00:00+05:30,3419.45,3459.64,3459.64,3419.45,0.0
1995-10-31T00:00:00+05:30,3423.47,3420.39,3425.2,3409.05,0.0
1995-11-01T00:00:00+05:30,3488.5,3428.79,3488.5,3428.79,0.0
1995-11-02T00:00:00+05:30,3461.35,3509.26,3509.26,3458.85,0.0
1995-11-03T00:00:00+05:30,3469.4,3451.2,3470.26,3441.49,0.0
1995-11-06T00:00:00+05:30,3425.88,3472.7,3473.8,3418.43,0.0
1995-11-08T00:00:00+05:30,3364.71,3392.66,3426.05,3364.71,0.0
1995-11-09T00:00:00+05:30,3316.0,3339.33,3339.33,3316.0,0.0
1995-11-10T00:00:00+05:30,3287.12,3288.89,3288.89,3280.06,0.0
1995-11-13T00:00:00+05:30,3193.77,3295.0,3295.0,3193.77,0.0
1995-11-14T00:00:00+05:30,3138.79,3169.0,3169.0,3110.74,0.0
1995-11-15T00:00:00+05:30,3158.98,3137.72,3171.77,3134.07,0.0
1995-11-16T00:00:00+05:30,3143.18,3151.54,3169.77,3143.18,0.0
1995-11-17T00:00:00+05:30,3103.03,3128.89,3131.98,3101.05,0.0
1995-11-20T00:00:00+05:30,3111.23,3109.01,3116.51,3107.11,0.0
1995-11-21T00:00:00+05:30,3062.69,3093.3,3093.44,3062.69,0.0
1995-11-22T00:00:00+05:30,3001.52,3049.44,3049.44,2977.95,0.0
1995-11-23T00:00:00+05:30,2944.18,2956.69,2960.36,2924.99,0.0
1995-11-24T00:00:00+05:30,3042.2,2979.33,3042.2,2978.76,0.0
1995-11-27T00:00:00+05:30,3023.28,3050.09,3061.25,3022.72,0.0
1995-11-28T00:00:00+05:30,2960.22,2968.22,2976.45,2958.35,0.0
1995-11-29T00:00:00+05:30,2922.16,2943.97,2943.97,2891.45,0.0
1995-11-30T00:00:00+05:30,2994.29,2938.86,2997.41,2938.86,0.0
1995-12-01T00:00:00+05:30,3037.99,3064.38,3083.81,3037.99,0.0
1995-12-04T00:00:00+05:30,3036.23,3043.32,3046.94,3035.93,0.0
1995-12-05T00:00:00+05:30,3007.24,3031.54,3043.28,2991.84,0.0
1995-12-06T00:00:00+05:30,3069.92,3019.39,3069.92,3019.39,0.0
1995-12-07T00:00:00+05:30,3132.19,3106.95,3137.49,3100.83,0.0
1995-12-08T00:00:00+05:30,3083.32,3148.34,3149.04,3083.32,0.0
1995-12-11T00:00:00+05:30,3044.23,3038.27,3049.61,3020.15,0.0
1995-12-12T00:00:00+05:30,3033.83,3045.06,3048.79,3030.24,0.0
1995-12-13T00:00:00+05:30,3068.16,3049.33,3068.16,3042.94,0.0
1995-12-14T00:00:00+05:30,3053.42,3073.78,3073.78,3052.65,0.0
1995-12-15T00:00:00+05:30,3049.4,3049.75,3049.75,3017.34,0.0
1995-12-18T00:00:00+05:30,3042.96,3043.4,3049.4,3034.85,0.0
1995-12-19T00:00:00+05:30,3037.01,3039.91,3040.62,3033.17,0.0
1995-12-20T00:00:00+05:30,3049.26,3051.9,3066.01,3035.45,0.0
1995-12-21T00:00:00+05:30,3105.2,3073.17,3105.2,3072.49,0.0
1995-12-22T00:00:00+05:30,3110.49,3109.55,3128.08,3109.55,0.0
1996-01-01T00:00:00+05:30,3127.94,3114.08,3127.94,3114.08,0.0
1996-01-02T00:00:00+05:30,3111.96,3130.16,3131.37,3108.14,0.0
1996-01-03T00:00:00+05:30,3088.4,3114.08,3114.83,3086.53,0.0
1996-01-04T00:00:00+05:30,3072.41,3088.86,3088.86,3049.55,0.0
1996-01-05T00:00:00+05:30,3048.86,3067.56,3067.56,3041.82,0.0
1996-01-08T00:00:00+05:30,3003.19,3041.43,3048.89,3003.19,0.0
1996-01-09T00:00:00+05:30,3001.03,2990.48,3002.69,2972.87,0.0
1996-01-10T00:00:00+05:30,2997.33,2990.69,3012.64,2990.69,0.0
1996-01-11T00:00:00+05:30,3021.99,2991.56,3023.85,2991.56,0.0
1996-01-12T00:00:00+05:30,3010.21,3022.11,3035.4,3009.25,0.0
1996-01-15T00:00:00+05:30,3022.51,3018.59,3029.96,3018.59,0.0
1996-01-16T00:00:00+05:30,3015.48,3019.52,3019.76,3008.27,0.0
1996-01-17T00:00:00+05:30,2962.91,2997.84,2997.84,2962.91,0.0
1996-01-18T00:00:00+05:30,2940.4,2936.89,2948.55,2919.65,0.0
1996-01-19T00:00:00+05:30,2918.21,2933.59,2941.82,2910.08,0.0
1996-01-22T00:00:00+05:30,2926.78,2925.08,2936.15,2923.39,0.0
1996-01-23T00:00:00+05:30,2896.7,2933.09,2935.51,2896.7,0.0
1996-01-24T00:00:00+05:30,2838.57,2885.02,2885.02,2823.28,0.0
1996-01-25T00:00:00+05:30,2826.08,2829.08,2841.8,2820.26,0.0
1996-01-29T00:00:00+05:30,2872.18,2823.32,2874.98,2823.32,0.0
1996-01-30T00:00:00+05:30,2909.92,2889.39,2936.68,2889.39,0.0
1996-01-31T00:00:00+05:30,2931.84,2944.25,2951.63,2920.84,0.0
1996-02-01T00:00:00+05:30,3001.42,2929.04,3001.42,2929.04,0.0
1996-02-02T00:00:00+05:30,3172.83,3034.89,3173.59,3034.89,0.0
1996-02-05T00:00:00+05:30,3233.32,3176.02,3249.03,3176.02,0.0
1996-02-06T00:00:00+05:30,3154.89,3221.47,3242.78,3154.89,0.0
1996-02-07T00:00:00+05:30,3202.49,3169.14,3202.49,3124.78,0.0
1996-02-08T00:00:00+05:30,3380.04,3222.73,3384.15,3222.73,0.0
1996-02-09T00:00:00+05:30,3470.53,3477.61,3485.87,3422.29,0.0
1996-02-12T00:00:00+05:30,3471.68,3495.05,3520.73,3450.54,0.0
1996-02-13T00:00:00+05:30,3527.84,3456.0,3527.84,3431.49,0.0
1996-02-14T00:00:00+05:30,3581.0,3597.91,3607.27,3577.6,0.0
1996-02-15T00:00:00+05:30,3542.12,3541.98,3582.24,3538.07,0.0
1996-02-16T00:00:00+05:30,3499.06,3538.49,3538.49,3474.76,0.0
1996-02-19T00:00:00+05:30,3483.33,3502.01,3513.98,3483.33,0.0
1996-02-20T00:00:00+05:30,3453.8,3480.76,3486.31,3451.96,0.0
1996-02-22T00:00:00+05:30,3500.48,3463.49,3503.75,3463.49,0.0
1996-02-23T00:00:00+05:30,3492.95,3500.94,3517.77,3469.08,0.0
1996-02-26T00:00:00+05:30,3538.1,3538.88,3571.55,3538.1,0.0
1996-02-27T00:00:00+05:30,3519.29,3534.96,3534.96,3510.91,0.0
1996-02-28T00:00:00+05:30,3494.09,3536.03,3536.85,3491.77,0.0
1996-02-29T00:00:00+05:30,3391.99,3474.31,3474.31,3388.45,0.0
1996-03-01T00:00:00+05:30,3417.81,3391.08,3417.81,3385.15,0.0
1996-03-04T00:00:00+05:30,3402.05,3417.35,3417.35,3400.09,0.0
1996-03-06T00:00:00+05:30,3424.65,3407.86,3424.65,3392.74,0.0
1996-03-07T00:00:00+05:30,3383.92,3426.92,3435.85,3383.92,0.0
1996-03-08T00:00:00+05:30,3344.64,3369.13,3369.13,3339.57,0.0
1996-03-11T00:00:00+05:30,3291.65,3306.28,3306.28,3282.08,0.0
1996-03-12T00:00:00+05:30,3299.9,3310.1,3311.86,3295.29,0.0
1996-03-13T00:00:00+05:30,3373.73,3315.26,3374.8,3315.26,0.0
1996-03-14T00:00:00+05:30,3386.05,3387.77,3404.29,3372.74,0.0
1996-03-15T00:00:00+05:30,3343.27,3383.78,3383.78,3343.27,0.0
1996-03-18T00:00:00+05:30,3292.21,3337.2,3337.2,3287.78,0.0
1996-03-19T00:00:00+05:30,3256.08,3287.14,3296.41,3255.89,0.0
1996-03-21T00:00:00+05:30,3291.43,3258.8,3302.42,3258.8,0.0
1996-03-22T00:00:00+05:30,3238.71,3288.75,3288.75,3225.78,0.0
1996-03-25T00:00:00+05:30,3226.02,3249.51,3249.51,3223.59,0.0
1996-03-26T00:00:00+05:30,3242.78,3214.49,3245.3,3210.7,0.0
1996-03-27T00:00:00+05:30,3309.85,3269.38,3311.27,3269.38,0.0
1996-03-29T00:00:00+05:30,3366.61,3326.65,3368.85,3326.65,0.0
1996-04-02T00:00:00+05:30,3409.69,3376.64,3414.61,3376.64,0.0
1996-04-03T00:00:00+05:30,3407.47,3428.07,3431.85,3407.47,0.0
1996-04-04T00:00:00+05:30,3410.28,3383.79,3410.28,3376.91,0.0
1996-04-05T00:00:00+05:30,3443.86,3402.97,3443.86,3402.97,0.0
1996-04-08T00:00:00+05:30,3485.75,3476.38,3488.0,3466.12,0.0
1996-04-09T00:00:00+05:30,3485.63,3490.73,3508.58,3479.29,0.0
1996-04-10T00:00:00+05:30,3469.94,3492.58,3497.7,3469.94,0.0
1996-04-11T00:00:00+05:30,3464.33,3454.95,3467.82,3453.63,0.0
1996-04-12T00:00:00+05:30,3487.51,3459.12,3487.7,3458.84,0.0
1996-04-15T00:00:00+05:30,3543.66,3527.01,3550.6,3527.01,0.0
1996-04-16T00:00:00+05:30,3590.54,3561.72,3597.9,3561.72,0.0
1996-04-17T00:00:00+05:30,3718.91,3599.09,3723.26,3599.09,0.0
1996-04-18T00:00:00+05:30,3737.86,3729.78,3782.21,3715.55,0.0
1996-04-22T00:00:00+05:30,3710.79,3759.51,3811.52,3703.68,0.0
1996-04-23T00:00:00+05:30,3728.76,3697.89,3728.76,3673.29,0.0
1996-04-24T00:00:00+05:30,3869.87,3745.68,3870.14,3745.68,0.0
1996-04-25T00:00:00+05:30,3836.91,3886.6,3950.82,3831.27,0.0
1996-04-26T00:00:00+05:30,3765.11,3823.8,3829.69,3713.54,0.0
1996-04-30T00:00:00+05:30,3826.72,3797.49,3826.72,3791.98,0.0
1996-05-02T00:00:00+05:30,3845.48,3827.6,3862.8,3809.61,0.0
1996-05-03T00:00:00+05:30,3785.51,3848.12,3848.12,3780.54,0.0
1996-05-06T00:00:00+05:30,3712.87,3788.33,3788.33,3700.54,0.0
1996-05-08T00:00:00+05:30,3767.25,3710.91,3780.9,3658.91,0.0
1996-05-09T00:00:00+05:30,3694.3,3763.23,3763.23,3692.86,0.0
1996-05-10T00:00:00+05:30,3694.39,3661.71,3698.91,3628.62,0.0
1996-05-13T00:00:00+05:30,3750.37,3717.56,3751.77,3711.46,0.0
1996-05-14T00:00:00+05:30,3810.13,3747.19,3814.12,3726.98,0.0
1996-05-15T00:00:00+05:30,3796.29,3793.14,3796.29,3728.86,0.0
1996-05-16T00:00:00+05:30,3823.11,3816.03,3879.55,3816.03,0.0
1996-05-17T00:00:00+05:30,3795.96,3819.09,3819.09,3783.63,0.0
1996-05-20T00:00:00+05:30,3694.29,3788.17,3788.17,3691.75,0.0
1996-05-21T00:00:00+05:30,3671.95,3677.01,3690.07,3659.23,0.0
1996-05-22T00:00:00+05:30,3685.85,3674.38,3704.25,3669.81,0.0
1996-05-23T00:00:00+05:30,3683.99,3679.89,3688.47,3667.73,0.0
1996-05-24T00:00:00+05:30,3709.25,3686.66,3727.58,3686.66,0.0
1996-05-27T00:00:00+05:30,3653.1,3704.96,3704.96,3649.28,0.0
1996-05-28T00:00:00+05:30,3636.01,3650.31,3650.31,3578.29,0.0
1996-05-29T00:00:00+05:30,3740.45,3635.56,3742.86,3635.56,0.0
1996-05-30T00:00:00+05:30,3700.62,3745.95,3767.86,3694.2,0.0
1996-05-31T00:00:00+05:30,3724.97,3709.7,3733.44,3701.39,0.0
1996-06-03T00:00:00+05:30,3799.01,3731.96,3803.03,3731.96,0.0
1996-06-04T00:00:00+05:30,3793.46,3804.43,3841.79,3785.88,0.0
1996-06-05T00:00:00+05:30,3813.05,3791.23,3814.58,3760.44,0.0
1996-06-06T00:00:00+05:30,3830.31,3826.89,3860.91,3826.89,0.0
1996-06-07T00:00:00+05:30,3866.21,3826.46,3869.57,3824.06,0.0
1996-06-10T00:00:00+05:30,3889.34,3864.12,3909.04,3864.12,0.0
1996-06-11T00:00:00+05:30,3914.28,3883.31,3914.81,3870.45,0.0
1996-06-12T00:00:00+05:30,3939.2,3915.33,3972.38,3915.33,0.0
1996-06-13T00:00:00+05:30,3965.44,3939.22,3978.9,3936.8,0.0
1996-06-14T00:00:00+05:30,4049.39,3968.48,4052.9,3968.48,0.0
1996-06-17T00:00:00+05:30,4067.29,4053.59,4131.22,4053.59,0.0
1996-06-18T00:00:00+05:30,4069.26,4067.29,4077.6,4026.84,0.0
1996-06-19T00:00:00+05:30,3980.04,4067.78,4067.78,3977.89,0.0
1996-06-20T00:00:00+05:30,3995.2,3979.88,4002.66,3933.96,0.0
1996-06-21T00:00:00+05:30,3924.95,3993.69,3993.69,3923.9,0.0
1996-06-24T00:00:00+05:30,3928.58,3935.66,3945.25,3888.94,0.0
1996-06-25T00:00:00+05:30,3855.06,3924.38,3931.24,3841.19,0.0
1996-06-26T00:00:00+05:30,3792.75,3845.09,3854.66,3784.55,0.0
1996-06-27T00:00:00+05:30,3849.11,3781.15,3852.77,3762.5,0.0
1996-06-28T00:00:00+05:30,3812.52,3852.05,3862.25,3798.21,0.0
1996-07-01T00:00:00+05:30,3754.38,3798.87,3802.76,3748.08,0.0
1996-07-02T00:00:00+05:30,3747.47,3758.39,3779.71,3740.06,0.0
1996-07-03T00:00:00+05:30,3656.03,3739.26,3742.69,3652.22,0.0
1996-07-04T00:00:00+05:30,3701.74,3664.69,3730.1,3611.96,0.0
1996-07-05T00:00:00+05:30,3707.01,3708.32,3742.43,3683.47,0.0
1996-07-08T00:00:00+05:30,3730.72,3714.76,3751.17,3714.76,0.0
1996-07-09T00:00:00+05:30,3651.01,3728.62,3728.62,3648.09,0.0
1996-07-10T00:00:00+05:30,3671.66,3637.15,3686.78,3624.33,0.0
1996-07-11T00:00:00+05:30,3700.69,3680.56,3715.96,3680.56,0.0
1996-07-12T00:00:00+05:30,3651.56,3701.57,3701.57,3645.8,0.0
1996-07-15T00:00:00+05:30,3712.37,3659.36,3717.83,3653.84,0.0
1996-07-16T00:00:00+05:30,3644.93,3728.92,3746.58,3631.47,0.0
1996-07-17T00:00:00+05:30,3722.24,3652.52,3744.14,3652.52,0.0
1996-07-18T00:00:00+05:30,3775.99,3725.73,3787.74,3725.73,0.0
1996-07-19T00:00:00+05:30,3763.09,3786.7,3795.44,3756.36,0.0
1996-07-22T00:00:00+05:30,3807.6,3801.68,3820.95,3748.77,0.0
1996-07-23T00:00:00+05:30,3663.08,3807.53,3810.07,3641.8,0.0
1996-07-24T00:00:00+05:30,3582.06,3648.59,3666.87,3517.95,0.0
1996-07-25T00:00:00+05:30,3559.28,3590.29,3610.0,3548.38,0.0
1996-07-26T00:00:00+05:30,3560.0,3552.64,3569.5,3522.14,0.0
1996-07-29T00:00:00+05:30,3491.01,3555.09,3589.64,3489.17,0.0
1996-07-30T00:00:00+05:30,3448.33,3490.11,3490.11,3387.39,0.0
1996-07-31T00:00:00+05:30,3536.94,3464.62,3538.3,3424.64,0.0
1996-08-01T00:00:00+05:30,3538.6,3539.97,3585.15,3534.42,0.0
1996-08-02T00:00:00+05:30,3511.63,3537.26,3537.26,3484.93,0.0
1996-08-05T00:00:00+05:30,3482.68,3503.83,3513.64,3480.74,0.0
1996-08-06T00:00:00+05:30,3481.29,3481.79,3484.58,3453.99,0.0
1996-08-07T00:00:00+05:30,3543.44,3489.14,3547.32,3486.52,0.0
1996-08-08T00:00:00+05:30,3509.18,3549.66,3557.02,3507.69,0.0
1996-08-09T00:00:00+05:30,3497.73,3506.15,3508.01,3487.34,0.0
1996-08-12T00:00:00+05:30,3458.98,3500.18,3500.18,3458.69,0.0
1996-08-13T00:00:00+05:30,3447.96,3459.7,3459.7,3437.06,0.0
1996-08-14T00:00:00+05:30,3424.63,3448.35,3462.8,3423.4,0.0
1996-08-16T00:00:00+05:30,3382.75,3427.07,3433.21,3379.43,0.0
1996-08-19T00:00:00+05:30,3281.49,3367.82,3367.82,3278.79,0.0
1996-08-20T00:00:00+05:30,3316.06,3281.36,3317.93,3276.15,0.0
1996-08-21T00:00:00+05:30,3406.22,3318.86,3408.1,3318.86,0.0
1996-08-22T00:00:00+05:30,3388.8,3407.95,3424.73,3384.83,0.0
1996-08-23T00:00:00+05:30,3431.4,3390.0,3449.84,3385.91,0.0
1996-08-26T00:00:00+05:30,3433.55,3433.26,3460.59,3422.69,0.0
1996-08-27T00:00:00+05:30,3438.8,3435.13,3439.59,3412.9,0.0
1996-08-29T00:00:00+05:30,3493.61,3443.1,3528.19,3443.1,0.0
1996-08-30T00:00:00+05:30,3514.61,3493.28,3515.64,3489.75,0.0
1996-09-02T00:00:00+05:30,3562.98,3519.42,3564.46,3519.42,0.0
1996-09-03T00:00:00+05:30,3484.68,3544.03,3586.89,3470.58,0.0
1996-09-04T00:00:00+05:30,3516.9,3483.07,3518.41,3456.42,0.0
1996-09-06T00:00:00+05:30,3508.07,3526.38,3543.21,3507.74,0.0
1996-09-09T00:00:00+05:30,3468.29,3508.71,3511.42,3454.45,0.0
1996-09-10T00:00:00+05:30,3434.83,3461.71,3461.71,3411.78,0.0
1996-09-11T00:00:00+05:30,3382.71,3440.48,3448.58,3380.32,0.0
1996-09-12T00:00:00+05:30,3391.54,3377.87,3393.63,3348.75,0.0
1996-09-13T00:00:00+05:30,3347.37,3390.66,3392.0,3341.64,0.0
1996-09-18T00:00:00+05:30,3414.01,3344.73,3421.2,3323.8,0.0
1996-09-19T00:00:00+05:30,3349.77,3404.93,3430.83,3345.19,0.0
1996-09-20T00:00:00+05:30,3346.78,3349.3,3366.41,3339.94,0.0
1996-09-23T00:00:00+05:30,3331.09,3340.75,3348.35,3307.2,0.0
1996-09-24T00:00:00+05:30,3337.73,3332.17,3348.32,3332.17,0.0
1996-09-25T00:00:00+05:30,3343.92,3350.7,3373.51,3340.9,0.0
1996-09-26T00:00:00+05:30,3307.05,3341.09,3341.09,3293.71,0.0
1996-09-27T00:00:00+05:30,3254.73,3301.86,3301.86,3251.29,0.0
1996-09-30T00:00:00+05:30,3239.48,3255.37,3268.61,3205.23,0.0
1996-10-01T00:00:00+05:30,3226.8,3249.15,3249.58,3220.05,0.0
1996-10-03T00:00:00+05:30,3195.77,3229.79,3254.57,3190.36,0.0
1996-10-04T00:00:00+05:30,3101.27,3198.2,3208.74,3095.14,0.0
1996-10-07T00:00:00+05:30,3002.86,3105.31,3111.31,2939.87,0.0
1996-10-08T00:00:00+05:30,3027.35,3000.4,3038.52,2930.93,0.0
1996-10-09T00:00:00+05:30,3037.63,3038.02,3045.68,2991.32,0.0
1996-10-10T00:00:00+05:30,3126.34,3037.13,3129.69,3037.13,0.0
1996-10-11T00:00:00+05:30,3160.52,3127.75,3176.97,3121.95,0.0
1996-10-14T00:00:00+05:30,3099.34,3166.01,3166.01,3098.0,0.0
1996-10-15T00:00:00+05:30,3118.95,3098.36,3133.54,3079.46,0.0
1996-10-16T00:00:00+05:30,3104.66,3120.77,3147.43,3101.82,0.0
1996-10-17T00:00:00+05:30,3112.02,3100.88,3112.58,3068.56,0.0
1996-10-18T00:00:00+05:30,3130.21,3108.86,3130.9,3091.37,0.0
1996-10-22T00:00:00+05:30,3227.13,3152.58,3235.26,3152.58,0.0
1996-10-23T00:00:00+05:30,3341.86,3233.71,3344.35,3233.71,0.0
1996-10-24T00:00:00+05:30,3250.94,3343.06,3344.67,3241.15,0.0
1996-10-25T00:00:00+05:30,3250.66,3252.26,3286.71,3230.28,0.0
1996-10-28T00:00:00+05:30,3264.52,3256.26,3314.05,3256.26,0.0
1996-10-29T00:00:00+05:30,3239.94,3260.43,3261.25,3222.65,0.0
1996-10-30T00:00:00+05:30,3172.98,3240.91,3243.0,3163.4,0.0
1996-10-31T00:00:00+05:30,3163.78,3171.45,3171.45,3122.76,0.0
1996-11-01T00:00:00+05:30,3148.57,3164.03,3190.82,3131.82,0.0
1996-11-04T00:00:00+05:30,3092.72,3143.89,3143.89,3080.28,0.0
1996-11-05T00:00:00+05:30,3062.84,3092.0,3104.03,3062.5,0.0
1996-11-06T00:00:00+05:30,3044.16,3059.61,3059.61,2999.79,0.0
1996-11-07T00:00:00+05:30,3066.66,3055.07,3073.61,3046.27,0.0
1996-11-13T00:00:00+05:30,3126.06,3088.19,3135.69,3088.19,0.0
1996-11-14T00:00:00+05:30,3110.23,3131.01,3134.14,3102.72,0.0
1996-11-15T00:00:00+05:30,3139.02,3108.71,3142.31,3102.2,0.0
1996-11-18T00:00:00+05:30,3171.59,3140.63,3175.15,3140.63,0.0
1996-11-19T00:00:00+05:30,3139.33,3172.3,3176.69,3131.82,0.0
1996-11-20T00:00:00+05:30,3062.5,3137.87,3137.87,3060.93,0.0
1996-11-21T00:00:00+05:30,3043.3,3063.19,3076.23,3029.94,0.0
1996-11-22T00:00:00+05:30,2965.66,3039.8,3039.8,2959.3,0.0
1996-11-25T00:00:00+05:30,2994.98,2960.52,3004.83,2856.21,0.0
1996-11-26T00:00:00+05:30,2948.44,2996.35,3035.64,2948.03,0.0
1996-11-27T00:00:00+05:30,2883.57,2944.57,2944.57,2847.48,0.0
1996-11-28T00:00:00+05:30,2871.02,2885.2,2910.0,2865.13,0.0
1996-11-29T00:00:00+05:30,2890.5,2877.33,2906.38,2877.33,0.0
1996-12-02T00:00:00+05:30,2851.43,2883.88,2906.15,2847.07,0.0
1996-12-03T00:00:00+05:30,2798.0,2850.85,2850.85,2795.41,0.0
1996-12-04T00:00:00+05:30,2745.06,2796.03,2796.03,2713.12,0.0
1996-12-05T00:00:00+05:30,2812.22,2749.36,2822.5,2735.67,0.0
1996-12-06T00:00:00+05:30,2826.2,2812.47,2841.8,2808.65,0.0
1996-12-09T00:00:00+05:30,2815.06,2821.25,2846.31,2802.82,0.0
1996-12-10T00:00:00+05:30,2798.57,2814.21,2814.21,2782.03,0.0
1996-12-11T00:00:00+05:30,2941.36,2802.52,2943.71,2802.52,0.0
1996-12-12T00:00:00+05:30,2880.26,2940.0,2965.1,2878.2,0.0
1996-12-13T00:00:00+05:30,2881.15,2879.98,2893.7,2850.06,0.0
1996-12-16T00:00:00+05:30,2958.65,2900.25,2966.99,2900.25,0.0
1996-12-17T00:00:00+05:30,2984.02,2964.01,2985.34,2943.22,0.0
1996-12-18T00:00:00+05:30,3001.24,2986.02,3051.72,2986.02,0.0
1996-12-19T00:00:00+05:30,3035.91,3000.87,3039.62,2987.06,0.0
1996-12-20T00:00:00+05:30,3110.19,3037.7,3111.85,3037.7,0.0
1996-12-23T00:00:00+05:30,3093.04,3111.0,3127.19,3076.0,0.0
1996-12-24T00:00:00+05:30,3085.2,3091.69,3091.69,3063.59,0.0
1997-01-01T00:00:00+05:30,3260.56,3096.65,3270.04,3096.65,0.0
1997-01-02T00:00:00+05:30,3225.24,3261.94,3275.36,3219.16,0.0
1997-01-03T00:00:00+05:30,3264.0,3215.46,3264.0,3204.88,0.0
1997-01-06T00:00:00+05:30,3252.31,3267.75,3287.47,3238.08,0.0
1997-01-07T00:00:00+05:30,3264.12,3250.51,3273.43,3222.19,0.0
1997-01-08T00:00:00+05:30,3288.88,3268.92,3319.57,3268.92,0.0
1997-01-09T00:00:00+05:30,3362.39,3287.07,3362.8,3286.75,0.0
1997-01-10T00:00:00+05:30,3418.32,3366.53,3443.56,3366.53,0.0
1997-01-13T00:00:00+05:30,3453.16,3416.09,3456.63,3388.8,0.0
1997-01-14T00:00:00+05:30,3492.26,3454.04,3499.82,3422.99,0.0
1997-01-15T00:00:00+05:30,3646.73,3488.92,3673.91,3487.27,0.0
1997-01-16T00:00:00+05:30,3455.88,3654.96,3812.31,3453.61,0.0
1997-01-17T00:00:00+05:30,3422.35,3451.22,3480.98,3342.89,0.0
1997-01-20T00:00:00+05:30,3389.49,3439.63,3478.0,3375.68,0.0
1997-01-21T00:00:00+05:30,3382.74,3387.4,3429.37,3349.23,0.0
1997-01-22T00:00:00+05:30,3427.09,3404.94,3464.58,3385.28,0.0
1997-01-24T00:00:00+05:30,3435.62,3429.13,3448.76,3412.97,0.0
1997-01-27T00:00:00+05:30,3562.74,3436.98,3578.26,3436.98,0.0
1997-01-28T00:00:00+05:30,3604.2,3566.11,3607.21,3543.12,0.0
1997-01-29T00:00:00+05:30,3525.97,3613.43,3645.35,3522.58,0.0
1997-01-30T00:00:00+05:30,3510.05,3526.55,3547.56,3471.97,0.0
1997-01-31T00:00:00+05:30,3382.47,3473.42,3473.42,3361.25,0.0
1997-02-03T00:00:00+05:30,3324.22,3379.76,3381.72,3323.33,0.0
1997-02-04T00:00:00+05:30,3377.63,3322.04,3379.33,3316.15,0.0
1997-02-05T00:00:00+05:30,3354.72,3383.59,3426.67,3352.34,0.0
1997-02-06T00:00:00+05:30,3402.6,3355.71,3404.11,3332.61,0.0
1997-02-07T00:00:00+05:30,3407.22,3399.83,3414.37,3377.22,0.0
1997-02-10T00:00:00+05:30,3443.55,3413.88,3457.29,3413.88,0.0
1997-02-11T00:00:00+05:30,3502.27,3442.5,3505.14,3440.06,0.0
1997-02-12T00:00:00+05:30,3483.48,3499.22,3525.35,3479.54,0.0
1997-02-13T00:00:00+05:30,3492.65,3482.86,3512.4,3472.02,0.0
1997-02-14T00:00:00+05:30,3521.99,3493.03,3528.56,3493.03,0.0
1997-02-17T00:00:00+05:30,3580.29,3533.85,3586.05,3533.85,0.0
1997-02-18T00:00:00+05:30,3530.23,3578.47,3578.47,3504.23,0.0
1997-02-19T00:00:00+05:30,3528.44,3520.5,3533.03,3468.89,0.0
1997-02-20T00:00:00+05:30,3494.4,3527.35,3527.35,3491.46,0.0
1997-02-21T00:00:00+05:30,3439.49,3493.83,3493.83,3433.27,0.0
1997-02-24T00:00:00+05:30,3358.47,3439.11,3440.97,3356.02,0.0
1997-02-25T00:00:00+05:30,3356.83,3358.12,3400.4,3325.29,0.0
1997-02-26T00:00:00+05:30,3364.97,3356.1,3367.38,3316.71,0.0
1997-02-27T00:00:00+05:30,3427.87,3379.1,3429.72,3379.1,0.0
1997-02-28T00:00:00+05:30,3651.91,3547.75,3735.89,3547.75,0.0
1997-03-03T00:00:00+05:30,3871.05,3855.34,4007.91,3828.77,0.0
1997-03-04T00:00:00+05:30,3944.61,3873.0,3949.07,3842.88,0.0
1997-03-05T00:00:00+05:30,3940.99,3965.03,4029.56,3898.4,0.0
1997-03-06T00:00:00+05:30,3876.04,3935.0,3941.09,3859.04,0.0
1997-03-10T00:00:00+05:30,3768.74,3861.47,3861.47,3764.89,0.0
1997-03-11T00:00:00+05:30,3725.87,3766.04,3802.89,3700.02,0.0
1997-03-12T00:00:00+05:30,3762.37,3735.2,3796.78,3727.93,0.0
1997-03-13T00:00:00+05:30,3754.51,3769.55,3780.34,3731.81,0.0
1997-03-14T00:00:00+05:30,3745.31,3747.63,3768.22,3714.17,0.0
1997-03-17T00:00:00+05:30,3798.12,3752.91,3808.19,3752.91,0.0
1997-03-18T00:00:00+05:30,3795.17,3797.46,3813.06,3765.48,0.0
1997-03-19T00:00:00+05:30,3689.07,3791.58,3791.94,3689.07,0.0
1997-03-20T00:00:00+05:30,3732.05,3686.37,3734.84,3659.27,0.0
1997-03-21T00:00:00+05:30,3730.2,3736.82,3763.3,3718.62,0.0
1997-03-25T00:00:00+05:30,3765.78,3736.27,3796.22,3736.27,0.0
1997-03-26T00:00:00+05:30,3733.24,3765.24,3765.24,3724.92,0.0
1997-03-27T00:00:00+05:30,3735.58,3733.26,3736.37,3695.16,0.0
1997-03-28T00:00:00+05:30,3663.53,3736.66,3740.75,3656.16,0.0
1997-03-31T00:00:00+05:30,3360.89,3595.36,3595.36,3318.9,0.0
1997-04-01T00:00:00+05:30,3427.01,3339.47,3438.27,3315.36,0.0
1997-04-02T00:00:00+05:30,3538.39,3450.4,3540.87,3450.4,0.0
1997-04-03T00:00:00+05:30,3559.65,3543.4,3581.94,3520.71,0.0
1997-04-04T00:00:00+05:30,3550.37,3555.42,3555.42,3519.78,0.0
1997-04-07T00:00:00+05:30,3520.49,3551.95,3551.95,3511.15,0.0
1997-04-09T00:00:00+05:30,3650.88,3541.71,3657.82,3541.71,0.0
1997-04-10T00:00:00+05:30,3598.37,3640.75,3640.8,3554.77,0.0
1997-04-11T00:00:00+05:30,3633.73,3573.97,3644.24,3512.05,0.0
1997-04-15T00:00:00+05:30,3647.44,3605.06,3649.86,3605.06,0.0
1997-04-17T00:00:00+05:30,3696.52,3649.12,3706.32,3642.67,0.0
1997-04-21T00:00:00+05:30,3799.79,3723.83,3808.38,3723.83,0.0
1997-04-22T00:00:00+05:30,3800.63,3813.42,3839.54,3785.77,0.0
1997-04-23T00:00:00+05:30,3828.99,3801.98,3864.77,3798.45,0.0
1997-04-24T00:00:00+05:30,3805.72,3831.52,3834.31,3793.48,0.0
1997-04-25T00:00:00+05:30,3825.57,3800.87,3827.74,3793.83,0.0
1997-04-28T00:00:00+05:30,3825.51,3833.47,3850.47,3812.87,0.0
1997-04-29T00:00:00+05:30,3808.65,3822.53,3828.46,3787.15,0.0
1997-04-30T00:00:00+05:30,3841.11,3847.03,3879.21,3838.22,0.0
1997-05-02T00:00:00+05:30,3801.71,3838.44,3838.44,3789.64,0.0
1997-05-05T00:00:00+05:30,3756.78,3795.2,3798.27,3755.09,0.0
1997-05-06T00:00:00+05:30,3781.49,3760.11,3786.29,3739.09,0.0
1997-05-07T00:00:00+05:30,3753.5,3785.83,3790.69,3751.93,0.0
1997-05-09T00:00:00+05:30,3769.34,3758.83,3812.63,3758.83,0.0
1997-05-12T00:00:00+05:30,3735.25,3772.28,3794.03,3732.15,0.0
1997-05-13T00:00:00+05:30,3701.96,3734.69,3742.4,3692.0,0.0
1997-05-14T00:00:00+05:30,3740.53,3702.36,3744.62,3652.2,0.0
1997-05-15T00:00:00+05:30,3741.22,3737.96,3767.21,3713.48,0.0
1997-05-16T00:00:00+05:30,3759.64,3742.1,3769.43,3738.71,0.0
1997-05-19T00:00:00+05:30,3778.31,3768.97,3806.15,3768.92,0.0
1997-05-20T00:00:00+05:30,3768.3,3780.54,3788.92,3755.21,0.0
1997-05-21T00:00:00+05:30,3735.01,3766.03,3766.03,3731.85,0.0
1997-05-22T00:00:00+05:30,3730.78,3738.06,3742.53,3714.2,0.0
1997-05-23T00:00:00+05:30,3706.37,3729.51,3742.35,3697.7,0.0
1997-05-26T00:00:00+05:30,3701.65,3707.51,3726.17,3693.45,0.0
1997-05-27T00:00:00+05:30,3692.55,3702.15,3716.79,3681.72,0.0
1997-05-28T00:00:00+05:30,3685.31,3704.94,3718.24,3670.51,0.0
1997-05-29T00:00:00+05:30,3724.11,3684.77,3724.11,3659.39,0.0
1997-05-30T00:00:00+05:30,3755.1,3724.52,3764.21,3714.76,0.0
1997-06-02T00:00:00+05:30,3808.18,3758.39,3810.92,3747.14,0.0
1997-06-03T00:00:00+05:30,3838.85,3810.63,3864.41,3810.63,0.0
1997-06-04T00:00:00+05:30,3861.42,3840.99,3888.73,3840.99,0.0
1997-06-05T00:00:00+05:30,3873.85,3863.38,3901.45,3852.3,0.0
1997-06-06T00:00:00+05:30,3836.44,3875.13,3878.99,3830.98,0.0
1997-06-09T00:00:00+05:30,3835.35,3837.05,3853.91,3815.73,0.0
1997-06-10T00:00:00+05:30,3860.97,3835.57,3866.17,3834.14,0.0
1997-06-11T00:00:00+05:30,3927.71,3864.92,3937.58,3864.92,0.0
1997-06-12T00:00:00+05:30,3982.95,3927.49,3984.55,3927.49,0.0
1997-06-13T00:00:00+05:30,4029.99,3983.22,4065.0,3980.85,0.0
1997-06-16T00:00:00+05:30,4025.41,4043.2,4076.56,4006.8,0.0
1997-06-17T00:00:00+05:30,4087.64,4027.61,4087.93,4021.0,0.0
1997-06-18T00:00:00+05:30,4082.5,4095.84,4148.86,4081.26,0.0
1997-06-19T00:00:00+05:30,4088.98,4077.81,4102.09,4046.49,0.0
1997-06-20T00:00:00+05:30,4083.04,4101.67,4142.75,4060.3,0.0
1997-06-23T00:00:00+05:30,4089.2,4091.33,4120.63,4075.56,0.0
1997-06-24T00:00:00+05:30,4119.39,4088.96,4121.93,4063.19,0.0
1997-06-25T00:00:00+05:30,4093.62,4123.82,4132.4,4078.31,0.0
1997-06-26T00:00:00+05:30,4116.56,4100.37,4148.99,4089.94,0.0
1997-06-27T00:00:00+05:30,4133.24,4114.02,4153.8,4104.85,0.0
1997-06-30T00:00:00+05:30,4256.09,4184.0,4272.44,4184.0,0.0
1997-07-01T00:00:00+05:30,4300.86,4263.11,4301.77,4247.66,0.0
1997-07-02T00:00:00+05:30,4333.9,4302.96,4395.31,4295.4,0.0
1997-07-03T00:00:00+05:30,4323.46,4335.79,4393.29,4299.97,0.0
1997-07-04T00:00:00+05:30,4323.82,4332.7,4347.59,4300.58,0.0
1997-07-07T00:00:00+05:30,4291.45,4326.81,4391.01,4289.49,0.0
1997-07-08T00:00:00+05:30,4306.39,4285.65,4313.0,4252.49,0.0
1997-07-09T00:00:00+05:30,4404.69,4315.42,4404.83,4315.42,0.0
1997-07-10T00:00:00+05:30,4378.37,4413.39,4448.06,4376.11,0.0
1997-07-11T00:00:00+05:30,4321.98,4372.75,4372.75,4301.93,0.0
1997-07-14T00:00:00+05:30,4225.02,4251.7,4251.7,4182.42,0.0
1997-07-15T00:00:00+05:30,4221.02,4229.89,4261.03,4204.72,0.0
1997-07-16T00:00:00+05:30,4183.42,4232.53,4263.26,4171.0,0.0
1997-07-17T00:00:00+05:30,4193.61,4183.91,4202.31,4152.26,0.0
1997-07-18T00:00:00+05:30,4124.81,4174.72,4193.72,4115.73,0.0
1997-07-21T00:00:00+05:30,4154.28,4134.08,4155.8,4105.28,0.0
1997-07-22T00:00:00+05:30,4186.29,4161.94,4189.82,4145.65,0.0
1997-07-23T00:00:00+05:30,4251.13,4204.83,4258.6,4182.32,0.0
1997-07-24T00:00:00+05:30,4226.57,4264.93,4294.95,4223.61,0.0
1997-07-25T00:00:00+05:30,4189.81,4218.29,4222.73,4159.0,0.0
1997-07-28T00:00:00+05:30,4181.48,4191.91,4197.21,4163.53,0.0
1997-07-29T00:00:00+05:30,4217.58,4180.59,4218.98,4171.11,0.0
1997-07-30T00:00:00+05:30,4244.89,4230.8,4253.81,4220.18,0.0
1997-07-31T00:00:00+05:30,4305.76,4252.37,4331.58,4245.52,0.0
1997-08-01T00:00:00+05:30,4347.32,4322.19,4356.55,4314.06,0.0
1997-08-04T00:00:00+05:30,4465.37,4392.47,4478.19,4392.47,0.0
1997-08-05T00:00:00+05:30,4548.02,4477.5,4548.79,4477.5,0.0
1997-08-06T00:00:00+05:30,4523.01,4568.39,4605.41,4505.06,0.0
1997-08-07T00:00:00+05:30,4447.06,4527.91,4546.91,4439.48,0.0
1997-08-08T00:00:00+05:30,4397.54,4460.23,4467.18,4373.2,0.0
1997-08-11T00:00:00+05:30,4481.3,4434.02,4482.51,4423.69,0.0
1997-08-12T00:00:00+05:30,4425.03,4496.8,4504.03,4393.24,0.0
1997-08-13T00:00:00+05:30,4370.13,4419.34,4419.34,4353.32,0.0
1997-08-14T00:00:00+05:30,4320.97,4372.29,4381.53,4290.13,0.0
1997-08-19T00:00:00+05:30,4165.37,4277.29,4277.29,4151.63,0.0
1997-08-20T00:00:00+05:30,4234.63,4166.79,4238.09,4144.47,0.0
1997-08-21T00:00:00+05:30,4156.16,4252.05,4265.19,4138.27,0.0
1997-08-22T00:00:00+05:30,4047.67,4132.99,4144.17,4037.31,0.0
1997-08-26T00:00:00+05:30,4107.24,4038.58,4110.51,4038.58,0.0
1997-08-27T00:00:00+05:30,4097.56,4131.05,4132.62,4085.29,0.0
1997-08-28T00:00:00+05:30,3963.15,4093.76,4093.76,3960.34,0.0
1997-08-29T00:00:00+05:30,3876.08,3916.58,3945.67,3851.04,0.0
1997-09-01T00:00:00+05:30,3943.67,3875.26,3948.92,3854.21,0.0
1997-09-02T00:00:00+05:30,3950.03,3944.31,3960.76,3869.61,0.0
1997-09-03T00:00:00+05:30,3965.39,3966.87,4016.21,3946.43,0.0
1997-09-04T00:00:00+05:30,4007.04,3963.94,4012.18,3932.77,0.0
1997-09-05T00:00:00+05:30,4032.35,4018.59,4036.61,4005.07,0.0
1997-09-08T00:00:00+05:30,4087.3,4029.85,4088.26,4006.28,0.0
1997-09-09T00:00:00+05:30,4031.55,4095.12,4112.48,4030.86,0.0
1997-09-10T00:00:00+05:30,4045.61,4018.75,4050.28,3998.32,0.0
1997-09-11T00:00:00+05:30,4010.07,4057.9,4070.36,4008.0,0.0
1997-09-12T00:00:00+05:30,3995.94,4013.01,4018.5,3979.43,0.0
1997-09-15T00:00:00+05:30,4018.42,3987.39,4057.35,3985.97,0.0
1997-09-16T00:00:00+05:30,4012.59,4026.02,4035.39,4000.84,0.0
1997-09-17T00:00:00+05:30,3928.33,4013.68,4013.68,3914.58,0.0
1997-09-18T00:00:00+05:30,3884.77,3904.42,3904.42,3844.49,0.0
1997-09-19T00:00:00+05:30,3825.12,3891.63,3894.09,3820.28,0.0
1997-09-22T00:00:00+05:30,3770.99,3830.81,3836.04,3758.52,0.0
1997-09-23T00:00:00+05:30,3822.42,3772.59,3823.29,3763.37,0.0
1997-09-24T00:00:00+05:30,3825.91,3834.97,3864.25,3823.01,0.0
1997-09-25T00:00:00+05:30,3887.56,3835.8,3888.51,3835.8,0.0
1997-09-26T00:00:00+05:30,3925.24,3895.98,3927.77,3883.88,0.0
1997-09-29T00:00:00+05:30,3912.83,3918.05,3964.03,3908.84,0.0
1997-09-30T00:00:00+05:30,3902.03,3911.34,3918.42,3885.59,0.0
1997-10-01T00:00:00+05:30,3905.51,3885.41,3905.51,3848.15,0.0
1997-10-03T00:00:00+05:30,3847.73,3907.22,3923.26,3833.92,0.0
1997-10-06T00:00:00+05:30,3857.34,3850.35,3862.17,3829.05,0.0
1997-10-07T00:00:00+05:30,3909.46,3851.94,3910.33,3845.71,0.0
1997-10-08T00:00:00+05:30,3930.23,3912.4,3940.53,3912.4,0.0
1997-10-09T00:00:00+05:30,3979.96,3927.85,3982.44,3917.39,0.0
1997-10-10T00:00:00+05:30,4057.37,3999.65,4083.99,3999.65,0.0
1997-10-13T00:00:00+05:30,4066.05,4093.92,4118.92,4056.48,0.0
1997-10-14T00:00:00+05:30,4012.4,4061.51,4062.81,4011.11,0.0
1997-10-15T00:00:00+05:30,4034.55,4015.55,4042.69,3999.14,0.0
1997-10-16T00:00:00+05:30,4077.05,4082.66,4090.51,4046.47,0.0
1997-10-17T00:00:00+05:30,4106.26,4102.29,4137.77,4095.7,0.0
1997-10-20T00:00:00+05:30,4154.84,4123.8,4157.01,4103.63,0.0
1997-10-21T00:00:00+05:30,4116.99,4157.69,4166.14,4103.86,0.0
1997-10-22T00:00:00+05:30,4082.7,4118.67,4119.55,4079.87,0.0
1997-10-23T00:00:00+05:30,4009.77,4073.42,4080.12,3983.18,0.0
1997-10-24T00:00:00+05:30,3957.46,3992.4,3992.4,3922.54,0.0
1997-10-27T00:00:00+05:30,3934.33,3969.75,3979.53,3914.96,0.0
1997-10-30T00:00:00+05:30,3803.24,3803.09,3815.24,3795.66,0.0
1997-11-03T00:00:00+05:30,3790.82,3814.75,3820.37,3748.89,0.0
1997-11-04T00:00:00+05:30,3805.95,3799.55,3852.24,3782.94,0.0
1997-11-05T00:00:00+05:30,3778.23,3805.14,3807.45,3759.16,0.0
1997-11-06T00:00:00+05:30,3763.96,3744.39,3766.76,3714.03,0.0
1997-11-07T00:00:00+05:30,3747.32,3761.16,3764.61,3732.11,0.0
1997-11-10T00:00:00+05:30,3721.05,3733.31,3733.31,3707.67,0.0
1997-11-11T00:00:00+05:30,3723.4,3724.85,3750.25,3723.4,0.0
1997-11-12T00:00:00+05:30,3633.18,3721.39,3739.04,3627.85,0.0
1997-11-13T00:00:00+05:30,3554.1,3601.3,3616.44,3534.06,0.0
1997-11-14T00:00:00+05:30,3569.77,3570.34,3594.18,3514.69,0.0
1997-11-17T00:00:00+05:30,3578.1,3552.43,3580.91,3539.25,0.0
1997-11-18T00:00:00+05:30,3518.9,3573.87,3573.87,3494.8,0.0
1997-11-19T00:00:00+05:30,3454.65,3479.07,3479.07,3393.15,0.0
1997-11-20T00:00:00+05:30,3466.86,3394.27,3504.41,3390.71,0.0
1997-11-21T00:00:00+05:30,3523.44,3450.75,3541.23,3450.4,0.0
1997-11-24T00:00:00+05:30,3403.07,3512.82,3518.58,3399.72,0.0
1997-11-25T00:00:00+05:30,3479.89,3400.75,3490.4,3388.46,0.0
1997-11-26T00:00:00+05:30,3535.52,3516.05,3577.59,3514.98,0.0
1997-11-27T00:00:00+05:30,3628.07,3530.68,3645.9,3524.14,0.0
1997-11-28T00:00:00+05:30,3560.29,3616.47,3617.33,3522.59,0.0
1997-12-01T00:00:00+05:30,3569.65,3536.07,3574.06,3488.66,0.0
1997-12-02T00:00:00+05:30,3553.48,3566.53,3601.43,3538.0,0.0
1997-12-03T00:00:00+05:30,3562.37,3559.88,3590.9,3537.67,0.0
1997-12-04T00:00:00+05:30,3527.1,3530.31,3595.0,3503.49,0.0
1997-12-05T00:00:00+05:30,3469.08,3526.02,3552.27,3469.08,0.0
1997-12-08T00:00:00+05:30,3468.19,3479.41,3493.21,3455.86,0.0
1997-12-09T00:00:00+05:30,3391.59,3469.92,3485.01,3367.89,0.0
1997-12-10T00:00:00+05:30,3347.33,3364.51,3380.03,3325.25,0.0
1997-12-11T00:00:00+05:30,3329.14,3336.33,3344.41,3247.63,0.0
1997-12-12T00:00:00+05:30,3329.27,3340.15,3383.32,3320.67,0.0
1997-12-15T00:00:00+05:30,3367.56,3321.55,3371.73,3291.09,0.0
1997-12-16T00:00:00+05:30,3424.87,3374.58,3444.92,3374.28,0.0
1997-12-17T00:00:00+05:30,3487.02,3458.27,3499.26,3455.1,0.0
1997-12-18T00:00:00+05:30,3472.35,3481.95,3525.6,3463.26,0.0
1997-12-19T00:00:00+05:30,3540.91,3463.46,3542.04,3460.18,0.0
1997-12-22T00:00:00+05:30,3616.34,3553.68,3629.42,3553.68,0.0
1997-12-23T00:00:00+05:30,3641.11,3639.98,3676.76,3627.09,0.0
1997-12-24T00:00:00+05:30,3607.69,3596.07,3616.95,3549.58,0.0
1997-12-26T00:00:00+05:30,3633.38,3620.92,3651.42,3620.92,0.0
1997-12-29T00:00:00+05:30,3706.79,3648.65,3709.72,3643.78,0.0
1997-12-30T00:00:00+05:30,3637.71,3703.84,3703.84,3623.93,0.0
1997-12-31T00:00:00+05:30,3658.98,3630.48,3711.26,3630.48,0.0
1998-01-01T00:00:00+05:30,3694.62,3658.34,3711.69,3658.34,0.0
1998-01-02T00:00:00+05:30,3719.85,3704.47,3739.38,3701.4,0.0
1998-01-05T00:00:00+05:30,3739.21,3745.19,3792.86,3736.94,0.0
1998-01-06T00:00:00+05:30,3719.62,3724.43,3727.24,3684.02,0.0
1998-01-07T00:00:00+05:30,3683.31,3715.38,3745.71,3658.95,0.0
1998-01-08T00:00:00+05:30,3598.16,3671.69,3679.14,3598.16,0.0
1998-01-09T00:00:00+05:30,3530.2,3579.24,3579.24,3514.99,0.0
1998-01-12T00:00:00+05:30,3395.04,3482.98,3482.98,3394.95,0.0
1998-01-13T00:00:00+05:30,3431.72,3427.15,3479.95,3417.05,0.0
1998-01-14T00:00:00+05:30,3400.79,3460.77,3482.05,3380.98,0.0
1998-01-15T00:00:00+05:30,3365.75,3390.37,3415.87,3318.69,0.0
1998-01-16T00:00:00+05:30,3382.32,3373.1,3398.97,3351.21,0.0
1998-01-19T00:00:00+05:30,3480.86,3383.89,3484.77,3374.39,0.0
1998-01-20T00:00:00+05:30,3455.95,3487.86,3516.0,3448.97,0.0
1998-01-21T00:00:00+05:30,3418.34,3452.36,3462.36,3418.2,0.0
1998-01-22T00:00:00+05:30,3380.3,3408.67,3409.34,3366.94,0.0
1998-01-23T00:00:00+05:30,3351.21,3375.86,3375.86,3340.31,0.0
1998-01-27T00:00:00+05:30,3276.21,3352.06,3355.22,3272.18,0.0
1998-01-28T00:00:00+05:30,3209.55,3272.74,3301.9,3200.83,0.0
1998-01-29T00:00:00+05:30,3224.36,3204.1,3230.65,3164.66,0.0
1998-02-02T00:00:00+05:30,3354.8,3288.78,3364.37,3288.78,0.0
1998-02-03T00:00:00+05:30,3354.88,3360.4,3363.33,3326.17,0.0
1998-02-04T00:00:00+05:30,3319.19,3359.24,3394.93,3312.01,0.0
1998-02-05T00:00:00+05:30,3357.48,3339.02,3366.07,3336.97,0.0
1998-02-06T00:00:00+05:30,3366.7,3367.77,3374.04,3338.09,0.0
1998-02-09T00:00:00+05:30,3348.35,3359.47,3371.61,3345.34,0.0
1998-02-10T00:00:00+05:30,3317.7,3345.18,3351.5,3315.81,0.0
1998-02-11T00:00:00+05:30,3292.91,3330.11,3342.08,3288.76,0.0
1998-02-12T00:00:00+05:30,3293.89,3289.45,3299.5,3261.38,0.0
1998-02-13T00:00:00+05:30,3373.53,3306.39,3373.53,3297.54,0.0
1998-02-16T00:00:00+05:30,3449.77,3384.71,3451.63,3384.71,0.0
1998-02-17T00:00:00+05:30,3413.36,3459.82,3459.82,3403.49,0.0
1998-02-18T00:00:00+05:30,3401.88,3408.75,3436.95,3387.32,0.0
1998-02-19T00:00:00+05:30,3437.64,3414.59,3446.53,3411.75,0.0
1998-02-20T00:00:00+05:30,3417.3,3444.51,3466.28,3409.62,0.0
1998-02-23T00:00:00+05:30,3478.4,3426.88,3479.2,3424.14,0.0
1998-02-24T00:00:00+05:30,3484.69,3481.46,3484.73,3462.88,0.0
1998-02-26T00:00:00+05:30,3571.63,3535.24,3584.67,3526.35,0.0
1998-02-27T00:00:00+05:30,3622.22,3578.89,3639.84,3578.89,0.0
1998-03-02T00:00:00+05:30,3772.61,3657.57,3782.34,3657.57,0.0
1998-03-03T00:00:00+05:30,3646.0,3772.24,3772.24,3600.06,0.0
1998-03-04T00:00:00+05:30,3743.93,3660.16,3751.82,3660.16,0.0
1998-03-05T00:00:00+05:30,3714.62,3699.73,3771.66,3699.73,0.0
1998-03-06T00:00:00+05:30,3708.58,3709.88,3720.21,3675.57,0.0
1998-03-09T00:00:00+05:30,3807.21,3775.54,3810.21,3760.66,0.0
1998-03-10T00:00:00+05:30,3798.25,3810.15,3830.97,3783.99,0.0
1998-03-11T00:00:00+05:30,3752.09,3791.11,3792.26,3691.2,0.0
1998-03-12T00:00:00+05:30,3716.5,3713.02,3750.99,3694.28,0.0
1998-03-16T00:00:00+05:30,3785.23,3780.89,3832.51,3780.89,0.0
1998-03-17T00:00:00+05:30,3791.17,3771.59,3791.86,3729.13,0.0
1998-03-18T00:00:00+05:30,3825.02,3803.66,3839.55,3788.4,0.0
1998-03-19T00:00:00+05:30,3820.87,3848.32,3852.42,3802.5,0.0
1998-03-20T00:00:00+05:30,3840.4,3802.01,3840.72,3785.95,0.0
1998-03-23T00:00:00+05:30,3963.81,3920.32,3973.7,3920.32,0.0
1998-03-24T00:00:00+05:30,3927.67,3982.63,3999.03,3920.93,0.0
1998-03-25T00:00:00+05:30,3949.57,3913.96,3969.15,3884.71,0.0
1998-03-26T00:00:00+05:30,3891.75,3970.76,3992.89,3883.16,0.0
1998-03-27T00:00:00+05:30,3908.6,3880.33,3917.63,3861.18,0.0
1998-03-30T00:00:00+05:30,3897.98,3952.21,3980.9,3896.86,0.0
1998-03-31T00:00:00+05:30,3892.75,3894.53,3919.08,3875.23,0.0
1998-04-01T00:00:00+05:30,3969.57,3901.44,3974.1,3901.44,0.0
1998-04-02T00:00:00+05:30,3992.72,3986.6,4049.66,3978.31,0.0
1998-04-03T00:00:00+05:30,4076.05,4012.72,4078.38,4012.42,0.0
1998-04-06T00:00:00+05:30,4170.22,4130.92,4184.37,4122.71,0.0
1998-04-07T00:00:00+05:30,4194.27,4159.19,4216.58,4156.52,0.0
1998-04-08T00:00:00+05:30,4183.57,4222.54,4226.74,4138.83,0.0
1998-04-10T00:00:00+05:30,4118.29,4172.86,4185.15,4103.46,0.0
1998-04-13T00:00:00+05:30,4085.93,4051.58,4133.72,4051.58,0.0
1998-04-15T00:00:00+05:30,4192.5,4119.26,4213.07,4119.26,0.0
1998-04-16T00:00:00+05:30,4134.32,4195.53,4208.56,4132.66,0.0
1998-04-17T00:00:00+05:30,4186.76,4134.93,4188.37,4117.58,0.0
1998-04-20T00:00:00+05:30,4210.73,4217.75,4286.84,4208.56,0.0
1998-04-21T00:00:00+05:30,4280.96,4235.37,4285.57,4235.37,0.0
1998-04-22T00:00:00+05:30,4179.44,4305.61,4322.0,4179.44,0.0
1998-04-23T00:00:00+05:30,4092.23,4161.31,4202.17,4084.15,0.0
1998-04-24T00:00:00+05:30,4050.98,4088.14,4104.98,3954.31,0.0
1998-04-27T00:00:00+05:30,4082.83,4098.17,4138.21,4059.68,0.0
1998-04-28T00:00:00+05:30,4082.83008,4098.16992,4138.20996,4059.67993,0.0
1998-04-29T00:00:00+05:30,3970.28,4076.23,4085.76,3964.95,0.0
1998-04-30T00:00:00+05:30,4006.81,3970.5,4015.64,3926.36,0.0
1998-05-04T00:00:00+05:30,4135.81,4058.75,4141.33,4058.75,0.0
1998-05-05T00:00:00+05:30,4147.29,4142.32,4156.58,4113.79,0.0
1998-05-06T00:00:00+05:30,4069.79,4145.6,4145.6,4045.96,0.0
1998-05-08T00:00:00+05:30,4022.2,4049.13,4056.46,4014.72,0.0
1998-05-12T00:00:00+05:30,3945.13,4007.43,4007.43,3917.9,0.0
1998-05-13T00:00:00+05:30,3782.76,3897.88,3906.67,3776.33,0.0
1998-05-14T00:00:00+05:30,3897.94,3789.07,3898.69,3748.63,0.0
1998-05-15T00:00:00+05:30,3849.8,3909.88,3924.41,3832.86,0.0
1998-05-18T00:00:00+05:30,3908.48,3892.54,3943.16,3890.84,0.0
1998-05-19T00:00:00+05:30,3924.42,3907.75,3924.42,3895.71,0.0
1998-05-20T00:00:00+05:30,3956.93,3930.01,3965.85,3920.63,0.0
1998-05-21T00:00:00+05:30,3908.79,3969.62,3980.21,3889.98,0.0
1998-05-22T00:00:00+05:30,3897.1,3914.34,3930.65,3881.83,0.0
1998-05-25T00:00:00+05:30,3908.11,3882.03,3934.0,3878.04,0.0
1998-05-26T00:00:00+05:30,3875.06,3906.74,3915.43,3870.76,0.0
1998-05-27T00:00:00+05:30,3777.19,3843.45,3843.45,3771.39,0.0
1998-05-28T00:00:00+05:30,3721.93,3754.73,3797.24,3712.52,0.0
1998-05-29T00:00:00+05:30,3686.39,3673.45,3747.57,3589.24,0.0
1998-06-01T00:00:00+05:30,3642.68,3737.25,3823.15,3640.3,0.0
1998-06-02T00:00:00+05:30,3573.21,3634.23,3646.36,3540.61,0.0
1998-06-03T00:00:00+05:30,3597.98,3572.96,3600.35,3483.81,0.0
1998-06-04T00:00:00+05:30,3546.21,3598.33,3617.14,3538.96,0.0
1998-06-05T00:00:00+05:30,3417.89,3527.67,3536.0,3417.89,0.0
1998-06-08T00:00:00+05:30,3416.73,3455.57,3492.48,3256.51,0.0
1998-06-09T00:00:00+05:30,3468.07,3426.29,3476.91,3372.18,0.0
1998-06-10T00:00:00+05:30,3311.41,3451.17,3451.17,3308.05,0.0
1998-06-11T00:00:00+05:30,3335.76,3269.36,3337.12,3207.54,0.0
1998-06-12T00:00:00+05:30,3347.41,3367.49,3416.12,3332.63,0.0
1998-06-15T00:00:00+05:30,3152.96,3344.49,3344.49,3151.23,0.0
1998-06-16T00:00:00+05:30,3161.08,3114.59,3171.57,2961.81,0.0
1998-06-17T00:00:00+05:30,3400.95,3291.43,3405.98,3251.81,0.0
1998-06-18T00:00:00+05:30,3292.33,3416.09,3434.46,3292.33,0.0
1998-06-19T00:00:00+05:30,3143.1,3234.56,3246.19,3130.11,0.0
1998-06-22T00:00:00+05:30,3078.51,3063.15,3097.95,2951.45,0.0
1998-06-23T00:00:00+05:30,3037.34,3041.81,3047.49,2954.86,0.0
1998-06-24T00:00:00+05:30,3143.64,3041.79,3143.64,3041.79,0.0
1998-06-25T00:00:00+05:30,3208.54,3197.9,3249.42,3181.11,0.0
1998-06-26T00:00:00+05:30,3168.82,3214.42,3214.42,3155.13,0.0
1998-06-29T00:00:00+05:30,3289.56,3171.25,3291.18,3171.25,0.0
1998-06-30T00:00:00+05:30,3250.69,3305.18,3305.63,3222.58,0.0
1998-07-01T00:00:00+05:30,3230.6,3210.6,3256.43,3153.53,0.0
1998-07-02T00:00:00+05:30,3180.73,3219.98,3229.95,3172.39,0.0
1998-07-03T00:00:00+05:30,3089.02,3173.35,3173.35,3089.02,0.0
1998-07-06T00:00:00+05:30,3178.31,3111.02,3179.63,3111.02,0.0
1998-07-07T00:00:00+05:30,3195.94,3186.85,3241.9,3181.56,0.0
1998-07-08T00:00:00+05:30,3245.88,3225.71,3268.54,3221.92,0.0
1998-07-09T00:00:00+05:30,3331.98,3277.93,3347.4,3277.93,0.0
1998-07-10T00:00:00+05:30,3401.74,3375.55,3409.5,3344.09,0.0
1998-07-13T00:00:00+05:30,3322.17,3426.83,3461.12,3320.11,0.0
1998-07-14T00:00:00+05:30,3371.5,3335.13,3371.5,3310.95,0.0
1998-07-15T00:00:00+05:30,3365.72,3404.87,3419.36,3348.66,0.0
1998-07-16T00:00:00+05:30,3488.77,3383.73,3489.2,3356.61,0.0
1998-07-17T00:00:00+05:30,3470.8,3505.52,3525.9,3455.35,0.0
1998-07-20T00:00:00+05:30,3384.75,3471.45,3472.0,3376.48,0.0
1998-07-21T00:00:00+05:30,3353.3,3385.25,3417.1,3329.84,0.0
1998-07-22T00:00:00+05:30,3344.33,3358.08,3372.75,3314.59,0.0
1998-07-23T00:00:00+05:30,3227.52,3329.78,3336.84,3214.4,0.0
1998-07-24T00:00:00+05:30,3171.3,3200.66,3231.5,3157.3,0.0
1998-07-27T00:00:00+05:30,3085.17,3172.67,3213.12,3079.43,0.0
1998-07-28T00:00:00+05:30,3166.84,3096.06,3173.92,3090.23,0.0
1998-07-29T00:00:00+05:30,3219.93,3169.88,3242.28,3163.74,0.0
1998-07-30T00:00:00+05:30,3212.1,3247.23,3276.29,3190.54,0.0
1998-07-31T00:00:00+05:30,3211.31,3231.23,3234.54,3184.1,0.0
1998-08-03T00:00:00+05:30,3112.95,3159.02,3159.02,3108.03,0.0
1998-08-04T00:00:00+05:30,3119.54,3107.04,3144.06,3107.04,0.0
1998-08-05T00:00:00+05:30,3133.42,3069.92,3138.39,3062.05,0.0
1998-08-06T00:00:00+05:30,3096.33,3131.54,3163.28,3091.57,0.0
1998-08-07T00:00:00+05:30,3062.25,3094.17,3104.87,3062.25,0.0
1998-08-10T00:00:00+05:30,3020.71,3056.22,3056.22,3017.33,0.0
1998-08-11T00:00:00+05:30,2970.64,3002.82,3008.92,2965.58,0.0
1998-08-12T00:00:00+05:30,2950.8,2934.74,2989.92,2924.24,0.0
1998-08-13T00:00:00+05:30,2990.22,2944.64,3016.11,2931.76,0.0
1998-08-14T00:00:00+05:30,2968.75,2993.68,3005.44,2960.24,0.0
1998-08-17T00:00:00+05:30,2917.07,2983.4,3002.17,2917.07,0.0
1998-08-18T00:00:00+05:30,2867.99,2914.92,2915.84,2853.72,0.0
1998-08-19T00:00:00+05:30,2884.59,2885.76,2919.51,2838.99,0.0
1998-08-20T00:00:00+05:30,2989.6,2911.85,2991.6,2885.17,0.0
1998-08-21T00:00:00+05:30,2922.61,2954.31,2988.73,2919.45,0.0
1998-08-24T00:00:00+05:30,2950.44,2928.08,2958.45,2899.67,0.0
1998-08-25T00:00:00+05:30,2993.36,2958.78,2996.72,2958.78,0.0
1998-08-27T00:00:00+05:30,2974.83,3006.65,3040.48,2974.83,0.0
1998-08-28T00:00:00+05:30,2908.1,2937.12,2962.38,2899.16,0.0
1998-08-31T00:00:00+05:30,2933.85,2919.36,2946.97,2882.93,0.0
1998-09-01T00:00:00+05:30,2862.55,2862.24,2882.88,2850.3,0.0
1998-09-02T00:00:00+05:30,2886.91,2900.15,2900.46,2867.22,0.0
1998-09-03T00:00:00+05:30,2918.89,2885.3,2921.34,2879.13,0.0
1998-09-04T00:00:00+05:30,2975.1,2930.63,2985.49,2926.74,0.0
1998-09-07T00:00:00+05:30,3051.93,3016.51,3063.53,3016.51,0.0
1998-09-08T00:00:00+05:30,3096.1,3054.31,3105.24,3041.09,0.0
1998-09-09T00:00:00+05:30,3097.12,3125.19,3144.57,3091.31,0.0
1998-09-10T00:00:00+05:30,3108.67,3090.24,3132.42,3079.38,0.0
1998-09-11T00:00:00+05:30,3083.56,3069.38,3092.94,3061.39,0.0
1998-09-14T00:00:00+05:30,3167.22,3134.68,3169.55,3133.01,0.0
1998-09-15T00:00:00+05:30,3162.18,3154.01,3176.42,3151.19,0.0
1998-09-16T00:00:00+05:30,3138.66,3168.86,3185.47,3131.84,0.0
1998-09-17T00:00:00+05:30,3121.3,3147.53,3161.37,3118.16,0.0
1998-09-18T00:00:00+05:30,3090.72,3107.27,3108.83,3083.86,0.0
1998-09-21T00:00:00+05:30,3080.91,3111.02,3132.59,3080.71,0.0
1998-09-22T00:00:00+05:30,3095.25,3094.04,3103.87,3070.62,0.0
1998-09-23T00:00:00+05:30,3135.42,3111.18,3135.71,3106.15,0.0
1998-09-24T00:00:00+05:30,3225.3,3163.23,3232.13,3163.23,0.0
1998-09-25T00:00:00+05:30,3223.57,3230.98,3266.71,3215.77,0.0
1998-09-28T00:00:00+05:30,3206.92,3257.99,3265.72,3205.95,0.0
1998-09-29T00:00:00+05:30,3146.83,3230.84,3235.03,3125.47,0.0
1998-09-30T00:00:00+05:30,3102.29,3132.2,3135.28,3084.82,0.0
1998-10-05T00:00:00+05:30,2878.07,3036.15,3036.15,2877.92,0.0
1998-10-06T00:00:00+05:30,2919.74,2873.97,2919.74,2820.77,0.0
1998-10-07T00:00:00+05:30,3008.63,2940.13,3010.65,2939.62,0.0
1998-10-08T00:00:00+05:30,2896.14,3029.1,3045.54,2896.14,0.0
1998-10-09T00:00:00+05:30,2916.66,2916.34,2960.82,2885.67,0.0
1998-10-12T00:00:00+05:30,2872.48,2914.5,2926.25,2850.5,0.0
1998-10-13T00:00:00+05:30,2811.31,2849.1,2865.24,2785.41,0.0
1998-10-14T00:00:00+05:30,2890.72,2831.27,2909.43,2799.0,0.0
1998-10-15T00:00:00+05:30,2857.27,2875.06,2895.28,2848.55,0.0
1998-10-16T00:00:00+05:30,2848.11,2889.7,2895.57,2837.98,0.0
1998-10-19T00:00:00+05:30,2853.27,2860.94,2871.71,2848.11,0.0
1998-10-20T00:00:00+05:30,2764.16,2845.86,2845.86,2753.34,0.0
1998-10-23T00:00:00+05:30,2784.46,2757.04,2798.88,2741.22,0.0
1998-10-26T00:00:00+05:30,2889.71,2908.51,2922.32,2878.98,0.0
1998-10-27T00:00:00+05:30,2895.84,2891.36,2895.9,2856.32,0.0
1998-10-28T00:00:00+05:30,2833.04,2913.62,2913.62,2832.95,0.0
1998-10-29T00:00:00+05:30,2845.16,2825.46,2845.51,2787.9,0.0
1998-10-30T00:00:00+05:30,2812.49,2844.15,2862.31,2812.49,0.0
1998-11-02T00:00:00+05:30,2811.44,2820.23,2822.29,2774.11,0.0
1998-11-03T00:00:00+05:30,2812.06,2815.67,2831.72,2809.01,0.0
1998-11-05T00:00:00+05:30,2842.51,2817.81,2844.48,2812.52,0.0
1998-11-06T00:00:00+05:30,2884.37,2849.58,2885.75,2849.58,0.0
1998-11-09T00:00:00+05:30,2983.67,2955.77,3004.43,2954.57,0.0
1998-11-10T00:00:00+05:30,3004.67,2992.47,3005.29,2963.58,0.0
1998-11-11T00:00:00+05:30,2976.17,3017.45,3027.2,2974.61,0.0
1998-11-12T00:00:00+05:30,3009.57,2973.31,3010.84,2944.06,0.0
1998-11-13T00:00:00+05:30,2976.12,2976.28,3019.0,2973.49,0.0
1998-11-16T00:00:00+05:30,2945.4,2953.53,2972.8,2939.67,0.0
1998-11-17T00:00:00+05:30,2968.6,2947.4,2973.9,2947.4,0.0
1998-11-18T00:00:00+05:30,3003.25,2975.78,3007.66,2972.75,0.0
1998-11-19T00:00:00+05:30,2964.87,3010.73,3015.82,2964.87,0.0
1998-11-20T00:00:00+05:30,2941.39,2966.14,2974.7,2932.85,0.0
1998-11-23T00:00:00+05:30,2919.57,2929.99,2938.33,2908.16,0.0
1998-11-24T00:00:00+05:30,2903.56,2925.57,2936.74,2901.44,0.0
1998-11-25T00:00:00+05:30,2881.69,2900.36,2900.36,2874.17,0.0
1998-11-26T00:00:00+05:30,2825.08,2874.26,2896.19,2815.97,0.0
1998-11-27T00:00:00+05:30,2783.1,2825.06,2826.16,2772.04,0.0
1998-11-30T00:00:00+05:30,2810.66,2771.69,2810.66,2741.7,0.0
1998-12-01T00:00:00+05:30,2804.03,2803.73,2822.21,2790.32,0.0
1998-12-02T00:00:00+05:30,2816.59,2819.63,2833.91,2804.52,0.0
1998-12-03T00:00:00+05:30,2804.46,2814.93,2820.93,2796.22,0.0
1998-12-04T00:00:00+05:30,2849.82,2804.87,2849.82,2791.98,0.0
1998-12-07T00:00:00+05:30,2921.8,2851.45,2922.28,2851.45,0.0
1998-12-08T00:00:00+05:30,2945.64,2927.95,2945.64,2900.2,0.0
1998-12-09T00:00:00+05:30,2950.21,2957.31,2979.51,2946.23,0.0
1998-12-10T00:00:00+05:30,2979.6,2972.83,2987.64,2965.45,0.0
1998-12-11T00:00:00+05:30,3002.54,3001.94,3019.81,2987.72,0.0
1998-12-14T00:00:00+05:30,2990.44,3013.58,3029.15,2982.21,0.0
1998-12-15T00:00:00+05:30,2927.48,2968.39,2974.08,2926.36,0.0
1998-12-16T00:00:00+05:30,2936.92,2906.47,2936.92,2887.31,0.0
1998-12-17T00:00:00+05:30,2864.44,2884.65,2919.47,2855.1,0.0
1998-12-18T00:00:00+05:30,2875.09,2875.91,2890.3,2850.48,0.0
1998-12-21T00:00:00+05:30,2973.37,2921.27,2977.03,2921.27,0.0
1998-12-22T00:00:00+05:30,2976.58,2984.8,2988.46,2949.34,0.0
1998-12-23T00:00:00+05:30,2962.5,2987.31,3016.91,2961.73,0.0
1998-12-24T00:00:00+05:30,2963.45,2953.55,2974.66,2942.02,0.0
1998-12-28T00:00:00+05:30,3054.73,3007.68,3068.14,3007.68,0.0
1998-12-29T00:00:00+05:30,3046.29,3041.74,3066.6,3014.61,0.0
1998-12-30T00:00:00+05:30,3110.33,3074.44,3118.59,3072.61,0.0
1998-12-31T00:00:00+05:30,3055.41,3107.73,3116.34,3053.03,0.0
1999-01-01T00:00:00+05:30,3060.34,3064.95,3078.19,3042.25,0.0
1999-01-04T00:00:00+05:30,3122.04,3113.62,3148.07,3113.62,0.0
1999-01-05T00:00:00+05:30,3149.06,3129.58,3150.31,3103.62,0.0
1999-01-06T00:00:00+05:30,3205.68,3172.31,3214.36,3152.94,0.0
1999-01-07T00:00:00+05:30,3299.09,3239.85,3321.47,3239.65,0.0
1999-01-08T00:00:00+05:30,3397.84,3356.19,3400.97,3340.51,0.0
1999-01-11T00:00:00+05:30,3433.21,3502.48,3515.49,3418.24,0.0
1999-01-12T00:00:00+05:30,3353.22,3369.96,3410.67,3319.0,0.0
1999-01-13T00:00:00+05:30,3310.46,3380.92,3385.2,3292.63,0.0
1999-01-14T00:00:00+05:30,3292.28,3253.45,3333.8,3251.18,0.0
1999-01-15T00:00:00+05:30,3207.85,3322.71,3330.42,3205.88,0.0
1999-01-18T00:00:00+05:30,3278.58,3217.74,3278.58,3197.78,0.0
1999-01-19T00:00:00+05:30,3218.91,3281.09,3298.49,3214.85,0.0
1999-01-21T00:00:00+05:30,3329.93,3222.97,3332.64,3206.3,0.0
1999-01-22T00:00:00+05:30,3297.86,3351.67,3375.23,3288.47,0.0
1999-01-25T00:00:00+05:30,3309.15,3309.46,3321.89,3246.03,0.0
1999-01-27T00:00:00+05:30,3353.98,3342.22,3400.07,3334.51,0.0
1999-01-28T00:00:00+05:30,3292.95,3359.67,3369.09,3287.21,0.0
1999-01-29T00:00:00+05:30,3315.57,3314.94,3324.55,3279.69,0.0
1999-02-01T00:00:00+05:30,3265.91,3331.91,3361.92,3265.91,0.0
1999-02-02T00:00:00+05:30,3236.76,3251.96,3279.98,3219.54,0.0
1999-02-03T00:00:00+05:30,3277.57,3267.67,3283.22,3234.66,0.0
1999-02-04T00:00:00+05:30,3236.42,3291.47,3301.54,3223.24,0.0
1999-02-05T00:00:00+05:30,3215.35,3241.3,3246.76,3204.5,0.0
1999-02-08T00:00:00+05:30,3183.64,3253.93,3280.63,3182.47,0.0
1999-02-09T00:00:00+05:30,3207.71,3182.75,3208.71,3157.7,0.0
1999-02-10T00:00:00+05:30,3307.49,3221.04,3308.88,3213.27,0.0
1999-02-11T00:00:00+05:30,3313.4,3329.81,3360.19,3298.42,0.0
1999-02-12T00:00:00+05:30,3337.49,3323.17,3351.84,3319.34,0.0
1999-02-15T00:00:00+05:30,3315.08,3378.57,3394.01,3315.07,0.0
1999-02-16T00:00:00+05:30,3344.68,3309.11,3345.74,3305.72,0.0
1999-02-17T00:00:00+05:30,3336.42,3342.28,3366.55,3280.68,0.0
1999-02-18T00:00:00+05:30,3351.05,3355.32,3406.28,3334.83,0.0
1999-02-19T00:00:00+05:30,3354.92,3373.24,3389.99,3350.65,0.0
1999-02-22T00:00:00+05:30,3303.89,3370.6,3397.33,3300.67,0.0
1999-02-23T00:00:00+05:30,3283.97,3290.5,3300.44,3249.02,0.0
1999-02-24T00:00:00+05:30,3287.53,3292.57,3297.38,3237.18,0.0
1999-02-25T00:00:00+05:30,3281.29,3276.91,3311.84,3269.39,0.0
1999-02-26T00:00:00+05:30,3233.86,3284.21,3288.18,3228.94,0.0
1999-03-01T00:00:00+05:30,3523.98,3447.5,3539.62,3417.22,0.0
1999-03-03T00:00:00+05:30,3640.42,3638.56,3691.02,3625.46,0.0
1999-03-04T00:00:00+05:30,3601.96,3660.4,3662.47,3563.15,0.0
1999-03-05T00:00:00+05:30,3649.06,3622.02,3681.14,3578.09,0.0
1999-03-08T00:00:00+05:30,3732.1,3704.29,3775.45,3687.43,0.0
1999-03-09T00:00:00+05:30,3778.44,3758.48,3796.84,3744.24,0.0
1999-03-10T00:00:00+05:30,3743.37,3792.56,3804.0,3689.21,0.0
1999-03-11T00:00:00+05:30,3673.51,3763.3,3770.72,3673.22,0.0
1999-03-12T00:00:00+05:30,3702.81,3700.56,3716.02,3658.05,0.0
1999-03-15T00:00:00+05:30,3783.71,3778.97,3817.94,3750.7,0.0
1999-03-16T00:00:00+05:30,3744.18,3765.03,3793.58,3744.18,0.0
1999-03-17T00:00:00+05:30,3672.71,3749.15,3783.77,3670.09,0.0
1999-03-19T00:00:00+05:30,3672.63,3728.65,3741.7,3651.01,0.0
1999-03-22T00:00:00+05:30,3713.18,3691.52,3730.43,3652.7,0.0
1999-03-23T00:00:00+05:30,3757.5,3729.75,3784.81,3729.75,0.0
1999-03-24T00:00:00+05:30,3682.69,3768.91,3772.95,3618.6,0.0
1999-03-26T00:00:00+05:30,3597.58,3635.67,3642.66,3554.38,0.0
1999-03-30T00:00:00+05:30,3683.49,3666.7,3697.68,3639.63,0.0
1999-03-31T00:00:00+05:30,3739.96,3708.39,3781.97,3707.72,0.0
1999-04-01T00:00:00+05:30,3686.29,3750.22,3754.73,3684.18,0.0
1999-04-05T00:00:00+05:30,3519.39,3625.21,3625.21,3499.83,0.0
1999-04-06T00:00:00+05:30,3569.47,3478.14,3569.9,3462.36,0.0
1999-04-07T00:00:00+05:30,3586.8,3575.04,3624.58,3562.71,0.0
1999-04-08T00:00:00+05:30,3538.17,3582.35,3606.75,3523.8,0.0
1999-04-09T00:00:00+05:30,3441.19,3543.24,3543.24,3423.84,0.0
1999-04-12T00:00:00+05:30,3463.77,3437.07,3469.44,3381.31,0.0
1999-04-13T00:00:00+05:30,3464.52,3445.84,3485.74,3437.55,0.0
1999-04-15T00:00:00+05:30,3357.12,3363.91,3403.29,3342.65,0.0
1999-04-16T00:00:00+05:30,3572.91,3370.96,3584.62,3348.6,0.0
1999-04-19T00:00:00+05:30,3451.43,3331.71,3468.05,3320.62,0.0
1999-04-20T00:00:00+05:30,3443.99,3459.81,3479.21,3406.67,0.0
1999-04-21T00:00:00+05:30,3464.54,3437.99,3483.79,3436.74,0.0
1999-04-22T00:00:00+05:30,3408.74,3463.07,3516.31,3375.07,0.0
1999-04-23T00:00:00+05:30,3406.59,3421.89,3449.23,3361.1,0.0
1999-04-26T00:00:00+05:30,3245.27,3296.23,3322.89,3239.47,0.0
1999-04-27T00:00:00+05:30,3245.27002,3296.22998,3322.88989,3239.46997,0.0
1999-04-28T00:00:00+05:30,3272.71,3239.11,3285.39,3183.47,0.0
1999-04-29T00:00:00+05:30,3325.69,3292.47,3351.86,3287.23,0.0
1999-05-03T00:00:00+05:30,3378.4,3380.61,3435.73,3363.06,0.0
1999-05-04T00:00:00+05:30,3502.95,3381.63,3502.95,3381.63,0.0
1999-05-05T00:00:00+05:30,3557.07,3516.73,3606.49,3495.3,0.0
1999-05-06T00:00:00+05:30,3648.86,3561.75,3659.36,3561.75,0.0
1999-05-07T00:00:00+05:30,3707.75,3713.44,3773.85,3697.05,0.0
1999-05-10T00:00:00+05:30,3820.25,3752.79,3820.25,3740.49,0.0
1999-05-11T00:00:00+05:30,3900.49,3854.16,3915.25,3847.53,0.0
1999-05-12T00:00:00+05:30,3876.89,3941.2,3983.58,3794.65,0.0
1999-05-13T00:00:00+05:30,4014.68,3957.25,4022.08,3957.25,0.0
1999-05-14T00:00:00+05:30,4075.47,4041.21,4102.03,4000.07,0.0
1999-05-17T00:00:00+05:30,4039.39,4091.19,4113.42,3888.81,0.0
1999-05-18T00:00:00+05:30,4085.11,4073.03,4130.37,4052.66,0.0
1999-05-19T00:00:00+05:30,4123.58,4089.07,4156.19,4057.4,0.0
1999-05-20T00:00:00+05:30,4079.45,4130.33,4197.08,4078.66,0.0
1999-05-21T00:00:00+05:30,4015.75,4110.25,4110.25,4006.0,0.0
1999-05-24T00:00:00+05:30,4028.98,4009.73,4045.26,3968.31,0.0
1999-05-25T00:00:00+05:30,4060.08,4029.24,4075.39,4018.67,0.0
1999-05-26T00:00:00+05:30,3973.3,4074.49,4087.65,3921.76,0.0
1999-05-27T00:00:00+05:30,3862.45,3963.76,4016.74,3862.45,0.0
1999-05-28T00:00:00+05:30,3773.32,3805.44,3840.27,3675.53,0.0
1999-05-31T00:00:00+05:30,3963.56,3835.33,3966.14,3835.33,0.0
1999-06-01T00:00:00+05:30,3912.0,3954.26,3991.8,3885.3,0.0
1999-06-02T00:00:00+05:30,3935.82,3921.14,3943.14,3870.16,0.0
1999-06-03T00:00:00+05:30,3976.88,3953.64,3992.19,3941.85,0.0
1999-06-04T00:00:00+05:30,4042.52,4035.36,4064.9,4027.18,0.0
1999-06-07T00:00:00+05:30,4035.32,4075.52,4089.02,4028.66,0.0
1999-06-08T00:00:00+05:30,4066.82,4025.07,4075.88,3987.11,0.0
1999-06-09T00:00:00+05:30,4041.89,4098.14,4121.74,4040.24,0.0
1999-06-10T00:00:00+05:30,4056.47,4090.45,4105.09,4042.89,0.0
1999-06-11T00:00:00+05:30,3969.36,4051.91,4052.93,3969.36,0.0
1999-06-14T00:00:00+05:30,3950.96,3907.69,3951.87,3830.15,0.0
1999-06-15T00:00:00+05:30,3901.73,3965.97,4001.98,3892.3,0.0
1999-06-16T00:00:00+05:30,4021.4,3922.71,4031.0,3876.56,0.0
1999-06-17T00:00:00+05:30,4125.25,4046.8,4140.53,4040.84,0.0
1999-06-18T00:00:00+05:30,4109.89,4135.6,4166.54,4105.38,0.0
1999-06-21T00:00:00+05:30,4210.36,4143.64,4214.85,4143.64,0.0
1999-06-22T00:00:00+05:30,4254.86,4236.01,4274.3,4204.73,0.0
1999-06-23T00:00:00+05:30,4157.13,4268.54,4285.99,4148.76,0.0
1999-06-24T00:00:00+05:30,4119.73,4137.44,4156.02,4083.47,0.0
1999-06-25T00:00:00+05:30,4111.77,4120.56,4182.74,4101.21,0.0
1999-06-28T00:00:00+05:30,4158.67,4140.24,4183.16,4136.12,0.0
1999-06-29T00:00:00+05:30,4170.83,4166.22,4187.38,4138.95,0.0
1999-06-30T00:00:00+05:30,4140.73,4174.61,4174.61,4121.39,0.0
1999-07-01T00:00:00+05:30,4144.52,4156.62,4186.35,4120.73,0.0
1999-07-02T00:00:00+05:30,4194.55,4176.67,4215.35,4166.54,0.0
1999-07-05T00:00:00+05:30,4306.4,4261.02,4306.4,4251.44,0.0
1999-07-06T00:00:00+05:30,4332.7,4326.77,4350.4,4307.17,0.0
1999-07-07T00:00:00+05:30,4321.51,4340.1,4373.02,4306.49,0.0
1999-07-08T00:00:00+05:30,4326.41,4332.84,4355.67,4309.57,0.0
1999-07-09T00:00:00+05:30,4362.87,4353.83,4387.61,4345.33,0.0
1999-07-12T00:00:00+05:30,4585.63,4463.44,4588.1,4463.44,0.0
1999-07-13T00:00:00+05:30,4615.2,4652.19,4678.28,4588.68,0.0
1999-07-14T00:00:00+05:30,4710.25,4627.23,4710.25,4557.19,0.0
1999-07-15T00:00:00+05:30,4679.92,4776.13,4810.33,4673.47,0.0
1999-07-16T00:00:00+05:30,4639.94,4635.87,4658.36,4593.69,0.0
1999-07-19T00:00:00+05:30,4716.81,4683.99,4757.04,4683.99,0.0
1999-07-20T00:00:00+05:30,4617.82,4703.33,4721.78,4586.26,0.0
1999-07-21T00:00:00+05:30,4659.59,4566.59,4689.52,4545.63,0.0
1999-07-22T00:00:00+05:30,4728.78,4656.0,4728.78,4656.0,0.0
1999-07-23T00:00:00+05:30,4672.12,4751.98,4769.34,4663.12,0.0
1999-07-26T00:00:00+05:30,4625.4,4686.7,4686.7,4592.67,0.0
1999-07-27T00:00:00+05:30,4593.22,4632.78,4640.52,4573.21,0.0
1999-07-28T00:00:00+05:30,4598.18,4603.69,4644.21,4562.55,0.0
1999-07-29T00:00:00+05:30,4603.42,4621.54,4636.6,4575.46,0.0
1999-07-30T00:00:00+05:30,4542.34,4590.48,4593.22,4526.8,0.0
1999-08-02T00:00:00+05:30,4494.18,4571.36,4571.36,4491.84,0.0
1999-08-03T00:00:00+05:30,4527.3,4491.73,4527.64,4470.52,0.0
1999-08-04T00:00:00+05:30,4644.07,4548.75,4644.2,4548.75,0.0
1999-08-05T00:00:00+05:30,4601.19,4669.78,4688.99,4588.96,0.0
1999-08-06T00:00:00+05:30,4575.3,4616.03,4616.03,4570.65,0.0
1999-08-09T00:00:00+05:30,4639.2,4605.07,4659.66,4605.07,0.0
1999-08-10T00:00:00+05:30,4594.12,4630.8,4630.8,4577.63,0.0
1999-08-11T00:00:00+05:30,4553.63,4520.95,4616.4,4502.97,0.0
1999-08-12T00:00:00+05:30,4543.64,4583.68,4592.78,4543.64,0.0
1999-08-13T00:00:00+05:30,4487.87,4567.31,4572.53,4479.73,0.0
1999-08-16T00:00:00+05:30,4558.23,4560.31,4585.39,4548.39,0.0
1999-08-17T00:00:00+05:30,4621.0,4586.49,4621.29,4575.99,0.0
1999-08-18T00:00:00+05:30,4705.13,4648.27,4729.38,4648.27,0.0
1999-08-19T00:00:00+05:30,4630.06,4721.61,4742.44,4627.56,0.0
1999-08-20T00:00:00+05:30,4645.81,4629.45,4650.75,4601.49,0.0
1999-08-23T00:00:00+05:30,4729.78,4713.34,4766.79,4713.34,0.0
1999-08-24T00:00:00+05:30,4792.1,4762.72,4792.1,4744.95,0.0
1999-08-25T00:00:00+05:30,4718.73,4813.75,4826.07,4609.98,0.0
1999-08-26T00:00:00+05:30,4846.36,4767.08,4846.36,4744.71,0.0
1999-08-27T00:00:00+05:30,4870.66,4875.28,4896.09,4851.6,0.0
1999-08-30T00:00:00+05:30,4905.89,4953.73,4965.79,4900.87,0.0
1999-08-31T00:00:00+05:30,4898.21,4915.8,4917.41,4876.81,0.0
1999-09-01T00:00:00+05:30,4824.44,4910.64,4914.12,4813.54,0.0
1999-09-02T00:00:00+05:30,4729.73,4813.73,4813.73,4720.19,0.0
1999-09-03T00:00:00+05:30,4709.93,4722.92,4754.55,4695.91,0.0
1999-09-06T00:00:00+05:30,4832.56,4728.19,4839.16,4728.19,0.0
1999-09-07T00:00:00+05:30,4773.65,4840.97,4847.09,4762.95,0.0
1999-09-08T00:00:00+05:30,4781.62,4794.41,4827.43,4775.13,0.0
1999-09-09T00:00:00+05:30,4764.59,4783.4,4795.59,4745.0,0.0
1999-09-10T00:00:00+05:30,4760.21,4772.95,4776.84,4746.54,0.0
1999-09-14T00:00:00+05:30,4731.12,4797.82,4808.85,4697.87,0.0
1999-09-15T00:00:00+05:30,4661.04,4739.26,4739.26,4660.21,0.0
1999-09-16T00:00:00+05:30,4571.09,4672.07,4677.48,4571.09,0.0
1999-09-17T00:00:00+05:30,4618.39,4565.17,4628.31,4513.55,0.0
1999-09-20T00:00:00+05:30,4641.07,4658.83,4725.55,4635.32,0.0
1999-09-21T00:00:00+05:30,4633.0,4677.01,4686.76,4614.29,0.0
1999-09-22T00:00:00+05:30,4687.23,4642.33,4741.08,4631.76,0.0
1999-09-23T00:00:00+05:30,4735.81,4709.43,4736.3,4682.8,0.0
1999-09-24T00:00:00+05:30,4757.82,4728.43,4823.24,4727.12,0.0
1999-09-27T00:00:00+05:30,4715.67,4822.16,4871.34,4715.25,0.0
1999-09-28T00:00:00+05:30,4733.42,4701.19,4738.81,4656.44,0.0
1999-09-29T00:00:00+05:30,4797.41,4779.56,4831.78,4765.39,0.0
1999-09-30T00:00:00+05:30,4764.42,4837.42,4837.42,4764.42,0.0
1999-10-01T00:00:00+05:30,4702.31,4808.63,4814.15,4682.25,0.0
1999-10-04T00:00:00+05:30,4654.72,4773.92,4781.2,4654.72,0.0
1999-10-05T00:00:00+05:30,4708.92,4648.74,4708.92,4627.04,0.0
1999-10-06T00:00:00+05:30,4697.7,4668.68,4783.63,4652.38,0.0
1999-10-07T00:00:00+05:30,4963.1,4816.11,4985.15,4810.18,0.0
1999-10-08T00:00:00+05:30,4981.74,5005.93,5091.24,4942.67,0.0
1999-10-11T00:00:00+05:30,5031.78,5150.99,5150.99,5028.61,0.0
1999-10-12T00:00:00+05:30,5057.32,5034.81,5076.94,5022.87,0.0
1999-10-13T00:00:00+05:30,5032.99,4957.64,5063.57,4922.04,0.0
1999-10-14T00:00:00+05:30,5075.39,5055.76,5118.39,5041.0,0.0
1999-10-15T00:00:00+05:30,4884.02,5090.19,5095.26,4866.85,0.0
1999-10-18T00:00:00+05:30,4930.69,4930.81,4971.88,4853.83,0.0
1999-10-20T00:00:00+05:30,4943.14,4967.91,4990.41,4922.07,0.0
1999-10-21T00:00:00+05:30,4836.91,4972.81,4977.57,4834.23,0.0
1999-10-22T00:00:00+05:30,4783.08,4817.25,4831.87,4755.89,0.0
1999-10-25T00:00:00+05:30,4816.01,4850.73,4912.36,4765.57,0.0
1999-10-26T00:00:00+05:30,4814.34,4830.58,4845.3,4794.73,0.0
1999-10-27T00:00:00+05:30,4756.2,4821.32,4828.25,4708.4,0.0
1999-10-28T00:00:00+05:30,4594.57,4742.92,4742.92,4576.65,0.0
1999-10-29T00:00:00+05:30,4444.56,4601.4,4601.4,4368.85,0.0
1999-11-01T00:00:00+05:30,4270.74,4490.06,4500.36,4267.23,0.0
1999-11-02T00:00:00+05:30,4491.56,4254.85,4494.76,4209.41,0.0
1999-11-03T00:00:00+05:30,4456.18,4523.63,4536.2,4382.95,0.0
1999-11-04T00:00:00+05:30,4485.92,4453.52,4501.36,4417.94,0.0
1999-11-05T00:00:00+05:30,4598.45,4501.27,4608.42,4501.27,0.0
1999-11-09T00:00:00+05:30,4621.96,4648.2,4648.2,4560.81,0.0
1999-11-11T00:00:00+05:30,4639.36,4662.23,4715.86,4639.36,0.0
1999-11-12T00:00:00+05:30,4629.61,4653.09,4657.3,4596.91,0.0
1999-11-15T00:00:00+05:30,4585.92,4675.98,4681.06,4581.74,0.0
1999-11-16T00:00:00+05:30,4578.87,4585.22,4591.77,4552.47,0.0
1999-11-17T00:00:00+05:30,4541.48,4581.53,4635.85,4540.41,0.0
1999-11-18T00:00:00+05:30,4606.16,4564.5,4606.16,4511.87,0.0
1999-11-19T00:00:00+05:30,4584.1,4631.24,4653.26,4574.17,0.0
1999-11-22T00:00:00+05:30,4636.31,4617.84,4641.19,4591.57,0.0
1999-11-24T00:00:00+05:30,4686.11,4641.72,4706.49,4639.54,0.0
1999-11-25T00:00:00+05:30,4740.68,4699.01,4770.11,4699.01,0.0
1999-11-26T00:00:00+05:30,4704.99,4760.18,4762.22,4696.66,0.0
1999-11-29T00:00:00+05:30,4639.43,4692.41,4698.17,4632.37,0.0
1999-11-30T00:00:00+05:30,4622.21,4636.28,4649.65,4599.46,0.0
1999-12-01T00:00:00+05:30,4614.96,4609.66,4667.02,4593.47,0.0
1999-12-02T00:00:00+05:30,4691.67,4617.76,4730.29,4617.76,0.0
1999-12-03T00:00:00+05:30,4714.14,4746.34,4771.15,4698.09,0.0
1999-12-06T00:00:00+05:30,4835.98,4785.06,4842.34,4785.06,0.0
1999-12-07T00:00:00+05:30,4867.61,4891.47,4893.47,4850.37,0.0
1999-12-08T00:00:00+05:30,4802.21,4909.63,4943.85,4735.68,0.0
1999-12-09T00:00:00+05:30,4842.15,4796.8,4849.96,4762.52,0.0
1999-12-10T00:00:00+05:30,4791.46,4865.78,4870.91,4787.45,0.0
1999-12-13T00:00:00+05:30,4802.96,4864.29,4876.64,4793.84,0.0
1999-12-14T00:00:00+05:30,4690.78,4786.06,4787.0,4668.54,0.0
1999-12-15T00:00:00+05:30,4668.55,4632.34,4711.02,4584.74,0.0
1999-12-16T00:00:00+05:30,4710.49,4692.49,4763.16,4692.49,0.0
1999-12-17T00:00:00+05:30,4675.85,4764.46,4766.84,4673.61,0.0
1999-12-20T00:00:00+05:30,4746.54,4793.72,4846.15,4734.61,0.0
1999-12-21T00:00:00+05:30,4786.01,4788.59,4802.59,4731.74,0.0
1999-12-22T00:00:00+05:30,4948.54,4854.89,4951.76,4854.89,0.0
1999-12-23T00:00:00+05:30,4969.22,5074.84,5077.23,4960.52,0.0
1999-12-24T00:00:00+05:30,4874.73,4982.72,4982.72,4845.77,0.0
1999-12-27T00:00:00+05:30,4818.37,4907.31,4917.4,4807.34,0.0
1999-12-28T00:00:00+05:30,4861.93,4784.45,4862.18,4781.26,0.0
1999-12-29T00:00:00+05:30,4939.47,4884.5,4960.86,4874.37,0.0
1999-12-30T00:00:00+05:30,5005.82,5015.35,5015.35,4937.99,0.0
2000-01-03T00:00:00+05:30,5375.11,5209.54,5384.66,5209.54,0.0
2000-01-04T00:00:00+05:30,5491.01,5533.98,5533.98,5376.43,0.0
2000-01-05T00:00:00+05:30,5357.0,5265.09,5464.35,5184.48,0.0
2000-01-06T00:00:00+05:30,5421.53,5424.21,5489.86,5391.33,0.0
2000-01-07T00:00:00+05:30,5414.48,5358.28,5463.25,5330.58,0.0
2000-01-10T00:00:00+05:30,5518.39,5617.59,5668.28,5459.97,0.0
2000-01-11T00:00:00+05:30,5296.3,5513.04,5537.69,5221.28,0.0
2000-01-12T00:00:00+05:30,5491.2,5267.85,5494.3,5267.85,0.0
2000-01-13T00:00:00+05:30,5444.82,5568.64,5652.22,5430.81,0.0
2000-01-14T00:00:00+05:30,5471.27,5460.31,5476.38,5344.59,0.0
2000-01-17T00:00:00+05:30,5404.07,5617.7,5664.5,5404.07,0.0
2000-01-18T00:00:00+05:30,5464.51,5414.26,5465.54,5347.92,0.0
2000-01-19T00:00:00+05:30,5478.24,5496.68,5528.12,5460.68,0.0
2000-01-20T00:00:00+05:30,5355.8,5508.04,5516.16,5348.56,0.0
2000-01-21T00:00:00+05:30,5423.05,5352.63,5441.83,5330.08,0.0
2000-01-24T00:00:00+05:30,5458.06,5529.38,5583.22,5439.48,0.0
2000-01-25T00:00:00+05:30,5367.79,5412.49,5430.29,5351.22,0.0
2000-01-26T00:00:00+05:30,5367.79004,5412.49023,5430.29004,5351.22022,0.0
2000-01-27T00:00:00+05:30,5369.1,5424.14,5457.3,5362.25,0.0
2000-01-28T00:00:00+05:30,5335.8,5417.53,5417.53,5331.54,0.0
2000-01-31T00:00:00+05:30,5205.29,5338.67,5345.3,5186.32,0.0
2000-02-01T00:00:00+05:30,5215.54,5217.65,5232.84,5127.79,0.0
2000-02-02T00:00:00+05:30,5304.92,5264.62,5342.98,5264.62,0.0
2000-02-03T00:00:00+05:30,5340.19,5366.62,5381.74,5323.32,0.0
2000-02-04T00:00:00+05:30,5313.59,5394.0,5402.7,5313.59,0.0
2000-02-07T00:00:00+05:30,5474.0,5431.55,5518.29,5431.55,0.0
2000-02-08T00:00:00+05:30,5610.56,5585.38,5647.64,5585.38,0.0
2000-02-09T00:00:00+05:30,5649.1,5704.01,5756.87,5635.69,0.0
2000-02-10T00:00:00+05:30,5789.04,5765.28,5789.04,5715.05,0.0
2000-02-11T00:00:00+05:30,5933.56,5985.05,6005.85,5917.04,0.0
2000-02-14T00:00:00+05:30,5924.31,6130.23,6150.69,5923.17,0.0
2000-02-15T00:00:00+05:30,5803.19,5797.31,5941.88,5774.32,0.0
2000-02-16T00:00:00+05:30,5725.5,5782.2,5864.97,5711.75,0.0
2000-02-17T00:00:00+05:30,5835.15,5810.24,5877.04,5799.79,0.0
2000-02-18T00:00:00+05:30,5721.65,5894.19,5894.19,5681.98,0.0
2000-02-21T00:00:00+05:30,5876.89,5874.25,5941.9,5834.51,0.0
2000-02-22T00:00:00+05:30,5883.33,6000.3,6009.02,5864.79,0.0
2000-02-23T00:00:00+05:30,5642.46,6002.49,6033.98,5612.55,0.0
2000-02-24T00:00:00+05:30,5810.17,5764.16,5816.16,5620.83,0.0
2000-02-25T00:00:00+05:30,5623.08,5840.25,5840.25,5623.08,0.0
2000-02-28T00:00:00+05:30,5740.69,5737.53,5740.69,5580.05,0.0
2000-02-29T00:00:00+05:30,5446.98,5827.81,5903.49,5383.61,0.0
2000-03-01T00:00:00+05:30,5642.12,5464.65,5681.11,5341.61,0.0
2000-03-02T00:00:00+05:30,5528.31,5803.33,5828.79,5528.31,0.0
2000-03-03T00:00:00+05:30,5378.27,5602.94,5602.94,5362.8,0.0
2000-03-06T00:00:00+05:30,5520.69,5662.29,5692.97,5459.61,0.0
2000-03-07T00:00:00+05:30,5589.85,5674.99,5674.99,5525.89,0.0
2000-03-08T00:00:00+05:30,5511.42,5711.88,5783.51,5439.14,0.0
2000-03-09T00:00:00+05:30,5328.79,5579.87,5607.94,5278.68,0.0
2000-03-10T00:00:00+05:30,5301.78,5384.42,5478.97,5196.72,0.0
2000-03-13T00:00:00+05:30,5129.22,5372.82,5430.87,5100.62,0.0
2000-03-14T00:00:00+05:30,5175.71,5020.55,5177.55,4943.3,0.0
2000-03-15T00:00:00+05:30,5249.76,5067.42,5339.94,5045.99,0.0
2000-03-16T00:00:00+05:30,5102.41,5249.98,5301.44,5077.33,0.0
2000-03-21T00:00:00+05:30,5133.24,5177.59,5230.36,5085.53,0.0
2000-03-22T00:00:00+05:30,5201.87,5204.07,5247.28,5159.36,0.0
2000-03-23T00:00:00+05:30,5115.02,5314.32,5314.32,5088.1,0.0
2000-03-24T00:00:00+05:30,5141.42,5083.17,5203.93,5052.74,0.0
2000-03-27T00:00:00+05:30,5146.3,5203.16,5286.81,5126.35,0.0
2000-03-28T00:00:00+05:30,5156.12,5094.17,5156.23,5044.17,0.0
2000-03-29T00:00:00+05:30,5102.46,5233.76,5233.76,5080.45,0.0
2000-03-30T00:00:00+05:30,5041.08,4984.1,5058.44,4891.4,0.0
2000-03-31T00:00:00+05:30,5001.28,4892.43,5022.24,4867.23,0.0
2000-04-03T00:00:00+05:30,5052.94,5070.5,5085.0,4977.21,0.0
2000-04-04T00:00:00+05:30,4691.46,4907.41,4907.41,4666.95,0.0
2000-04-05T00:00:00+05:30,4757.06,4616.36,4852.45,4601.58,0.0
2000-04-06T00:00:00+05:30,4866.73,4899.45,4899.45,4608.11,0.0
2000-04-07T00:00:00+05:30,5219.2,4987.1,5222.8,4987.1,0.0
2000-04-10T00:00:00+05:30,5442.86,5481.49,5532.54,5435.35,0.0
2000-04-11T00:00:00+05:30,5541.54,5428.7,5541.82,5368.2,0.0
2000-04-12T00:00:00+05:30,5426.82,5502.42,5542.81,5416.19,0.0
2000-04-13T00:00:00+05:30,5172.13,5130.18,5205.69,5106.23,0.0
2000-04-17T00:00:00+05:30,4880.71,4797.95,4899.54,4797.95,0.0
2000-04-18T00:00:00+05:30,4745.47,4973.25,4981.42,4723.19,0.0
2000-04-19T00:00:00+05:30,4665.81,4884.81,4901.5,4571.12,0.0
2000-04-20T00:00:00+05:30,4657.42,4561.07,4698.34,4431.74,0.0
2000-04-24T00:00:00+05:30,4511.05,4723.27,4723.27,4509.09,0.0
2000-04-25T00:00:00+05:30,4533.99,4336.64,4552.48,4284.17,0.0
2000-04-26T00:00:00+05:30,4792.95,4692.78,4803.27,4644.12,0.0
2000-04-27T00:00:00+05:30,4679.63,4761.9,4799.26,4637.03,0.0
2000-04-28T00:00:00+05:30,4657.55,4767.89,4767.89,4625.0,0.0
2000-05-02T00:00:00+05:30,4372.22,4736.02,4737.68,4344.51,0.0
2000-05-03T00:00:00+05:30,4335.29,4200.74,4394.58,4109.66,0.0
2000-05-04T00:00:00+05:30,4553.92,4384.53,4568.54,4335.04,0.0
2000-05-05T00:00:00+05:30,4693.88,4600.64,4731.94,4590.13,0.0
2000-05-08T00:00:00+05:30,4463.4,4744.83,4757.89,4463.4,0.0
2000-05-09T00:00:00+05:30,4578.49,4365.26,4578.49,4351.14,0.0
2000-05-10T00:00:00+05:30,4458.4,4593.38,4593.38,4449.89,0.0
2000-05-11T00:00:00+05:30,4251.36,4324.19,4352.56,4198.17,0.0
2000-05-12T00:00:00+05:30,4107.14,4243.54,4267.87,4102.77,0.0
2000-05-15T00:00:00+05:30,4212.53,4024.66,4249.45,3912.95,0.0
2000-05-16T00:00:00+05:30,4230.13,4239.44,4247.19,4154.07,0.0
2000-05-17T00:00:00+05:30,4234.23,4306.01,4367.22,4195.19,0.0
2000-05-18T00:00:00+05:30,4192.44,4205.48,4254.35,4159.9,0.0
2000-05-19T00:00:00+05:30,4068.65,4149.39,4150.77,4026.64,0.0
2000-05-22T00:00:00+05:30,3920.18,3978.54,4015.38,3920.18,0.0
2000-05-23T00:00:00+05:30,3943.54,3878.82,3943.54,3831.86,0.0
2000-05-24T00:00:00+05:30,3933.65,3872.7,3981.46,3840.11,0.0
2000-05-25T00:00:00+05:30,3999.03,3962.98,4060.76,3961.02,0.0
2000-05-26T00:00:00+05:30,4084.71,3994.4,4097.6,3947.33,0.0
2000-05-29T00:00:00+05:30,4189.85,4082.91,4222.65,4064.46,0.0
2000-05-30T00:00:00+05:30,4311.77,4207.01,4318.65,4185.36,0.0
2000-05-31T00:00:00+05:30,4433.61,4434.99,4536.1,4416.88,0.0
2000-06-01T00:00:00+05:30,4325.47,4406.52,4412.2,4321.26,0.0
2000-06-02T00:00:00+05:30,4453.47,4381.7,4486.99,4381.7,0.0
2000-06-05T00:00:00+05:30,4531.53,4609.78,4705.49,4485.29,0.0
2000-06-06T00:00:00+05:30,4591.68,4555.18,4605.46,4488.23,0.0
2000-06-07T00:00:00+05:30,4604.84,4580.89,4650.88,4556.52,0.0
2000-06-08T00:00:00+05:30,4728.81,4656.0,4746.88,4656.0,0.0
2000-06-09T00:00:00+05:30,4729.63,4772.0,4797.59,4712.21,0.0
2000-06-12T00:00:00+05:30,4639.46,4794.67,4800.13,4638.81,0.0
2000-06-13T00:00:00+05:30,4615.13,4583.34,4640.59,4555.09,0.0
2000-06-14T00:00:00+05:30,4625.04,4648.78,4693.67,4604.5,0.0
2000-06-15T00:00:00+05:30,4653.22,4609.98,4685.63,4575.03,0.0
2000-06-16T00:00:00+05:30,4764.67,4666.06,4768.59,4654.12,0.0
2000-06-19T00:00:00+05:30,4837.24,4808.25,4884.89,4788.94,0.0
2000-06-20T00:00:00+05:30,4863.9,4891.23,4919.63,4834.79,0.0
2000-06-21T00:00:00+05:30,4731.57,4888.43,4888.43,4723.57,0.0
2000-06-22T00:00:00+05:30,4794.16,4749.4,4795.1,4693.46,0.0
2000-06-23T00:00:00+05:30,4721.7,4771.07,4822.63,4687.31,0.0
2000-06-26T00:00:00+05:30,4670.09,4674.21,4697.63,4607.58,0.0
2000-06-27T00:00:00+05:30,4686.91,4682.59,4732.7,4677.57,0.0
2000-06-28T00:00:00+05:30,4748.8,4660.28,4748.8,4642.56,0.0
2000-06-29T00:00:00+05:30,4792.74,4820.58,4849.97,4785.63,0.0
2000-06-30T00:00:00+05:30,4748.77,4760.6,4792.69,4694.88,0.0
2000-07-03T00:00:00+05:30,4844.98,4846.69,4853.83,4778.74,0.0
2000-07-04T00:00:00+05:30,4887.06,4870.86,4902.71,4840.39,0.0
2000-07-05T00:00:00+05:30,4912.11,4898.15,4940.38,4881.15,0.0
2000-07-06T00:00:00+05:30,4885.6,4862.99,4908.34,4846.64,0.0
2000-07-07T00:00:00+05:30,4905.94,4920.14,4924.22,4900.31,0.0
2000-07-10T00:00:00+05:30,4867.43,4908.74,4920.38,4847.45,0.0
2000-07-11T00:00:00+05:30,4898.07,4887.76,4919.31,4863.96,0.0
2000-07-12T00:00:00+05:30,4964.28,4883.65,4967.14,4862.49,0.0
2000-07-13T00:00:00+05:30,4880.8,4994.92,5058.9,4878.45,0.0
2000-07-14T00:00:00+05:30,4856.82,4891.43,4951.95,4847.51,0.0
2000-07-17T00:00:00+05:30,4747.32,4874.41,4883.3,4747.32,0.0
2000-07-18T00:00:00+05:30,4734.8,4741.15,4777.5,4704.4,0.0
2000-07-19T00:00:00+05:30,4616.01,4672.19,4721.85,4604.54,0.0
2000-07-20T00:00:00+05:30,4575.67,4592.28,4634.46,4538.95,0.0
2000-07-21T00:00:00+05:30,4463.66,4601.08,4606.21,4460.42,0.0
2000-07-24T00:00:00+05:30,4188.34,4347.52,4353.44,4188.34,0.0
2000-07-25T00:00:00+05:30,4336.2,4097.22,4369.14,4052.61,0.0
2000-07-26T00:00:00+05:30,4191.27,4361.88,4374.38,4191.27,0.0
2000-07-27T00:00:00+05:30,4281.13,4149.84,4287.86,4113.42,0.0
2000-07-28T00:00:00+05:30,4276.7,4275.34,4348.88,4244.73,0.0
2000-07-31T00:00:00+05:30,4279.86,4232.54,4301.71,4225.57,0.0
2000-08-01T00:00:00+05:30,4253.69,4295.35,4302.86,4239.82,0.0
2000-08-02T00:00:00+05:30,4260.88,4224.01,4264.17,4193.58,0.0
2000-08-03T00:00:00+05:30,4207.63,4232.21,4279.51,4204.41,0.0
2000-08-04T00:00:00+05:30,4186.16,4241.23,4266.21,4155.45,0.0
2000-08-07T00:00:00+05:30,4201.25,4203.77,4232.8,4159.35,0.0
2000-08-08T00:00:00+05:30,4317.22,4217.68,4327.0,4200.99,0.0
2000-08-09T00:00:00+05:30,4317.04,4347.59,4374.68,4296.57,0.0
2000-08-10T00:00:00+05:30,4253.23,4312.24,4360.91,4244.19,0.0
2000-08-11T00:00:00+05:30,4192.0,4236.55,4250.63,4176.47,0.0
2000-08-14T00:00:00+05:30,4232.51,4204.33,4233.49,4142.81,0.0
2000-08-16T00:00:00+05:30,4325.67,4263.76,4337.06,4263.76,0.0
2000-08-17T00:00:00+05:30,4294.18,4346.03,4365.43,4267.91,0.0
2000-08-18T00:00:00+05:30,4347.04,4297.9,4364.39,4290.12,0.0
2000-08-21T00:00:00+05:30,4409.57,4383.81,4426.48,4377.92,0.0
2000-08-22T00:00:00+05:30,4461.23,4481.22,4483.87,4438.72,0.0
2000-08-23T00:00:00+05:30,4444.79,4447.7,4500.3,4426.62,0.0
2000-08-24T00:00:00+05:30,4459.07,4445.56,4471.86,4417.14,0.0
2000-08-25T00:00:00+05:30,4416.86,4482.2,4485.63,4414.72,0.0
2000-08-28T00:00:00+05:30,4395.81,4443.71,4452.76,4393.61,0.0
2000-08-29T00:00:00+05:30,4401.82,4382.56,4412.84,4370.5,0.0
2000-08-30T00:00:00+05:30,4411.85,4416.14,4436.57,4387.39,0.0
2000-08-31T00:00:00+05:30,4477.31,4409.84,4485.2,4404.62,0.0
2000-09-04T00:00:00+05:30,4602.43,4571.89,4620.32,4557.11,0.0
2000-09-05T00:00:00+05:30,4598.65,4623.83,4623.83,4574.89,0.0
2000-09-06T00:00:00+05:30,4606.35,4577.5,4640.1,4571.92,0.0
2000-09-07T00:00:00+05:30,4628.93,4579.68,4660.68,4578.37,0.0
2000-09-08T00:00:00+05:30,4668.27,4649.97,4677.67,4640.25,0.0
2000-09-11T00:00:00+05:30,4696.6,4715.3,4748.81,4694.4,0.0
2000-09-12T00:00:00+05:30,4763.63,4705.82,4766.36,4681.03,0.0
2000-09-13T00:00:00+05:30,4702.52,4776.52,4790.63,4690.5,0.0
2000-09-14T00:00:00+05:30,4671.92,4721.98,4741.42,4640.87,0.0
2000-09-15T00:00:00+05:30,4562.38,4666.47,4685.66,4539.35,0.0
2000-09-18T00:00:00+05:30,4366.41,4511.42,4513.09,4362.47,0.0
2000-09-19T00:00:00+05:30,4264.34,4295.63,4390.21,4171.89,0.0
2000-09-20T00:00:00+05:30,4325.25,4325.78,4339.37,4211.87,0.0
2000-09-21T00:00:00+05:30,4257.2,4304.25,4331.38,4257.04,0.0
2000-09-22T00:00:00+05:30,4032.37,4188.47,4208.66,4028.49,0.0
2000-09-25T00:00:00+05:30,4173.48,4144.81,4210.0,4105.75,0.0
2000-09-26T00:00:00+05:30,4089.58,4159.87,4160.13,4056.03,0.0
2000-09-27T00:00:00+05:30,4164.1,4025.68,4172.65,4004.73,0.0
2000-09-28T00:00:00+05:30,4067.38,4155.71,4184.61,4043.67,0.0
2000-09-29T00:00:00+05:30,4090.38,4122.28,4122.28,4056.72,0.0
2000-10-03T00:00:00+05:30,4135.55,4035.64,4139.53,4028.51,0.0
2000-10-04T00:00:00+05:30,4160.41,4101.63,4173.65,4101.63,0.0
2000-10-05T00:00:00+05:30,4116.25,4177.09,4197.39,4115.62,0.0
2000-10-06T00:00:00+05:30,4092.42,4085.02,4131.25,4042.95,0.0
2000-10-09T00:00:00+05:30,4056.07,4106.15,4135.16,4055.42,0.0
2000-10-10T00:00:00+05:30,3945.28,4079.61,4079.61,3931.21,0.0
2000-10-11T00:00:00+05:30,3836.51,3892.78,3895.81,3803.72,0.0
2000-10-12T00:00:00+05:30,3847.58,3793.61,3879.47,3777.49,0.0
2000-10-13T00:00:00+05:30,3738.93,3749.77,3793.08,3714.46,0.0
2000-10-16T00:00:00+05:30,3728.67,3908.73,3930.1,3726.58,0.0
2000-10-17T00:00:00+05:30,3664.79,3702.4,3718.74,3613.74,0.0
2000-10-18T00:00:00+05:30,3593.63,3625.32,3640.73,3545.01,0.0
2000-10-19T00:00:00+05:30,3702.83,3576.44,3702.83,3491.55,0.0
2000-10-20T00:00:00+05:30,3692.75,3799.78,3801.86,3691.89,0.0
2000-10-23T00:00:00+05:30,3619.53,3709.54,3716.6,3608.36,0.0
2000-10-24T00:00:00+05:30,3651.99,3603.66,3656.31,3584.38,0.0
2000-10-25T00:00:00+05:30,3743.61,3664.12,3748.96,3662.23,0.0
2000-10-26T00:00:00+05:30,3757.16,3743.61,3761.46,3739.54,0.0
2000-10-27T00:00:00+05:30,3729.12,3770.66,3773.54,3704.54,0.0
2000-10-30T00:00:00+05:30,3689.43,3744.1,3751.28,3680.18,0.0
2000-10-31T00:00:00+05:30,3711.02,3672.48,3713.91,3646.73,0.0
2000-11-01T00:00:00+05:30,3788.53,3749.35,3807.7,3734.98,0.0
2000-11-02T00:00:00+05:30,3875.79,3799.66,3882.54,3795.45,0.0
2000-11-03T00:00:00+05:30,3935.7,3907.23,3960.14,3894.59,0.0
2000-11-06T00:00:00+05:30,3931.54,3971.98,4005.19,3919.34,0.0
2000-11-07T00:00:00+05:30,3954.83,3917.1,3959.93,3910.81,0.0
2000-11-08T00:00:00+05:30,4028.71,3958.69,4045.05,3958.69,0.0
2000-11-09T00:00:00+05:30,4022.5,3981.31,4046.01,3980.2,0.0
2000-11-10T00:00:00+05:30,3941.13,4011.06,4032.94,3930.35,0.0
2000-11-13T00:00:00+05:30,3820.08,3842.63,3863.35,3797.5,0.0
2000-11-14T00:00:00+05:30,3943.54,3816.13,3952.39,3816.13,0.0
2000-11-15T00:00:00+05:30,3946.53,3994.88,4016.09,3931.84,0.0
2000-11-16T00:00:00+05:30,3901.9,3946.83,3971.32,3884.88,0.0
2000-11-17T00:00:00+05:30,3905.84,3869.17,3917.59,3848.86,0.0
2000-11-20T00:00:00+05:30,3926.52,3928.62,3942.55,3908.28,0.0
2000-11-21T00:00:00+05:30,3924.7,3889.18,3928.58,3882.65,0.0
2000-11-22T00:00:00+05:30,3862.39,3938.46,3947.98,3861.01,0.0
2000-11-23T00:00:00+05:30,3852.4,3837.11,3871.34,3826.42,0.0
2000-11-24T00:00:00+05:30,3868.34,3860.52,3889.56,3856.58,0.0
2000-11-27T00:00:00+05:30,3969.2,3930.96,3972.48,3902.1,0.0
2000-11-28T00:00:00+05:30,4023.92,3962.21,4038.64,3962.2,0.0
2000-11-29T00:00:00+05:30,3996.18,3997.33,4046.19,3957.19,0.0
2000-11-30T00:00:00+05:30,3997.99,4003.41,4019.52,3972.85,0.0
2000-12-01T00:00:00+05:30,4031.96,3968.89,4054.86,3966.55,0.0
2000-12-04T00:00:00+05:30,4036.49,4078.56,4088.28,4034.62,0.0
2000-12-05T00:00:00+05:30,4071.98,4061.9,4082.44,4048.85,0.0
2000-12-06T00:00:00+05:30,4108.43,4155.22,4156.66,4097.55,0.0
2000-12-07T00:00:00+05:30,4124.91,4099.49,4136.74,4095.99,0.0
2000-12-08T00:00:00+05:30,4156.08,4134.1,4167.32,4134.1,0.0
2000-12-11T00:00:00+05:30,4228.29,4198.72,4233.26,4178.51,0.0
2000-12-12T00:00:00+05:30,4219.48,4254.16,4255.69,4210.15,0.0
2000-12-13T00:00:00+05:30,4284.98,4235.56,4298.63,4235.56,0.0
2000-12-14T00:00:00+05:30,4270.45,4297.44,4332.65,4256.34,0.0
2000-12-15T00:00:00+05:30,4137.16,4241.46,4264.83,4130.6,0.0
2000-12-18T00:00:00+05:30,4169.39,4121.86,4186.77,4108.68,0.0
2000-12-19T00:00:00+05:30,4152.94,4188.02,4200.34,4143.56,0.0
2000-12-20T00:00:00+05:30,4086.41,4106.34,4121.82,4057.95,0.0
2000-12-21T00:00:00+05:30,4034.23,4013.1,4064.71,3968.34,0.0
2000-12-22T00:00:00+05:30,3905.9,4057.72,4080.3,3895.37,0.0
2000-12-26T00:00:00+05:30,3826.82,3927.51,3939.08,3810.99,0.0
2000-12-27T00:00:00+05:30,3877.55,3830.37,3902.85,3803.69,0.0
2000-12-28T00:00:00+05:30,3932.78,3918.17,3940.45,3895.21,0.0
2000-12-29T00:00:00+05:30,3972.12,3933.95,3978.25,3904.32,0.0
2001-01-01T00:00:00+05:30,3955.08,3990.65,4021.83,3937.33,0.0
2001-01-02T00:00:00+05:30,4018.88,3953.22,4028.57,3929.37,0.0
2001-01-03T00:00:00+05:30,4060.02,3977.58,4067.66,3977.58,0.0
2001-01-04T00:00:00+05:30,4115.37,4180.97,4180.97,4109.55,0.0
2001-01-05T00:00:00+05:30,4183.73,4116.34,4195.01,4115.35,0.0
2001-01-08T00:00:00+05:30,4120.43,4164.76,4206.72,4101.53,0.0
2001-01-09T00:00:00+05:30,4125.31,4114.74,4166.84,4101.01,0.0
2001-01-10T00:00:00+05:30,4047.64,4151.58,4155.86,4035.44,0.0
2001-01-11T00:00:00+05:30,4027.13,4066.13,4077.54,4006.54,0.0
2001-01-12T00:00:00+05:30,4036.58,4059.41,4082.77,4018.28,0.0
2001-01-15T00:00:00+05:30,4046.76,4074.32,4080.14,4018.24,0.0
2001-01-16T00:00:00+05:30,4070.73,4052.18,4097.07,4023.9,0.0
2001-01-17T00:00:00+05:30,4083.41,4101.18,4125.1,4072.09,0.0
2001-01-18T00:00:00+05:30,4113.21,4106.15,4122.66,4085.81,0.0
2001-01-19T00:00:00+05:30,4194.46,4149.25,4201.94,4137.31,0.0
2001-01-22T00:00:00+05:30,4267.11,4247.45,4278.55,4223.56,0.0
2001-01-23T00:00:00+05:30,4296.69,4277.83,4321.75,4272.87,0.0
2001-01-24T00:00:00+05:30,4326.42,4320.51,4339.41,4295.71,0.0
2001-01-25T00:00:00+05:30,4330.22,4327.84,4341.33,4273.7,0.0
2001-01-29T00:00:00+05:30,4234.57,4158.86,4262.76,4158.86,0.0
2001-01-30T00:00:00+05:30,4372.04,4269.41,4373.22,4256.76,0.0
2001-01-31T00:00:00+05:30,4326.72,4367.58,4409.33,4322.68,0.0
2001-02-01T00:00:00+05:30,4286.11,4303.13,4335.39,4230.17,0.0
2001-02-02T00:00:00+05:30,4352.26,4280.96,4373.4,4280.96,0.0
2001-02-05T00:00:00+05:30,4370.47,4337.52,4397.19,4337.52,0.0
2001-02-06T00:00:00+05:30,4375.29,4392.24,4404.67,4369.93,0.0
2001-02-07T00:00:00+05:30,4312.93,4376.92,4379.22,4303.28,0.0
2001-02-08T00:00:00+05:30,4381.19,4293.87,4387.85,4290.88,0.0
2001-02-09T00:00:00+05:30,4397.33,4395.44,4436.48,4387.99,0.0
2001-02-12T00:00:00+05:30,4406.3,4429.91,4446.08,4389.02,0.0
2001-02-13T00:00:00+05:30,4363.05,4437.32,4440.76,4354.1,0.0
2001-02-14T00:00:00+05:30,4363.11,4350.33,4375.51,4320.89,0.0
2001-02-15T00:00:00+05:30,4437.99,4372.6,4459.19,4371.95,0.0
2001-02-16T00:00:00+05:30,4330.32,4458.73,4462.11,4315.95,0.0
2001-02-19T00:00:00+05:30,4350.65,4363.79,4378.06,4302.1,0.0
2001-02-20T00:00:00+05:30,4359.22,4360.16,4382.36,4342.61,0.0
2001-02-21T00:00:00+05:30,4302.23,4338.31,4362.5,4285.19,0.0
2001-02-22T00:00:00+05:30,4262.55,4252.27,4286.63,4190.96,0.0
2001-02-23T00:00:00+05:30,4122.16,4261.81,4277.36,4118.09,0.0
2001-02-26T00:00:00+05:30,4112.69,4168.71,4174.85,4074.12,0.0
2001-02-27T00:00:00+05:30,4069.68,4140.63,4156.03,4020.68,0.0
2001-02-28T00:00:00+05:30,4247.04,4070.37,4264.02,4056.4,0.0
2001-03-01T00:00:00+05:30,4271.65,4288.23,4386.98,4215.27,0.0
2001-03-02T00:00:00+05:30,4095.16,4323.18,4341.67,4077.42,0.0
2001-03-05T00:00:00+05:30,3998.12,4073.73,4127.12,3947.71,0.0
2001-03-07T00:00:00+05:30,4046.89,4062.41,4114.11,3913.67,0.0
2001-03-08T00:00:00+05:30,4056.94,4089.83,4108.03,4016.71,0.0
2001-03-09T00:00:00+05:30,3881.96,3986.82,3986.82,3821.59,0.0
2001-03-12T00:00:00+05:30,3767.89,3862.63,3930.68,3748.39,0.0
2001-03-13T00:00:00+05:30,3540.65,3605.53,3777.48,3436.75,0.0
2001-03-14T00:00:00+05:30,3725.03,3508.13,3757.12,3493.94,0.0
2001-03-15T00:00:00+05:30,3819.86,3666.2,3823.78,3661.84,0.0
2001-03-16T00:00:00+05:30,3745.74,3752.36,3867.47,3696.52,0.0
2001-03-19T00:00:00+05:30,3722.49,3728.51,3774.69,3680.26,0.0
2001-03-20T00:00:00+05:30,3672.4,3736.09,3740.07,3644.51,0.0
2001-03-21T00:00:00+05:30,3791.07,3633.22,3801.78,3618.14,0.0
2001-03-22T00:00:00+05:30,3713.97,3785.96,3818.03,3708.8,0.0
2001-03-23T00:00:00+05:30,3635.28,3735.51,3743.83,3561.01,0.0
2001-03-26T00:00:00+05:30,3636.32,3640.47,3654.04,3600.39,0.0
2001-03-27T00:00:00+05:30,3694.82,3634.48,3712.27,3631.29,0.0
2001-03-28T00:00:00+05:30,3788.21,3736.54,3792.76,3736.54,0.0
2001-03-29T00:00:00+05:30,3751.56,3739.63,3799.68,3721.45,0.0
2001-03-30T00:00:00+05:30,3604.38,3714.11,3723.73,3589.93,0.0
2001-04-02T00:00:00+05:30,3566.26,3491.41,3578.95,3436.33,0.0
2001-04-03T00:00:00+05:30,3605.01,3543.82,3619.62,3543.82,0.0
2001-04-04T00:00:00+05:30,3565.65,3558.48,3577.25,3511.12,0.0
2001-04-06T00:00:00+05:30,3576.0,3663.74,3676.82,3558.13,0.0
2001-04-09T00:00:00+05:30,3544.08,3570.53,3579.24,3502.44,0.0
2001-04-10T00:00:00+05:30,3458.39,3542.44,3542.44,3422.11,0.0
2001-04-11T00:00:00+05:30,3325.46,3476.41,3481.15,3298.12,0.0
2001-04-12T00:00:00+05:30,3183.77,3254.52,3264.57,3120.13,0.0
2001-04-16T00:00:00+05:30,3251.62,3172.15,3258.44,3096.51,0.0
2001-04-17T00:00:00+05:30,3312.29,3231.94,3331.78,3220.65,0.0
2001-04-18T00:00:00+05:30,3438.75,3311.2,3442.65,3311.2,0.0
2001-04-19T00:00:00+05:30,3574.08,3552.17,3621.03,3471.03,0.0
2001-04-20T00:00:00+05:30,3583.04,3620.9,3620.9,3523.74,0.0
2001-04-23T00:00:00+05:30,3587.01,3583.42,3637.36,3561.96,0.0
2001-04-24T00:00:00+05:30,3589.99,3547.23,3593.84,3526.36,0.0
2001-04-25T00:00:00+05:30,3600.83,3586.94,3639.11,3569.71,0.0
2001-04-26T00:00:00+05:30,3557.19,3649.36,3651.79,3547.46,0.0
2001-04-27T00:00:00+05:30,3422.76,3389.22,3458.77,3357.83,0.0
2001-04-30T00:00:00+05:30,3519.16,3459.51,3522.7,3440.71,0.0
2001-05-02T00:00:00+05:30,3538.42,3565.53,3586.64,3530.25,0.0
2001-05-03T00:00:00+05:30,3494.48,3528.7,3551.8,3479.81,0.0
2001-05-04T00:00:00+05:30,3514.59,3471.95,3521.92,3465.5,0.0
2001-05-07T00:00:00+05:30,3544.81,3562.97,3573.19,3539.46,0.0
2001-05-08T00:00:00+05:30,3580.37,3544.86,3587.07,3544.86,0.0
2001-05-09T00:00:00+05:30,3586.58,3580.37,3629.65,3569.14,0.0
2001-05-10T00:00:00+05:30,3568.27,3586.58,3588.95,3550.05,0.0
2001-05-11T00:00:00+05:30,3559.77,3564.65,3577.79,3545.19,0.0
2001-05-14T00:00:00+05:30,3568.93,3552.55,3577.28,3536.57,0.0
2001-05-15T00:00:00+05:30,3576.96,3480.42,3579.35,3420.14,0.0
2001-05-16T00:00:00+05:30,3592.06,3585.79,3630.26,3585.79,0.0
2001-05-17T00:00:00+05:30,3669.76,3607.46,3675.45,3607.46,0.0
2001-05-18T00:00:00+05:30,3655.03,3674.42,3700.88,3648.36,0.0
2001-05-21T00:00:00+05:30,3640.1,3656.09,3681.19,3630.6,0.0
2001-05-22T00:00:00+05:30,3640.6,3643.29,3663.16,3630.03,0.0
2001-05-23T00:00:00+05:30,3674.54,3640.8,3683.52,3640.8,0.0
2001-05-24T00:00:00+05:30,3683.2,3670.91,3709.18,3670.91,0.0
2001-05-25T00:00:00+05:30,3659.81,3686.16,3700.66,3647.35,0.0
2001-05-28T00:00:00+05:30,3720.15,3663.06,3728.05,3663.06,0.0
2001-05-29T00:00:00+05:30,3742.07,3732.03,3751.7,3725.83,0.0
2001-05-30T00:00:00+05:30,3662.04,3745.57,3759.96,3653.31,0.0
2001-05-31T00:00:00+05:30,3631.91,3623.62,3638.46,3592.22,0.0
2001-06-01T00:00:00+05:30,3557.64,3637.03,3651.32,3555.74,0.0
2001-06-04T00:00:00+05:30,3498.38,3565.88,3590.56,3490.83,0.0
2001-06-05T00:00:00+05:30,3460.04,3495.99,3510.68,3434.88,0.0
2001-06-06T00:00:00+05:30,3457.31,3473.32,3507.24,3448.44,0.0
2001-06-07T00:00:00+05:30,3457.24,3455.86,3459.51,3395.52,0.0
2001-06-08T00:00:00+05:30,3495.84,3466.66,3502.78,3452.94,0.0
2001-06-11T00:00:00+05:30,3509.32,3507.34,3525.04,3482.8,0.0
2001-06-12T00:00:00+05:30,3498.39,3504.24,3517.36,3484.08,0.0
2001-06-13T00:00:00+05:30,3501.61,3499.32,3519.13,3492.95,0.0
2001-06-14T00:00:00+05:30,3453.77,3491.36,3501.5,3446.96,0.0
2001-06-15T00:00:00+05:30,3372.94,3434.33,3434.33,3360.11,0.0
2001-06-18T00:00:00+05:30,3353.11,3368.68,3368.68,3295.34,0.0
2001-06-19T00:00:00+05:30,3410.95,3357.11,3418.99,3339.84,0.0
2001-06-20T00:00:00+05:30,3406.05,3410.1,3420.33,3369.31,0.0
2001-06-21T00:00:00+05:30,3405.64,3408.28,3427.75,3385.87,0.0
2001-06-22T00:00:00+05:30,3381.76,3402.14,3409.76,3361.79,0.0
2001-06-25T00:00:00+05:30,3318.67,3378.17,3378.17,3306.83,0.0
2001-06-26T00:00:00+05:30,3407.32,3313.13,3417.94,3287.94,0.0
2001-06-27T00:00:00+05:30,3411.64,3407.68,3434.13,3378.53,0.0
2001-06-28T00:00:00+05:30,3404.86,3411.68,3427.37,3391.72,0.0
2001-06-29T00:00:00+05:30,3456.78,3406.79,3474.71,3394.91,0.0
2001-07-02T00:00:00+05:30,3426.03,3480.06,3487.0,3418.28,0.0
2001-07-03T00:00:00+05:30,3312.29,3452.11,3452.11,3300.15,0.0
2001-07-04T00:00:00+05:30,3311.88,3295.85,3337.52,3286.77,0.0
2001-07-05T00:00:00+05:30,3317.63,3321.14,3364.8,3306.74,0.0
2001-07-06T00:00:00+05:30,3305.78,3299.96,3310.1,3286.74,0.0
2001-07-09T00:00:00+05:30,3290.81,3290.85,3299.57,3260.68,0.0
2001-07-10T00:00:00+05:30,3328.27,3300.98,3340.88,3296.41,0.0
2001-07-11T00:00:00+05:30,3376.21,3328.37,3388.75,3316.85,0.0
2001-07-12T00:00:00+05:30,3452.75,3390.34,3459.37,3384.74,0.0
2001-07-13T00:00:00+05:30,3453.99,3470.94,3513.79,3438.03,0.0
2001-07-16T00:00:00+05:30,3434.83,3453.63,3478.11,3427.82,0.0
2001-07-17T00:00:00+05:30,3431.93,3414.06,3440.29,3397.65,0.0
2001-07-18T00:00:00+05:30,3383.41,3434.94,3446.18,3377.58,0.0
2001-07-19T00:00:00+05:30,3370.93,3372.92,3380.27,3352.12,0.0
2001-07-20T00:00:00+05:30,3340.75,3375.82,3389.49,3331.42,0.0
2001-07-23T00:00:00+05:30,3330.98,3340.89,3340.89,3310.95,0.0
2001-07-24T00:00:00+05:30,3335.08,3326.84,3340.91,3306.17,0.0
2001-07-25T00:00:00+05:30,3301.97,3307.16,3338.22,3296.43,0.0
2001-07-26T00:00:00+05:30,3259.03,3298.64,3318.6,3254.28,0.0
2001-07-27T00:00:00+05:30,3251.53,3260.04,3278.85,3241.66,0.0
2001-07-30T00:00:00+05:30,3285.89,3255.92,3289.46,3249.46,0.0
2001-07-31T00:00:00+05:30,3329.28,3288.86,3335.67,3255.98,0.0
2001-08-01T00:00:00+05:30,3284.17,3335.0,3346.21,3276.72,0.0
2001-08-02T00:00:00+05:30,3298.78,3293.83,3310.86,3278.54,0.0
2001-08-03T00:00:00+05:30,3325.38,3300.02,3337.79,3300.02,0.0
2001-08-06T00:00:00+05:30,3329.95,3323.36,3356.34,3322.44,0.0
2001-08-07T00:00:00+05:30,3319.67,3322.81,3345.98,3317.44,0.0
2001-08-08T00:00:00+05:30,3302.32,3317.51,3321.18,3294.19,0.0
2001-08-09T00:00:00+05:30,3319.61,3290.86,3324.96,3279.62,0.0
2001-08-10T00:00:00+05:30,3316.21,3312.5,3335.71,3308.76,0.0
2001-08-13T00:00:00+05:30,3287.62,3321.19,3332.28,3283.44,0.0
2001-08-14T00:00:00+05:30,3331.89,3290.58,3336.47,3290.58,0.0
2001-08-16T00:00:00+05:30,3337.91,3326.24,3357.07,3321.74,0.0
2001-08-17T00:00:00+05:30,3296.71,3341.95,3359.07,3293.83,0.0
2001-08-20T00:00:00+05:30,3278.92,3287.69,3290.24,3271.54,0.0
2001-08-21T00:00:00+05:30,3297.43,3286.13,3310.53,3286.13,0.0
2001-08-23T00:00:00+05:30,3308.79,3307.29,3316.33,3292.66,0.0
2001-08-24T00:00:00+05:30,3305.51,3302.22,3308.9,3287.58,0.0
2001-08-27T00:00:00+05:30,3318.32,3318.44,3337.94,3310.29,0.0
2001-08-28T00:00:00+05:30,3313.07,3318.65,3333.17,3308.35,0.0
2001-08-29T00:00:00+05:30,3300.62,3282.3,3327.67,3282.3,0.0
2001-08-30T00:00:00+05:30,3286.87,3296.78,3305.98,3281.17,0.0
2001-08-31T00:00:00+05:30,3244.95,3282.39,3282.39,3241.12,0.0
2001-09-03T00:00:00+05:30,3227.12,3245.71,3267.93,3222.53,0.0
2001-09-04T00:00:00+05:30,3231.6,3227.86,3246.76,3209.84,0.0
2001-09-05T00:00:00+05:30,3228.6,3232.38,3245.99,3218.04,0.0
2001-09-06T00:00:00+05:30,3202.55,3219.84,3233.49,3187.66,0.0
2001-09-07T00:00:00+05:30,3198.4,3196.41,3203.54,3166.97,0.0
2001-09-10T00:00:00+05:30,3183.63,3224.9,3224.9,3180.85,0.0
2001-09-11T00:00:00+05:30,3150.4,3189.09,3198.81,3141.57,0.0
2001-09-12T00:00:00+05:30,3032.71,3030.29,3046.22,2954.35,0.0
2001-09-13T00:00:00+05:30,2987.5,3038.88,3068.49,2982.16,0.0
2001-09-14T00:00:00+05:30,2830.12,2986.86,2986.86,2770.24,0.0
2001-09-17T00:00:00+05:30,2680.98,2758.16,2758.16,2640.58,0.0
2001-09-18T00:00:00+05:30,2782.47,2680.04,2814.07,2680.04,0.0
2001-09-19T00:00:00+05:30,2804.16,2785.37,2817.48,2785.37,0.0
2001-09-20T00:00:00+05:30,2761.66,2781.46,2781.46,2674.82,0.0
2001-09-21T00:00:00+05:30,2600.12,2753.96,2753.96,2594.87,0.0
2001-09-24T00:00:00+05:30,2651.78,2627.25,2688.95,2627.25,0.0
2001-09-25T00:00:00+05:30,2617.35,2668.37,2727.32,2613.53,0.0
2001-09-26T00:00:00+05:30,2667.34,2621.89,2682.59,2615.04,0.0
2001-09-27T00:00:00+05:30,2715.5,2674.29,2726.97,2669.05,0.0
2001-09-28T00:00:00+05:30,2811.6,2727.34,2830.35,2727.34,0.0
2001-10-01T00:00:00+05:30,2795.3,2817.74,2822.77,2773.03,0.0
2001-10-03T00:00:00+05:30,2754.95,2802.24,2808.45,2742.85,0.0
2001-10-04T00:00:00+05:30,2788.97,2763.17,2798.69,2763.17,0.0
2001-10-05T00:00:00+05:30,2812.9,2789.1,2826.16,2765.21,0.0
2001-10-08T00:00:00+05:30,2765.37,2767.93,2784.09,2718.41,0.0
2001-10-09T00:00:00+05:30,2794.42,2772.21,2802.34,2772.21,0.0
2001-10-10T00:00:00+05:30,2896.6,2836.74,2904.59,2836.74,0.0
2001-10-11T00:00:00+05:30,2943.69,2899.8,2956.86,2899.8,0.0
2001-10-12T00:00:00+05:30,2959.39,2960.5,2989.63,2947.34,0.0
2001-10-15T00:00:00+05:30,2976.3,2951.69,2983.33,2940.08,0.0
2001-10-16T00:00:00+05:30,2992.46,2978.11,3002.0,2971.57,0.0
2001-10-17T00:00:00+05:30,3043.85,2998.86,3050.07,2998.86,0.0
2001-10-18T00:00:00+05:30,2981.33,3023.29,3034.97,2967.68,0.0
2001-10-19T00:00:00+05:30,3016.84,3003.02,3025.89,3003.02,0.0
2001-10-22T00:00:00+05:30,3001.86,3025.03,3061.77,2993.89,0.0
2001-10-23T00:00:00+05:30,3061.91,3010.94,3065.48,3010.94,0.0
2001-10-24T00:00:00+05:30,3040.16,3057.0,3083.65,3026.63,0.0
2001-10-25T00:00:00+05:30,3022.16,3047.39,3066.04,3013.83,0.0
2001-10-29T00:00:00+05:30,3009.33,3028.71,3063.9,3004.03,0.0
2001-10-30T00:00:00+05:30,2957.45,2995.37,2995.37,2953.38,0.0
2001-10-31T00:00:00+05:30,2989.35,2958.39,2998.7,2942.49,0.0
2001-11-01T00:00:00+05:30,3049.8,3003.95,3062.77,3003.95,0.0
2001-11-02T00:00:00+05:30,3052.6,3059.52,3100.29,3040.84,0.0
2001-11-05T00:00:00+05:30,3037.01,3058.11,3070.66,3030.57,0.0
2001-11-06T00:00:00+05:30,3068.89,3038.02,3087.59,3038.02,0.0
2001-11-07T00:00:00+05:30,3013.94,3071.78,3109.26,3006.97,0.0
2001-11-08T00:00:00+05:30,3059.97,3020.39,3067.55,3017.41,0.0
2001-11-09T00:00:00+05:30,3079.67,3070.58,3092.01,3069.62,0.0
2001-11-12T00:00:00+05:30,3094.14,3084.42,3106.43,3081.15,0.0
2001-11-13T00:00:00+05:30,3077.19,3093.78,3101.58,3059.42,0.0
2001-11-14T00:00:00+05:30,3113.04,3079.88,3124.33,3079.88,0.0
2001-11-15T00:00:00+05:30,3180.23,3116.72,3195.52,3107.8,0.0
2001-11-19T00:00:00+05:30,3280.48,3211.26,3293.28,3205.46,0.0
2001-11-20T00:00:00+05:30,3231.66,3296.17,3326.76,3223.99,0.0
2001-11-21T00:00:00+05:30,3244.09,3233.61,3273.3,3223.32,0.0
2001-11-22T00:00:00+05:30,3258.13,3246.48,3305.84,3246.48,0.0
2001-11-23T00:00:00+05:30,3252.2,3263.06,3301.34,3245.58,0.0
2001-11-26T00:00:00+05:30,3322.77,3262.93,3335.95,3262.93,0.0
2001-11-27T00:00:00+05:30,3287.57,3360.93,3377.81,3278.69,0.0
2001-11-28T00:00:00+05:30,3294.12,3289.7,3322.52,3283.08,0.0
2001-11-29T00:00:00+05:30,3287.56,3284.32,3296.98,3270.27,0.0
2001-12-03T00:00:00+05:30,3275.47,3301.05,3311.83,3271.55,0.0
2001-12-04T00:00:00+05:30,3320.28,3276.65,3335.36,3276.65,0.0
2001-12-05T00:00:00+05:30,3409.64,3334.64,3416.03,3334.64,0.0
2001-12-06T00:00:00+05:30,3431.57,3440.56,3500.2,3414.43,0.0
2001-12-07T00:00:00+05:30,3436.37,3433.82,3468.28,3426.06,0.0
2001-12-10T00:00:00+05:30,3442.89,3445.22,3468.19,3434.04,0.0
2001-12-11T00:00:00+05:30,3419.13,3440.38,3467.08,3416.56,0.0
2001-12-12T00:00:00+05:30,3412.15,3436.34,3462.97,3404.37,0.0
2001-12-13T00:00:00+05:30,3388.59,3412.59,3440.52,3308.86,0.0
2001-12-14T00:00:00+05:30,3353.6,3388.87,3388.87,3336.18,0.0
2001-12-18T00:00:00+05:30,3335.88,3362.67,3384.66,3301.36,0.0
2001-12-19T00:00:00+05:30,3262.67,3340.65,3350.73,3257.45,0.0
2001-12-20T00:00:00+05:30,3271.64,3257.24,3281.12,3231.3,0.0
2001-12-21T00:00:00+05:30,3235.49,3268.99,3268.99,3218.93,0.0
2001-12-24T00:00:00+05:30,3232.97,3227.3,3244.24,3181.57,0.0
2001-12-26T00:00:00+05:30,3175.86,3227.8,3262.92,3170.23,0.0
2001-12-27T00:00:00+05:30,3131.78,3172.27,3193.39,3126.65,0.0
2001-12-28T00:00:00+05:30,3184.44,3132.27,3186.33,3100.57,0.0
2001-12-31T00:00:00+05:30,3262.33,3186.82,3270.68,3186.82,0.0
2002-01-01T00:00:00+05:30,3246.15,3262.01,3299.98,3236.76,0.0
2002-01-02T00:00:00+05:30,3269.16,3243.84,3280.43,3243.32,0.0
2002-01-03T00:00:00+05:30,3308.02,3282.68,3309.38,3272.21,0.0
2002-01-04T00:00:00+05:30,3375.74,3323.55,3393.66,3323.55,0.0
2002-01-07T00:00:00+05:30,3401.8,3377.13,3438.86,3377.13,0.0
2002-01-08T00:00:00+05:30,3437.78,3407.57,3454.5,3397.16,0.0
2002-01-09T00:00:00+05:30,3400.89,3440.44,3466.73,3392.61,0.0
2002-01-10T00:00:00+05:30,3381.96,3396.09,3413.25,3371.91,0.0
2002-01-11T00:00:00+05:30,3362.88,3381.41,3401.8,3298.85,0.0
2002-01-14T00:00:00+05:30,3407.84,3373.69,3446.92,3373.69,0.0
2002-01-15T00:00:00+05:30,3352.52,3405.9,3413.02,3340.01,0.0
2002-01-16T00:00:00+05:30,3348.8,3357.17,3393.34,3331.4,0.0
2002-01-17T00:00:00+05:30,3401.15,3348.8,3420.24,3309.97,0.0
2002-01-18T00:00:00+05:30,3377.05,3408.28,3439.83,3366.14,0.0
2002-01-21T00:00:00+05:30,3382.29,3370.5,3396.92,3369.73,0.0
2002-01-22T00:00:00+05:30,3368.28,3383.0,3402.92,3365.01,0.0
2002-01-23T00:00:00+05:30,3373.07,3368.91,3397.76,3365.53,0.0
2002-01-24T00:00:00+05:30,3357.79,3380.75,3399.09,3352.84,0.0
2002-01-25T00:00:00+05:30,3332.3,3358.2,3366.0,3326.02,0.0
2002-01-28T00:00:00+05:30,3317.64,3338.37,3363.17,3312.74,0.0
2002-01-29T00:00:00+05:30,3313.28,3317.61,3332.56,3304.12,0.0
2002-01-30T00:00:00+05:30,3298.79,3302.73,3309.98,3275.58,0.0
2002-01-31T00:00:00+05:30,3311.03,3305.91,3339.98,3303.01,0.0
2002-02-01T00:00:00+05:30,3333.92,3334.69,3356.05,3325.98,0.0
2002-02-04T00:00:00+05:30,3317.01,3336.17,3353.29,3312.55,0.0
2002-02-05T00:00:00+05:30,3311.73,3316.42,3322.43,3290.0,0.0
2002-02-06T00:00:00+05:30,3427.39,3329.23,3433.02,3329.23,0.0
2002-02-07T00:00:00+05:30,3436.94,3439.62,3495.83,3423.31,0.0
2002-02-08T00:00:00+05:30,3493.92,3444.89,3514.75,3444.87,0.0
2002-02-11T00:00:00+05:30,3515.45,3500.41,3551.95,3500.41,0.0
2002-02-12T00:00:00+05:30,3497.68,3523.3,3554.73,3480.1,0.0
2002-02-13T00:00:00+05:30,3519.87,3504.89,3535.57,3504.89,0.0
2002-02-14T00:00:00+05:30,3557.06,3544.32,3564.35,3536.35,0.0
2002-02-15T00:00:00+05:30,3602.02,3560.98,3612.83,3560.98,0.0
2002-02-18T00:00:00+05:30,3633.93,3611.32,3651.02,3586.78,0.0
2002-02-19T00:00:00+05:30,3597.61,3641.78,3652.76,3588.93,0.0
2002-02-20T00:00:00+05:30,3558.21,3572.96,3583.17,3542.06,0.0
2002-02-21T00:00:00+05:30,3570.46,3569.95,3590.99,3558.82,0.0
2002-02-22T00:00:00+05:30,3604.08,3565.64,3605.59,3558.09,0.0
2002-02-25T00:00:00+05:30,3613.51,3610.21,3618.3,3580.89,0.0
2002-02-26T00:00:00+05:30,3712.74,3631.55,3726.76,3631.55,0.0
2002-02-27T00:00:00+05:30,3705.66,3721.44,3758.11,3677.62,0.0
2002-02-28T00:00:00+05:30,3562.31,3711.1,3731.28,3537.19,0.0
2002-03-01T00:00:00+05:30,3678.75,3551.56,3693.92,3551.56,0.0
2002-03-04T00:00:00+05:30,3642.58,3734.04,3758.27,3635.38,0.0
2002-03-05T00:00:00+05:30,3641.1,3655.08,3692.53,3634.26,0.0
2002-03-06T00:00:00+05:30,3614.44,3647.09,3656.87,3585.83,0.0
2002-03-07T00:00:00+05:30,3690.27,3621.07,3691.93,3621.07,0.0
2002-03-08T00:00:00+05:30,3656.77,3692.61,3703.79,3645.9,0.0
2002-03-11T00:00:00+05:30,3603.97,3675.26,3675.26,3594.6,0.0
2002-03-12T00:00:00+05:30,3535.8,3603.16,3603.16,3522.91,0.0
2002-03-13T00:00:00+05:30,3569.62,3531.48,3601.82,3531.02,0.0
2002-03-14T00:00:00+05:30,3580.83,3573.98,3590.43,3562.17,0.0
2002-03-15T00:00:00+05:30,3617.68,3593.56,3626.33,3590.34,0.0
2002-03-18T00:00:00+05:30,3613.28,3633.37,3663.4,3603.98,0.0
2002-03-19T00:00:00+05:30,3560.32,3618.39,3629.48,3554.65,0.0
2002-03-20T00:00:00+05:30,3581.32,3576.23,3587.2,3556.74,0.0
2002-03-21T00:00:00+05:30,3536.26,3580.23,3582.55,3530.01,0.0
2002-03-22T00:00:00+05:30,3516.11,3555.38,3555.38,3506.55,0.0
2002-03-26T00:00:00+05:30,3466.29,3517.36,3566.08,3461.09,0.0
2002-03-27T00:00:00+05:30,3459.08,3472.96,3503.8,3454.27,0.0
2002-03-28T00:00:00+05:30,3469.35,3464.32,3499.53,3462.12,0.0
2002-04-01T00:00:00+05:30,3500.18,3482.94,3519.32,3482.94,0.0
2002-04-02T00:00:00+05:30,3505.79,3505.4,3537.29,3490.87,0.0
2002-04-03T00:00:00+05:30,3462.99,3500.76,3500.76,3458.85,0.0
2002-04-04T00:00:00+05:30,3512.55,3463.29,3529.02,3463.29,0.0
2002-04-05T00:00:00+05:30,3500.57,3516.43,3538.49,3499.06,0.0
2002-04-08T00:00:00+05:30,3480.17,3502.09,3521.41,3478.93,0.0
2002-04-09T00:00:00+05:30,3463.33,3482.51,3491.6,3447.78,0.0
2002-04-10T00:00:00+05:30,3479.59,3465.39,3494.19,3460.03,0.0
2002-04-11T00:00:00+05:30,3497.67,3482.44,3512.28,3482.44,0.0
2002-04-12T00:00:00+05:30,3510.9,3496.39,3521.42,3488.62,0.0
2002-04-15T00:00:00+05:30,3461.51,3514.01,3533.02,3454.98,0.0
2002-04-16T00:00:00+05:30,3413.72,3459.08,3459.08,3411.73,0.0
2002-04-17T00:00:00+05:30,3421.82,3444.09,3458.79,3412.71,0.0
2002-04-18T00:00:00+05:30,3420.94,3425.71,3439.47,3408.04,0.0
2002-04-19T00:00:00+05:30,3364.4,3420.04,3430.37,3359.24,0.0
2002-04-22T00:00:00+05:30,3390.25,3364.18,3396.52,3332.74,0.0
2002-04-23T00:00:00+05:30,3403.82,3387.7,3412.16,3383.11,0.0
2002-04-24T00:00:00+05:30,3411.92,3408.84,3420.97,3401.55,0.0
2002-04-25T00:00:00+05:30,3359.64,3420.62,3421.88,3350.94,0.0
2002-04-26T00:00:00+05:30,3371.7,3364.18,3383.71,3362.83,0.0
2002-04-29T00:00:00+05:30,3301.21,3372.94,3372.94,3296.88,0.0
2002-04-30T00:00:00+05:30,3338.16,3303.1,3340.36,3303.1,0.0
2002-05-02T00:00:00+05:30,3372.56,3361.33,3383.93,3357.76,0.0
2002-05-03T00:00:00+05:30,3380.61,3372.75,3385.22,3364.85,0.0
2002-05-06T00:00:00+05:30,3384.35,3386.01,3394.89,3375.7,0.0
2002-05-07T00:00:00+05:30,3423.75,3378.22,3425.5,3372.24,0.0
2002-05-08T00:00:00+05:30,3435.06,3434.24,3453.73,3432.54,0.0
2002-05-09T00:00:00+05:30,3462.01,3458.31,3478.02,3448.37,0.0
2002-05-10T00:00:00+05:30,3431.32,3454.85,3456.78,3414.37,0.0
2002-05-13T00:00:00+05:30,3442.49,3436.87,3446.51,3429.88,0.0
2002-05-14T00:00:00+05:30,3420.33,3450.58,3458.58,3412.0,0.0
2002-05-15T00:00:00+05:30,3395.59,3422.07,3435.68,3382.11,0.0
2002-05-16T00:00:00+05:30,3355.61,3399.14,3405.29,3342.34,0.0
2002-05-17T00:00:00+05:30,3333.76,3357.29,3373.4,3310.86,0.0
2002-05-20T00:00:00+05:30,3282.81,3343.66,3361.77,3274.62,0.0
2002-05-21T00:00:00+05:30,3186.53,3266.16,3266.16,3127.87,0.0
2002-05-22T00:00:00+05:30,3175.49,3187.54,3198.81,3144.18,0.0
2002-05-23T00:00:00+05:30,3114.05,3193.64,3193.64,3106.56,0.0
2002-05-24T00:00:00+05:30,3255.62,3153.03,3261.9,3153.03,0.0
2002-05-27T00:00:00+05:30,3243.41,3264.19,3264.19,3200.94,0.0
2002-05-28T00:00:00+05:30,3146.83,3231.82,3231.82,3140.38,0.0
2002-05-29T00:00:00+05:30,3160.24,3155.67,3179.85,3108.0,0.0
2002-05-30T00:00:00+05:30,3135.89,3161.9,3192.5,3131.63,0.0
2002-05-31T00:00:00+05:30,3125.73,3136.41,3140.03,3097.73,0.0
2002-06-03T00:00:00+05:30,3161.09,3162.27,3185.57,3148.57,0.0
2002-06-04T00:00:00+05:30,3191.6,3161.43,3195.56,3161.43,0.0
2002-06-05T00:00:00+05:30,3255.52,3200.71,3269.24,3200.71,0.0
2002-06-06T00:00:00+05:30,3259.31,3277.35,3282.35,3229.38,0.0
2002-06-07T00:00:00+05:30,3217.76,3246.97,3246.97,3205.51,0.0
2002-06-10T00:00:00+05:30,3279.49,3231.09,3283.25,3231.09,0.0
2002-06-11T00:00:00+05:30,3362.42,3339.96,3368.56,3323.37,0.0
2002-06-12T00:00:00+05:30,3344.41,3359.27,3377.88,3337.39,0.0
2002-06-13T00:00:00+05:30,3311.16,3358.97,3369.63,3307.16,0.0
2002-06-14T00:00:00+05:30,3312.07,3312.05,3321.92,3295.64,0.0
2002-06-17T00:00:00+05:30,3323.5,3350.03,3350.44,3318.7,0.0
2002-06-18T00:00:00+05:30,3284.54,3337.32,3361.73,3282.32,0.0
2002-06-19T00:00:00+05:30,3242.26,3284.32,3306.11,3222.23,0.0
2002-06-20T00:00:00+05:30,3264.02,3223.47,3276.06,3223.47,0.0
2002-06-21T00:00:00+05:30,3242.75,3268.1,3268.1,3232.66,0.0
2002-06-24T00:00:00+05:30,3231.62,3238.37,3238.37,3210.95,0.0
2002-06-25T00:00:00+05:30,3214.34,3226.21,3244.33,3193.68,0.0
2002-06-26T00:00:00+05:30,3180.89,3200.79,3206.87,3176.05,0.0
2002-06-27T00:00:00+05:30,3217.15,3199.03,3221.6,3189.96,0.0
2002-06-28T00:00:00+05:30,3244.7,3231.24,3252.65,3222.09,0.0
2002-07-01T00:00:00+05:30,3288.71,3246.44,3293.21,3246.44,0.0
2002-07-02T00:00:00+05:30,3285.04,3276.21,3296.87,3274.03,0.0
2002-07-03T00:00:00+05:30,3310.19,3283.03,3314.23,3279.83,0.0
2002-07-04T00:00:00+05:30,3316.77,3322.31,3337.69,3313.74,0.0
2002-07-05T00:00:00+05:30,3330.61,3322.14,3334.87,3309.61,0.0
2002-07-08T00:00:00+05:30,3357.66,3336.14,3366.72,3332.12,0.0
2002-07-09T00:00:00+05:30,3358.58,3356.85,3361.92,3343.1,0.0
2002-07-10T00:00:00+05:30,3332.36,3359.47,3366.74,3328.2,0.0
2002-07-11T00:00:00+05:30,3290.56,3332.15,3332.15,3287.91,0.0
2002-07-12T00:00:00+05:30,3305.83,3296.3,3318.33,3293.66,0.0
2002-07-15T00:00:00+05:30,3278.71,3302.64,3305.85,3258.72,0.0
2002-07-16T00:00:00+05:30,3229.18,3279.5,3286.94,3224.35,0.0
2002-07-17T00:00:00+05:30,3216.07,3232.39,3236.68,3192.67,0.0
2002-07-18T00:00:00+05:30,3245.74,3224.23,3253.4,3215.33,0.0
2002-07-19T00:00:00+05:30,3230.27,3239.66,3250.59,3227.27,0.0
2002-07-22T00:00:00+05:30,3153.34,3212.83,3212.83,3147.37,0.0
2002-07-23T00:00:00+05:30,3176.93,3142.48,3179.08,3135.39,0.0
2002-07-24T00:00:00+05:30,3107.48,3163.45,3167.6,3105.2,0.0
2002-07-25T00:00:00+05:30,3094.96,3149.18,3169.96,3091.33,0.0
2002-07-26T00:00:00+05:30,3024.35,3079.33,3084.34,3011.89,0.0
2002-07-29T00:00:00+05:30,3030.06,3039.56,3039.56,2955.1,0.0
2002-07-30T00:00:00+05:30,2990.91,3043.23,3080.7,2983.1,0.0
2002-07-31T00:00:00+05:30,2987.65,2981.05,2998.34,2932.35,0.0
2002-08-01T00:00:00+05:30,2975.81,2998.46,3018.52,2965.97,0.0
2002-08-02T00:00:00+05:30,2985.01,2960.48,2992.19,2933.39,0.0
2002-08-05T00:00:00+05:30,3011.35,2996.89,3018.71,2980.49,0.0
2002-08-06T00:00:00+05:30,3023.26,2997.96,3026.98,2981.51,0.0
2002-08-07T00:00:00+05:30,3009.48,3042.28,3055.22,3004.12,0.0
2002-08-08T00:00:00+05:30,2950.09,3014.68,3019.49,2945.5,0.0
2002-08-09T00:00:00+05:30,2976.34,2974.68,2982.51,2931.78,0.0
2002-08-12T00:00:00+05:30,3007.85,2972.59,3014.3,2972.59,0.0
2002-08-13T00:00:00+05:30,3036.4,3009.48,3066.7,3009.48,0.0
2002-08-14T00:00:00+05:30,3020.7,3032.99,3037.37,3013.16,0.0
2002-08-16T00:00:00+05:30,3065.9,3031.24,3070.86,3031.24,0.0
2002-08-19T00:00:00+05:30,3064.04,3073.13,3079.99,3061.39,0.0
2002-08-20T00:00:00+05:30,3089.58,3071.13,3094.8,3067.92,0.0
2002-08-21T00:00:00+05:30,3084.38,3083.82,3109.91,3082.02,0.0
2002-08-22T00:00:00+05:30,3080.7,3094.18,3109.72,3077.89,0.0
2002-08-23T00:00:00+05:30,3119.18,3083.0,3120.69,3083.0,0.0
2002-08-26T00:00:00+05:30,3123.6,3119.0,3130.78,3110.93,0.0
2002-08-27T00:00:00+05:30,3097.85,3128.41,3142.52,3093.9,0.0
2002-08-28T00:00:00+05:30,3099.38,3093.66,3103.38,3078.13,0.0
2002-08-29T00:00:00+05:30,3114.16,3099.12,3117.53,3091.56,0.0
2002-08-30T00:00:00+05:30,3181.23,3110.98,3185.08,3109.97,0.0
2002-09-02T00:00:00+05:30,3187.26,3206.81,3227.62,3179.33,0.0
2002-09-03T00:00:00+05:30,3159.77,3190.2,3193.44,3150.1,0.0
2002-09-04T00:00:00+05:30,3173.35,3145.34,3180.6,3126.75,0.0
2002-09-05T00:00:00+05:30,3181.47,3185.32,3197.29,3166.22,0.0
2002-09-06T00:00:00+05:30,3141.11,3176.15,3177.49,3131.15,0.0
2002-09-09T00:00:00+05:30,3089.47,3121.9,3126.3,3081.63,0.0
2002-09-11T00:00:00+05:30,3125.66,3096.93,3130.41,3096.93,0.0
2002-09-12T00:00:00+05:30,3131.34,3125.55,3136.88,3120.45,0.0
2002-09-13T00:00:00+05:30,3098.94,3115.98,3127.29,3093.71,0.0
2002-09-16T00:00:00+05:30,3076.01,3107.89,3109.91,3072.43,0.0
2002-09-17T00:00:00+05:30,3103.9,3078.16,3107.89,3078.16,0.0
2002-09-18T00:00:00+05:30,3069.78,3084.02,3094.61,3062.43,0.0
2002-09-19T00:00:00+05:30,3040.3,3071.1,3071.1,3027.5,0.0
2002-09-20T00:00:00+05:30,3024.35,3010.14,3030.8,2993.78,0.0
2002-09-23T00:00:00+05:30,3021.28,3030.65,3035.93,3008.5,0.0
2002-09-24T00:00:00+05:30,3022.25,3005.92,3032.22,2993.01,0.0
2002-09-25T00:00:00+05:30,3021.08,2973.97,3023.65,2973.97,0.0
2002-09-26T00:00:00+05:30,3014.69,3011.42,3038.06,3011.42,0.0
2002-09-27T00:00:00+05:30,3037.26,3020.23,3039.43,3012.82,0.0
2002-09-30T00:00:00+05:30,2991.36,3029.56,3029.56,2988.43,0.0
2002-10-01T00:00:00+05:30,2959.66,2976.04,2987.48,2948.75,0.0
2002-10-03T00:00:00+05:30,2938.06,2963.61,2970.29,2921.69,0.0
2002-10-04T00:00:00+05:30,2930.51,2934.67,2942.16,2916.38,0.0
2002-10-07T00:00:00+05:30,2952.78,2939.18,2957.99,2927.47,0.0
2002-10-08T00:00:00+05:30,2973.35,2954.29,2978.91,2953.95,0.0
2002-10-09T00:00:00+05:30,2956.89,2982.01,2992.91,2953.13,0.0
2002-10-10T00:00:00+05:30,2969.49,2954.13,2972.62,2934.76,0.0
2002-10-11T00:00:00+05:30,2995.77,2990.99,3005.78,2989.06,0.0
2002-10-14T00:00:00+05:30,3003.39,2996.16,3013.39,2993.25,0.0
2002-10-16T00:00:00+05:30,2994.99,3024.99,3031.01,2991.92,0.0
2002-10-17T00:00:00+05:30,3006.14,2995.7,3010.7,2980.14,0.0
2002-10-18T00:00:00+05:30,3009.76,3027.9,3038.92,3002.12,0.0
2002-10-21T00:00:00+05:30,2998.01,3012.18,3018.99,2992.54,0.0
2002-10-22T00:00:00+05:30,2965.97,2999.54,3006.13,2963.02,0.0
2002-10-23T00:00:00+05:30,2948.96,2961.75,2969.55,2941.29,0.0
2002-10-24T00:00:00+05:30,2908.05,2944.28,2958.01,2906.2,0.0
2002-10-25T00:00:00+05:30,2875.53,2903.96,2906.84,2855.9,0.0
2002-10-28T00:00:00+05:30,2834.41,2876.32,2876.32,2828.48,0.0
2002-10-29T00:00:00+05:30,2885.23,2846.8,2891.03,2846.8,0.0
2002-10-30T00:00:00+05:30,2888.59,2898.02,2908.21,2884.21,0.0
2002-10-31T00:00:00+05:30,2949.32,2904.91,2955.49,2900.87,0.0
2002-11-01T00:00:00+05:30,2950.58,2956.94,2962.32,2928.63,0.0
2002-11-04T00:00:00+05:30,2987.58,2986.54,2994.8,2974.93,0.0
2002-11-05T00:00:00+05:30,2982.39,2993.58,2993.58,2967.19,0.0
2002-11-07T00:00:00+05:30,2975.26,2983.74,2993.61,2958.32,0.0
2002-11-08T00:00:00+05:30,2956.84,2965.19,2966.59,2950.71,0.0
2002-11-11T00:00:00+05:30,2948.04,2954.99,2959.12,2942.46,0.0
2002-11-12T00:00:00+05:30,2961.24,2941.54,2963.83,2935.97,0.0
2002-11-13T00:00:00+05:30,2960.66,2972.35,2977.67,2957.19,0.0
2002-11-14T00:00:00+05:30,2986.56,2963.82,2991.61,2963.82,0.0
2002-11-15T00:00:00+05:30,3033.91,2997.47,3037.61,2997.47,0.0
2002-11-18T00:00:00+05:30,3057.16,3046.9,3071.28,3041.34,0.0
2002-11-20T00:00:00+05:30,3075.48,3056.18,3084.03,3056.18,0.0
2002-11-21T00:00:00+05:30,3101.36,3089.51,3110.38,3089.51,0.0
2002-11-22T00:00:00+05:30,3141.61,3121.17,3162.66,3121.17,0.0
2002-11-25T00:00:00+05:30,3175.56,3146.93,3183.29,3140.31,0.0
2002-11-26T00:00:00+05:30,3187.76,3190.67,3210.68,3181.25,0.0
2002-11-27T00:00:00+05:30,3174.11,3193.13,3206.63,3158.0,0.0
2002-11-28T00:00:00+05:30,3220.75,3192.12,3229.75,3192.12,0.0
2002-11-29T00:00:00+05:30,3228.82,3224.98,3245.98,3195.6,0.0
2002-12-02T00:00:00+05:30,3270.36,3247.6,3277.37,3238.89,0.0
2002-12-03T00:00:00+05:30,3230.14,3276.7,3292.87,3223.03,0.0
2002-12-04T00:00:00+05:30,3207.36,3243.86,3243.86,3188.78,0.0
2002-12-05T00:00:00+05:30,3229.73,3186.62,3250.25,3186.62,0.0
2002-12-06T00:00:00+05:30,3306.29,3235.68,3309.8,3235.68,0.0
2002-12-09T00:00:00+05:30,3269.31,3320.87,3349.36,3264.76,0.0
2002-12-10T00:00:00+05:30,3289.68,3256.63,3294.69,3241.4,0.0
2002-12-11T00:00:00+05:30,3303.27,3298.94,3324.23,3287.28,0.0
2002-12-12T00:00:00+05:30,3324.48,3316.84,3331.27,3299.48,0.0
2002-12-13T00:00:00+05:30,3342.97,3335.28,3349.49,3329.21,0.0
2002-12-16T00:00:00+05:30,3328.39,3360.2,3371.16,3324.4,0.0
2002-12-17T00:00:00+05:30,3311.06,3338.88,3347.92,3301.78,0.0
2002-12-18T00:00:00+05:30,3333.31,3321.12,3348.57,3319.25,0.0
2002-12-19T00:00:00+05:30,3333.86,3332.72,3345.67,3313.45,0.0
2002-12-20T00:00:00+05:30,3337.22,3339.46,3356.0,3329.1,0.0
2002-12-23T00:00:00+05:30,3329.61,3346.56,3351.01,3321.07,0.0
2002-12-24T00:00:00+05:30,3352.77,3328.66,3359.39,3318.02,0.0
2002-12-26T00:00:00+05:30,3382.64,3360.86,3399.37,3360.41,0.0
2002-12-27T00:00:00+05:30,3398.0,3393.58,3413.83,3393.58,0.0
2002-12-30T00:00:00+05:30,3374.97,3389.12,3389.12,3359.76,0.0
2002-12-31T00:00:00+05:30,3377.28,3376.48,3398.11,3374.73,0.0
2003-01-01T00:00:00+05:30,3390.12,3383.85,3396.8,3381.07,0.0
2003-01-02T00:00:00+05:30,3365.06,3399.72,3407.24,3363.11,0.0
2003-01-03T00:00:00+05:30,3357.54,3380.44,3386.97,3351.89,0.0
2003-01-06T00:00:00+05:30,3334.89,3364.72,3364.72,3330.02,0.0
2003-01-07T00:00:00+05:30,3330.5,3350.18,3352.43,3320.42,0.0
2003-01-08T00:00:00+05:30,3357.87,3339.89,3362.12,3338.94,0.0
2003-01-09T00:00:00+05:30,3384.2,3367.34,3388.19,3366.28,0.0
2003-01-10T00:00:00+05:30,3358.99,3416.92,3416.92,3342.12,0.0
2003-01-13T00:00:00+05:30,3327.16,3355.07,3356.93,3324.25,0.0
2003-01-14T00:00:00+05:30,3335.35,3334.94,3341.55,3321.49,0.0
2003-01-15T00:00:00+05:30,3357.69,3333.2,3359.98,3333.2,0.0
2003-01-16T00:00:00+05:30,3373.52,3358.47,3377.27,3352.55,0.0
2003-01-17T00:00:00+05:30,3370.39,3377.94,3382.53,3366.24,0.0
2003-01-20T00:00:00+05:30,3341.89,3364.53,3368.08,3338.09,0.0
2003-01-21T00:00:00+05:30,3354.14,3348.32,3356.82,3336.95,0.0
2003-01-22T00:00:00+05:30,3357.04,3364.11,3367.23,3345.62,0.0
2003-01-23T00:00:00+05:30,3328.18,3351.75,3360.37,3324.49,0.0
2003-01-24T00:00:00+05:30,3287.86,3332.02,3340.68,3281.93,0.0
2003-01-27T00:00:00+05:30,3247.71,3283.93,3286.46,3221.69,0.0
2003-01-28T00:00:00+05:30,3267.84,3247.09,3269.13,3209.51,0.0
2003-01-29T00:00:00+05:30,3238.02,3273.78,3275.92,3225.74,0.0
2003-01-30T00:00:00+05:30,3219.88,3246.54,3256.48,3217.37,0.0
2003-01-31T00:00:00+05:30,3250.38,3216.16,3257.48,3199.18,0.0
2003-02-03T00:00:00+05:30,3279.83,3260.04,3283.48,3250.52,0.0
2003-02-04T00:00:00+05:30,3278.13,3283.59,3295.25,3271.75,0.0
2003-02-05T00:00:00+05:30,3256.08,3268.61,3277.09,3239.02,0.0
2003-02-06T00:00:00+05:30,3305.44,3253.14,3311.18,3253.14,0.0
2003-02-07T00:00:00+05:30,3279.77,3309.46,3309.96,3277.33,0.0
2003-02-10T00:00:00+05:30,3256.86,3281.37,3281.42,3252.49,0.0
2003-02-11T00:00:00+05:30,3261.47,3269.85,3278.79,3249.63,0.0
2003-02-12T00:00:00+05:30,3247.51,3266.26,3268.39,3236.33,0.0
2003-02-14T00:00:00+05:30,3223.41,3250.65,3254.04,3218.37,0.0
2003-02-17T00:00:00+05:30,3282.45,3248.9,3287.01,3248.9,0.0
2003-02-18T00:00:00+05:30,3289.09,3284.04,3301.92,3284.04,0.0
2003-02-19T00:00:00+05:30,3302.04,3303.09,3317.8,3300.85,0.0
2003-02-20T00:00:00+05:30,3303.22,3301.81,3307.87,3284.58,0.0
2003-02-21T00:00:00+05:30,3307.2,3303.33,3313.6,3294.68,0.0
2003-02-24T00:00:00+05:30,3322.17,3318.25,3341.61,3318.25,0.0
2003-02-25T00:00:00+05:30,3281.92,3316.91,3316.91,3279.0,0.0
2003-02-26T00:00:00+05:30,3260.48,3291.07,3292.69,3259.0,0.0
2003-02-27T00:00:00+05:30,3277.34,3254.84,3283.29,3251.4,0.0
2003-02-28T00:00:00+05:30,3283.66,3294.6,3316.74,3269.8,0.0
2003-03-03T00:00:00+05:30,3277.27,3301.67,3311.57,3274.64,0.0
2003-03-04T00:00:00+05:30,3244.8,3271.06,3272.19,3240.16,0.0
2003-03-05T00:00:00+05:30,3226.1,3233.43,3235.85,3190.06,0.0
2003-03-06T00:00:00+05:30,3190.35,3252.28,3252.28,3186.43,0.0
2003-03-07T00:00:00+05:30,3153.06,3182.16,3182.16,3142.89,0.0
2003-03-10T00:00:00+05:30,3125.88,3152.9,3162.27,3115.32,0.0
2003-03-11T00:00:00+05:30,3154.91,3117.49,3159.48,3100.14,0.0
2003-03-12T00:00:00+05:30,3110.08,3151.6,3158.98,3106.85,0.0
2003-03-13T00:00:00+05:30,3108.24,3113.35,3127.3,3086.43,0.0
2003-03-17T00:00:00+05:30,3084.91,3115.14,3115.14,3049.05,0.0
2003-03-19T00:00:00+05:30,3121.18,3103.87,3128.83,3103.87,0.0
2003-03-20T00:00:00+05:30,3192.93,3118.8,3197.66,3118.32,0.0
2003-03-21T00:00:00+05:30,3200.15,3195.66,3209.46,3179.79,0.0
2003-03-24T00:00:00+05:30,3140.36,3216.07,3216.07,3137.56,0.0
2003-03-25T00:00:00+05:30,3140.42,3122.7,3143.02,3102.65,0.0
2003-03-26T00:00:00+05:30,3143.58,3148.07,3165.38,3139.65,0.0
2003-03-27T00:00:00+05:30,3116.79,3138.89,3146.29,3115.06,0.0
2003-03-28T00:00:00+05:30,3115.44,3115.37,3130.33,3099.0,0.0
2003-03-31T00:00:00+05:30,3048.72,3106.93,3106.93,3039.83,0.0
2003-04-01T00:00:00+05:30,3080.95,3037.54,3089.6,3037.54,0.0
2003-04-02T00:00:00+05:30,3116.99,3083.94,3120.31,3079.62,0.0
2003-04-03T00:00:00+05:30,3151.16,3130.84,3155.12,3119.8,0.0
2003-04-04T00:00:00+05:30,3167.7,3145.0,3169.2,3130.8,0.0
2003-04-07T00:00:00+05:30,3215.24,3181.94,3221.9,3180.87,0.0
2003-04-08T00:00:00+05:30,3174.86,3205.92,3209.42,3172.68,0.0
2003-04-09T00:00:00+05:30,3141.25,3160.74,3164.6,3126.83,0.0
2003-04-10T00:00:00+05:30,3035.33,3137.24,3137.24,3021.74,0.0
2003-04-11T00:00:00+05:30,2997.87,3030.46,3048.07,2962.97,0.0
2003-04-15T00:00:00+05:30,2997.38,3010.96,3018.66,2948.67,0.0
2003-04-16T00:00:00+05:30,3032.32,3005.35,3037.3,3000.72,0.0
2003-04-17T00:00:00+05:30,2984.5,3002.68,3011.92,2971.94,0.0
2003-04-21T00:00:00+05:30,2996.97,2992.9,3002.11,2985.6,0.0
2003-04-22T00:00:00+05:30,2985.54,2994.5,2998.13,2971.69,0.0
2003-04-23T00:00:00+05:30,2947.33,2997.34,3009.01,2943.45,0.0
2003-04-24T00:00:00+05:30,2937.23,2951.09,2973.03,2932.34,0.0
2003-04-25T00:00:00+05:30,2924.03,2935.08,2937.59,2908.29,0.0
2003-04-28T00:00:00+05:30,2936.71,2909.42,2942.45,2904.44,0.0
2003-04-29T00:00:00+05:30,2950.14,2949.04,2961.47,2944.13,0.0
2003-04-30T00:00:00+05:30,2959.79,2942.42,2962.4,2942.42,0.0
2003-05-02T00:00:00+05:30,2966.63,2949.04,2968.96,2939.16,0.0
2003-05-05T00:00:00+05:30,2975.47,2977.47,2988.69,2967.88,0.0
2003-05-06T00:00:00+05:30,2993.0,2981.87,3001.21,2972.33,0.0
2003-05-07T00:00:00+05:30,2980.74,2988.18,3003.0,2978.54,0.0
2003-05-08T00:00:00+05:30,2961.6,2980.25,2989.23,2953.42,0.0
2003-05-09T00:00:00+05:30,2950.0,2953.12,2960.92,2943.84,0.0
2003-05-12T00:00:00+05:30,2942.78,2955.19,2965.37,2934.78,0.0
2003-05-13T00:00:00+05:30,2960.62,2947.03,2964.96,2947.03,0.0
2003-05-14T00:00:00+05:30,2993.94,2959.51,2997.64,2959.51,0.0
2003-05-15T00:00:00+05:30,3012.97,2996.67,3016.94,2993.39,0.0
2003-05-16T00:00:00+05:30,3056.58,3019.48,3059.42,3019.48,0.0
2003-05-19T00:00:00+05:30,3043.89,3063.14,3082.21,3039.93,0.0
2003-05-20T00:00:00+05:30,3062.92,3032.85,3066.29,3025.2,0.0
2003-05-21T00:00:00+05:30,3057.09,3068.12,3092.38,3054.47,0.0
2003-05-22T00:00:00+05:30,3040.79,3055.2,3067.12,3032.91,0.0
2003-05-23T00:00:00+05:30,3049.84,3041.63,3060.48,3036.42,0.0
2003-05-26T00:00:00+05:30,3096.69,3051.3,3101.75,3050.16,0.0
2003-05-27T00:00:00+05:30,3081.94,3103.56,3118.58,3076.99,0.0
2003-05-28T00:00:00+05:30,3130.46,3093.72,3133.17,3086.15,0.0
2003-05-29T00:00:00+05:30,3164.25,3116.85,3171.8,3116.85,0.0
2003-05-30T00:00:00+05:30,3180.75,3172.05,3200.48,3158.74,0.0
2003-06-02T00:00:00+05:30,3206.38,3176.56,3220.14,3170.38,0.0
2003-06-03T00:00:00+05:30,3181.97,3212.99,3214.33,3176.77,0.0
2003-06-04T00:00:00+05:30,3216.49,3187.41,3220.19,3187.41,0.0
2003-06-05T00:00:00+05:30,3262.2,3233.05,3274.45,3233.05,0.0
2003-06-06T00:00:00+05:30,3303.24,3270.06,3313.54,3270.06,0.0
2003-06-09T00:00:00+05:30,3337.31,3304.65,3351.36,3295.14,0.0
2003-06-10T00:00:00+05:30,3289.55,3332.66,3350.02,3281.21,0.0
2003-06-11T00:00:00+05:30,3314.6,3289.36,3327.61,3287.72,0.0
2003-06-12T00:00:00+05:30,3337.3,3318.9,3340.98,3318.9,0.0
2003-06-13T00:00:00+05:30,3354.14,3342.65,3364.02,3338.9,0.0
2003-06-16T00:00:00+05:30,3336.64,3358.38,3361.98,3325.44,0.0
2003-06-17T00:00:00+05:30,3431.03,3364.1,3435.68,3362.34,0.0
2003-06-18T00:00:00+05:30,3430.96,3440.69,3452.73,3417.74,0.0
2003-06-19T00:00:00+05:30,3454.6,3429.0,3467.26,3429.0,0.0
2003-06-20T00:00:00+05:30,3499.5,3450.57,3503.01,3427.36,0.0
2003-06-23T00:00:00+05:30,3461.38,3500.19,3510.11,3457.44,0.0
2003-06-24T00:00:00+05:30,3447.45,3441.07,3473.23,3438.27,0.0
2003-06-25T00:00:00+05:30,3517.27,3456.85,3526.86,3456.85,0.0
2003-06-26T00:00:00+05:30,3552.4,3528.28,3564.68,3522.05,0.0
2003-06-27T00:00:00+05:30,3583.06,3577.96,3589.54,3532.52,0.0
2003-06-30T00:00:00+05:30,3607.13,3585.57,3632.84,3585.57,0.0
2003-07-01T00:00:00+05:30,3604.43,3617.74,3622.89,3584.73,0.0
2003-07-02T00:00:00+05:30,3601.39,3613.42,3640.97,3596.47,0.0
2003-07-03T00:00:00+05:30,3639.89,3616.98,3661.99,3592.18,0.0
2003-07-04T00:00:00+05:30,3622.34,3642.3,3661.87,3610.11,0.0
2003-07-07T00:00:00+05:30,3612.53,3631.46,3645.42,3607.1,0.0
2003-07-08T00:00:00+05:30,3629.68,3628.02,3645.64,3623.02,0.0
2003-07-09T00:00:00+05:30,3620.79,3635.86,3644.88,3604.96,0.0
2003-07-10T00:00:00+05:30,3679.63,3639.42,3684.18,3639.42,0.0
2003-07-11T00:00:00+05:30,3676.26,3682.09,3714.84,3659.21,0.0
2003-07-14T00:00:00+05:30,3720.75,3704.63,3726.56,3704.63,21200.0
2003-07-15T00:00:00+05:30,3686.34,3719.17,3733.88,3657.18,22800.0
2003-07-16T00:00:00+05:30,3721.65,3702.14,3729.4,3662.7,18400.0
2003-07-17T00:00:00+05:30,3668.91,3728.84,3750.0,3660.34,22000.0
2003-07-18T00:00:00+05:30,3647.58,3651.39,3684.23,3625.73,22000.0
2003-07-21T00:00:00+05:30,3569.58,3655.26,3664.64,3564.41,19400.0
2003-07-22T00:00:00+05:30,3554.13,3557.13,3582.08,3534.06,22400.0
2003-07-23T00:00:00+05:30,3577.89,3571.75,3596.59,3551.98,31800.0
2003-07-24T00:00:00+05:30,3668.07,3595.6,3678.38,3572.64,44400.0
2003-07-25T00:00:00+05:30,3726.46,3685.31,3737.76,3661.69,25800.0
2003-07-28T00:00:00+05:30,3739.76,3745.99,3775.65,3730.07,24600.0
2003-07-29T00:00:00+05:30,3764.44,3731.85,3771.35,3694.94,21800.0
2003-07-30T00:00:00+05:30,3780.42,3761.76,3799.89,3759.98,22600.0
2003-07-31T00:00:00+05:30,3792.61,3796.53,3835.75,3785.12,37000.0
2003-08-01T00:00:00+05:30,3815.31,3800.73,3831.96,3779.73,26000.0
2003-08-04T00:00:00+05:30,3832.5,3798.81,3840.72,3785.85,19800.0
2003-08-05T00:00:00+05:30,3765.82,3845.93,3878.72,3761.84,26000.0
2003-08-06T00:00:00+05:30,3741.66,3754.65,3798.87,3722.08,29000.0
2003-08-07T00:00:00+05:30,3806.83,3749.18,3816.16,3733.63,24200.0
2003-08-08T00:00:00+05:30,3883.76,3824.26,3890.78,3823.39,29200.0
2003-08-11T00:00:00+05:30,3893.41,3842.14,3915.9,3842.14,21800.0
2003-08-12T00:00:00+05:30,3889.41,3907.03,3938.91,3879.35,27400.0
2003-08-13T00:00:00+05:30,3926.07,3910.86,3935.8,3874.34,25200.0
2003-08-14T00:00:00+05:30,3921.2,3932.59,3959.1,3908.7,22600.0
2003-08-18T00:00:00+05:30,3977.73,3932.37,3985.46,3928.17,19400.0
2003-08-19T00:00:00+05:30,4006.91,3985.77,4026.27,3981.92,24400.0
2003-08-20T00:00:00+05:30,4056.6,4027.6,4066.03,4027.6,21200.0
2003-08-21T00:00:00+05:30,4095.39,4075.17,4106.71,4073.06,27000.0
2003-08-22T00:00:00+05:30,4125.12,4146.56,4149.54,4084.19,28000.0
2003-08-25T00:00:00+05:30,4004.63,4149.82,4170.58,3943.66,34200.0
2003-08-26T00:00:00+05:30,4152.29,4021.91,4160.02,4021.91,28800.0
2003-08-27T00:00:00+05:30,4205.56,4173.36,4222.39,4173.36,25600.0
2003-08-28T00:00:00+05:30,4212.29,4256.07,4256.07,4179.33,28600.0
2003-08-29T00:00:00+05:30,4244.73,4235.26,4277.64,4228.85,35200.0
2003-09-01T00:00:00+05:30,4324.76,4248.07,4329.57,4248.07,24800.0
2003-09-02T00:00:00+05:30,4339.2,4341.73,4358.3,4291.96,31200.0
2003-09-03T00:00:00+05:30,4257.94,4361.87,4367.87,4248.86,28800.0
2003-09-04T00:00:00+05:30,4310.51,4276.4,4328.37,4257.41,33000.0
2003-09-05T00:00:00+05:30,4369.17,4314.68,4371.98,4314.68,30800.0
2003-09-08T00:00:00+05:30,4434.25,4399.61,4444.62,4399.61,25200.0
2003-09-09T00:00:00+05:30,4425.2,4458.64,4473.57,4398.09,30400.0
2003-09-10T00:00:00+05:30,4434.26,4410.12,4438.23,4378.65,26600.0
2003-09-11T00:00:00+05:30,4393.13,4423.71,4463.38,4381.09,25800.0
2003-09-12T00:00:00+05:30,4305.91,4407.72,4437.0,4297.71,26600.0
2003-09-15T00:00:00+05:30,4193.83,4310.17,4310.17,4184.11,33800.0
2003-09-16T00:00:00+05:30,4274.75,4195.1,4290.07,4134.69,40400.0
2003-09-17T00:00:00+05:30,4235.35,4299.37,4330.85,4222.6,32200.0
2003-09-18T00:00:00+05:30,4134.15,4243.01,4251.54,4126.22,33600.0
2003-09-19T00:00:00+05:30,4217.12,4159.72,4224.73,4097.55,35400.0
2003-09-22T00:00:00+05:30,4151.72,4230.91,4237.42,4141.8,24600.0
2003-09-23T00:00:00+05:30,4231.69,4138.01,4240.02,4111.54,25200.0
2003-09-24T00:00:00+05:30,4356.39,4249.93,4366.83,4229.87,30400.0
2003-09-25T00:00:00+05:30,4297.15,4347.23,4360.72,4285.01,31000.0
2003-09-26T00:00:00+05:30,4382.57,4299.66,4388.83,4299.66,24800.0
2003-09-29T00:00:00+05:30,4402.05,4392.87,4426.3,4385.54,31600.0
2003-09-30T00:00:00+05:30,4453.24,4428.16,4456.41,4413.72,30400.0
2003-10-01T00:00:00+05:30,4455.08,4452.07,4487.05,4432.93,26400.0
2003-10-03T00:00:00+05:30,4552.92,4465.44,4556.89,4465.44,33000.0
2003-10-06T00:00:00+05:30,4631.39,4567.68,4637.27,4552.39,26400.0
2003-10-07T00:00:00+05:30,4632.94,4644.86,4688.33,4601.16,33400.0
2003-10-08T00:00:00+05:30,4634.86,4646.63,4667.49,4586.96,28800.0
2003-10-09T00:00:00+05:30,4698.68,4643.32,4710.28,4643.32,25400.0
2003-10-10T00:00:00+05:30,4768.9,4735.09,4780.77,4730.31,33200.0
2003-10-13T00:00:00+05:30,4849.27,4787.75,4859.93,4786.69,29600.0
2003-10-14T00:00:00+05:30,4782.03,4866.12,4900.92,4765.35,37600.0
2003-10-15T00:00:00+05:30,4855.26,4790.54,4867.91,4738.72,31800.0
2003-10-16T00:00:00+05:30,4887.32,4887.04,4921.65,4865.26,39200.0
2003-10-17T00:00:00+05:30,4930.53,4912.27,4949.23,4901.59,35400.0
2003-10-20T00:00:00+05:30,4851.67,4951.11,4951.11,4838.7,31000.0
2003-10-21T00:00:00+05:30,4755.72,4868.0,4880.66,4727.43,39400.0
2003-10-22T00:00:00+05:30,4741.2,4772.84,4801.7,4705.41,34000.0
2003-10-23T00:00:00+05:30,4648.41,4744.48,4755.94,4634.9,31000.0
2003-10-24T00:00:00+05:30,4757.37,4654.27,4772.07,4599.61,38400.0
2003-10-27T00:00:00+05:30,4698.28,4802.07,4814.32,4689.09,31400.0
2003-10-28T00:00:00+05:30,4707.8,4710.22,4748.19,4666.19,34600.0
2003-10-29T00:00:00+05:30,4744.1,4732.79,4747.59,4684.42,34200.0
2003-10-30T00:00:00+05:30,4780.52,4751.83,4805.72,4735.77,42200.0
2003-10-31T00:00:00+05:30,4906.87,4787.05,4913.18,4779.09,32200.0
2003-11-03T00:00:00+05:30,5063.03,4946.93,5068.66,4946.93,40800.0
2003-11-04T00:00:00+05:30,5097.84,5096.16,5135.0,5055.57,44200.0
2003-11-05T00:00:00+05:30,5064.91,5116.86,5127.79,5021.97,36400.0
2003-11-06T00:00:00+05:30,5047.54,5080.05,5118.08,5030.04,34000.0
2003-11-07T00:00:00+05:30,4971.57,5071.2,5092.7,4965.5,25200.0
2003-11-10T00:00:00+05:30,4998.57,4962.22,5017.9,4909.66,34200.0
2003-11-11T00:00:00+05:30,5030.64,4998.79,5039.2,4988.88,29000.0
2003-11-12T00:00:00+05:30,5005.77,5040.55,5059.98,4998.26,27200.0
2003-11-13T00:00:00+05:30,4949.16,5027.99,5053.49,4941.49,33400.0
2003-11-14T00:00:00+05:30,4865.83,4948.77,4961.37,4854.16,32600.0
2003-11-17T00:00:00+05:30,4940.23,4907.02,4959.96,4882.97,23400.0
2003-11-18T00:00:00+05:30,4891.13,4955.32,4981.48,4875.46,26800.0
2003-11-19T00:00:00+05:30,4823.73,4868.43,4868.43,4800.67,31400.0
2003-11-20T00:00:00+05:30,4771.23,4840.8,4878.81,4763.53,28800.0
2003-11-21T00:00:00+05:30,4838.54,4770.75,4851.67,4736.7,29600.0
2003-11-24T00:00:00+05:30,4822.15,4852.12,4858.43,4803.8,20600.0
2003-11-25T00:00:00+05:30,4894.59,4845.1,4900.21,4843.46,22200.0
2003-11-27T00:00:00+05:30,4989.04,4907.38,5000.41,4907.38,38800.0
2003-11-28T00:00:00+05:30,5044.82,4995.15,5050.56,4991.24,30800.0
2003-12-01T00:00:00+05:30,5160.85,5086.86,5166.56,5082.82,51200.0
2003-12-02T00:00:00+05:30,5186.08,5187.73,5204.57,5123.8,33400.0
2003-12-03T00:00:00+05:30,5221.9,5198.74,5246.74,5178.22,25400.0
2003-12-04T00:00:00+05:30,5225.9,5229.18,5252.21,5174.86,32200.0
2003-12-05T00:00:00+05:30,5131.72,5245.75,5263.11,5125.07,31400.0
2003-12-08T00:00:00+05:30,5131.54,5144.95,5163.01,5089.57,29400.0
2003-12-09T00:00:00+05:30,5229.34,5143.19,5232.49,5143.19,21600.0
2003-12-10T00:00:00+05:30,5285.54,5234.72,5300.79,5220.6,29000.0
2003-12-11T00:00:00+05:30,5299.96,5306.62,5317.41,5253.81,25600.0
2003-12-12T00:00:00+05:30,5315.81,5321.49,5343.91,5283.75,26400.0
2003-12-15T00:00:00+05:30,5390.88,5353.7,5399.08,5351.03,24400.0
2003-12-16T00:00:00+05:30,5437.05,5374.15,5445.34,5351.21,30800.0
2003-12-17T00:00:00+05:30,5418.23,5437.26,5457.88,5401.09,23600.0
2003-12-18T00:00:00+05:30,5455.0,5432.46,5466.3,5407.46,30800.0
2003-12-19T00:00:00+05:30,5541.35,5486.63,5555.68,5486.63,33000.0
2003-12-22T00:00:00+05:30,5577.96,5547.68,5590.45,5543.98,29200.0
2003-12-23T00:00:00+05:30,5564.33,5590.01,5616.25,5550.52,29000.0
2003-12-24T00:00:00+05:30,5641.92,5566.05,5648.24,5560.23,30800.0
2003-12-26T00:00:00+05:30,5699.24,5650.74,5705.3,5650.74,24400.0
2003-12-29T00:00:00+05:30,5797.33,5725.44,5814.26,5725.44,18800.0
2003-12-30T00:00:00+05:30,5791.85,5831.78,5920.76,5762.6,34200.0
2003-12-31T00:00:00+05:30,5838.96,5812.38,5876.55,5801.52,28200.0
2004-01-01T00:00:00+05:30,5915.47,5872.48,5936.41,5868.27,0.0
2004-01-02T00:00:00+05:30,6026.59,5944.23,6034.38,5944.23,31400.0
2004-01-05T00:00:00+05:30,6039.0,6050.48,6078.11,5964.65,33600.0
2004-01-06T00:00:00+05:30,5943.64,6068.68,6121.2,5916.33,37600.0
2004-01-07T00:00:00+05:30,5957.02,5970.35,5985.3,5870.55,36200.0
2004-01-08T00:00:00+05:30,6108.54,5992.1,6118.62,5992.1,31600.0
2004-01-09T00:00:00+05:30,6119.59,6211.06,6249.6,6096.68,45200.0
2004-01-12T00:00:00+05:30,6067.76,6152.22,6152.22,6037.3,31600.0
2004-01-13T00:00:00+05:30,6132.97,6084.65,6147.74,6011.57,33200.0
2004-01-14T00:00:00+05:30,6194.11,6157.88,6215.02,6157.88,35600.0
2004-01-15T00:00:00+05:30,6063.91,6219.81,6248.81,6045.3,38000.0
2004-01-16T00:00:00+05:30,5946.19,6068.66,6072.03,5914.02,47800.0
2004-01-19T00:00:00+05:30,6064.1,5967.39,6076.97,5870.99,36200.0
2004-01-20T00:00:00+05:30,5922.11,6099.94,6130.09,5899.71,41000.0
2004-01-21T00:00:00+05:30,5758.19,5927.42,5962.36,5728.32,43200.0
2004-01-22T00:00:00+05:30,5593.74,5793.83,5852.96,5567.68,51000.0
2004-01-23T00:00:00+05:30,5816.64,5646.33,5832.74,5596.57,37600.0
2004-01-27T00:00:00+05:30,5993.06,5854.35,6005.54,5791.74,45200.0
2004-01-28T00:00:00+05:30,5876.05,5980.88,6030.55,5815.2,47800.0
2004-01-29T00:00:00+05:30,5802.75,5865.21,5921.72,5774.31,45000.0
2004-01-30T00:00:00+05:30,5695.67,5841.21,5854.29,5685.64,38800.0
2004-02-03T00:00:00+05:30,5620.98,5715.46,5715.46,5550.17,39600.0
2004-02-04T00:00:00+05:30,5756.76,5633.15,5769.79,5574.68,41800.0
2004-02-05T00:00:00+05:30,5720.63,5756.3,5820.45,5648.14,44600.0
2004-02-06T00:00:00+05:30,5786.35,5710.13,5800.94,5683.61,37800.0
2004-02-09T00:00:00+05:30,5926.22,5810.21,5935.68,5807.73,30400.0
2004-02-10T00:00:00+05:30,5932.52,5937.46,5972.94,5866.62,44400.0
2004-02-11T00:00:00+05:30,5949.78,5936.41,5958.91,5905.23,37200.0
2004-02-12T00:00:00+05:30,5936.96,5973.71,5986.41,5886.98,37600.0
2004-02-13T00:00:00+05:30,6011.66,5936.65,6017.01,5922.38,32800.0
2004-02-16T00:00:00+05:30,6012.35,6025.85,6063.91,6001.57,30800.0
2004-02-17T00:00:00+05:30,6035.8,6018.95,6058.99,5999.13,30800.0
2004-02-18T00:00:00+05:30,6027.02,6060.14,6082.8,6018.81,31200.0
2004-02-19T00:00:00+05:30,5855.1,6041.36,6041.36,5845.07,40400.0
2004-02-20T00:00:00+05:30,5850.72,5847.97,5893.62,5770.87,41000.0
2004-02-23T00:00:00+05:30,5698.04,5869.61,5875.23,5680.36,28600.0
2004-02-24T00:00:00+05:30,5734.44,5686.81,5748.15,5606.84,42400.0
2004-02-25T00:00:00+05:30,5618.15,5746.79,5746.79,5606.86,33800.0
2004-02-26T00:00:00+05:30,5567.12,5639.83,5723.31,5556.31,34400.0
2004-02-27T00:00:00+05:30,5667.51,5595.83,5683.29,5551.64,41600.0
2004-03-01T00:00:00+05:30,5823.17,5649.3,5831.55,5649.3,32200.0
2004-03-03T00:00:00+05:30,5842.2,5830.77,5870.63,5792.97,39400.0
2004-03-04T00:00:00+05:30,5815.87,5842.41,5872.75,5769.34,36200.0
2004-03-05T00:00:00+05:30,5880.35,5834.37,5892.78,5818.77,37600.0
2004-03-08T00:00:00+05:30,5935.19,5899.26,5951.03,5898.57,36400.0
2004-03-09T00:00:00+05:30,5850.61,5923.35,5923.35,5794.82,37600.0
2004-03-10T00:00:00+05:30,5759.29,5833.19,5833.19,5745.56,35000.0
2004-03-11T00:00:00+05:30,5649.86,5737.69,5763.71,5634.4,36200.0
2004-03-12T00:00:00+05:30,5700.4,5632.13,5735.94,5570.81,38400.0
2004-03-15T00:00:00+05:30,5520.66,5745.06,5764.2,5505.98,38400.0
2004-03-16T00:00:00+05:30,5525.09,5471.17,5551.92,5434.97,40800.0
2004-03-17T00:00:00+05:30,5535.69,5545.83,5560.15,5482.63,33400.0
2004-03-18T00:00:00+05:30,5414.94,5539.72,5540.68,5399.05,36000.0
2004-03-19T00:00:00+05:30,5443.44,5410.48,5496.68,5386.62,30600.0
2004-03-22T00:00:00+05:30,5365.4,5446.88,5446.88,5347.05,25400.0
2004-03-23T00:00:00+05:30,5400.99,5356.97,5450.38,5324.78,31800.0
2004-03-24T00:00:00+05:30,5395.28,5412.13,5435.4,5345.15,26600.0
2004-03-25T00:00:00+05:30,5414.44,5403.38,5438.86,5368.88,27000.0
2004-03-26T00:00:00+05:30,5528.94,5448.29,5552.34,5448.29,32400.0
2004-03-29T00:00:00+05:30,5571.37,5538.52,5578.74,5495.31,27800.0
2004-03-30T00:00:00+05:30,5520.44,5595.93,5608.31,5509.58,26600.0
2004-03-31T00:00:00+05:30,5590.6,5513.12,5599.6,5493.12,26200.0
2004-04-01T00:00:00+05:30,5740.85,5599.12,5750.29,5599.12,28400.0
2004-04-02T00:00:00+05:30,5788.08,5762.81,5799.16,5700.6,33000.0
2004-04-05T00:00:00+05:30,5838.02,5809.74,5905.35,5798.37,24000.0
2004-04-06T00:00:00+05:30,5822.42,5886.02,5897.56,5780.94,27400.0
2004-04-07T00:00:00+05:30,5815.13,5827.07,5860.67,5774.88,22800.0
2004-04-08T00:00:00+05:30,5838.45,5824.37,5864.55,5783.74,28600.0
2004-04-12T00:00:00+05:30,5783.79,5856.44,5867.07,5760.25,19800.0
2004-04-13T00:00:00+05:30,5904.52,5823.53,5920.18,5743.58,23400.0
2004-04-15T00:00:00+05:30,5843.97,5923.84,5927.04,5824.21,32400.0
2004-04-16T00:00:00+05:30,5862.82,5870.41,5903.13,5843.77,23000.0
2004-04-19T00:00:00+05:30,5800.54,5875.53,5895.17,5782.37,22000.0
2004-04-20T00:00:00+05:30,5804.81,5814.88,5819.92,5765.38,20800.0
2004-04-21T00:00:00+05:30,5876.42,5803.7,5890.02,5783.92,21400.0
2004-04-22T00:00:00+05:30,5924.18,5888.17,5947.57,5863.6,23800.0
2004-04-23T00:00:00+05:30,5925.58,5941.1,5979.25,5905.58,31200.0
2004-04-27T00:00:00+05:30,5712.28,5841.3,5841.3,5704.28,30600.0
2004-04-28T00:00:00+05:30,5713.09,5709.43,5757.52,5659.83,26000.0
2004-04-29T00:00:00+05:30,5668.43,5710.56,5710.56,5626.41,32600.0
2004-04-30T00:00:00+05:30,5655.09,5674.76,5710.45,5632.99,25000.0
2004-05-03T00:00:00+05:30,5584.99,5645.86,5645.86,5506.0,26800.0
2004-05-04T00:00:00+05:30,5647.15,5616.41,5677.11,5616.41,22800.0
2004-05-05T00:00:00+05:30,5686.19,5665.67,5695.18,5648.64,31400.0
2004-05-06T00:00:00+05:30,5757.3,5749.98,5772.64,5739.26,25000.0
2004-05-07T00:00:00+05:30,5669.58,5748.34,5748.34,5645.79,22800.0
2004-05-10T00:00:00+05:30,5555.84,5628.61,5628.61,5501.17,24800.0
2004-05-11T00:00:00+05:30,5325.9,5472.03,5472.03,5309.42,33200.0
2004-05-12T00:00:00+05:30,5358.35,5296.25,5387.87,5296.25,28800.0
2004-05-13T00:00:00+05:30,5399.47,5234.51,5487.34,5131.03,45200.0
2004-05-14T00:00:00+05:30,5069.87,5409.34,5416.04,5043.99,49400.0
2004-05-17T00:00:00+05:30,4505.16,5020.89,5020.89,4227.5,34000.0
2004-05-18T00:00:00+05:30,4877.02,4547.7,4949.27,4547.7,37200.0
2004-05-19T00:00:00+05:30,5006.1,4941.72,5059.89,4892.46,39600.0
2004-05-20T00:00:00+05:30,4932.11,5048.17,5073.7,4912.17,37000.0
2004-05-21T00:00:00+05:30,4961.57,4922.48,4978.56,4804.9,32200.0
2004-05-24T00:00:00+05:30,5123.23,4993.45,5132.9,4993.45,26600.0
2004-05-25T00:00:00+05:30,5102.22,5117.52,5143.93,4976.01,29000.0
2004-05-26T00:00:00+05:30,5081.95,5116.58,5163.61,5049.21,31400.0
2004-05-27T00:00:00+05:30,5058.55,5054.45,5107.6,5019.39,25000.0
2004-05-28T00:00:00+05:30,4835.39,5026.92,5026.92,4821.59,37000.0
2004-05-31T00:00:00+05:30,4759.62,4760.28,4830.08,4665.21,35000.0
2004-06-01T00:00:00+05:30,4835.12,4792.01,4899.53,4792.01,30800.0
2004-06-02T00:00:00+05:30,4923.69,4846.09,4946.15,4846.09,26400.0
2004-06-03T00:00:00+05:30,4817.99,4972.27,5012.52,4789.63,34000.0
2004-06-04T00:00:00+05:30,4889.0,4803.31,4902.27,4759.35,38400.0
2004-06-07T00:00:00+05:30,4938.15,4927.5,4991.48,4905.53,31800.0
2004-06-08T00:00:00+05:30,4959.83,4960.87,4962.68,4891.86,31000.0
2004-06-09T00:00:00+05:30,4963.75,4972.34,5000.59,4945.24,33000.0
2004-06-10T00:00:00+05:30,4944.64,4954.06,4975.75,4919.94,27000.0
2004-06-11T00:00:00+05:30,4832.71,4931.49,4945.86,4823.1,27600.0
2004-06-14T00:00:00+05:30,4746.01,4810.42,4810.42,4725.39,29600.0
2004-06-15T00:00:00+05:30,4814.85,4696.51,4824.03,4696.51,30000.0
2004-06-16T00:00:00+05:30,4788.8,4837.36,4863.63,4772.1,27400.0
2004-06-17T00:00:00+05:30,4839.88,4791.3,4859.81,4746.51,28600.0
2004-06-18T00:00:00+05:30,4769.99,4833.84,4836.4,4750.73,28600.0
2004-06-21T00:00:00+05:30,4738.62,4770.65,4790.93,4731.72,23800.0
2004-06-22T00:00:00+05:30,4735.86,4732.95,4767.35,4717.78,29200.0
2004-06-23T00:00:00+05:30,4644.0,4742.8,4752.47,4635.17,31400.0
2004-06-24T00:00:00+05:30,4708.55,4656.81,4717.74,4613.94,40400.0
2004-06-25T00:00:00+05:30,4756.39,4717.83,4775.66,4680.42,39400.0
2004-06-28T00:00:00+05:30,4837.6,4784.58,4844.72,4772.87,28600.0
2004-06-29T00:00:00+05:30,4841.38,4838.74,4873.71,4802.04,34200.0
2004-06-30T00:00:00+05:30,4795.46,4859.94,4877.9,4788.85,35600.0
2004-07-01T00:00:00+05:30,4874.05,4813.76,4879.81,4785.94,33200.0
2004-07-02T00:00:00+05:30,4870.58,4842.46,4895.48,4813.16,32000.0
2004-07-05T00:00:00+05:30,4843.77,4861.15,4894.39,4831.85,24200.0
2004-07-06T00:00:00+05:30,4928.59,4846.42,4939.4,4839.18,29600.0
2004-07-07T00:00:00+05:30,4955.97,4919.54,4987.05,4912.22,35000.0
2004-07-08T00:00:00+05:30,4843.84,4972.06,5004.17,4808.63,47800.0
2004-07-09T00:00:00+05:30,4945.48,4766.49,4954.86,4723.04,23600.0
2004-07-12T00:00:00+05:30,4944.54,4949.42,4967.92,4917.38,17000.0
2004-07-13T00:00:00+05:30,4898.99,4961.87,4978.49,4878.06,16000.0
2004-07-14T00:00:00+05:30,4848.3,4911.22,4933.34,4835.34,24600.0
2004-07-15T00:00:00+05:30,4888.19,4849.38,4900.18,4844.66,26600.0
2004-07-16T00:00:00+05:30,4951.17,4894.4,4961.32,4874.46,25800.0
2004-07-19T00:00:00+05:30,4975.4,4957.08,5009.63,4942.43,21600.0
2004-07-20T00:00:00+05:30,4957.88,4974.52,4982.04,4936.6,21800.0
2004-07-21T00:00:00+05:30,4993.76,4973.88,5041.19,4951.55,20200.0
2004-07-22T00:00:00+05:30,5054.29,5041.14,5082.81,5020.69,37400.0
2004-07-23T00:00:00+05:30,5073.34,5073.1,5086.03,5034.2,35000.0
2004-07-26T00:00:00+05:30,5118.17,5046.99,5126.45,5034.23,28600.0
2004-07-27T00:00:00+05:30,5075.88,5130.86,5155.63,5068.62,40800.0
2004-07-28T00:00:00+05:30,5070.29,5087.66,5104.66,5045.46,28000.0
2004-07-29T00:00:00+05:30,5120.45,5082.61,5133.8,5051.49,28800.0
2004-07-30T00:00:00+05:30,5170.32,5134.92,5200.85,5134.92,28800.0
2004-08-02T00:00:00+05:30,5202.53,5193.25,5210.92,5167.29,22000.0
2004-08-03T00:00:00+05:30,5194.63,5213.55,5242.15,5181.99,29400.0
2004-08-04T00:00:00+05:30,5169.07,5189.88,5201.56,5145.22,27200.0
2004-08-05T00:00:00+05:30,5252.78,5178.61,5257.32,5178.61,24000.0
2004-08-06T00:00:00+05:30,5196.99,5249.73,5262.89,5166.19,30200.0
2004-08-09T00:00:00+05:30,5233.21,5176.39,5240.29,5154.32,26200.0
2004-08-10T00:00:00+05:30,5252.05,5248.46,5266.99,5214.99,26000.0
2004-08-11T00:00:00+05:30,5175.16,5263.27,5269.22,5159.53,28600.0
2004-08-12T00:00:00+05:30,5139.77,5167.52,5194.04,5117.8,27000.0
2004-08-13T00:00:00+05:30,5102.92,5126.91,5144.7,5084.51,93800.0
2004-08-16T00:00:00+05:30,5102.37,5105.26,5114.79,5056.07,24600.0
2004-08-17T00:00:00+05:30,5102.94,5124.29,5148.53,5083.03,23400.0
2004-08-18T00:00:00+05:30,5038.28,5103.97,5103.97,5025.49,24200.0
2004-08-19T00:00:00+05:30,5123.65,5056.17,5132.83,5056.17,23200.0
2004-08-20T00:00:00+05:30,5064.66,5128.1,5128.1,5047.75,24000.0
2004-08-23T00:00:00+05:30,5033.69,5064.42,5080.22,5022.29,27400.0
2004-08-24T00:00:00+05:30,5067.39,5048.63,5084.74,5040.71,21000.0
2004-08-25T00:00:00+05:30,5088.56,5073.23,5093.37,5054.56,19000.0
2004-08-26T00:00:00+05:30,5135.45,5105.38,5145.6,5105.38,22400.0
2004-08-27T00:00:00+05:30,5117.01,5147.86,5148.75,5094.56,18800.0
2004-08-30T00:00:00+05:30,5186.45,5130.54,5192.8,5130.54,14800.0
2004-08-31T00:00:00+05:30,5192.08,5192.18,5202.51,5155.96,16200.0
2004-09-01T00:00:00+05:30,5210.85,5202.16,5222.81,5202.02,16200.0
2004-09-02T00:00:00+05:30,5198.72,5218.95,5233.32,5189.29,19200.0
2004-09-03T00:00:00+05:30,5218.46,5190.69,5223.94,5178.57,17600.0
2004-09-06T00:00:00+05:30,5246.23,5226.09,5264.87,5226.09,17000.0
2004-09-07T00:00:00+05:30,5264.67,5245.16,5270.89,5240.15,19200.0
2004-09-08T00:00:00+05:30,5298.16,5281.11,5305.67,5270.66,20200.0
2004-09-09T00:00:00+05:30,5298.23,5307.83,5328.33,5269.51,21600.0
2004-09-10T00:00:00+05:30,5370.05,5305.42,5376.12,5281.06,21200.0
2004-09-13T00:00:00+05:30,5397.46,5380.71,5421.52,5379.6,21400.0
2004-09-14T00:00:00+05:30,5428.77,5409.52,5434.33,5376.04,26400.0
2004-09-15T00:00:00+05:30,5420.09,5441.96,5456.85,5399.34,27600.0
2004-09-16T00:00:00+05:30,5477.68,5415.46,5483.59,5401.0,23400.0
2004-09-17T00:00:00+05:30,5561.15,5493.72,5569.47,5493.37,26400.0
2004-09-20T00:00:00+05:30,5545.82,5562.68,5585.57,5535.57,25600.0
2004-09-21T00:00:00+05:30,5605.93,5547.49,5611.6,5536.0,27600.0
2004-09-22T00:00:00+05:30,5616.87,5609.96,5638.79,5571.84,28000.0
2004-09-23T00:00:00+05:30,5539.48,5597.32,5609.04,5530.86,27400.0
2004-09-24T00:00:00+05:30,5527.75,5527.22,5575.4,5513.68,22600.0
2004-09-27T00:00:00+05:30,5511.81,5530.0,5545.73,5486.41,15800.0
2004-09-28T00:00:00+05:30,5462.61,5506.83,5518.21,5454.85,20400.0
2004-09-29T00:00:00+05:30,5527.56,5477.61,5533.33,5428.2,23400.0
2004-09-30T00:00:00+05:30,5582.18,5545.26,5598.55,5545.26,24400.0
2004-10-01T00:00:00+05:30,5675.54,5587.46,5685.68,5573.56,24400.0
2004-10-04T00:00:00+05:30,5766.3,5706.32,5785.04,5706.32,20600.0
2004-10-05T00:00:00+05:30,5758.67,5761.66,5786.54,5741.7,22800.0
2004-10-06T00:00:00+05:30,5713.75,5761.44,5799.92,5699.32,26800.0
2004-10-07T00:00:00+05:30,5773.66,5718.64,5793.08,5718.64,24600.0
2004-10-08T00:00:00+05:30,5776.85,5782.63,5803.82,5755.42,19600.0
2004-10-11T00:00:00+05:30,5717.54,5776.58,5795.45,5706.97,13000.0
2004-10-12T00:00:00+05:30,5676.73,5750.36,5762.6,5663.79,18200.0
2004-10-14T00:00:00+05:30,5713.1,5677.87,5738.61,5645.66,17600.0
2004-10-15T00:00:00+05:30,5686.73,5735.49,5758.11,5673.75,16200.0
2004-10-18T00:00:00+05:30,5679.83,5706.83,5727.96,5670.37,12400.0
2004-10-19T00:00:00+05:30,5738.11,5691.47,5751.6,5686.97,14800.0
2004-10-20T00:00:00+05:30,5673.02,5738.44,5750.14,5662.76,18400.0
2004-10-21T00:00:00+05:30,5641.06,5680.44,5685.18,5617.37,19000.0
2004-10-25T00:00:00+05:30,5581.49,5633.48,5645.88,5573.19,18200.0
2004-10-26T00:00:00+05:30,5651.09,5591.01,5654.82,5558.14,22000.0
2004-10-27T00:00:00+05:30,5662.87,5656.71,5699.18,5623.04,19800.0
2004-10-28T00:00:00+05:30,5715.62,5700.99,5733.75,5700.99,23400.0
2004-10-29T00:00:00+05:30,5672.27,5724.46,5731.35,5664.04,22600.0
2004-11-01T00:00:00+05:30,5704.1,5678.65,5714.36,5649.03,15600.0
2004-11-02T00:00:00+05:30,5754.76,5713.24,5765.14,5713.24,14400.0
2004-11-03T00:00:00+05:30,5842.54,5772.32,5845.5,5771.73,17000.0
2004-11-04T00:00:00+05:30,5832.88,5871.62,5883.39,5814.37,15000.0
2004-11-05T00:00:00+05:30,5891.36,5833.33,5900.51,5823.44,14000.0
2004-11-08T00:00:00+05:30,5930.47,5912.52,5955.94,5912.52,14400.0
2004-11-09T00:00:00+05:30,5929.6,5937.34,5957.94,5910.41,14800.0
2004-11-10T00:00:00+05:30,5973.75,5918.95,5979.78,5918.95,14400.0
2004-11-11T00:00:00+05:30,5954.31,5980.03,5995.33,5943.33,13800.0
2004-11-12T00:00:00+05:30,5964.01,5996.62,6001.99,5945.98,3800.0
2004-11-16T00:00:00+05:30,5996.7,5970.04,6002.03,5949.24,13800.0
2004-11-17T00:00:00+05:30,6016.58,6000.11,6036.7,5997.74,14800.0
2004-11-18T00:00:00+05:30,6025.47,6019.85,6035.22,5985.57,14800.0
2004-11-19T00:00:00+05:30,5961.71,6030.81,6044.55,5953.42,15000.0
2004-11-22T00:00:00+05:30,5963.8,5921.01,5979.1,5877.97,14000.0
2004-11-23T00:00:00+05:30,6009.86,5988.28,6031.59,5977.76,14600.0
2004-11-24T00:00:00+05:30,6035.95,6001.46,6053.19,6001.46,12800.0
2004-11-25T00:00:00+05:30,6035.03,6033.8,6081.74,6014.98,20000.0
2004-11-29T00:00:00+05:30,6157.77,6033.42,6166.72,6029.82,23000.0
2004-11-30T00:00:00+05:30,6234.29,6216.76,6248.43,6194.61,18800.0
2004-12-01T00:00:00+05:30,6227.83,6261.93,6272.68,6176.09,26600.0
2004-12-02T00:00:00+05:30,6328.43,6275.41,6335.14,6275.41,26200.0
2004-12-03T00:00:00+05:30,6322.76,6348.32,6361.53,6304.22,20600.0
2004-12-06T00:00:00+05:30,6322.5,6351.04,6386.29,6312.13,18800.0
2004-12-07T00:00:00+05:30,6316.28,6324.07,6354.26,6287.46,17800.0
2004-12-08T00:00:00+05:30,6261.52,6333.04,6359.2,6250.24,26000.0
2004-12-09T00:00:00+05:30,6304.27,6255.72,6319.01,6251.58,19400.0
2004-12-10T00:00:00+05:30,6233.54,6328.1,6336.9,6221.4,17600.0
2004-12-13T00:00:00+05:30,6268.72,6231.47,6274.24,6220.58,14600.0
2004-12-14T00:00:00+05:30,6325.53,6280.56,6331.57,6280.49,14000.0
2004-12-15T00:00:00+05:30,6402.29,6334.27,6423.27,6334.27,22400.0
2004-12-16T00:00:00+05:30,6420.38,6401.19,6437.0,6373.55,18600.0
2004-12-17T00:00:00+05:30,6346.48,6420.9,6436.08,6329.71,16800.0
2004-12-20T00:00:00+05:30,6403.0,6360.11,6409.52,6345.87,16800.0
2004-12-21T00:00:00+05:30,6451.3,6429.25,6461.64,6400.56,14600.0
2004-12-22T00:00:00+05:30,6413.66,6465.51,6480.2,6396.43,16200.0
2004-12-23T00:00:00+05:30,6441.85,6410.3,6455.69,6409.29,12000.0
2004-12-24T00:00:00+05:30,6498.06,6485.26,6507.94,6463.85,14600.0
2004-12-27T00:00:00+05:30,6513.03,6484.84,6566.64,6469.96,16200.0
2004-12-28T00:00:00+05:30,6563.48,6517.9,6568.57,6517.9,14600.0
2004-12-29T00:00:00+05:30,6567.94,6594.39,6617.15,6552.06,12400.0
2004-12-30T00:00:00+05:30,6522.54,6583.74,6608.3,6507.3,13200.0
2004-12-31T00:00:00+05:30,6602.69,6541.38,6609.78,6541.38,12200.0
2005-01-03T00:00:00+05:30,6679.2,6626.49,6684.22,6626.49,12000.0
2005-01-04T00:00:00+05:30,6651.01,6683.56,6696.31,6640.9,16600.0
2005-01-05T00:00:00+05:30,6458.84,6628.89,6629.98,6337.61,24000.0
2005-01-06T00:00:00+05:30,6367.39,6447.27,6481.23,6325.36,22200.0
2005-01-07T00:00:00+05:30,6420.46,6374.19,6440.17,6348.75,17800.0
2005-01-10T00:00:00+05:30,6308.54,6440.33,6469.09,6286.85,13200.0
2005-01-11T00:00:00+05:30,6222.87,6314.08,6329.89,6208.82,16200.0
2005-01-12T00:00:00+05:30,6102.74,6250.35,6263.71,6070.33,20800.0
2005-01-13T00:00:00+05:30,6221.06,6138.05,6242.95,6138.05,20200.0
2005-01-14T00:00:00+05:30,6173.82,6232.42,6249.39,6144.08,18200.0
2005-01-17T00:00:00+05:30,6194.07,6202.74,6232.97,6087.55,19000.0
2005-01-18T00:00:00+05:30,6192.35,6221.28,6267.97,6173.09,21800.0
2005-01-19T00:00:00+05:30,6173.32,6211.28,6230.62,6160.66,16600.0
2005-01-20T00:00:00+05:30,6183.24,6170.33,6197.21,6091.08,26600.0
2005-01-24T00:00:00+05:30,6106.43,6201.6,6215.78,6089.52,18000.0
2005-01-25T00:00:00+05:30,6162.98,6093.66,6173.1,6069.33,21400.0
2005-01-27T00:00:00+05:30,6239.43,6188.38,6252.24,6188.38,22200.0
2005-01-28T00:00:00+05:30,6419.09,6245.26,6430.72,6245.26,23600.0
2005-01-31T00:00:00+05:30,6555.94,6463.52,6565.0,6455.55,22000.0
2005-02-01T00:00:00+05:30,6552.47,6565.21,6586.25,6508.84,28400.0
2005-02-02T00:00:00+05:30,6530.06,6560.62,6600.17,6510.42,88400.0
2005-02-03T00:00:00+05:30,6619.97,6550.75,6630.68,6550.75,14400.0
2005-02-04T00:00:00+05:30,6618.23,6635.85,6684.16,6571.51,16800.0
2005-02-07T00:00:00+05:30,6535.17,6652.33,6658.33,6514.86,12400.0
2005-02-08T00:00:00+05:30,6544.77,6528.81,6573.93,6508.33,12600.0
2005-02-09T00:00:00+05:30,6593.53,6556.53,6613.54,6553.4,13000.0
2005-02-10T00:00:00+05:30,6577.83,6600.85,6608.96,6533.97,12600.0
2005-02-11T00:00:00+05:30,6633.76,6594.32,6640.11,6594.32,15200.0
2005-02-14T00:00:00+05:30,6679.33,6673.39,6719.17,6659.64,13600.0
2005-02-15T00:00:00+05:30,6670.06,6694.79,6694.79,6640.43,20800.0
2005-02-16T00:00:00+05:30,6607.78,6673.71,6714.13,6581.53,14800.0
2005-02-17T00:00:00+05:30,6589.29,6598.77,6599.48,6533.13,14400.0
2005-02-18T00:00:00+05:30,6584.32,6595.19,6642.77,6564.55,14400.0
2005-02-21T00:00:00+05:30,6534.68,6585.88,6602.53,6521.07,11800.0
2005-02-22T00:00:00+05:30,6589.41,6531.58,6603.14,6515.73,11000.0
2005-02-23T00:00:00+05:30,6582.5,6593.85,6607.78,6565.42,12200.0
2005-02-24T00:00:00+05:30,6574.21,6616.37,6621.68,6565.81,26800.0
2005-02-25T00:00:00+05:30,6569.72,6588.29,6622.62,6543.91,14400.0
2005-02-28T00:00:00+05:30,6713.86,6584.34,6720.94,6545.94,23200.0
2005-03-01T00:00:00+05:30,6651.08,6725.92,6725.92,6628.22,16800.0
2005-03-02T00:00:00+05:30,6686.89,6658.94,6708.78,6647.11,26000.0
2005-03-03T00:00:00+05:30,6784.72,6700.79,6793.24,6691.18,18200.0
2005-03-04T00:00:00+05:30,6849.48,6798.62,6864.62,6798.62,18200.0
2005-03-07T00:00:00+05:30,6878.98,6863.58,6902.49,6854.96,14600.0
2005-03-08T00:00:00+05:30,6915.09,6885.73,6929.59,6872.72,15200.0
2005-03-09T00:00:00+05:30,6892.82,6895.62,6954.86,6843.44,17400.0
2005-03-10T00:00:00+05:30,6907.65,6888.73,6917.6,6849.98,27200.0
2005-03-11T00:00:00+05:30,6853.73,6921.02,6948.54,6839.35,14200.0
2005-03-14T00:00:00+05:30,6810.04,6854.92,6882.23,6794.92,124800.0
2005-03-15T00:00:00+05:30,6752.45,6815.59,6823.46,6730.23,12800.0
2005-03-16T00:00:00+05:30,6746.88,6757.49,6806.72,6732.33,13000.0
2005-03-17T00:00:00+05:30,6669.52,6719.11,6737.29,6642.6,13000.0
2005-03-18T00:00:00+05:30,6700.34,6664.65,6710.98,6595.53,15600.0
2005-03-21T00:00:00+05:30,6656.69,6716.41,6734.72,6633.52,10000.0
2005-03-22T00:00:00+05:30,6535.45,6655.78,6656.31,6520.15,13600.0
2005-03-23T00:00:00+05:30,6454.46,6533.65,6568.2,6435.82,23400.0
2005-03-24T00:00:00+05:30,6442.87,6456.02,6514.73,6412.89,17200.0
2005-03-28T00:00:00+05:30,6510.74,6471.47,6555.1,6471.47,11600.0
2005-03-29T00:00:00+05:30,6367.86,6512.98,6512.98,6326.73,14400.0
2005-03-30T00:00:00+05:30,6381.4,6371.4,6400.07,6321.31,14600.0
2005-03-31T00:00:00+05:30,6492.82,6404.78,6509.02,6404.78,13400.0
2005-04-01T00:00:00+05:30,6605.04,6506.6,6618.08,6468.52,11400.0
2005-04-04T00:00:00+05:30,6604.42,6616.83,6649.42,6586.25,11200.0
2005-04-05T00:00:00+05:30,6550.29,6611.53,6621.91,6532.94,12200.0
2005-04-06T00:00:00+05:30,6606.41,6555.92,6617.07,6551.68,12200.0
2005-04-07T00:00:00+05:30,6545.64,6629.12,6644.69,6530.97,11000.0
2005-04-08T00:00:00+05:30,6479.54,6544.81,6560.88,6456.84,11400.0
2005-04-11T00:00:00+05:30,6397.52,6425.68,6444.33,6382.13,9000.0
2005-04-12T00:00:00+05:30,6464.61,6407.39,6472.04,6404.35,8800.0
2005-04-13T00:00:00+05:30,6467.92,6466.92,6515.82,6449.33,13600.0
2005-04-15T00:00:00+05:30,6248.34,6339.73,6339.73,6232.37,14000.0
2005-04-18T00:00:00+05:30,6156.78,6220.98,6220.98,6118.42,12800.0
2005-04-19T00:00:00+05:30,6134.86,6181.39,6269.75,6121.42,13800.0
2005-04-20T00:00:00+05:30,6243.74,6169.83,6259.28,6151.26,16200.0
2005-04-21T00:00:00+05:30,6299.2,6249.29,6305.88,6174.3,14600.0
2005-04-22T00:00:00+05:30,6346.57,6329.85,6374.03,6302.86,12800.0
2005-04-25T00:00:00+05:30,6377.85,6338.67,6391.73,6308.48,11000.0
2005-04-26T00:00:00+05:30,6339.98,6374.28,6377.54,6323.53,8800.0
2005-04-27T00:00:00+05:30,6278.5,6323.9,6357.56,6258.07,14000.0
2005-04-28T00:00:00+05:30,6284.2,6271.61,6292.91,6232.59,14800.0
2005-04-29T00:00:00+05:30,6154.44,6283.07,6288.44,6138.47,14000.0
2005-05-02T00:00:00+05:30,6195.15,6183.07,6223.78,6141.37,12200.0
2005-05-03T00:00:00+05:30,6216.77,6200.39,6246.24,6189.16,12600.0
2005-05-04T00:00:00+05:30,6289.55,6218.95,6294.85,6218.95,9600.0
2005-05-05T00:00:00+05:30,6359.65,6322.02,6391.32,6322.02,9800.0
2005-05-06T00:00:00+05:30,6388.48,6367.25,6402.35,6334.01,13800.0
2005-05-09T00:00:00+05:30,6481.35,6391.8,6486.07,6391.8,11600.0
2005-05-10T00:00:00+05:30,6454.71,6486.08,6494.91,6439.69,12600.0
2005-05-11T00:00:00+05:30,6445.13,6420.25,6454.41,6380.76,10600.0
2005-05-12T00:00:00+05:30,6456.82,6442.86,6482.39,6432.17,10000.0
2005-05-13T00:00:00+05:30,6451.54,6447.72,6462.85,6418.78,29000.0
2005-05-16T00:00:00+05:30,6528.03,6456.97,6532.15,6456.97,8400.0
2005-05-17T00:00:00+05:30,6466.0,6545.22,6568.61,6450.86,11800.0
2005-05-18T00:00:00+05:30,6447.0,6457.37,6457.37,6380.53,14800.0
2005-05-19T00:00:00+05:30,6478.94,6461.07,6537.74,6460.24,11400.0
2005-05-20T00:00:00+05:30,6499.5,6462.16,6512.96,6438.6,11400.0
2005-05-23T00:00:00+05:30,6539.83,6504.49,6549.57,6499.21,8200.0
2005-05-24T00:00:00+05:30,6565.37,6563.02,6579.05,6522.8,10400.0
2005-05-25T00:00:00+05:30,6597.6,6566.84,6612.25,6537.61,10800.0
2005-05-26T00:00:00+05:30,6670.78,6599.27,6685.33,6587.57,13800.0
2005-05-27T00:00:00+05:30,6707.72,6689.56,6772.74,6689.14,15400.0
2005-05-30T00:00:00+05:30,6663.55,6697.15,6724.99,6642.61,9600.0
2005-05-31T00:00:00+05:30,6715.11,6666.17,6721.61,6647.7,8600.0
2005-06-01T00:00:00+05:30,6729.9,6729.39,6763.28,6710.37,9800.0
2005-06-02T00:00:00+05:30,6655.56,6733.46,6756.62,6647.36,9400.0
2005-06-03T00:00:00+05:30,6748.85,6664.98,6761.13,6647.69,12200.0
2005-06-06T00:00:00+05:30,6758.19,6747.2,6813.91,6740.63,9800.0
2005-06-07T00:00:00+05:30,6781.25,6756.6,6795.03,6737.09,8400.0
2005-06-08T00:00:00+05:30,6858.24,6768.2,6862.83,6768.2,10000.0
2005-06-09T00:00:00+05:30,6832.53,6858.7,6862.79,6813.2,14600.0
2005-06-10T00:00:00+05:30,6781.99,6833.58,6883.67,6774.14,10200.0
2005-06-13T00:00:00+05:30,6832.68,6790.33,6843.62,6757.04,8400.0
2005-06-14T00:00:00+05:30,6860.18,6847.62,6865.18,6819.31,9200.0
2005-06-15T00:00:00+05:30,6906.98,6876.79,6916.33,6858.08,9800.0
2005-06-16T00:00:00+05:30,6900.41,6906.12,6933.26,6869.47,12600.0
2005-06-17T00:00:00+05:30,6906.52,6913.07,6921.6,6855.55,11000.0
2005-06-20T00:00:00+05:30,6984.55,6940.06,7001.55,6940.06,24400.0
2005-06-21T00:00:00+05:30,7076.52,6985.91,7083.58,6967.95,19000.0
2005-06-22T00:00:00+05:30,7145.34,7079.87,7167.32,7079.87,37200.0
2005-06-23T00:00:00+05:30,7119.76,7142.91,7156.55,7090.48,20800.0
2005-06-24T00:00:00+05:30,7148.62,7104.43,7178.04,7058.01,15400.0
2005-06-27T00:00:00+05:30,7151.08,7136.39,7228.21,7133.94,18400.0
2005-06-28T00:00:00+05:30,7049.0,7158.66,7175.15,7036.06,17400.0
2005-06-29T00:00:00+05:30,7119.88,7059.37,7125.21,7034.48,14200.0
2005-06-30T00:00:00+05:30,7193.85,7154.27,7218.28,7154.27,28600.0
2005-07-01T00:00:00+05:30,7210.77,7165.45,7228.57,7154.93,12600.0
2005-07-04T00:00:00+05:30,7277.31,7186.74,7284.41,7186.74,9600.0
2005-07-05T00:00:00+05:30,7220.25,7275.0,7308.72,7209.86,12600.0
2005-07-06T00:00:00+05:30,7287.6,7227.22,7296.18,7227.22,13400.0
2005-07-07T00:00:00+05:30,7145.13,7281.07,7306.54,7123.11,16800.0
2005-07-08T00:00:00+05:30,7212.08,7171.52,7240.39,7158.14,14600.0
2005-07-11T00:00:00+05:30,7306.74,7227.51,7320.25,7227.51,13400.0
2005-07-12T00:00:00+05:30,7303.95,7297.95,7352.46,7217.6,17000.0
2005-07-13T00:00:00+05:30,7247.91,7303.19,7338.01,7236.78,11600.0
2005-07-14T00:00:00+05:30,7187.7,7262.86,7263.03,7163.85,13600.0
2005-07-15T00:00:00+05:30,7271.54,7192.45,7283.04,7178.09,10400.0
2005-07-18T00:00:00+05:30,7347.1,7325.65,7359.81,7308.87,17400.0
2005-07-19T00:00:00+05:30,7346.63,7348.6,7385.69,7317.85,11000.0
2005-07-20T00:00:00+05:30,7342.89,7373.94,7392.67,7334.48,9800.0
2005-07-21T00:00:00+05:30,7304.32,7345.98,7380.69,7275.59,12600.0
2005-07-22T00:00:00+05:30,7423.25,7306.64,7429.95,7273.19,12200.0
2005-07-25T00:00:00+05:30,7505.6,7427.65,7526.88,7427.65,17200.0
2005-07-26T00:00:00+05:30,7552.77,7524.1,7564.79,7473.24,20200.0
2005-07-27T00:00:00+05:30,7605.03,7559.76,7620.37,7504.96,13200.0
2005-07-29T00:00:00+05:30,7635.42,7556.17,7708.59,7545.79,21800.0
2005-08-01T00:00:00+05:30,7669.45,7632.01,7681.11,7596.74,13800.0
2005-08-02T00:00:00+05:30,7756.04,7683.13,7762.8,7683.13,19400.0
2005-08-03T00:00:00+05:30,7756.47,7774.29,7843.77,7740.83,28600.0
2005-08-04T00:00:00+05:30,7797.08,7810.05,7826.36,7756.97,23400.0
2005-08-05T00:00:00+05:30,7754.0,7806.11,7817.61,7738.64,17400.0
2005-08-08T00:00:00+05:30,7606.17,7760.67,7781.04,7594.94,16800.0
2005-08-09T00:00:00+05:30,7595.57,7617.46,7686.85,7559.8,23200.0
2005-08-10T00:00:00+05:30,7729.82,7615.9,7741.35,7615.9,14000.0
2005-08-11T00:00:00+05:30,7816.51,7749.01,7842.55,7727.5,27000.0
2005-08-12T00:00:00+05:30,7767.49,7835.7,7861.26,7755.58,16800.0
2005-08-16T00:00:00+05:30,7768.24,7774.27,7828.01,7737.76,11000.0
2005-08-17T00:00:00+05:30,7859.53,7771.78,7870.62,7735.37,11200.0
2005-08-18T00:00:00+05:30,7811.33,7902.84,7921.39,7791.91,13200.0
2005-08-19T00:00:00+05:30,7780.76,7817.74,7867.89,7760.69,10600.0
2005-08-22T00:00:00+05:30,7750.6,7814.93,7845.96,7711.18,16000.0
2005-08-23T00:00:00+05:30,7615.99,7764.86,7770.83,7601.34,11000.0
2005-08-24T00:00:00+05:30,7612.0,7615.68,7639.68,7537.5,15000.0
2005-08-25T00:00:00+05:30,7660.42,7651.11,7672.18,7595.84,10600.0
2005-08-26T00:00:00+05:30,7680.22,7701.07,7732.31,7644.41,11800.0
2005-08-29T00:00:00+05:30,7634.43,7693.0,7699.56,7566.21,7600.0
2005-08-30T00:00:00+05:30,7745.0,7681.67,7758.36,7679.44,9800.0
2005-08-31T00:00:00+05:30,7805.43,7746.8,7807.67,7726.98,9600.0
2005-09-01T00:00:00+05:30,7876.15,7818.9,7902.19,7818.9,11200.0
2005-09-02T00:00:00+05:30,7899.77,7888.11,7928.07,7836.34,12600.0
2005-09-05T00:00:00+05:30,7925.24,7901.35,7983.33,7901.35,10200.0
2005-09-06T00:00:00+05:30,7946.78,7931.42,7976.4,7914.41,10000.0
2005-09-08T00:00:00+05:30,8052.56,7957.35,8060.26,7957.35,10400.0
2005-09-09T00:00:00+05:30,8060.01,8060.89,8077.74,8015.75,8800.0
2005-09-12T00:00:00+05:30,8138.42,8072.99,8142.81,8072.99,8200.0
2005-09-13T00:00:00+05:30,8193.96,8137.39,8202.04,8121.08,9400.0
2005-09-14T00:00:00+05:30,8189.48,8207.53,8260.01,8144.32,17400.0
2005-09-15T00:00:00+05:30,8283.76,8208.21,8294.24,8203.77,11800.0
2005-09-16T00:00:00+05:30,8380.96,8296.88,8388.8,8268.6,12800.0
2005-09-19T00:00:00+05:30,8444.84,8399.51,8461.1,8382.96,10600.0
2005-09-20T00:00:00+05:30,8500.28,8412.71,8515.28,8379.41,15600.0
2005-09-21T00:00:00+05:30,8487.14,8499.33,8521.75,8263.62,26800.0
2005-09-22T00:00:00+05:30,8221.64,8480.62,8519.6,8186.13,27200.0
2005-09-23T00:00:00+05:30,8222.59,8255.05,8299.08,8126.86,20000.0
2005-09-26T00:00:00+05:30,8478.91,8280.06,8487.17,8280.06,18600.0
2005-09-27T00:00:00+05:30,8525.52,8497.25,8585.76,8444.98,20000.0
2005-09-28T00:00:00+05:30,8606.03,8535.81,8613.83,8476.47,18000.0
2005-09-29T00:00:00+05:30,8650.17,8588.47,8722.17,8588.47,19800.0
2005-09-30T00:00:00+05:30,8634.48,8672.66,8681.58,8528.05,23400.0
2005-10-03T00:00:00+05:30,8697.65,8662.99,8725.75,8662.99,16600.0
2005-10-04T00:00:00+05:30,8799.96,8706.7,8808.83,8706.7,27400.0
2005-10-05T00:00:00+05:30,8724.47,8815.67,8821.84,8695.69,23600.0
2005-10-06T00:00:00+05:30,8528.7,8693.2,8693.2,8508.43,29400.0
2005-10-07T00:00:00+05:30,8491.56,8528.7,8586.43,8410.69,25000.0
2005-10-10T00:00:00+05:30,8483.86,8516.44,8564.85,8466.57,16200.0
2005-10-11T00:00:00+05:30,8540.56,8547.95,8563.85,8381.96,21200.0
2005-10-13T00:00:00+05:30,8376.9,8520.48,8563.85,8347.17,24200.0
2005-10-14T00:00:00+05:30,8201.73,8389.45,8393.7,8180.1,25200.0
2005-10-17T00:00:00+05:30,8202.62,8230.47,8254.8,8133.39,21800.0
2005-10-18T00:00:00+05:30,8122.25,8232.26,8317.38,8067.91,19200.0
2005-10-19T00:00:00+05:30,7971.06,8066.06,8084.79,7922.89,26400.0
2005-10-20T00:00:00+05:30,7935.12,8075.82,8134.83,7839.13,27200.0
2005-10-21T00:00:00+05:30,8068.95,7930.5,8080.77,7901.21,25600.0
2005-10-24T00:00:00+05:30,7920.8,8096.49,8126.27,7900.43,21400.0
2005-10-25T00:00:00+05:30,7991.74,7974.17,8074.08,7922.32,22200.0
2005-10-26T00:00:00+05:30,7974.69,7996.92,8047.86,7951.49,15800.0
2005-10-27T00:00:00+05:30,7798.49,7989.35,7993.9,7766.99,26800.0
2005-10-28T00:00:00+05:30,7685.64,7795.03,7795.03,7656.15,21800.0
2005-10-31T00:00:00+05:30,7892.32,7717.07,7905.7,7717.07,15600.0
2005-11-02T00:00:00+05:30,8072.75,7953.28,8086.84,7891.23,16600.0
2005-11-07T00:00:00+05:30,8206.83,8083.59,8216.42,8053.71,27200.0
2005-11-08T00:00:00+05:30,8317.8,8218.82,8353.1,8214.76,24000.0
2005-11-09T00:00:00+05:30,8308.78,8332.01,8405.19,8269.09,19400.0
2005-11-10T00:00:00+05:30,8308.93,8314.39,8342.53,8265.89,1200.0
2005-11-11T00:00:00+05:30,8471.04,8332.94,8483.68,8332.94,20200.0
2005-11-14T00:00:00+05:30,8494.29,8503.7,8569.91,8416.89,16200.0
2005-11-16T00:00:00+05:30,8595.92,8513.17,8606.79,8503.0,15000.0
2005-11-17T00:00:00+05:30,8649.52,8592.64,8662.57,8575.55,17000.0
2005-11-18T00:00:00+05:30,8686.65,8669.84,8739.57,8661.6,22400.0
2005-11-21T00:00:00+05:30,8610.74,8633.63,8673.51,8591.61,21400.0
2005-11-22T00:00:00+05:30,8534.97,8602.82,8664.3,8518.18,19600.0
2005-11-23T00:00:00+05:30,8638.34,8542.61,8649.37,8537.48,19600.0
2005-11-24T00:00:00+05:30,8744.04,8655.14,8765.71,8655.14,19800.0
2005-11-25T00:00:00+05:30,8853.21,8760.7,8863.93,8760.7,19000.0
2005-11-28T00:00:00+05:30,8994.94,8962.53,9004.72,8938.44,18800.0
2005-11-29T00:00:00+05:30,8931.16,9000.65,9000.65,8875.82,19400.0
2005-11-30T00:00:00+05:30,8788.81,8962.92,9032.03,8768.8,18200.0
2005-12-01T00:00:00+05:30,8944.78,8813.82,8958.49,8770.59,18200.0
2005-12-02T00:00:00+05:30,8961.61,9010.58,9057.76,8946.37,18400.0
2005-12-05T00:00:00+05:30,8823.31,8965.83,9010.73,8803.37,14400.0
2005-12-06T00:00:00+05:30,8815.53,8827.0,8915.12,8783.93,14000.0
2005-12-07T00:00:00+05:30,8895.81,8825.93,8911.46,8825.93,13600.0
2005-12-08T00:00:00+05:30,8906.31,8918.63,8930.96,8826.39,15400.0
2005-12-09T00:00:00+05:30,9067.28,8907.72,9080.76,8907.72,20200.0
2005-12-12T00:00:00+05:30,9133.67,9092.65,9175.6,9092.65,18600.0
2005-12-13T00:00:00+05:30,9263.9,9160.76,9274.19,9111.12,25200.0
2005-12-14T00:00:00+05:30,9241.76,9264.99,9309.01,9200.47,24400.0
2005-12-15T00:00:00+05:30,9170.4,9259.78,9297.87,9119.6,18600.0
2005-12-16T00:00:00+05:30,9284.46,9191.63,9290.31,9139.48,20000.0
2005-12-19T00:00:00+05:30,9394.27,9263.32,9400.91,9263.32,101000.0
2005-12-20T00:00:00+05:30,9346.24,9400.25,9421.39,9312.35,22000.0
2005-12-21T00:00:00+05:30,9339.17,9349.24,9423.25,9272.76,18800.0
2005-12-22T00:00:00+05:30,9372.3,9398.62,9413.7,9329.7,36200.0
2005-12-23T00:00:00+05:30,9256.91,9417.29,9434.82,9239.77,15800.0
2005-12-26T00:00:00+05:30,9085.89,9254.09,9262.48,9050.51,15400.0
2005-12-27T00:00:00+05:30,9283.16,9071.25,9297.07,9020.8,14600.0
2005-12-28T00:00:00+05:30,9257.51,9292.18,9350.82,9207.27,19600.0
2005-12-29T00:00:00+05:30,9323.25,9272.63,9338.11,9271.63,14200.0
2005-12-30T00:00:00+05:30,9397.93,9339.32,9427.23,9312.14,15200.0
2006-01-02T00:00:00+05:30,9390.14,9422.49,9456.13,9367.53,14000.0
2006-01-03T00:00:00+05:30,9539.37,9401.83,9546.78,9390.79,13200.0
2006-01-04T00:00:00+05:30,9648.08,9523.29,9664.72,9523.29,21400.0
2006-01-05T00:00:00+05:30,9617.74,9638.27,9679.34,9571.31,19200.0
2006-01-06T00:00:00+05:30,9640.29,9635.09,9680.92,9535.66,16000.0
2006-01-09T00:00:00+05:30,9583.45,9628.73,9652.02,9539.63,15600.0
2006-01-10T00:00:00+05:30,9445.3,9584.47,9600.08,9418.63,24600.0
2006-01-12T00:00:00+05:30,9380.88,9334.13,9435.26,9303.71,25400.0
2006-01-13T00:00:00+05:30,9374.19,9425.07,9471.89,9362.25,15600.0
2006-01-16T00:00:00+05:30,9311.19,9336.59,9381.3,9287.09,17200.0
2006-01-17T00:00:00+05:30,9314.13,9317.99,9421.52,9289.23,27200.0
2006-01-18T00:00:00+05:30,9237.53,9293.8,9302.78,9158.44,45800.0
2006-01-19T00:00:00+05:30,9449.84,9271.63,9473.86,9271.63,19200.0
2006-01-20T00:00:00+05:30,9520.96,9493.39,9556.19,9466.1,17800.0
2006-01-23T00:00:00+05:30,9464.9,9467.56,9503.4,9432.93,16200.0
2006-01-24T00:00:00+05:30,9549.92,9503.42,9574.14,9503.42,16800.0
2006-01-25T00:00:00+05:30,9685.74,9580.3,9714.48,9580.3,21600.0
2006-01-27T00:00:00+05:30,9870.79,9764.26,9883.95,9764.26,18200.0
2006-01-30T00:00:00+05:30,9849.03,9896.46,9945.19,9803.68,29400.0
2006-01-31T00:00:00+05:30,9919.89,9892.23,9939.55,9873.37,18400.0
2006-02-01T00:00:00+05:30,9859.26,9959.24,9993.92,9819.32,19000.0
2006-02-02T00:00:00+05:30,9843.87,9890.9,9956.1,9816.01,19400.0
2006-02-03T00:00:00+05:30,9742.58,9834.97,9837.74,9713.51,16000.0
2006-02-06T00:00:00+05:30,9980.42,9746.09,10002.83,9739.71,21400.0
2006-02-07T00:00:00+05:30,10082.28,9993.39,10099.58,9972.43,19000.0
2006-02-08T00:00:00+05:30,10044.82,10083.53,10083.53,9958.55,17600.0
2006-02-10T00:00:00+05:30,10110.97,10066.36,10122.25,10057.07,18600.0
2006-02-13T00:00:00+05:30,10173.25,10132.67,10182.77,10096.28,15400.0
2006-02-14T00:00:00+05:30,10086.63,10180.51,10185.06,10064.46,21400.0
2006-02-15T00:00:00+05:30,10113.18,10144.9,10191.97,10036.01,24000.0
2006-02-16T00:00:00+05:30,10124.3,10133.42,10195.42,10110.46,15600.0
2006-02-17T00:00:00+05:30,9981.11,10168.55,10184.04,9970.0,18800.0
2006-02-20T00:00:00+05:30,10079.3,10002.36,10092.85,9896.64,14800.0
2006-02-21T00:00:00+05:30,10168.11,10108.16,10195.51,10108.16,15000.0
2006-02-22T00:00:00+05:30,10224.32,10179.26,10237.61,10157.26,16000.0
2006-02-23T00:00:00+05:30,10244.05,10268.51,10304.88,10228.22,18800.0
2006-02-24T00:00:00+05:30,10200.76,10256.74,10271.67,10177.12,12800.0
2006-02-27T00:00:00+05:30,10282.09,10214.58,10296.22,10109.34,13000.0
2006-02-28T00:00:00+05:30,10370.24,10308.71,10422.65,10206.06,31800.0
2006-03-01T00:00:00+05:30,10570.95,10368.75,10570.95,10344.26,27600.0
2006-03-02T00:00:00+05:30,10626.78,10597.19,10706.22,10593.8,26800.0
2006-03-03T00:00:00+05:30,10595.43,10649.28,10690.0,10556.03,17800.0
2006-03-06T00:00:00+05:30,10735.36,10616.99,10741.59,10616.99,21600.0
2006-03-07T00:00:00+05:30,10725.67,10747.87,10753.13,10661.62,24400.0
2006-03-08T00:00:00+05:30,10508.85,10728.39,10740.6,10493.91,27200.0
2006-03-09T00:00:00+05:30,10573.54,10533.89,10593.08,10376.54,24800.0
2006-03-10T00:00:00+05:30,10765.16,10581.64,10782.34,10581.64,18400.0
2006-03-13T00:00:00+05:30,10803.71,10818.94,10884.48,10783.58,15800.0
2006-03-14T00:00:00+05:30,10801.72,10796.82,10896.39,10761.22,22600.0
2006-03-16T00:00:00+05:30,10878.74,10859.39,10889.25,10830.19,18400.0
2006-03-17T00:00:00+05:30,10860.04,10902.26,10951.38,10844.03,26400.0
2006-03-20T00:00:00+05:30,10941.11,10903.25,10946.94,10889.41,14000.0
2006-03-21T00:00:00+05:30,10905.2,10945.62,11017.25,10863.61,16200.0
2006-03-22T00:00:00+05:30,10841.35,10900.02,10935.09,10784.42,19000.0
2006-03-23T00:00:00+05:30,10840.59,10861.95,10924.29,10792.98,14400.0
2006-03-24T00:00:00+05:30,10950.3,10851.8,10966.06,10851.8,21800.0
2006-03-27T00:00:00+05:30,11079.02,10996.36,11101.42,10996.36,22400.0
2006-03-28T00:00:00+05:30,11086.03,11114.43,11146.85,11051.13,19000.0
2006-03-29T00:00:00+05:30,11183.48,11103.87,11197.64,11103.87,17800.0
2006-03-30T00:00:00+05:30,11307.04,11241.78,11338.66,11227.82,23400.0
2006-03-31T00:00:00+05:30,11279.96,11325.96,11356.95,11231.16,17200.0
2006-04-03T00:00:00+05:30,11564.36,11342.96,11579.1,11342.96,16600.0
2006-04-04T00:00:00+05:30,11638.01,11599.8,11710.69,11570.11,18000.0
2006-04-05T00:00:00+05:30,11746.9,11671.14,11755.2,11653.39,16200.0
2006-04-07T00:00:00+05:30,11589.44,11845.13,11930.66,11564.87,30400.0
2006-04-10T00:00:00+05:30,11662.55,11620.38,11691.92,11535.28,22000.0
2006-04-12T00:00:00+05:30,11355.73,11693.15,11702.77,11302.78,27000.0
2006-04-13T00:00:00+05:30,11237.23,11366.91,11380.83,11008.43,32800.0
2006-04-17T00:00:00+05:30,11539.68,11323.74,11560.9,11323.74,22800.0
2006-04-18T00:00:00+05:30,11801.62,11720.19,11801.62,11720.19,24200.0
2006-04-19T00:00:00+05:30,11895.98,11940.35,11986.09,11799.62,26200.0
2006-04-20T00:00:00+05:30,12039.55,11939.68,12053.74,11899.31,26400.0
2006-04-21T00:00:00+05:30,12030.3,12053.9,12102.0,11860.35,32800.0
2006-04-24T00:00:00+05:30,11915.24,12063.73,12071.07,11882.48,16600.0
2006-04-25T00:00:00+05:30,11646.78,11943.08,11953.0,11621.61,18800.0
2006-04-26T00:00:00+05:30,11938.53,11855.24,11965.09,11843.76,18600.0
2006-04-27T00:00:00+05:30,11835.02,11968.8,12086.91,11803.49,31200.0
2006-04-28T00:00:00+05:30,11851.93,11698.68,11877.32,11344.61,22800.0
2006-05-02T00:00:00+05:30,12218.78,12103.78,12288.51,12103.78,19800.0
2006-05-03T00:00:00+05:30,12310.72,12231.12,12337.01,12134.19,19200.0
2006-05-04T00:00:00+05:30,12347.63,12358.31,12482.91,12264.14,20200.0
2006-05-05T00:00:00+05:30,12359.7,12373.47,12443.54,12304.59,20000.0
2006-05-08T00:00:00+05:30,12462.47,12393.22,12511.07,12393.22,17600.0
2006-05-09T00:00:00+05:30,12513.86,12488.38,12546.47,12356.04,22400.0
2006-05-10T00:00:00+05:30,12612.38,12546.93,12624.37,12530.98,19000.0
2006-05-11T00:00:00+05:30,12435.41,12631.54,12631.54,12397.02,19000.0
2006-05-12T00:00:00+05:30,12285.11,12400.71,12421.76,12224.44,21000.0
2006-05-15T00:00:00+05:30,11822.2,12272.64,12272.64,11770.76,30200.0
2006-05-16T00:00:00+05:30,11873.73,11861.18,11954.51,11378.96,38200.0
2006-05-17T00:00:00+05:30,12217.81,11962.87,12238.81,11962.87,18800.0
2006-05-18T00:00:00+05:30,11391.43,12163.98,12163.98,11330.45,30600.0
2006-05-19T00:00:00+05:30,10938.61,11549.67,11697.11,10799.01,35000.0
2006-05-22T00:00:00+05:30,10481.77,11071.63,11142.9,9826.91,31400.0
2006-05-23T00:00:00+05:30,10822.78,10590.67,10859.2,10185.48,30400.0
2006-05-24T00:00:00+05:30,10573.15,10830.98,11000.96,10504.59,25600.0
2006-05-25T00:00:00+05:30,10666.32,10520.9,10720.67,10274.93,21200.0
2006-05-26T00:00:00+05:30,10809.35,10735.14,11050.77,10735.14,24800.0
2006-05-29T00:00:00+05:30,10853.14,10855.03,10992.38,10781.61,15400.0
2006-05-30T00:00:00+05:30,10786.63,10886.61,10988.23,10722.92,16200.0
2006-05-31T00:00:00+05:30,10398.61,10679.49,10679.49,10111.96,35800.0
2006-06-01T00:00:00+05:30,10071.42,10472.46,10597.23,10017.82,24200.0
2006-06-02T00:00:00+05:30,10451.33,10104.57,10477.35,10011.45,28400.0
2006-06-05T00:00:00+05:30,10213.48,10537.08,10552.38,10186.33,19200.0
2006-06-06T00:00:00+05:30,9957.32,10087.96,10192.73,9884.89,26200.0
2006-06-07T00:00:00+05:30,9756.76,9919.28,10051.81,9609.21,27000.0
2006-06-08T00:00:00+05:30,9295.81,9664.9,9664.9,9200.8,36800.0
2006-06-09T00:00:00+05:30,9810.46,9270.78,9849.2,9262.2,29400.0
2006-06-12T00:00:00+05:30,9476.15,9858.47,9859.38,9428.03,20400.0
2006-06-13T00:00:00+05:30,9062.65,9360.06,9360.06,8993.58,28000.0
2006-06-14T00:00:00+05:30,8929.44,9156.97,9387.06,8799.01,27400.0
2006-06-15T00:00:00+05:30,9545.06,9133.36,9582.97,9092.16,26200.0
2006-06-16T00:00:00+05:30,9884.51,9703.06,10118.28,9703.06,33400.0
2006-06-19T00:00:00+05:30,9997.84,9903.11,10049.94,9755.21,20800.0
2006-06-20T00:00:00+05:30,9822.52,9958.33,9958.33,9745.17,22400.0
2006-06-21T00:00:00+05:30,10040.14,9797.87,10054.05,9757.54,24800.0
2006-06-22T00:00:00+05:30,10275.88,10093.38,10362.74,10093.38,22400.0
2006-06-23T00:00:00+05:30,10401.3,10201.31,10453.61,10025.19,22600.0
2006-06-26T00:00:00+05:30,10042.06,10427.85,10451.47,9991.12,21800.0
2006-06-27T00:00:00+05:30,10151.01,10058.29,10224.26,9902.33,31400.0
2006-06-28T00:00:00+05:30,10129.7,10070.87,10204.66,10001.43,26000.0
2006-06-29T00:00:00+05:30,10162.16,10193.94,10326.05,10109.56,20200.0
2006-06-30T00:00:00+05:30,10609.25,10316.12,10626.84,10316.12,30600.0
2006-07-03T00:00:00+05:30,10695.26,10646.56,10729.92,10589.46,22600.0
2006-07-04T00:00:00+05:30,10662.22,10755.45,10799.21,10644.72,17400.0
2006-07-05T00:00:00+05:30,10919.64,10641.33,10940.45,10611.35,25600.0
2006-07-06T00:00:00+05:30,10767.97,10836.49,10839.53,10703.0,22000.0
2006-07-07T00:00:00+05:30,10509.53,10813.75,10887.67,10440.02,28000.0
2006-07-10T00:00:00+05:30,10684.3,10484.25,10704.78,10461.73,16600.0
2006-07-11T00:00:00+05:30,10614.35,10699.62,10699.62,10566.71,18400.0
2006-07-12T00:00:00+05:30,10930.09,10604.64,10939.68,10549.85,25600.0
2006-07-13T00:00:00+05:30,10806.55,10922.61,10922.61,10797.49,22200.0
2006-07-14T00:00:00+05:30,10678.22,10782.98,10782.98,10563.76,20800.0
2006-07-17T00:00:00+05:30,10293.22,10647.26,10647.26,10262.57,17800.0
2006-07-18T00:00:00+05:30,10226.78,10336.62,10406.43,10149.85,20200.0
2006-07-19T00:00:00+05:30,10007.34,10320.59,10406.21,9972.73,24400.0
2006-07-20T00:00:00+05:30,10352.94,10247.87,10409.58,10225.18,23600.0
2006-07-21T00:00:00+05:30,10085.91,10336.38,10336.38,10035.24,23000.0
2006-07-24T00:00:00+05:30,10215.37,10042.47,10252.75,9875.35,20600.0
2006-07-25T00:00:00+05:30,10415.61,10351.75,10443.05,10323.77,18400.0
2006-07-26T00:00:00+05:30,10617.27,10475.47,10648.77,10362.61,19600.0
2006-07-27T00:00:00+05:30,10741.59,10671.77,10762.67,10589.68,20800.0
2006-07-28T00:00:00+05:30,10680.23,10787.65,10787.65,10603.83,21000.0
2006-07-31T00:00:00+05:30,10743.88,10759.19,10853.91,10710.29,17800.0
2006-08-01T00:00:00+05:30,10761.36,10737.5,10777.47,10646.65,15800.0
2006-08-02T00:00:00+05:30,10876.19,10747.13,10891.38,10730.13,18600.0
2006-08-03T00:00:00+05:30,10923.16,10955.27,11081.9,10875.87,20600.0
2006-08-04T00:00:00+05:30,10866.51,10951.81,11039.34,10810.04,18800.0
2006-08-07T00:00:00+05:30,10812.64,10863.28,10869.66,10780.01,13600.0
2006-08-08T00:00:00+05:30,11014.97,10839.53,11028.02,10839.53,15200.0
2006-08-09T00:00:00+05:30,11145.18,10990.73,11187.65,10943.83,18400.0
2006-08-10T00:00:00+05:30,11149.17,11175.0,11213.03,11051.75,16600.0
2006-08-11T00:00:00+05:30,11192.46,11181.34,11241.11,11069.25,18600.0
2006-08-14T00:00:00+05:30,11312.99,11221.86,11330.3,11221.86,13200.0
2006-08-16T00:00:00+05:30,11448.31,11384.05,11507.92,11384.05,15200.0
2006-08-17T00:00:00+05:30,11477.48,11498.47,11551.59,11379.44,19800.0
2006-08-18T00:00:00+05:30,11465.72,11507.14,11508.17,11409.11,14600.0
2006-08-21T00:00:00+05:30,11511.68,11488.03,11531.6,11375.9,11000.0
2006-08-22T00:00:00+05:30,11502.62,11547.42,11619.86,11460.93,12200.0
2006-08-23T00:00:00+05:30,11406.65,11493.59,11510.01,11374.86,13200.0
2006-08-24T00:00:00+05:30,11531.95,11367.74,11566.89,11297.23,15600.0
2006-08-25T00:00:00+05:30,11572.2,11602.05,11631.48,11542.1,17000.0
2006-08-28T00:00:00+05:30,11619.52,11579.12,11633.35,11552.44,9200.0
2006-08-29T00:00:00+05:30,11706.85,11651.96,11739.77,11651.96,16000.0
2006-08-30T00:00:00+05:30,11723.92,11735.05,11756.08,11643.38,12800.0
2006-08-31T00:00:00+05:30,11699.05,11754.07,11794.43,11675.08,16600.0
2006-09-01T00:00:00+05:30,11778.02,11699.57,11795.02,11666.01,11600.0
2006-09-04T00:00:00+05:30,11914.21,11824.49,11939.96,11824.49,10000.0
2006-09-05T00:00:00+05:30,11904.6,11927.42,11945.53,11847.93,12000.0
2006-09-06T00:00:00+05:30,11933.21,11908.53,11983.48,11904.92,12400.0
2006-09-07T00:00:00+05:30,11853.85,11893.33,11921.3,11815.43,11800.0
2006-09-08T00:00:00+05:30,11918.65,11859.44,11940.58,11825.22,16400.0
2006-09-11T00:00:00+05:30,11550.69,11959.56,11971.6,11505.6,18600.0
2006-09-12T00:00:00+05:30,11660.79,11564.95,11671.64,11445.19,19400.0
2006-09-13T00:00:00+05:30,11893.79,11723.78,11938.41,11723.78,15400.0
2006-09-14T00:00:00+05:30,11973.02,11936.8,12002.94,11892.24,14400.0
2006-09-15T00:00:00+05:30,12009.59,11977.69,12041.7,11847.61,12800.0
2006-09-18T00:00:00+05:30,12071.3,12006.19,12114.95,12006.19,12400.0
2006-09-19T00:00:00+05:30,11970.47,12103.44,12152.6,11915.21,17200.0
2006-09-20T00:00:00+05:30,12109.14,11946.32,12128.99,11833.61,13800.0
2006-09-21T00:00:00+05:30,12274.27,12167.91,12285.9,12167.91,15000.0
2006-09-22T00:00:00+05:30,12236.78,12244.41,12303.42,12170.2,13400.0
2006-09-25T00:00:00+05:30,12173.91,12257.27,12273.45,12145.09,15200.0
2006-09-26T00:00:00+05:30,12321.19,12206.79,12331.45,12160.58,14200.0
2006-09-27T00:00:00+05:30,12366.91,12359.01,12442.82,12339.98,12600.0
2006-09-28T00:00:00+05:30,12380.74,12388.66,12431.79,12342.28,13400.0
2006-09-29T00:00:00+05:30,12454.42,12414.66,12485.17,12381.29,12600.0
2006-10-03T00:00:00+05:30,12366.39,12479.98,12488.57,12343.8,11600.0
2006-10-04T00:00:00+05:30,12204.01,12401.09,12419.65,12178.83,14400.0
2006-10-05T00:00:00+05:30,12389.41,12299.21,12415.97,12299.21,12200.0
2006-10-06T00:00:00+05:30,12372.81,12391.26,12434.22,12357.96,12000.0
2006-10-09T00:00:00+05:30,12365.83,12335.82,12429.74,12261.49,10600.0
2006-10-10T00:00:00+05:30,12363.77,12416.43,12481.93,12341.34,11400.0
2006-10-11T00:00:00+05:30,12353.49,12446.72,12514.18,12301.51,13800.0
2006-10-12T00:00:00+05:30,12537.98,12387.89,12558.71,12315.02,13600.0
2006-10-13T00:00:00+05:30,12736.42,12632.62,12756.23,12632.62,16600.0
2006-10-16T00:00:00+05:30,12928.18,12785.03,12953.76,12785.03,18800.0
2006-10-17T00:00:00+05:30,12883.83,12981.53,12994.45,12819.35,16000.0
2006-10-18T00:00:00+05:30,12858.48,12886.33,12920.59,12830.84,16400.0
2006-10-19T00:00:00+05:30,12723.59,12881.8,12925.6,12654.98,15400.0
2006-10-20T00:00:00+05:30,12709.4,12756.41,12849.02,12679.85,15800.0
2006-10-23T00:00:00+05:30,12623.28,12757.31,12766.3,12612.36,7800.0
2006-10-26T00:00:00+05:30,12698.41,12636.16,12718.31,12636.16,13200.0
2006-10-27T00:00:00+05:30,12906.81,12741.85,12921.23,12741.85,15200.0
2006-10-30T00:00:00+05:30,13024.26,12925.43,13039.3,12844.85,13800.0
2006-10-31T00:00:00+05:30,12961.9,13048.76,13075.85,12907.94,17200.0
2006-11-01T00:00:00+05:30,13033.04,12992.62,13050.73,12937.3,12800.0
2006-11-02T00:00:00+05:30,13091.12,13062.52,13137.74,13014.65,12000.0
2006-11-03T00:00:00+05:30,13130.79,13119.34,13146.86,13017.84,12600.0
2006-11-06T00:00:00+05:30,13186.89,13155.11,13206.87,13113.71,14600.0
2006-11-07T00:00:00+05:30,13156.66,13208.79,13300.69,13135.21,17200.0
2006-11-08T00:00:00+05:30,13072.51,13176.08,13202.68,12950.57,16400.0
2006-11-09T00:00:00+05:30,13137.49,13107.78,13192.89,13069.85,16800.0
2006-11-10T00:00:00+05:30,13282.91,13187.51,13303.85,13104.98,16400.0
2006-11-13T00:00:00+05:30,13399.0,13295.24,13410.08,13287.28,12800.0
2006-11-14T00:00:00+05:30,13425.5,13439.71,13486.74,13380.77,22000.0
2006-11-15T00:00:00+05:30,13469.37,13476.28,13506.08,13390.79,14400.0
2006-11-16T00:00:00+05:30,13505.89,13500.7,13588.01,13459.28,68200.0
2006-11-17T00:00:00+05:30,13429.48,13678.04,13678.04,13383.43,20800.0
2006-11-20T00:00:00+05:30,13430.71,13390.95,13463.06,13200.36,15600.0
2006-11-21T00:00:00+05:30,13616.77,13434.58,13630.41,13434.58,14200.0
2006-11-22T00:00:00+05:30,13706.53,13625.09,13740.39,13625.09,15200.0
2006-11-23T00:00:00+05:30,13680.83,13667.13,13790.82,13643.47,12200.0
2006-11-24T00:00:00+05:30,13703.33,13669.81,13767.85,13665.52,17800.0
2006-11-27T00:00:00+05:30,13773.59,13716.46,13799.02,13716.46,12000.0
2006-11-28T00:00:00+05:30,13601.95,13690.67,13691.12,13577.38,16000.0
2006-11-29T00:00:00+05:30,13616.73,13649.2,13711.76,13586.04,13600.0
2006-11-30T00:00:00+05:30,13696.31,13630.9,13745.16,13630.61,10800.0
2006-12-01T00:00:00+05:30,13844.78,13729.67,13857.81,13725.78,12200.0
2006-12-04T00:00:00+05:30,13874.33,13846.71,13912.54,13828.9,10000.0
2006-12-05T00:00:00+05:30,13937.65,14028.47,14028.47,13905.65,12400.0
2006-12-06T00:00:00+05:30,13949.0,13951.09,14035.3,13847.67,11000.0
2006-12-07T00:00:00+05:30,13972.03,13962.94,14002.72,13915.74,9600.0
2006-12-08T00:00:00+05:30,13799.49,14007.67,14009.56,13799.49,14800.0
2006-12-11T00:00:00+05:30,13399.43,13783.0,13801.98,13261.73,27200.0
2006-12-12T00:00:00+05:30,12995.02,13413.61,13492.21,12801.65,21200.0
2006-12-13T00:00:00+05:30,13181.34,13039.02,13223.0,12830.38,20800.0
2006-12-14T00:00:00+05:30,13487.16,13256.81,13524.77,13239.79,14600.0
2006-12-15T00:00:00+05:30,13614.52,13545.6,13669.65,13545.6,18800.0
2006-12-18T00:00:00+05:30,13731.09,13695.6,13744.17,13416.4,14200.0
2006-12-19T00:00:00+05:30,13382.01,13737.36,13748.62,13237.39,18600.0
2006-12-20T00:00:00+05:30,13340.21,13452.69,13568.09,13232.56,15400.0
2006-12-21T00:00:00+05:30,13384.86,13313.91,13441.36,13182.35,12000.0
2006-12-22T00:00:00+05:30,13471.74,13398.13,13493.88,13362.11,10800.0
2006-12-26T00:00:00+05:30,13708.34,13501.44,13726.62,13490.77,8200.0
2006-12-27T00:00:00+05:30,13859.69,13734.01,13911.59,13734.01,11400.0
2006-12-28T00:00:00+05:30,13846.34,13893.29,13960.39,13819.77,11600.0
2006-12-29T00:00:00+05:30,13786.91,13873.03,13929.1,13770.06,8800.0
2007-01-02T00:00:00+05:30,13942.24,13827.77,13980.54,13797.44,9600.0
2007-01-03T00:00:00+05:30,14014.92,13969.45,14035.67,13897.42,11600.0
2007-01-04T00:00:00+05:30,13871.71,14029.04,14060.35,13850.38,14600.0
2007-01-05T00:00:00+05:30,13860.52,13768.79,13971.82,13763.39,13200.0
2007-01-08T00:00:00+05:30,13652.15,13855.89,13855.89,13599.87,11600.0
2007-01-09T00:00:00+05:30,13566.33,13650.96,13748.42,13493.38,36600.0
2007-01-10T00:00:00+05:30,13362.16,13569.57,13569.57,13336.52,12600.0
2007-01-11T00:00:00+05:30,13630.71,13331.38,13667.8,13303.22,15600.0
2007-01-12T00:00:00+05:30,14056.53,13729.07,14070.88,13729.07,14400.0
2007-01-15T00:00:00+05:30,14129.64,14110.44,14202.12,14103.12,15400.0
2007-01-16T00:00:00+05:30,14114.73,14146.0,14211.15,14070.65,9000.0
2007-01-17T00:00:00+05:30,14131.34,14116.25,14185.12,14089.63,9000.0
2007-01-18T00:00:00+05:30,14217.75,14165.77,14325.92,14140.35,13800.0
2007-01-19T00:00:00+05:30,14182.71,14172.54,14236.79,14067.52,14400.0
2007-01-22T00:00:00+05:30,14209.24,14217.8,14259.07,14111.75,11200.0
2007-01-23T00:00:00+05:30,14041.24,14212.12,14212.12,14025.74,14600.0
2007-01-24T00:00:00+05:30,14110.46,14069.61,14156.46,14043.54,18000.0
2007-01-25T00:00:00+05:30,14282.72,14151.27,14307.19,14151.27,15600.0
2007-01-29T00:00:00+05:30,14211.96,14306.97,14316.54,14185.92,12800.0
2007-01-31T00:00:00+05:30,14090.92,14219.38,14269.31,14045.61,25000.0
2007-02-01T00:00:00+05:30,14267.18,14124.36,14278.08,14109.91,14200.0
2007-02-02T00:00:00+05:30,14403.77,14293.11,14462.77,14293.11,18400.0
2007-02-05T00:00:00+05:30,14515.9,14432.09,14526.51,14372.36,11600.0
2007-02-06T00:00:00+05:30,14478.19,14486.4,14564.8,14452.78,18600.0
2007-02-07T00:00:00+05:30,14643.13,14493.56,14663.26,14478.45,11400.0
2007-02-08T00:00:00+05:30,14652.09,14690.58,14697.69,14523.16,11600.0
2007-02-09T00:00:00+05:30,14538.9,14684.35,14723.88,14493.67,12200.0
2007-02-12T00:00:00+05:30,14190.7,14529.28,14529.28,14146.22,21200.0
2007-02-13T00:00:00+05:30,14090.98,14168.33,14363.74,13957.7,24400.0
2007-02-14T00:00:00+05:30,14009.9,13990.41,14036.61,13805.36,22400.0
2007-02-15T00:00:00+05:30,14355.55,14107.09,14372.96,14107.09,16200.0
2007-02-19T00:00:00+05:30,14402.9,14450.19,14479.18,14372.07,12600.0
2007-02-20T00:00:00+05:30,14253.38,14449.23,14466.76,14230.47,13200.0
2007-02-21T00:00:00+05:30,14188.49,14199.07,14312.88,14157.72,14600.0
2007-02-22T00:00:00+05:30,14021.30957,14200.11035,14287.03027,13978.04981,16200.0
2007-02-23T00:00:00+05:30,13579.02,14037.13,14037.13,13568.08,18200.0
2007-02-26T00:00:00+05:30,13649.52,13684.95,13723.4,13383.88,17400.0
2007-02-27T00:00:00+05:30,13478.83,13703.41,13703.41,13408.56,15400.0
2007-02-28T00:00:00+05:30,12938.09,13045.12,13298.52,12800.91,35800.0
2007-03-01T00:00:00+05:30,13159.55,13013.74,13193.13,12861.35,24200.0
2007-03-02T00:00:00+05:30,12886.13,13139.1,13254.03,12836.75,19600.0
2007-03-05T00:00:00+05:30,12415.04,12716.85,12716.85,12344.44,27600.0
2007-03-06T00:00:00+05:30,12697.09,12573.01,12760.22,12427.13,21600.0
2007-03-07T00:00:00+05:30,12579.75,12792.9,12902.18,12390.46,19800.0
2007-03-08T00:00:00+05:30,13049.35,12649.77,13099.83,12596.86,20800.0
2007-03-09T00:00:00+05:30,12884.99,13106.53,13106.53,12788.16,25200.0
2007-03-12T00:00:00+05:30,12902.63,12950.93,13056.86,12844.99,17200.0
2007-03-13T00:00:00+05:30,12982.98,12924.5,13026.85,12817.62,15000.0
2007-03-14T00:00:00+05:30,12529.62,12694.36,12694.36,12504.1,19200.0
2007-03-15T00:00:00+05:30,12543.85,12655.94,12789.81,12510.75,16200.0
2007-03-16T00:00:00+05:30,12430.4,12570.52,12638.78,12399.6,14800.0
2007-03-19T00:00:00+05:30,12644.99,12484.64,12655.0,12426.66,12000.0
2007-03-20T00:00:00+05:30,12705.94,12746.94,12798.8,12674.77,15600.0
2007-03-21T00:00:00+05:30,12945.88,12735.91,12964.94,12664.33,16000.0
2007-03-22T00:00:00+05:30,13308.03,13071.81,13326.24,13071.81,19000.0
2007-03-23T00:00:00+05:30,13285.93,13343.57,13386.95,13196.9,16400.0
2007-03-26T00:00:00+05:30,13124.32,13345.73,13345.73,13090.8,12200.0
2007-03-28T00:00:00+05:30,12884.34,13034.27,13035.56,12861.18,13200.0
2007-03-29T00:00:00+05:30,12979.66,12862.53,13004.4,12832.69,15600.0
2007-03-30T00:00:00+05:30,13072.1,13018.21,13111.87,12984.13,13600.0
2007-04-02T00:00:00+05:30,12455.37,12811.93,12811.93,12425.52,15800.0
2007-04-03T00:00:00+05:30,12624.58,12503.75,12657.75,12481.86,12200.0
2007-04-04T00:00:00+05:30,12786.77,12691.24,12835.36,12691.24,18800.0
2007-04-05T00:00:00+05:30,12856.08,12791.6,12899.31,12711.5,15800.0
2007-04-09T00:00:00+05:30,13177.74,12904.85,13194.0,12904.85,13800.0
2007-04-10T00:00:00+05:30,13189.54004,13236.2002,13236.2002,13075.48047,15400.0
2007-04-11T00:00:00+05:30,13183.24,13221.76,13294.9,13161.21,16000.0
2007-04-12T00:00:00+05:30,13113.81,13127.86,13160.15,13030.87,12200.0
2007-04-13T00:00:00+05:30,13384.08,13163.02,13421.05,13119.88,18400.0
2007-04-16T00:00:00+05:30,13695.58,13479.49,13708.4,13479.49,14200.0
2007-04-17T00:00:00+05:30,13607.04,13733.18,13755.76,13581.04,14200.0
2007-04-18T00:00:00+05:30,13672.19,13602.9,13762.92,13602.9,14200.0
2007-04-19T00:00:00+05:30,13536.21,13538.71,13658.11,13423.64,15800.0
2007-04-20T00:00:00+05:30,13897.41,13684.95,13915.62,13684.95,21200.0
2007-04-23T00:00:00+05:30,13928.33,13972.81,14046.52,13879.39,42800.0
2007-04-24T00:00:00+05:30,14136.72,13893.72,14197.32,13850.07,22000.0
2007-04-25T00:00:00+05:30,14217.77,14141.7,14238.29,14052.17,18000.0
2007-04-26T00:00:00+05:30,14228.88,14273.17,14383.72,14127.18,16800.0
2007-04-27T00:00:00+05:30,13908.58,14219.25,14219.25,13884.53,19800.0
2007-04-30T00:00:00+05:30,13872.37,13823.4,13901.12,13693.59,15400.0
2007-05-03T00:00:00+05:30,14078.21,13987.77,14107.06,13987.77,14200.0
2007-05-04T00:00:00+05:30,13934.27,14129.89,14189.21,13912.92,13200.0
2007-05-07T00:00:00+05:30,13879.25,14044.71,14067.07,13861.38,11600.0
2007-05-08T00:00:00+05:30,13765.46,13886.0,13956.4,13741.24,12800.0
2007-05-09T00:00:00+05:30,13781.51,13705.35,13806.37,13612.04,12400.0
2007-05-10T00:00:00+05:30,13771.23,13823.36,13976.79,13745.23,13600.0
2007-05-11T00:00:00+05:30,13796.16,13691.86,13864.18,13562.95,16000.0
2007-05-14T00:00:00+05:30,13965.86,13954.41,14026.02,13924.02,11200.0
2007-05-15T00:00:00+05:30,13929.33,13948.91,14023.86,13885.46,11200.0
2007-05-16T00:00:00+05:30,14127.31,13949.81,14159.36,13936.88,19800.0
2007-05-17T00:00:00+05:30,14299.71,14217.36,14352.98,14217.36,17600.0
2007-05-18T00:00:00+05:30,14303.41,14261.47,14337.06,14201.01,12400.0
2007-05-21T00:00:00+05:30,14418.6,14362.63,14451.3,14362.63,30800.0
2007-05-22T00:00:00+05:30,14453.72,14460.68,14483.59,14348.26,17000.0
2007-05-23T00:00:00+05:30,14363.26,14490.03,14500.64,14325.89,18000.0
2007-05-24T00:00:00+05:30,14218.11,14344.7,14389.66,14174.05,13600.0
2007-05-25T00:00:00+05:30,14338.45,14073.61,14364.95,14046.06,14000.0
2007-05-28T00:00:00+05:30,14397.89,14467.85,14527.47,14368.4,12000.0
2007-05-29T00:00:00+05:30,14508.21,14418.98,14530.15,14372.07,11000.0
2007-05-30T00:00:00+05:30,14411.38,14501.46,14576.37,14379.21,15000.0
2007-05-31T00:00:00+05:30,14544.46,14451.31,14573.81,14448.57,12400.0
2007-06-01T00:00:00+05:30,14570.75,14610.28,14682.1,14539.89,13800.0
2007-06-04T00:00:00+05:30,14495.77,14618.78,14683.36,14465.68,15200.0
2007-06-05T00:00:00+05:30,14535.01,14514.2,14571.31,14432.67,10800.0
2007-06-06T00:00:00+05:30,14255.93,14551.53,14590.82,14234.07,22800.0
2007-06-07T00:00:00+05:30,14186.18,14195.84,14362.58,14139.09,17000.0
2007-06-08T00:00:00+05:30,14063.81,14063.94,14229.22,14010.61,18600.0
2007-06-11T00:00:00+05:30,14083.41,14170.81,14268.91,14057.63,12000.0
2007-06-12T00:00:00+05:30,14130.95,14122.33,14153.44,13946.99,13600.0
2007-06-13T00:00:00+05:30,14003.03,14139.92,14152.79,13968.38,13000.0
2007-06-14T00:00:00+05:30,14209.82,14087.91,14219.24,14087.91,11800.0
2007-06-15T00:00:00+05:30,14162.71,14277.61,14326.55,14112.53,13000.0
2007-06-18T00:00:00+05:30,14080.14,14241.76,14283.71,14057.26,9400.0
2007-06-19T00:00:00+05:30,14295.5,14088.58,14315.18,14058.79,9400.0
2007-06-20T00:00:00+05:30,14411.95,14359.96,14449.38,14347.58,11200.0
2007-06-21T00:00:00+05:30,14499.24,14415.56,14526.44,14406.67,13800.0
2007-06-22T00:00:00+05:30,14467.36,14508.63,14560.32,14441.76,18600.0
2007-06-25T00:00:00+05:30,14487.72,14469.43,14521.62,14424.71,16200.0
2007-06-26T00:00:00+05:30,14501.08,14478.75,14560.48,14478.75,12400.0
2007-06-27T00:00:00+05:30,14431.06,14520.19,14520.19,14407.12,10400.0
2007-06-28T00:00:00+05:30,14504.57,14498.05,14537.04,14435.24,16000.0
2007-06-29T00:00:00+05:30,14650.51,14589.52,14663.25,14574.45,10800.0
2007-07-02T00:00:00+05:30,14664.26,14685.16,14745.97,14638.88,9200.0
2007-07-03T00:00:00+05:30,14806.51,14720.0,14828.39,14720.0,9200.0
2007-07-04T00:00:00+05:30,14880.24,14868.14,14906.93,14790.75,14800.0
2007-07-05T00:00:00+05:30,14861.89,14932.53,14963.26,14731.22,18800.0
2007-07-06T00:00:00+05:30,14964.12,14843.43,15007.22,14826.56,20000.0
2007-07-09T00:00:00+05:30,15045.73,15018.71,15085.22,15005.47,14200.0
2007-07-10T00:00:00+05:30,15009.88,15100.13,15114.95,14966.4,12600.0
2007-07-11T00:00:00+05:30,14910.62,14948.15,15015.35,14829.55,14600.0
2007-07-12T00:00:00+05:30,15092.04,14963.53,15112.22,14963.53,19800.0
2007-07-13T00:00:00+05:30,15272.72,15216.83,15330.73,15216.83,24000.0
2007-07-16T00:00:00+05:30,15311.22,15295.03,15341.38,15239.41,20000.0
2007-07-17T00:00:00+05:30,15289.82,15357.6,15440.2,15272.46,15800.0
2007-07-18T00:00:00+05:30,15301.17,15296.06,15325.78,15160.27,13000.0
2007-07-19T00:00:00+05:30,15550.13,15357.38,15593.31,15357.38,18600.0
2007-07-20T00:00:00+05:30,15565.55,15625.63,15683.03,15524.68,18000.0
2007-07-23T00:00:00+05:30,15732.2,15560.57,15773.37,15477.91,13400.0
2007-07-24T00:00:00+05:30,15794.92,15802.19,15868.85,15742.32,22200.0
2007-07-25T00:00:00+05:30,15699.33,15711.87,15771.26,15572.98,25200.0
2007-07-26T00:00:00+05:30,15776.31,15768.28,15812.27,15654.4,17000.0
2007-07-27T00:00:00+05:30,15234.57,15487.76,15495.51,15227.5,30200.0
2007-07-30T00:00:00+05:30,15260.91,15278.03,15451.81,15135.25,20400.0
2007-07-31T00:00:00+05:30,15550.99,15358.69,15568.85,15224.82,18200.0
2007-08-01T00:00:00+05:30,14935.77,15344.02,15344.02,14910.52,22800.0
2007-08-02T00:00:00+05:30,14985.7,15022.87,15134.53,14896.47,14400.0
2007-08-03T00:00:00+05:30,15138.4,15061.13,15235.51,15061.13,11400.0
2007-08-06T00:00:00+05:30,14903.03,14892.6,14928.8,14705.58,15600.0
2007-08-07T00:00:00+05:30,14932.77,15038.03,15142.04,14901.83,14000.0
2007-08-08T00:00:00+05:30,15307.98,15088.07,15340.24,15088.07,17200.0
2007-08-09T00:00:00+05:30,15100.15,15452.44,15542.4,15062.1,16400.0
2007-08-10T00:00:00+05:30,14868.25,14674.92,14901.31,14570.89,16400.0
2007-08-13T00:00:00+05:30,15017.21,14965.65,15044.74,14869.15,9400.0
2007-08-14T00:00:00+05:30,15000.91,15066.71,15069.64,14964.66,9600.0
2007-08-16T00:00:00+05:30,14358.21,14584.92,14584.92,14345.03,21800.0
2007-08-17T00:00:00+05:30,14141.52,14309.37,14318.56,13779.88,32400.0
2007-08-20T00:00:00+05:30,14427.55,14512.28,14680.09,14406.91,12400.0
2007-08-21T00:00:00+05:30,13989.11,14512.19,14534.51,13941.93,15800.0
2007-08-22T00:00:00+05:30,14248.66,14055.4,14281.48,13870.7,19400.0
2007-08-23T00:00:00+05:30,14163.98,14458.33,14554.93,14128.72,17800.0
2007-08-24T00:00:00+05:30,14424.87,14237.26,14455.49,14163.61,10400.0
2007-08-27T00:00:00+05:30,14842.38,14581.35,14858.93,14581.35,11600.0
2007-08-28T00:00:00+05:30,14919.19,14841.61,14952.04,14751.68,14200.0
2007-08-29T00:00:00+05:30,14993.04,14651.49,15029.53,14592.11,17400.0
2007-08-30T00:00:00+05:30,15121.74,15168.69,15200.81,15053.98,18400.0
2007-08-31T00:00:00+05:30,15318.6,15131.36,15350.91,15131.36,14400.0
2007-09-03T00:00:00+05:30,15422.05,15401.99,15427.16,15323.05,15000.0
2007-09-04T00:00:00+05:30,15465.4,15482.13,15521.48,15389.62,13400.0
2007-09-05T00:00:00+05:30,15446.15,15535.35,15580.86,15407.0,16200.0
2007-09-06T00:00:00+05:30,15616.31,15383.18,15637.74,15350.18,11200.0
2007-09-07T00:00:00+05:30,15590.42,15655.37,15716.06,15565.22,14000.0
2007-09-10T00:00:00+05:30,15596.83,15413.58,15626.28,15363.53,11200.0
2007-09-11T00:00:00+05:30,15542.77,15668.4,15698.98,15506.1,12000.0
2007-09-12T00:00:00+05:30,15505.36,15608.5,15661.44,15486.81,13200.0
2007-09-13T00:00:00+05:30,15614.44,15547.66,15650.14,15547.66,13400.0
2007-09-14T00:00:00+05:30,15603.8,15713.66,15824.65,15568.36,13400.0
2007-09-17T00:00:00+05:30,15504.43,15664.74,15726.06,15467.46,9400.0
2007-09-18T00:00:00+05:30,15669.12,15547.07,15691.88,15468.8,12200.0
2007-09-19T00:00:00+05:30,16322.75,16159.13,16335.3,16137.56,22800.0
2007-09-20T00:00:00+05:30,16347.95,16341.55,16415.88,16261.36,21600.0
2007-09-21T00:00:00+05:30,16564.23,16352.32,16616.84,16308.09,92400.0
2007-09-24T00:00:00+05:30,16845.83,16697.89,16869.64,16599.66,21200.0
2007-09-25T00:00:00+05:30,16899.54,16890.75,16928.02,16676.98,18800.0
2007-09-26T00:00:00+05:30,16921.39,16969.45,17073.87,16887.07,16400.0
2007-09-27T00:00:00+05:30,17150.56,17059.61,17188.4,17018.56,19000.0
2007-09-28T00:00:00+05:30,17291.1,17152.31,17361.47,17152.31,22600.0
2007-10-01T00:00:00+05:30,17328.62,17356.99,17425.34,17144.58,22200.0
2007-10-03T00:00:00+05:30,17847.04,17467.41,17953.07,17288.41,32800.0
2007-10-04T00:00:00+05:30,17777.14,17799.63,17890.49,17494.7,20800.0
2007-10-05T00:00:00+05:30,17773.36,17831.68,17979.18,17708.8,20000.0
2007-10-08T00:00:00+05:30,17491.39,17901.94,17982.59,17322.14,20400.0
2007-10-09T00:00:00+05:30,18280.24,17402.24,18327.42,17287.19,25600.0
2007-10-10T00:00:00+05:30,18658.25,18551.29,18703.67,18436.99,26000.0
2007-10-11T00:00:00+05:30,18814.07,18696.62,18832.65,18536.97,35400.0
2007-10-12T00:00:00+05:30,18419.04,18794.63,18844.62,18336.0,30000.0
2007-10-15T00:00:00+05:30,19058.67,18525.61,19095.75,18525.61,22800.0
2007-10-16T00:00:00+05:30,19051.86,19102.93,19174.45,18777.75,27400.0
2007-10-17T00:00:00+05:30,18715.82,18037.9,18841.29,17307.9,36800.0
2007-10-18T00:00:00+05:30,17998.39,17544.15,19198.66,17544.15,41600.0
2007-10-19T00:00:00+05:30,17559.98,18031.77,18031.77,17226.18,35400.0
2007-10-22T00:00:00+05:30,17613.99,17347.9,17704.83,17319.21,78400.0
2007-10-23T00:00:00+05:30,18492.84,17910.3,18542.41,17910.3,21600.0
2007-10-24T00:00:00+05:30,18512.91,18727.9,18832.49,18317.17,25200.0
2007-10-25T00:00:00+05:30,18770.89,18519.23,18900.1,18459.51,23200.0
2007-10-26T00:00:00+05:30,19243.17,18823.66,19276.45,18629.53,23200.0
2007-10-29T00:00:00+05:30,19977.67,19621.39,20024.87,19621.39,20600.0
2007-10-30T00:00:00+05:30,19783.51,20103.44,20238.16,19694.85,20600.0
2007-10-31T00:00:00+05:30,19837.99,19735.21,19984.13,19735.21,31000.0
2007-11-01T00:00:00+05:30,19724.35,20055.13,20156.59,19634.47,26000.0
2007-11-02T00:00:00+05:30,19976.23,19364.61,20025.63,19255.77,19200.0
2007-11-05T00:00:00+05:30,19590.78,20009.35,20009.35,19502.45,19000.0
2007-11-06T00:00:00+05:30,19470.43,19689.79,19919.34,19366.61,18000.0
2007-11-07T00:00:00+05:30,19289.83,19552.53,19678.5,19249.47,13600.0
2007-11-08T00:00:00+05:30,19058.93,19110.4,19209.91,18917.4,16400.0
2007-11-09T00:00:00+05:30,19058.93,19058.93,19058.93,19058.93,0.0
2007-11-12T00:00:00+05:30,18737.27,18412.05,18815.11,18366.73,22800.0
2007-11-13T00:00:00+05:30,19035.48,18681.1,19210.48,18636.21,23200.0
2007-11-14T00:00:00+05:30,19929.06,19336.96,19987.71,19336.96,20800.0
2007-11-15T00:00:00+05:30,19784.89,19947.72,19967.08,19723.2,19200.0
2007-11-16T00:00:00+05:30,19698.36,19603.09,19838.03,19472.51,19000.0
2007-11-19T00:00:00+05:30,19633.36,19895.49,19971.44,19583.97,12600.0
2007-11-20T00:00:00+05:30,19280.8,19510.94,19714.22,19196.42,14400.0
2007-11-21T00:00:00+05:30,18602.62,19197.57,19218.88,18515.3,16600.0
2007-11-22T00:00:00+05:30,18526.32,18658.6,18699.58,18182.83,19800.0
2007-11-23T00:00:00+05:30,18852.87,18737.22,18910.46,18548.06,14000.0
2007-11-26T00:00:00+05:30,19247.54,19171.25,19360.23,19137.66,11400.0
2007-11-27T00:00:00+05:30,19127.73,19128.86,19211.58,19019.33,8800.0
2007-11-28T00:00:00+05:30,18938.87,19316.76,19316.76,18884.2,11000.0
2007-11-29T00:00:00+05:30,19003.26,19290.67,19297.01,18930.31,13400.0
2007-11-30T00:00:00+05:30,19363.19,19086.48,19424.99,19086.48,13800.0
2007-12-03T00:00:00+05:30,19603.41,19547.09,19619.44,19446.68,12800.0
2007-12-04T00:00:00+05:30,19529.5,19707.59,19707.86,19482.34,14400.0
2007-12-05T00:00:00+05:30,19738.07,19628.85,19790.92,19560.68,14600.0
2007-12-06T00:00:00+05:30,19795.87,20018.17,20064.31,19716.57,14800.0
2007-12-07T00:00:00+05:30,19966.0,20063.5,20094.56,19706.43,14800.0
2007-12-10T00:00:00+05:30,19930.68,19993.8,20048.87,19834.01,10200.0
2007-12-11T00:00:00+05:30,20290.89,20049.35,20333.06,20019.34,11600.0
2007-12-12T00:00:00+05:30,20375.87,20197.44,20419.11,20045.42,14800.0
2007-12-13T00:00:00+05:30,20104.39063,20498.10938,20498.10938,20065.63086,17000.0
2007-12-14T00:00:00+05:30,20030.83,20108.09,20171.57,19936.49,14800.0
2007-12-17T00:00:00+05:30,19261.35,20032.67,20032.67,19177.19,15400.0
2007-12-18T00:00:00+05:30,19079.64,19339.14,19375.07,19009.35,15200.0
2007-12-19T00:00:00+05:30,19091.96,19255.39,19397.76,18886.4,12600.0
2007-12-20T00:00:00+05:30,19162.57,19210.22,19291.14,19097.7,11400.0
2007-12-24T00:00:00+05:30,19854.12,19308.2,19879.0,19308.2,12200.0
2007-12-26T00:00:00+05:30,20192.52,19940.96,20211.47,19896.61,12000.0
2007-12-27T00:00:00+05:30,20216.72,20301.05,20323.76,20159.73,13200.0
2007-12-28T00:00:00+05:30,20206.95,20158.12,20259.45,20022.88,10600.0
2007-12-31T00:00:00+05:30,20286.99,20323.28,20484.28,20239.63,10400.0
2008-01-01T00:00:00+05:30,20300.71,20323.28,20484.28,20220.46,0.0
2008-01-02T00:00:00+05:30,20465.3,20393.1,20529.48,20077.4,20600.0
2008-01-03T00:00:00+05:30,20345.2,20372.93,20519.7,20293.87,20600.0
2008-01-04T00:00:00+05:30,20686.89,20367.94,20762.8,20367.94,18600.0
2008-01-07T00:00:00+05:30,20812.65,20637.21,20861.83,20438.19,17600.0
2008-01-08T00:00:00+05:30,20873.33,20970.07,21077.53,20696.6,22800.0
2008-01-09T00:00:00+05:30,20869.78,20903.0,21113.13,20701.49,22200.0
2008-01-10T00:00:00+05:30,20582.08,20930.28,21206.77,20530.07,21200.0
2008-01-11T00:00:00+05:30,20827.45,20702.94,20894.79,20505.81,18200.0
2008-01-14T00:00:00+05:30,20728.05,20918.23,20959.22,20661.9,16800.0
2008-01-15T00:00:00+05:30,20251.09,20836.47,20872.93,20203.63,19400.0
2008-01-16T00:00:00+05:30,19868.11,20079.89,20079.89,19513.25,24600.0
2008-01-17T00:00:00+05:30,19700.82,19972.75,20026.12,19643.76,20200.0
2008-01-18T00:00:00+05:30,19013.7,19579.61,19715.78,18930.42,28000.0
2008-01-21T00:00:00+05:30,17605.35,18919.57,18919.57,16951.5,35800.0
2008-01-22T00:00:00+05:30,16729.94,16884.09,17010.04,15332.42,30600.0
2008-01-23T00:00:00+05:30,17594.07,17520.02,17997.11,16951.03,22000.0
2008-01-24T00:00:00+05:30,17221.74,17920.98,18185.1,17070.05,22800.0
2008-01-25T00:00:00+05:30,18361.66,17504.0,18406.25,17504.0,15200.0
2008-01-28T00:00:00+05:30,18152.78,18011.89,18213.21,17443.29,12400.0
2008-01-29T00:00:00+05:30,18091.94,18346.49,18491.06,17927.92,14800.0
2008-01-30T00:00:00+05:30,17758.64,18120.22,18129.18,17683.51,13400.0
2008-01-31T00:00:00+05:30,17648.71,17810.13,18008.71,17417.63,16800.0
2008-02-01T00:00:00+05:30,18242.58,17820.67,18312.4,17534.96,14800.0
2008-02-04T00:00:00+05:30,18660.32,18496.03,18895.34,18447.25,17400.0
2008-02-05T00:00:00+05:30,18663.16,18592.58,18729.83,18509.54,19000.0
2008-02-06T00:00:00+05:30,18139.49,18247.03,18274.15,17936.01,16400.0
2008-02-07T00:00:00+05:30,17526.93,18198.68,18198.68,17492.28,17400.0
2008-02-08T00:00:00+05:30,17464.89,17610.07,17688.73,17203.06,19200.0
2008-02-11T00:00:00+05:30,16630.91,17427.34,17427.34,16457.74,20000.0
2008-02-12T00:00:00+05:30,16608.01,16812.63,16966.72,16565.48,14400.0
2008-02-13T00:00:00+05:30,16949.14,16816.94,17141.06,16725.68,14200.0
2008-02-14T00:00:00+05:30,17766.63,17265.19,17836.64,17265.19,14400.0
2008-02-15T00:00:00+05:30,18115.25,17541.17,18142.92,17445.05,17400.0
2008-02-18T00:00:00+05:30,18048.05,18228.21,18256.82,17900.96,11800.0
2008-02-19T00:00:00+05:30,18075.66,18215.26,18314.1,18018.48,12800.0
2008-02-20T00:00:00+05:30,17617.6,17991.29,17991.29,17505.56,12800.0
2008-02-21T00:00:00+05:30,17734.68,17825.22,17911.66,17482.31,15800.0
2008-02-22T00:00:00+05:30,17349.07,17503.04,17526.8,17309.47,9800.0
2008-02-25T00:00:00+05:30,17650.57,17523.81,17674.06,17137.99,13200.0
2008-02-26T00:00:00+05:30,17806.19,17799.56,17860.1,17678.74,11000.0
2008-02-27T00:00:00+05:30,17825.99,17983.42,18137.28,17770.65,13000.0
2008-02-28T00:00:00+05:30,17824.48,17810.52,17921.51,17690.16,18200.0
2008-02-29T00:00:00+05:30,17578.72,17779.54,17779.54,17258.2,23000.0
2008-03-03T00:00:00+05:30,16677.88,17227.56,17227.56,16634.63,21800.0
2008-03-04T00:00:00+05:30,16339.89,16742.2,16754.06,16164.57,20600.0
2008-03-05T00:00:00+05:30,16542.08,16328.91,16595.64,16253.02,21600.0
2008-03-07T00:00:00+05:30,15975.52,16211.96,16211.96,15689.92,24400.0
2008-03-10T00:00:00+05:30,15923.72,15684.24,15998.33,15362.17,21800.0
2008-03-11T00:00:00+05:30,16123.15,15778.27,16168.13,15739.04,22400.0
2008-03-12T00:00:00+05:30,16127.98,16541.14,16683.37,16064.09,23000.0
2008-03-13T00:00:00+05:30,15357.35,15873.28,15873.28,15228.99,21200.0
2008-03-14T00:00:00+05:30,15760.52,15467.39,15798.42,15331.35,23800.0
2008-03-17T00:00:00+05:30,14809.49,15326.93,15326.93,14739.72,22600.0
2008-03-18T00:00:00+05:30,14833.46,14725.68,15164.73,14677.24,47600.0
2008-03-19T00:00:00+05:30,14994.83,15325.79,15465.81,14930.08,28200.0
2008-03-24T00:00:00+05:30,15289.4,15151.46,15351.31,15056.09,20200.0
2008-03-25T00:00:00+05:30,16217.49,15612.61,16262.38,15612.61,29400.0
2008-03-26T00:00:00+05:30,16086.83,16270.12,16309.88,16009.87,24600.0
2008-03-27T00:00:00+05:30,16015.56,15950.29,16111.44,15869.09,24200.0
2008-03-28T00:00:00+05:30,16371.29,16100.26,16452.08,15884.45,23800.0
2008-03-31T00:00:00+05:30,15644.44,16226.66,16226.66,15563.15,23200.0
2008-04-01T00:00:00+05:30,15626.62,15771.72,15834.05,15301.85,15300.0
2008-04-02T00:00:00+05:30,15750.4,16023.3,16236.7,15719.47,16800.0
2008-04-03T00:00:00+05:30,15832.55,15805.63,16002.73,15699.21,15600.0
2008-04-04T00:00:00+05:30,15343.12,15896.09,15896.09,15303.04,19000.0
2008-04-07T00:00:00+05:30,15757.08,15390.15,15851.88,15321.56,19800.0
2008-04-08T00:00:00+05:30,15587.62,15770.16,15770.4,15479.42,18400.0
2008-04-09T00:00:00+05:30,15790.51,15512.7,15829.59,15464.72,16400.0
2008-04-10T00:00:00+05:30,15695.1,15754.87,15953.54,15655.2,22000.0
2008-04-11T00:00:00+05:30,15807.64,15840.56,15957.24,15673.67,19600.0
2008-04-15T00:00:00+05:30,16153.66,15694.41,16249.46,15573.03,22400.0
2008-04-16T00:00:00+05:30,16244.19,16288.76,16413.8,16198.56,22000.0
2008-04-17T00:00:00+05:30,16481.2,16456.04,16570.57,16397.17,17800.0
2008-04-21T00:00:00+05:30,16739.33,16611.41,16778.59,16611.41,20200.0
2008-04-22T00:00:00+05:30,16783.87,16686.55,16853.96,16597.53,21400.0
2008-04-23T00:00:00+05:30,16698.04,16823.99,16871.27,16589.45,17000.0
2008-04-24T00:00:00+05:30,16721.08,16796.26,16844.02,16668.6,19000.0
2008-04-25T00:00:00+05:30,17125.98,16781.97,17150.92,16781.97,21600.0
2008-04-28T00:00:00+05:30,17015.96,17251.56,17271.56,16978.89,19200.0
2008-04-29T00:00:00+05:30,17378.46,17050.87,17424.94,17011.6,27600.0
2008-04-30T00:00:00+05:30,17287.31,17479.01,17480.74,17241.88,26200.0
2008-05-02T00:00:00+05:30,17600.12,17560.15,17621.24,17445.93,24600.0
2008-05-05T00:00:00+05:30,17490.9,17687.0,17735.7,17457.27,20200.0
2008-05-06T00:00:00+05:30,17373.01,17441.41,17502.15,17237.68,23200.0
2008-05-07T00:00:00+05:30,17339.31,17404.15,17413.81,17229.98,21200.0
2008-05-08T00:00:00+05:30,17080.65,17212.61,17212.61,17038.03,18200.0
2008-05-09T00:00:00+05:30,16737.07,17020.79,17125.95,16678.94,18600.0
2008-05-12T00:00:00+05:30,16860.9,16641.45,16897.36,16546.55,18000.0
2008-05-13T00:00:00+05:30,16752.86,17008.03,17085.63,16697.47,17000.0
2008-05-14T00:00:00+05:30,16978.35,16691.3,17014.94,16626.35,19000.0
2008-05-15T00:00:00+05:30,17353.54,17084.89,17366.19,17079.94,25000.0
2008-05-16T00:00:00+05:30,17434.94,17476.41,17497.36,17315.52,17000.0
2008-05-20T00:00:00+05:30,17230.18,17366.05,17367.13,17136.26,16600.0
2008-05-21T00:00:00+05:30,17243.16,17065.61,17293.34,17041.63,19600.0
2008-05-22T00:00:00+05:30,16907.11,17104.59,17104.59,16863.38,16800.0
2008-05-23T00:00:00+05:30,16649.64,16958.8,17054.34,16626.11,17600.0
2008-05-26T00:00:00+05:30,16348.5,16468.32,16498.24,16302.51,15800.0
2008-05-27T00:00:00+05:30,16275.59,16454.75,16506.35,16237.92,16200.0
2008-05-28T00:00:00+05:30,16525.37,16358.62,16563.3,16217.78,21600.0
2008-05-29T00:00:00+05:30,16316.26,16666.03,16666.03,16196.02,20000.0
2008-05-30T00:00:00+05:30,16415.57,16454.03,16540.49,16314.99,18400.0
2008-06-02T00:00:00+05:30,16063.18,16591.46,16632.72,15991.21,17600.0
2008-06-03T00:00:00+05:30,15962.56,15851.72,15985.4,15709.51,20200.0
2008-06-04T00:00:00+05:30,15514.79,15992.9,15992.9,15442.34,23800.0
2008-06-05T00:00:00+05:30,15769.72,15479.65,15814.8,15314.02,28600.0
2008-06-06T00:00:00+05:30,15572.18,15914.41,15970.7,15526.5,19600.0
2008-06-09T00:00:00+05:30,15066.1,15115.97,15202.74,14846.18,24400.0
2008-06-10T00:00:00+05:30,14889.25,14979.96,15088.03,14645.31,26400.0
2008-06-11T00:00:00+05:30,15185.32,15018.68,15225.81,15009.48,34600.0
2008-06-12T00:00:00+05:30,15250.2,14957.53,15270.85,14748.07,25000.0
2008-06-13T00:00:00+05:30,15189.62,15327.1,15337.1,15135.81,20200.0
2008-06-16T00:00:00+05:30,15395.82,15400.57,15553.37,15340.34,15200.0
2008-06-17T00:00:00+05:30,15696.9,15388.36,15732.75,15358.75,18200.0
2008-06-18T00:00:00+05:30,15422.31,15744.21,15789.62,15390.22,22000.0
2008-06-19T00:00:00+05:30,15087.99,15250.47,15259.36,15051.66,18600.0
2008-06-20T00:00:00+05:30,14571.29,15194.73,15194.73,14520.88,26000.0
2008-06-23T00:00:00+05:30,14293.32,14423.05,14509.69,14163.45,24600.0
2008-06-24T00:00:00+05:30,14106.58,14290.16,14432.9,13991.31,24800.0
2008-06-25T00:00:00+05:30,14220.07,13776.21,14247.16,13736.01,23000.0
2008-06-26T00:00:00+05:30,14421.82,14300.72,14449.81,14196.68,21800.0
2008-06-27T00:00:00+05:30,13802.22,14127.76,14127.76,13760.78,32200.0
2008-06-30T00:00:00+05:30,13461.6,13791.02,13872.06,13405.54,22400.0
2008-07-01T00:00:00+05:30,12961.68,13480.02,13613.01,12904.09,27600.0
2008-07-02T00:00:00+05:30,13664.62,12948.05,13711.01,12822.75,32000.0
2008-07-03T00:00:00+05:30,13094.11,13458.3,13458.3,12934.92,29200.0
2008-07-04T00:00:00+05:30,13454.0,13097.01,13508.38,13031.43,31400.0
2008-07-07T00:00:00+05:30,13525.99,13561.92,13793.39,13476.29,21200.0
2008-07-08T00:00:00+05:30,13349.65,13226.04,13451.67,13049.96,25400.0
2008-07-09T00:00:00+05:30,13964.26,13581.41,13998.48,13581.41,27600.0
2008-07-10T00:00:00+05:30,13926.24,13851.59,14046.59,13763.94,26400.0
2008-07-11T00:00:00+05:30,13469.85,14063.45,14063.45,13351.34,29000.0
2008-07-14T00:00:00+05:30,13330.51,13333.03,13557.21,13270.4,23600.0
2008-07-15T00:00:00+05:30,12676.19,13067.08,13067.08,12607.62,30000.0
2008-07-16T00:00:00+05:30,12575.8,12759.76,12935.25,12514.99,31200.0
2008-07-17T00:00:00+05:30,13111.85,12909.57,13150.35,12843.79,33600.0
2008-07-18T00:00:00+05:30,13635.4,13238.32,13684.27,13093.34,36600.0
2008-07-21T00:00:00+05:30,13850.04,13699.29,13878.88,13646.1,32400.0
2008-07-22T00:00:00+05:30,14104.2,13839.32,14206.13,13798.18,35600.0
2008-07-23T00:00:00+05:30,14942.28,14616.91,14979.9,14605.02,39000.0
2008-07-24T00:00:00+05:30,14777.01,15120.54,15129.99,14608.05,31200.0
2008-07-25T00:00:00+05:30,14274.94,14451.95,14483.52,14210.63,27800.0
2008-07-28T00:00:00+05:30,14349.11,14267.03,14420.6,14219.38,21800.0
2008-07-29T00:00:00+05:30,13791.54,14085.53,14152.29,13727.14,23600.0
2008-07-30T00:00:00+05:30,14287.21,14049.23,14320.21,14002.19,26000.0
2008-07-31T00:00:00+05:30,14355.75,14359.48,14369.42,14161.76,27800.0
2008-08-01T00:00:00+05:30,14656.69,14064.26,14682.33,14032.87,40200.0
2008-08-04T00:00:00+05:30,14577.87,14594.64,14725.94,14503.51,24800.0
2008-08-05T00:00:00+05:30,14961.07,14562.68,14986.63,14529.21,35600.0
2008-08-06T00:00:00+05:30,15073.54,15263.65,15422.82,15035.6,32600.0
2008-08-07T00:00:00+05:30,15117.25,15031.86,15280.06,14992.97,25800.0
2008-08-08T00:00:00+05:30,15167.82,15036.57,15228.82,14888.12,21000.0
2008-08-11T00:00:00+05:30,15503.92,15430.31,15520.71,15367.97,26200.0
2008-08-12T00:00:00+05:30,15212.13,15577.2,15579.78,15124.91,27000.0
2008-08-13T00:00:00+05:30,15093.12,15030.21,15272.56,15013.06,19200.0
2008-08-14T00:00:00+05:30,14724.18,15017.68,15033.28,14686.66,22000.0
2008-08-18T00:00:00+05:30,14645.66,14681.14,14824.92,14600.65,19600.0
2008-08-19T00:00:00+05:30,14543.73,14517.76,14604.11,14368.72,17600.0
2008-08-20T00:00:00+05:30,14678.23,14610.57,14746.2,14584.03,18400.0
2008-08-21T00:00:00+05:30,14243.73,14646.98,14646.98,14201.18,19400.0
2008-08-22T00:00:00+05:30,14401.49,14153.39,14428.52,14136.86,20400.0
2008-08-25T00:00:00+05:30,14450.35,14643.37,14672.69,14416.2,17000.0
2008-08-26T00:00:00+05:30,14482.22,14338.27,14495.27,14286.38,18800.0
2008-08-27T00:00:00+05:30,14296.79,14563.1,14563.1,14261.69,15600.0
2008-08-28T00:00:00+05:30,14048.34,14289.97,14347.19,14002.43,18800.0
2008-08-29T00:00:00+05:30,14564.53,14279.02,14586.16,14279.02,32400.0
2008-09-01T00:00:00+05:30,14498.51,14412.99,14547.41,14281.1,14800.0
2008-09-02T00:00:00+05:30,15049.86,14609.44,15106.15,14543.21,25700.0
2008-09-04T00:00:00+05:30,14899.1,14895.85,14994.15,14766.01,19800.0
2008-09-05T00:00:00+05:30,14483.83,14569.01,14601.39,14438.59,23200.0
2008-09-08T00:00:00+05:30,14944.97,15038.06,15107.01,14917.06,23400.0
2008-09-09T00:00:00+05:30,14900.76,14814.33,14998.32,14714.92,19800.0
2008-09-10T00:00:00+05:30,14662.61,14717.53,14866.32,14609.83,22800.0
2008-09-11T00:00:00+05:30,14324.29,14557.33,14557.33,14265.38,22800.0
2008-09-12T00:00:00+05:30,14000.81,14433.2,14433.2,13933.87,26800.0
2008-09-15T00:00:00+05:30,13531.27,13592.05,13592.05,13150.81,24000.0
2008-09-16T00:00:00+05:30,13518.8,13051.73,13556.03,13051.73,33600.0
2008-09-17T00:00:00+05:30,13262.9,13620.74,13620.74,13127.96,30400.0
2008-09-18T00:00:00+05:30,13315.6,12712.82,13346.79,12558.14,48000.0
2008-09-19T00:00:00+05:30,14042.32,13763.83,14097.44,13674.96,47400.0
2008-09-22T00:00:00+05:30,13994.96,14215.33,14215.33,13917.48,35800.0
2008-09-23T00:00:00+05:30,13570.31,13721.42,13978.26,13543.47,29600.0
2008-09-24T00:00:00+05:30,13692.52,13636.71,13840.81,13592.79,40200.0
2008-09-25T00:00:00+05:30,13547.18,13716.88,13716.88,13430.68,36600.0
2008-09-26T00:00:00+05:30,13102.18,13486.2,13486.2,13054.42,29000.0
2008-09-29T00:00:00+05:30,12595.75,13109.96,13109.96,12402.84,37000.0
2008-09-30T00:00:00+05:30,12860.43,12178.18,12995.2,12153.55,38400.0
2008-10-01T00:00:00+05:30,13055.67,13006.72,13203.86,12697.3,32400.0
2008-10-03T00:00:00+05:30,12526.32,12851.47,13001.19,12472.61,37200.0
2008-10-06T00:00:00+05:30,11801.7,12284.49,12284.49,11732.97,33000.0
2008-10-07T00:00:00+05:30,11695.24,12068.11,12181.08,11501.85,40400.0
2008-10-08T00:00:00+05:30,11328.36,11245.51,11405.73,10740.76,66200.0
2008-10-10T00:00:00+05:30,10527.85,10632.27,10904.13,10239.76,62400.0
2008-10-13T00:00:00+05:30,11332.23,10872.49,11361.32,10842.81,43800.0
2008-10-14T00:00:00+05:30,11483.4,11781.43,11870.22,11410.49,36000.0
2008-10-15T00:00:00+05:30,10809.12,11245.27,11257.15,10761.44,34800.0
2008-10-16T00:00:00+05:30,10581.49,10221.53,10787.2,10017.8,51600.0
2008-10-17T00:00:00+05:30,9975.35,10763.34,10786.93,9911.32,47400.0
2008-10-20T00:00:00+05:30,10223.09,10160.47,10538.05,10023.28,35400.0
2008-10-21T00:00:00+05:30,10683.39,10428.11,10750.2,10250.23,45800.0
2008-10-22T00:00:00+05:30,10169.9,10455.23,10484.85,10128.22,33400.0
2008-10-23T00:00:00+05:30,9771.7,9806.68,10260.55,9695.6,41000.0
2008-10-24T00:00:00+05:30,8701.07,9497.48,9570.71,8566.82,63600.0
2008-10-27T00:00:00+05:30,8509.56,8588.86,8739.48,7697.39,55400.0
2008-10-28T00:00:00+05:30,9008.08,9056.97,9056.97,8909.34,0.0
2008-10-29T00:00:00+05:30,9044.51,9297.76,9297.76,8894.34,55000.0
2008-10-31T00:00:00+05:30,9788.06,9361.66,9870.42,9361.66,57200.0
2008-11-03T00:00:00+05:30,10337.68,10209.37,10373.17,10112.66,44800.0
2008-11-04T00:00:00+05:30,10631.12,10304.57,10668.48,10116.22,51000.0
2008-11-05T00:00:00+05:30,10120.01,10931.17,10945.41,10051.52,53400.0
2008-11-06T00:00:00+05:30,9734.22,9755.03,10109.45,9635.22,49400.0
2008-11-07T00:00:00+05:30,9964.29,9631.59,10065.37,9631.59,42000.0
2008-11-10T00:00:00+05:30,10536.16,10154.56,10570.58,10095.9,45400.0
2008-11-11T00:00:00+05:30,9839.69,10386.45,10397.36,9800.67,63600.0
2008-11-12T00:00:00+05:30,9536.33,9683.75,9928.6,9376.73,52400.0
2008-11-14T00:00:00+05:30,9385.42,9784.85,9826.25,9267.49,46200.0
2008-11-17T00:00:00+05:30,9291.01,9396.93,9424.25,8956.68,41800.0
2008-11-18T00:00:00+05:30,8937.2,9084.12,9169.05,8871.71,41000.0
2008-11-19T00:00:00+05:30,8773.78,8970.67,9236.27,8726.8,42600.0
2008-11-20T00:00:00+05:30,8451.01,8400.88,8540.46,8316.39,40000.0
2008-11-21T00:00:00+05:30,8915.21,8481.02,8988.03,8442.31,59200.0
2008-11-24T00:00:00+05:30,8903.12,8840.53,9042.02,8701.93,43800.0
2008-11-25T00:00:00+05:30,8695.53,9170.28,9182.8,8649.4,41600.0
2008-11-26T00:00:00+05:30,9026.72,8806.02,9061.72,8658.53,44600.0
2008-11-28T00:00:00+05:30,9092.72,8889.18,9157.62,8889.18,34000.0
2008-12-01T00:00:00+05:30,8839.87,9162.94,9326.68,8803.34,45200.0
2008-12-02T00:00:00+05:30,8739.24,8535.83,8785.04,8467.43,41000.0
2008-12-03T00:00:00+05:30,8747.43,8851.22,8854.81,8601.41,52400.0
2008-12-04T00:00:00+05:30,9229.75,8779.02,9245.06,8726.71,55200.0
2008-12-05T00:00:00+05:30,8965.2,9172.58,9340.69,8914.38,53000.0
2008-12-08T00:00:00+05:30,9162.62,9276.89,9432.11,9095.7,50200.0
2008-12-10T00:00:00+05:30,9654.9,9349.53,9678.7,9280.16,65000.0
2008-12-11T00:00:00+05:30,9645.46,9679.32,9746.01,9441.97,68800.0
2008-12-12T00:00:00+05:30,9690.07,9370.87,9745.51,9281.89,6400.0
2008-12-15T00:00:00+05:30,9832.39,9821.85,9948.33,9749.29,47000.0
2008-12-16T00:00:00+05:30,9976.98,9794.48,10009.21,9790.31,41000.0
2008-12-17T00:00:00+05:30,9715.29,10073.1,10073.1,9682.91,75800.0
2008-12-18T00:00:00+05:30,10076.43,9710.2,10110.34,9633.04,69200.0
2008-12-19T00:00:00+05:30,10099.91,10001.33,10188.54,9987.42,59600.0
2008-12-22T00:00:00+05:30,9928.35,10102.42,10173.34,9895.55,39000.0
2008-12-23T00:00:00+05:30,9686.75,9813.2,9838.38,9643.56,52600.0
2008-12-24T00:00:00+05:30,9568.72,9626.07,9653.42,9502.53,68800.0
2008-12-26T00:00:00+05:30,9328.92,9655.07,9706.38,9294.98,43000.0
2008-12-29T00:00:00+05:30,9533.52,9318.86,9550.4,9162.66,65800.0
2008-12-30T00:00:00+05:30,9716.16,9625.13,9785.04,9494.7,56600.0
2008-12-31T00:00:00+05:30,9647.31,9806.64,9825.9,9587.92,63800.0
2009-01-01T00:00:00+05:30,9903.46,9719.21,9921.7,9711.64,0.0
2009-01-02T00:00:00+05:30,9958.22,9991.83,10070.28,9863.86,51600.0
2009-01-05T00:00:00+05:30,10275.6,10124.92,10306.17,10069.11,51200.0
2009-01-06T00:00:00+05:30,10335.93,10241.51,10392.12,10150.68,55600.0
2009-01-07T00:00:00+05:30,9586.88,10415.92,10469.72,9510.15,217600.0
2009-01-09T00:00:00+05:30,9406.47,9434.85,9630.4,9250.82,158200.0
2009-01-12T00:00:00+05:30,9110.05,9306.74,9327.3,9024.45,98000.0
2009-01-13T00:00:00+05:30,9071.36,9042.36,9261.0,8992.92,45200.0
2009-01-14T00:00:00+05:30,9370.49,9223.16,9412.97,9202.57,32000.0
2009-01-15T00:00:00+05:30,9046.74,9000.62,9123.78,8946.62,37600.0
2009-01-16T00:00:00+05:30,9323.59,9125.65,9342.47,9125.65,35400.0
2009-01-19T00:00:00+05:30,9329.57,9365.04,9409.51,9273.47,30000.0
2009-01-20T00:00:00+05:30,9100.55,9159.76,9159.76,9033.55,31200.0
2009-01-21T00:00:00+05:30,8779.17,8900.78,9051.31,8734.93,32400.0
2009-01-22T00:00:00+05:30,8813.84,8905.97,8927.69,8699.32,39200.0
2009-01-23T00:00:00+05:30,8674.35,8804.15,8854.89,8631.6,44000.0
2009-01-27T00:00:00+05:30,9004.08,8803.07,9021.97,8791.58,34200.0
2009-01-28T00:00:00+05:30,9257.47,9077.65,9270.75,9053.8,39800.0
2009-01-29T00:00:00+05:30,9236.28,9340.59,9379.68,9164.96,38800.0
2009-01-30T00:00:00+05:30,9424.24,9111.12,9438.31,9088.15,48000.0
2009-02-02T00:00:00+05:30,9066.7,9363.58,9363.58,9048.97,39800.0
2009-02-03T00:00:00+05:30,9149.3,9128.99,9302.25,9040.56,46000.0
2009-02-04T00:00:00+05:30,9201.85,9226.2,9338.21,9164.16,41600.0
2009-02-05T00:00:00+05:30,9090.88,9241.56,9247.09,9017.08,29600.0
2009-02-06T00:00:00+05:30,9300.86,9161.49,9321.38,9160.83,28400.0
2009-02-09T00:00:00+05:30,9583.89,9359.0,9601.56,9329.3,20000.0
2009-02-10T00:00:00+05:30,9647.47,9589.95,9724.87,9510.63,45000.0
2009-02-11T00:00:00+05:30,9618.54,9462.14,9648.39,9459.59,37600.0
2009-02-12T00:00:00+05:30,9465.83,9559.03,9578.99,9445.54,33800.0
2009-02-13T00:00:00+05:30,9634.74,9540.6,9695.59,9540.6,30000.0
2009-02-16T00:00:00+05:30,9305.45,9637.04,9637.04,9279.1,37200.0
2009-02-17T00:00:00+05:30,9035.0,9213.4,9213.4,8995.02,28400.0
2009-02-18T00:00:00+05:30,9015.18,8939.38,9112.99,8929.62,36800.0
2009-02-19T00:00:00+05:30,9042.63,9034.9,9111.27,8977.8,27400.0
2009-02-20T00:00:00+05:30,8843.21,8943.78,8943.78,8763.08,28000.0
2009-02-24T00:00:00+05:30,8822.06,8707.35,8856.52,8619.22,32400.0
2009-02-25T00:00:00+05:30,8902.56,8913.44,8995.04,8880.15,32200.0
2009-02-26T00:00:00+05:30,8954.86,8905.56,8998.31,8788.94,37200.0
2009-02-27T00:00:00+05:30,8891.61,8944.11,8944.11,8728.66,42200.0
2009-03-02T00:00:00+05:30,8607.08,8762.88,8762.88,8563.52,30200.0
2009-03-03T00:00:00+05:30,8427.29,8583.06,8635.2,8393.05,35200.0
2009-03-04T00:00:00+05:30,8446.49,8473.25,8501.46,8373.24,40600.0
2009-03-05T00:00:00+05:30,8197.92,8535.03,8535.03,8167.75,51400.0
2009-03-06T00:00:00+05:30,8325.82,8103.75,8347.1,8047.17,52200.0
2009-03-09T00:00:00+05:30,8160.4,8259.22,8259.22,8110.31,26400.0
2009-03-12T00:00:00+05:30,8343.75,8274.78,8439.26,8274.78,36200.0
2009-03-13T00:00:00+05:30,8756.61,8480.74,8793.21,8480.74,49400.0
2009-03-16T00:00:00+05:30,8943.54,8793.89,8955.73,8697.46,49400.0
2009-03-17T00:00:00+05:30,8863.82,8942.01,9024.12,8801.79,47200.0
2009-03-18T00:00:00+05:30,8976.68,8956.3,9120.4,8951.32,45600.0
2009-03-19T00:00:00+05:30,9001.75,9023.04,9086.77,8900.39,36000.0
2009-03-20T00:00:00+05:30,8966.68,8951.34,8999.98,8867.13,32800.0
2009-03-23T00:00:00+05:30,9424.02,9040.3,9454.69,9040.3,43200.0
2009-03-24T00:00:00+05:30,9471.04,9549.52,9699.0,9402.64,50000.0
2009-03-25T00:00:00+05:30,9667.9,9442.3,9704.69,9430.45,49400.0
2009-03-26T00:00:00+05:30,10003.1,9739.93,10061.36,9739.93,45200.0
2009-03-27T00:00:00+05:30,10048.49,10036.8,10127.09,9913.4,52800.0
2009-03-30T00:00:00+05:30,9568.14,9902.35,9902.35,9521.76,41400.0
2009-03-31T00:00:00+05:30,9708.5,9633.21,9826.22,9547.21,53000.0
2009-04-01T00:00:00+05:30,9901.99,9745.77,9914.94,9546.29,45800.0
2009-04-02T00:00:00+05:30,10348.83,10107.25,10431.98,10107.25,64600.0
2009-04-06T00:00:00+05:30,10534.87,10521.78,10654.89,10411.01,53800.0
2009-04-08T00:00:00+05:30,10742.34,10283.58,10778.11,10173.0,56400.0
2009-04-09T00:00:00+05:30,10803.86,10876.15,10929.33,10655.96,58400.0
2009-04-13T00:00:00+05:30,10967.22,10916.43,11068.65,10800.84,43000.0
2009-04-15T00:00:00+05:30,11284.73,10805.14,11337.75,10719.18,70200.0
2009-04-16T00:00:00+05:30,10947.4,11358.06,11362.31,10900.47,60200.0
2009-04-17T00:00:00+05:30,11023.09,11067.71,11339.47,10946.25,53600.0
2009-04-20T00:00:00+05:30,10979.5,11065.1,11209.66,10863.28,43200.0
2009-04-21T00:00:00+05:30,10898.11,10765.39,11068.82,10764.08,45000.0
2009-04-22T00:00:00+05:30,10817.54,10968.6,11036.24,10715.66,39000.0
2009-04-23T00:00:00+05:30,11134.99,10841.57,11200.86,10758.97,41800.0
2009-04-24T00:00:00+05:30,11329.05,11149.47,11362.88,11070.33,44600.0
2009-04-27T00:00:00+05:30,11371.85,11237.42,11492.1,11176.55,52400.0
2009-04-28T00:00:00+05:30,11001.75,11371.34,11371.34,10961.76,47600.0
2009-04-29T00:00:00+05:30,11403.25,11091.56,11430.25,11091.56,40400.0
2009-05-04T00:00:00+05:30,12134.75,11635.24,12160.32,11635.24,46400.0
2009-05-05T00:00:00+05:30,12131.08,12159.74,12197.88,11985.88,48400.0
2009-05-06T00:00:00+05:30,11952.75,12100.69,12272.04,11899.41,49200.0
2009-05-07T00:00:00+05:30,12116.94,12064.51,12143.95,11981.13,47800.0
2009-05-08T00:00:00+05:30,11876.43,12092.97,12180.07,11765.06,55200.0
2009-05-11T00:00:00+05:30,11682.99,11997.37,12026.6,11621.3,36000.0
2009-05-12T00:00:00+05:30,12158.03,11629.97,12194.63,11625.39,40000.0
2009-05-13T00:00:00+05:30,12019.65,12201.93,12256.43,11934.44,217600.0
2009-05-14T00:00:00+05:30,11872.91,11774.04,11935.86,11695.52,39000.0
2009-05-15T00:00:00+05:30,12173.42,11948.7,12218.98,11948.7,35000.0
2009-05-18T00:00:00+05:30,14284.21,13479.39,14284.21,13479.39,800.0
2009-05-19T00:00:00+05:30,14302.03,14757.82,14930.54,13840.83,89400.0
2009-05-20T00:00:00+05:30,14060.66,14230.73,14405.51,13976.49,51000.0
2009-05-21T00:00:00+05:30,13736.54,14043.38,14089.51,13704.43,44800.0
2009-05-22T00:00:00+05:30,13887.15,13663.54,13936.93,13611.3,39400.0
2009-05-25T00:00:00+05:30,13913.22,13871.56,14027.6,13819.78,37400.0
2009-05-26T00:00:00+05:30,13589.23,13983.26,13991.46,13524.93,37800.0
2009-05-27T00:00:00+05:30,14109.64,13851.85,14122.78,13848.15,47000.0
2009-05-28T00:00:00+05:30,14296.01,14139.14,14376.34,14080.98,42600.0
2009-05-29T00:00:00+05:30,14625.25,14384.76,14726.6,14384.76,45200.0
2009-06-01T00:00:00+05:30,14840.63,14790.89,14906.81,14658.01,44200.0
2009-06-02T00:00:00+05:30,14874.91,14942.21,14994.22,14608.23,43800.0
2009-06-03T00:00:00+05:30,14870.9,14902.62,15045.88,14734.9,43000.0
2009-06-04T00:00:00+05:30,15008.68,14755.08,15026.03,14601.91,39200.0
2009-06-05T00:00:00+05:30,15103.55,15040.24,15257.3,14994.05,36800.0
2009-06-08T00:00:00+05:30,14665.92,15153.21,15184.87,14604.23,31400.0
2009-06-09T00:00:00+05:30,15127.0,14618.98,15159.27,14526.69,51600.0
2009-06-10T00:00:00+05:30,15466.81,15168.18,15580.81,15168.18,42400.0
2009-06-11T00:00:00+05:30,15411.47,15517.36,15568.74,15242.19,42000.0
2009-06-12T00:00:00+05:30,15237.94,15446.82,15600.3,15174.28,40600.0
2009-06-15T00:00:00+05:30,14875.52,15195.83,15261.03,14808.09,34600.0
2009-06-16T00:00:00+05:30,14957.91,14788.27,15022.19,14621.97,32000.0
2009-06-17T00:00:00+05:30,14522.84,14978.5,14995.66,14447.93,35400.0
2009-06-18T00:00:00+05:30,14265.53,14503.05,14630.73,14188.25,75800.0
2009-06-19T00:00:00+05:30,14521.89,14321.98,14559.08,14179.77,37400.0
2009-06-22T00:00:00+05:30,14326.22,14591.28,14668.4,14269.77,31600.0
2009-06-23T00:00:00+05:30,14324.01,14147.87,14394.19,14016.95,35600.0
2009-06-24T00:00:00+05:30,14422.73,14388.21,14479.82,14207.02,30600.0
2009-06-25T00:00:00+05:30,14345.62,14476.15,14578.46,14261.14,29600.0
2009-06-26T00:00:00+05:30,14764.64,14373.57,14781.94,14373.57,32400.0
2009-06-29T00:00:00+05:30,14785.74,14815.9,14955.55,14685.45,26600.0
2009-06-30T00:00:00+05:30,14493.84,14830.97,14907.48,14420.41,35200.0
2009-07-01T00:00:00+05:30,14645.47,14506.43,14727.49,14355.52,28800.0
2009-07-02T00:00:00+05:30,14658.49,14691.63,14764.35,14469.69,31200.0
2009-07-03T00:00:00+05:30,14913.05,14552.72,14945.85,14552.72,29000.0
2009-07-06T00:00:00+05:30,14043.4,14913.05,15097.87,13959.44,43400.0
2009-07-07T00:00:00+05:30,14170.45,14043.4,14251.88,14000.68,35800.0
2009-07-08T00:00:00+05:30,13769.15,14170.45,14170.45,13701.76,37600.0
2009-07-09T00:00:00+05:30,13757.46,13769.15,13879.18,13643.97,28400.0
2009-07-10T00:00:00+05:30,13504.22,13757.46,13897.19,13418.39,27800.0
2009-07-13T00:00:00+05:30,13400.32,13504.22,13504.22,13219.99,24600.0
2009-07-14T00:00:00+05:30,13853.7,13400.32,13903.48,13400.32,23800.0
2009-07-15T00:00:00+05:30,14253.24,13853.7,14299.54,13853.7,27200.0
2009-07-16T00:00:00+05:30,14250.25,14253.24,14493.1,14169.58,35000.0
2009-07-17T00:00:00+05:30,14744.92,14250.25,14800.7,14250.25,37600.0
2009-07-20T00:00:00+05:30,15191.01,14744.92,15209.04,14744.92,34800.0
2009-07-21T00:00:00+05:30,15062.49,15191.01,15234.21,14955.88,35000.0
2009-07-22T00:00:00+05:30,14843.12,15062.49,15369.42,14786.58,41800.0
2009-07-23T00:00:00+05:30,15231.04,14843.12,15264.84,14843.12,55200.0
2009-07-24T00:00:00+05:30,15378.96,15231.04,15418.61,15168.52,43200.0
2009-07-27T00:00:00+05:30,15375.04,15378.96,15463.09,15228.46,36600.0
2009-07-28T00:00:00+05:30,15331.94,15375.04,15463.46,15240.53,40800.0
2009-07-29T00:00:00+05:30,15173.46,15331.94,15379.43,14888.41,39000.0
2009-07-30T00:00:00+05:30,15387.96,15173.46,15409.91,15065.48,30400.0
2009-07-31T00:00:00+05:30,15670.31,15387.96,15732.17,15387.96,34000.0
2009-08-03T00:00:00+05:30,15924.23,15670.31,15962.93,15608.4,32400.0
2009-08-04T00:00:00+05:30,15830.98,15924.23,16002.46,15699.13,43400.0
2009-08-05T00:00:00+05:30,15903.83,15830.98,15973.1,15695.11,29600.0
2009-08-06T00:00:00+05:30,15514.03,15903.83,15969.81,15443.22,37800.0
2009-08-07T00:00:00+05:30,15160.24,15514.03,15514.03,15104.0,33200.0
2009-08-10T00:00:00+05:30,15009.77,15160.24,15417.34,14902.02,37200.0
2009-08-11T00:00:00+05:30,15074.59,15009.77,15218.65,14864.23,31000.0
2009-08-12T00:00:00+05:30,15020.16,15074.59,15074.59,14701.05,34000.0
2009-08-13T00:00:00+05:30,15518.49,15020.16,15545.13,15020.16,28800.0
2009-08-14T00:00:00+05:30,15411.63,15518.49,15535.47,15367.61,28600.0
2009-08-17T00:00:00+05:30,14784.92,15411.63,15411.63,14740.63,25600.0
2009-08-18T00:00:00+05:30,15035.26,14784.92,15134.51,14740.26,29200.0
2009-08-19T00:00:00+05:30,14809.64,15035.26,15096.94,14684.45,26600.0
2009-08-20T00:00:00+05:30,15012.32,14809.64,15145.0,14809.64,16800.0
2009-08-21T00:00:00+05:30,15240.83,15012.32,15275.17,14835.08,21400.0
2009-08-24T00:00:00+05:30,15628.75,15240.83,15676.35,15240.83,19800.0
2009-08-25T00:00:00+05:30,15688.47,15628.75,15735.32,15423.39,29200.0
2009-08-26T00:00:00+05:30,15769.85,15688.47,15831.49,15688.47,20000.0
2009-08-27T00:00:00+05:30,15781.07,15769.85,15853.71,15685.49,18600.0
2009-08-28T00:00:00+05:30,15922.34,15781.07,15957.67,15663.35,30400.0
2009-08-31T00:00:00+05:30,15666.64,15922.34,15922.34,15589.8,25600.0
2009-09-01T00:00:00+05:30,15551.19,15666.64,15923.09,15475.28,26800.0
2009-09-02T00:00:00+05:30,15467.46,15551.19,15628.1,15392.68,23600.0
2009-09-03T00:00:00+05:30,15398.33,15467.46,15598.18,15356.72,22000.0
2009-09-04T00:00:00+05:30,15689.12,15398.33,15740.83,15358.94,30800.0
2009-09-07T00:00:00+05:30,16016.32,15689.12,16035.5,15689.12,25000.0
2009-09-08T00:00:00+05:30,16123.67,16016.32,16232.16,16016.32,35000.0
2009-09-09T00:00:00+05:30,16183.55,16123.67,16215.74,16044.77,30600.0
2009-09-10T00:00:00+05:30,16216.86,16295.92,16434.77,16166.42,30000.0
2009-09-11T00:00:00+05:30,16264.3,16216.86,16337.98,16130.32,28200.0
2009-09-14T00:00:00+05:30,16214.19,16264.3,16264.3,16119.95,23600.0
2009-09-15T00:00:00+05:30,16454.45,16214.19,16477.23,16214.19,19600.0
2009-09-16T00:00:00+05:30,16677.04,16454.45,16700.56,16454.45,30200.0
2009-09-17T00:00:00+05:30,16711.11,16677.04,16820.02,16636.55,44200.0
2009-09-18T00:00:00+05:30,16741.3,16711.11,16765.03,16610.05,28000.0
2009-09-22T00:00:00+05:30,16886.43,16741.3,16943.49,16741.3,22800.0
2009-09-23T00:00:00+05:30,16719.5,16886.43,16905.58,16683.78,48400.0
2009-09-24T00:00:00+05:30,16781.43,16719.5,16834.1,16494.92,24600.0
2009-09-25T00:00:00+05:30,16693.0,16781.43,16812.02,16613.22,20400.0
2009-09-29T00:00:00+05:30,16852.91,16693.0,16907.84,16693.0,16000.0
2009-09-30T00:00:00+05:30,17126.84,16852.91,17142.52,16852.91,20600.0
2009-10-01T00:00:00+05:30,17134.55,17126.84,17190.2,17059.36,28000.0
2009-10-05T00:00:00+05:30,16866.41,17134.55,17134.55,16835.8,24800.0
2009-10-06T00:00:00+05:30,16958.54,16879.38,16988.56,16622.05,50200.0
2009-10-07T00:00:00+05:30,16806.66,16958.54,17120.56,16765.26,32800.0
2009-10-08T00:00:00+05:30,16843.54,16806.66,16998.52,16775.36,37000.0
2009-10-09T00:00:00+05:30,16642.66,16843.54,16963.08,16606.95,27000.0
2009-10-12T00:00:00+05:30,17026.67,16642.66,17068.78,16642.66,24200.0
2009-10-14T00:00:00+05:30,17231.11,17026.67,17274.59,17026.67,31800.0
2009-10-15T00:00:00+05:30,17195.2,17231.11,17350.39,17092.83,30200.0
2009-10-16T00:00:00+05:30,17322.82,17195.2,17347.85,17126.55,28200.0
2009-10-20T00:00:00+05:30,17223.01,17326.01,17457.26,17185.04,24600.0
2009-10-21T00:00:00+05:30,17009.17,17223.01,17248.69,16997.86,25600.0
2009-10-22T00:00:00+05:30,16789.74,17031.54,17031.54,16721.26,25600.0
2009-10-23T00:00:00+05:30,16810.81,16795.66,17006.77,16765.2,24400.0
2009-10-26T00:00:00+05:30,16740.5,16808.05,16938.88,16706.08,22000.0
2009-10-27T00:00:00+05:30,16353.4,16699.09,16699.09,16311.5,30800.0
2009-10-28T00:00:00+05:30,16283.49,16335.78,16411.14,16144.17,29600.0
2009-10-29T00:00:00+05:30,16052.72,16191.39,16264.09,15993.83,26200.0
2009-10-30T00:00:00+05:30,15896.28,16135.87,16360.88,15805.2,38600.0
2009-11-03T00:00:00+05:30,15404.94,15854.93,15957.06,15330.56,32400.0
2009-11-04T00:00:00+05:30,15912.13,15487.97,15929.09,15487.97,30400.0
2009-11-05T00:00:00+05:30,16063.9,15926.13,16092.38,15564.89,33800.0
2009-11-06T00:00:00+05:30,16158.28,16137.42,16283.86,16075.19,28200.0
2009-11-09T00:00:00+05:30,16498.72,16190.79,16517.42,16147.21,20400.0
2009-11-10T00:00:00+05:30,16440.56,16552.43,16677.53,16371.66,26600.0
2009-11-11T00:00:00+05:30,16849.6,16444.44,16887.8,16405.19,26600.0
2009-11-12T00:00:00+05:30,16696.03,16822.18,16896.62,16605.01,27200.0
2009-11-13T00:00:00+05:30,16848.83,16693.15,16909.74,16666.7,21400.0
2009-11-16T00:00:00+05:30,17032.51,16893.11,17083.2,16893.11,19000.0
2009-11-17T00:00:00+05:30,17050.65,17036.23,17080.17,16882.98,20400.0
2009-11-18T00:00:00+05:30,16998.78,17032.01,17098.79,16958.41,18200.0
2009-11-19T00:00:00+05:30,16785.65,17004.98,17004.98,16712.33,18200.0
2009-11-20T00:00:00+05:30,17021.85,16772.75,17041.79,16635.75,22400.0
2009-11-23T00:00:00+05:30,17180.18,17067.14,17214.58,17045.02,22000.0
2009-11-24T00:00:00+05:30,17131.08,17230.86,17230.86,17027.52,18200.0
2009-11-25T00:00:00+05:30,17198.95,17149.08,17290.48,17124.15,17000.0
2009-11-26T00:00:00+05:30,16854.93,17199.05,17202.51,16808.87,24000.0
2009-11-27T00:00:00+05:30,16632.01,16718.8,16718.8,16210.44,28400.0
2009-11-30T00:00:00+05:30,16926.22,16655.75,17026.91,16655.75,23200.0
2009-12-01T00:00:00+05:30,17198.27,16947.46,17218.46,16947.46,20000.0
2009-12-02T00:00:00+05:30,17169.91,17226.49,17329.68,17142.36,22200.0
2009-12-03T00:00:00+05:30,17185.68,17199.64,17361.27,17128.21,18200.0
2009-12-04T00:00:00+05:30,17101.54,17182.23,17291.83,17032.81,18200.0
2009-12-07T00:00:00+05:30,16983.14,17094.69,17176.62,16943.01,21000.0
2009-12-08T00:00:00+05:30,17227.68,16984.54,17237.79,16964.11,18600.0
2009-12-09T00:00:00+05:30,17125.22,17204.32,17227.96,17057.37,21800.0
2009-12-10T00:00:00+05:30,17189.31,17107.0,17231.05,17032.3,19200.0
2009-12-11T00:00:00+05:30,17119.03,17199.74,17351.71,17056.12,19200.0
2009-12-14T00:00:00+05:30,17097.55,17118.14,17275.19,17048.17,17200.0
2009-12-15T00:00:00+05:30,16877.16,17150.59,17192.94,16835.78,18600.0
2009-12-16T00:00:00+05:30,16912.77,16866.95,16996.12,16777.94,19400.0
2009-12-17T00:00:00+05:30,16894.25,16912.25,16979.52,16826.0,22000.0
2009-12-18T00:00:00+05:30,16719.83,16855.91,16899.19,16693.06,18600.0
2009-12-21T00:00:00+05:30,16601.2,16726.61,16750.99,16577.78,17200.0
2009-12-22T00:00:00+05:30,16692.0,16633.81,16738.12,16633.81,14400.0
2009-12-23T00:00:00+05:30,17231.11,16723.96,17252.09,16723.96,26600.0
2009-12-24T00:00:00+05:30,17360.61,17302.16,17413.69,17198.09,22400.0
2009-12-29T00:00:00+05:30,17401.56,17436.14,17486.05,17379.51,14400.0
2009-12-30T00:00:00+05:30,17343.82,17402.24,17440.05,17322.8,13800.0
2009-12-31T00:00:00+05:30,17464.81,17377.65,17530.94,17377.65,16600.0
2010-01-04T00:00:00+05:30,17558.73,17381.37,17582.84,17378.38,28200.0
2010-01-05T00:00:00+05:30,17686.24,17555.77,17729.78,17555.77,27000.0
2010-01-06T00:00:00+05:30,17701.13,17719.47,17790.33,17636.71,21400.0
2010-01-07T00:00:00+05:30,17615.72,17701.97,17733.34,17566.54,18000.0
2010-01-08T00:00:00+05:30,17540.29,17603.87,17658.12,17508.96,17200.0
2010-01-11T00:00:00+05:30,17526.71,17724.59,17776.57,17500.79,18400.0
2010-01-12T00:00:00+05:30,17422.51,17536.8,17612.0,17392.55,18600.0
2010-01-13T00:00:00+05:30,17509.8,17368.03,17528.31,17276.46,26200.0
2010-01-14T00:00:00+05:30,17584.87,17525.71,17628.04,17525.71,23400.0
2010-01-15T00:00:00+05:30,17554.3,17604.31,17639.85,17529.11,17600.0
2010-01-18T00:00:00+05:30,17641.08,17554.3,17712.6,17505.5,15400.0
2010-01-19T00:00:00+05:30,17486.06,17650.82,17664.86,17463.78,13400.0
2010-01-20T00:00:00+05:30,17474.49,17486.69,17590.59,17425.05,17000.0
2010-01-21T00:00:00+05:30,17051.14,17474.49,17474.49,17025.26,17200.0
2010-01-22T00:00:00+05:30,16859.68,16978.36,17000.33,16608.09,23200.0
2010-01-25T00:00:00+05:30,16780.46,16847.7,16877.77,16705.56,16400.0
2010-01-27T00:00:00+05:30,16289.82,16708.6,16708.6,16230.85,25600.0
2010-01-28T00:00:00+05:30,16306.87,16393.52,16523.99,16182.14,21600.0
2010-01-29T00:00:00+05:30,16357.96,16253.82,16390.31,15982.08,25400.0
2010-02-01T00:00:00+05:30,16356.03,16339.32,16422.4,16160.8,20000.0
2010-02-02T00:00:00+05:30,16163.44,16368.44,16525.98,16129.11,20600.0
2010-02-03T00:00:00+05:30,16496.05,16210.25,16552.99,16210.25,16400.0
2010-02-04T00:00:00+05:30,16224.95,16500.29,16508.22,16188.8,15800.0
2010-02-05T00:00:00+05:30,15790.93,16222.56,16222.56,15725.43,23000.0
2010-02-08T00:00:00+05:30,15935.61,15954.27,16061.41,15651.99,26600.0
2010-02-09T00:00:00+05:30,16042.18,15937.59,16094.13,15862.9,21200.0
2010-02-10T00:00:00+05:30,15922.17,16042.18,16141.13,15892.01,19800.0
2010-02-11T00:00:00+05:30,16152.59,15928.28,16202.87,15928.28,14400.0
2010-02-15T00:00:00+05:30,16038.35,16186.9,16227.04,16011.82,17000.0
2010-02-16T00:00:00+05:30,16226.68,16042.18,16310.39,16021.29,20600.0
2010-02-17T00:00:00+05:30,16428.91,16228.91,16480.89,16228.91,19600.0
2010-02-18T00:00:00+05:30,16327.84,16421.2,16452.51,16287.17,14000.0
2010-02-19T00:00:00+05:30,16191.63,16256.53,16301.94,16074.58,19400.0
2010-02-22T00:00:00+05:30,16237.05,16191.32,16423.23,16191.32,14000.0
2010-02-23T00:00:00+05:30,16286.32,16213.14,16324.93,16178.91,13400.0
2010-02-24T00:00:00+05:30,16255.97,16229.27,16328.44,16187.44,12400.0
2010-02-25T00:00:00+05:30,16254.2,16264.1,16329.33,16167.57,12200.0
2010-02-26T00:00:00+05:30,16429.55,16255.33,16669.25,16249.67,31000.0
2010-03-02T00:00:00+05:30,16772.56,16438.45,16808.49,16438.45,22400.0
2010-03-03T00:00:00+05:30,17000.01,16778.29,17012.61,16778.29,20000.0
2010-03-04T00:00:00+05:30,16971.7,17013.68,17024.96,16888.05,19000.0
2010-03-05T00:00:00+05:30,16994.49,16988.29,17097.71,16936.12,19600.0
2010-03-08T00:00:00+05:30,17102.6,17034.92,17187.55,17034.92,15200.0
2010-03-09T00:00:00+05:30,17052.54,17081.69,17130.83,17031.21,56600.0
2010-03-10T00:00:00+05:30,17098.33,17072.94,17183.51,17027.92,16800.0
2010-03-11T00:00:00+05:30,17167.96,17087.63,17215.07,17054.28,11400.0
2010-03-12T00:00:00+05:30,17166.62,17176.02,17244.54,17126.93,24000.0
2010-03-15T00:00:00+05:30,17164.99,17166.97,17195.49,17061.14,14200.0
2010-03-16T00:00:00+05:30,17383.18,17169.84,17416.55,17150.06,12400.0
2010-03-17T00:00:00+05:30,17490.08,17389.47,17576.78,17389.47,16800.0
2010-03-18T00:00:00+05:30,17519.26,17492.81,17548.13,17417.61,13600.0
2010-03-19T00:00:00+05:30,17578.23,17531.47,17600.87,17502.14,13800.0
2010-03-22T00:00:00+05:30,17410.57,17481.96,17559.18,17337.38,12200.0
2010-03-23T00:00:00+05:30,17451.02,17422.51,17530.79,17356.64,12600.0
2010-03-25T00:00:00+05:30,17558.85,17458.51,17575.23,17383.21,13800.0
2010-03-26T00:00:00+05:30,17644.76,17558.85,17682.94,17558.85,13000.0
2010-03-29T00:00:00+05:30,17711.35,17639.18,17793.01,17639.18,14800.0
2010-03-30T00:00:00+05:30,17590.17,17703.67,17783.35,17558.22,12600.0
2010-03-31T00:00:00+05:30,17527.77,17602.39,17699.5,17488.55,13600.0
2010-04-01T00:00:00+05:30,17692.62,17555.04,17706.56,17555.04,13000.0
2010-04-05T00:00:00+05:30,17935.68,17783.67,17948.54,17767.56,12800.0
2010-04-06T00:00:00+05:30,17941.37,17959.53,17991.41,17898.0,12400.0
2010-04-07T00:00:00+05:30,17970.02,17915.6,18047.86,17878.31,13200.0
2010-04-08T00:00:00+05:30,17714.4,17950.56,17960.91,17679.34,11800.0
2010-04-09T00:00:00+05:30,17933.14,17715.16,17971.47,17715.16,12200.0
2010-04-12T00:00:00+05:30,17853.0,17874.16,17995.25,17816.19,9800.0
2010-04-13T00:00:00+05:30,17821.96,17831.38,17892.78,17736.39,12800.0
2010-04-15T00:00:00+05:30,17639.26,17804.55,17975.57,17619.02,12600.0
2010-04-16T00:00:00+05:30,17591.18,17645.91,17663.99,17529.55,11600.0
2010-04-19T00:00:00+05:30,17400.68,17584.86,17584.86,17276.8,11800.0
2010-04-20T00:00:00+05:30,17460.58,17394.68,17560.09,17394.68,14000.0
2010-04-21T00:00:00+05:30,17472.56,17458.76,17565.55,17446.68,10000.0
2010-04-22T00:00:00+05:30,17573.99,17476.48,17778.34,17408.02,17600.0
2010-04-23T00:00:00+05:30,17694.2,17533.88,17725.88,17533.88,17200.0
2010-04-26T00:00:00+05:30,17745.28,17692.26,17826.48,17692.26,14800.0
2010-04-27T00:00:00+05:30,17690.62,17740.03,17769.25,17678.56,12200.0
2010-04-28T00:00:00+05:30,17380.08,17643.59,17643.59,17344.58,17000.0
2010-04-29T00:00:00+05:30,17503.47,17382.09,17532.86,17382.09,10800.0
2010-04-30T00:00:00+05:30,17558.71,17503.47,17646.61,17503.47,12200.0
2010-05-03T00:00:00+05:30,17386.08,17536.86,17536.86,17345.92,10400.0
2010-05-04T00:00:00+05:30,17137.14,17371.75,17464.82,17101.96,19800.0
2010-05-05T00:00:00+05:30,17087.96,17103.95,17121.66,16858.23,20000.0
2010-05-06T00:00:00+05:30,16987.53,17080.47,17080.47,16823.0,16400.0
2010-05-07T00:00:00+05:30,16769.11,16939.58,16939.58,16684.13,19400.0
2010-05-10T00:00:00+05:30,17330.55,16799.49,17356.54,16799.49,19800.0
2010-05-11T00:00:00+05:30,17141.53,17336.13,17379.15,17104.45,20400.0
2010-05-12T00:00:00+05:30,17195.81,17141.53,17252.52,17028.08,18400.0
2010-05-13T00:00:00+05:30,17265.87,17323.63,17389.15,17240.35,18000.0
2010-05-14T00:00:00+05:30,16994.6,17267.25,17329.32,16923.7,15200.0
2010-05-17T00:00:00+05:30,16835.56,16961.92,16961.92,16551.0,20400.0
2010-05-18T00:00:00+05:30,16875.76,16840.59,17000.34,16744.13,16800.0
2010-05-19T00:00:00+05:30,16408.49,16802.39,16802.39,16373.32,22200.0
2010-05-20T00:00:00+05:30,16519.68,16419.1,16617.8,16419.1,21600.0
2010-05-21T00:00:00+05:30,16445.61,16317.94,16486.74,16187.03,24200.0
2010-05-24T00:00:00+05:30,16469.55,16445.61,16757.73,16413.03,22200.0
2010-05-25T00:00:00+05:30,16022.48,16444.57,16444.57,15960.15,21600.0
2010-05-26T00:00:00+05:30,16387.84,16022.48,16410.35,16022.48,18400.0
2010-05-27T00:00:00+05:30,16666.4,16387.84,16694.55,16331.1,18800.0
2010-05-28T00:00:00+05:30,16863.06,16666.4,16891.17,16666.4,19000.0
2010-05-31T00:00:00+05:30,16944.63,16863.06,16971.15,16806.5,15600.0
2010-06-01T00:00:00+05:30,16572.03,16944.63,16944.63,16318.39,20600.0
2010-06-02T00:00:00+05:30,16741.84,16572.03,16774.15,16571.45,29000.0
2010-06-03T00:00:00+05:30,17022.33,16741.84,17072.63,16741.84,21800.0
2010-06-04T00:00:00+05:30,17117.69,17022.33,17135.92,16963.92,22400.0
2010-06-07T00:00:00+05:30,16781.07,17117.69,17117.69,16686.73,26000.0
2010-06-08T00:00:00+05:30,16617.1,16781.07,16895.73,16560.64,27400.0
2010-06-09T00:00:00+05:30,16657.89,16617.1,16817.69,16591.26,36600.0
2010-06-10T00:00:00+05:30,16922.08,16657.89,16942.6,16657.89,24800.0
2010-06-11T00:00:00+05:30,17064.95,16922.08,17131.37,16922.08,24600.0
2010-06-14T00:00:00+05:30,17338.17,17064.95,17351.18,17064.95,17400.0
2010-06-15T00:00:00+05:30,17412.83,17338.17,17442.5,17249.46,22400.0
2010-06-16T00:00:00+05:30,17462.87,17512.04,17525.23,17407.3,27400.0
2010-06-17T00:00:00+05:30,17616.69,17462.87,17647.42,17394.9,25400.0
2010-06-18T00:00:00+05:30,17570.82,17616.69,17721.99,17525.29,24000.0
2010-06-21T00:00:00+05:30,17876.55,17570.82,17919.62,17570.82,26200.0
2010-06-22T00:00:00+05:30,17749.69,17876.55,17876.55,17725.63,15200.0
2010-06-23T00:00:00+05:30,17755.94,17749.69,17782.28,17629.19,17600.0
2010-06-24T00:00:00+05:30,17730.24,17755.94,17845.65,17632.8,15600.0
2010-06-25T00:00:00+05:30,17574.53,17730.24,17730.24,17546.73,19200.0
2010-06-28T00:00:00+05:30,17774.26,17574.53,17794.8,17571.85,19200.0
2010-06-29T00:00:00+05:30,17534.09,17774.26,17777.95,17465.73,19200.0
2010-06-30T00:00:00+05:30,17700.9,17534.09,17725.04,17373.78,18200.0
2010-07-01T00:00:00+05:30,17509.33,17700.9,17700.9,17455.41,16200.0
2010-07-02T00:00:00+05:30,17460.95,17509.33,17598.94,17426.78,17200.0
2010-07-05T00:00:00+05:30,17441.44,17460.95,17505.73,17423.74,7800.0
2010-07-06T00:00:00+05:30,17614.48,17441.44,17643.14,17395.58,15600.0
2010-07-07T00:00:00+05:30,17471.03,17614.48,17623.66,17447.15,15200.0
2010-07-08T00:00:00+05:30,17651.73,17471.03,17728.37,17471.03,14200.0
2010-07-09T00:00:00+05:30,17833.54,17651.73,17857.58,17651.73,26000.0
2010-07-12T00:00:00+05:30,17937.2,17833.54,18010.07,17833.54,16200.0
2010-07-13T00:00:00+05:30,17985.9,17937.2,17998.04,17855.85,17000.0
2010-07-14T00:00:00+05:30,17938.16,18024.95,18167.22,17897.26,16800.0
2010-07-15T00:00:00+05:30,17909.46,17874.71,17978.56,17858.73,11800.0
2010-07-16T00:00:00+05:30,17955.82,17911.13,17980.27,17892.16,13200.0
2010-07-19T00:00:00+05:30,17928.42,17914.12,18005.07,17856.4,11800.0
2010-07-20T00:00:00+05:30,17878.14,17928.42,18040.17,17848.07,11600.0
2010-07-21T00:00:00+05:30,17977.23,17878.14,18012.2,17873.92,13000.0
2010-07-22T00:00:00+05:30,18113.15,17977.23,18127.9,17879.88,16000.0
2010-07-23T00:00:00+05:30,18130.98,18132.29,18237.56,18093.93,17400.0
2010-07-26T00:00:00+05:30,18020.05,18094.57,18194.09,17993.88,16800.0
2010-07-27T00:00:00+05:30,18077.61,17998.74,18149.56,17998.74,15800.0
2010-07-28T00:00:00+05:30,17957.37,18077.85,18137.14,17925.4,15400.0
2010-07-29T00:00:00+05:30,17992.0,17961.58,18013.1,17903.06,11600.0
2010-07-30T00:00:00+05:30,17868.29,17981.06,18000.35,17838.92,14000.0
2010-08-02T00:00:00+05:30,18081.21,17931.66,18104.24,17931.66,11000.0
2010-08-03T00:00:00+05:30,18114.83,18149.9,18167.45,18072.38,13800.0
2010-08-04T00:00:00+05:30,18217.44,18115.56,18249.46,18093.03,11200.0
2010-08-05T00:00:00+05:30,18172.83,18234.85,18295.43,18156.45,10200.0
2010-08-06T00:00:00+05:30,18143.99,18165.49,18244.56,18118.19,9800.0
2010-08-09T00:00:00+05:30,18287.5,18153.4,18309.25,18139.9,11000.0
2010-08-10T00:00:00+05:30,18219.99,18272.28,18293.4,18170.77,17800.0
2010-08-11T00:00:00+05:30,18070.19,18177.35,18263.88,18042.89,20200.0
2010-08-12T00:00:00+05:30,18073.9,17972.65,18113.62,17914.78,19600.0
2010-08-13T00:00:00+05:30,18167.03,18080.29,18260.39,18050.42,18600.0
2010-08-16T00:00:00+05:30,18050.78,18153.84,18203.92,17997.46,16000.0
2010-08-17T00:00:00+05:30,18048.85,18049.19,18140.15,18026.0,12800.0
2010-08-18T00:00:00+05:30,18257.12,18067.67,18286.0,18067.67,14800.0
2010-08-19T00:00:00+05:30,18454.94,18276.5,18475.27,18276.5,14600.0
2010-08-20T00:00:00+05:30,18401.82,18444.24,18464.14,18360.9,14200.0
2010-08-23T00:00:00+05:30,18409.35,18415.4,18454.38,18371.02,11400.0
2010-08-24T00:00:00+05:30,18311.59,18404.22,18451.73,18260.71,14400.0
2010-08-25T00:00:00+05:30,18179.64,18274.81,18312.43,18156.0,15800.0
2010-08-26T00:00:00+05:30,18226.35,18196.69,18261.06,18159.13,12800.0
2010-08-27T00:00:00+05:30,17998.41,18201.16,18248.36,17944.16,13600.0
2010-08-30T00:00:00+05:30,18032.11,18111.81,18216.5,17960.23,11600.0
2010-08-31T00:00:00+05:30,17971.12,18014.68,18014.68,17819.99,16400.0
2010-09-01T00:00:00+05:30,18205.87,18027.43,18227.09,18027.43,14400.0
2010-09-02T00:00:00+05:30,18238.31,18268.18,18355.84,18218.79,13400.0
2010-09-03T00:00:00+05:30,18221.43,18262.98,18316.32,18206.5,9400.0
2010-09-06T00:00:00+05:30,18560.05,18253.36,18600.3,18253.36,18200.0
2010-09-07T00:00:00+05:30,18645.06,18571.69,18711.2,18571.43,14600.0
2010-09-08T00:00:00+05:30,18666.71,18602.88,18721.21,18540.65,20200.0
2010-09-09T00:00:00+05:30,18799.66,18690.99,18823.17,18690.99,13200.0
2010-09-13T00:00:00+05:30,19208.33,18909.75,19243.44,18909.75,15800.0
2010-09-14T00:00:00+05:30,19346.96,19231.83,19487.02,19230.62,21000.0
2010-09-15T00:00:00+05:30,19502.11,19349.94,19554.5,19340.99,17400.0
2010-09-16T00:00:00+05:30,19417.49,19499.98,19636.66,19383.46,16200.0
2010-09-17T00:00:00+05:30,19594.75,19555.05,19639.18,19468.36,16600.0
2010-09-20T00:00:00+05:30,19906.1,19632.14,19927.3,19629.49,19600.0
2010-09-21T00:00:00+05:30,20001.55,19956.92,20088.96,19860.88,15800.0
2010-09-22T00:00:00+05:30,19941.72,20074.12,20105.54,19804.02,14400.0
2010-09-23T00:00:00+05:30,19861.01,19964.17,19998.32,19771.63,11800.0
2010-09-24T00:00:00+05:30,20045.18,19833.52,20071.75,19833.52,17400.0
2010-09-27T00:00:00+05:30,20117.38,20183.83,20267.98,20088.48,17400.0
2010-09-28T00:00:00+05:30,20104.86,20106.84,20157.51,19981.96,13400.0
2010-09-29T00:00:00+05:30,19956.34,20096.39,20234.05,19923.11,18800.0
2010-09-30T00:00:00+05:30,20069.12,19917.38,20114.73,19864.46,15800.0
2010-10-01T00:00:00+05:30,20445.04,20101.58,20475.47,20101.58,19200.0
2010-10-04T00:00:00+05:30,20475.73,20664.35,20704.97,20437.36,15000.0
2010-10-05T00:00:00+05:30,20407.71,20463.69,20560.54,20383.16,17800.0
2010-10-06T00:00:00+05:30,20543.08,20533.61,20669.95,20447.05,16200.0
2010-10-07T00:00:00+05:30,20315.32,20562.95,20581.29,20272.77,19200.0
2010-10-08T00:00:00+05:30,20250.26,20330.97,20409.19,20145.74,15400.0
2010-10-11T00:00:00+05:30,20339.89,20291.59,20461.27,20274.95,11600.0
2010-10-12T00:00:00+05:30,20203.34,20341.35,20368.4,20107.25,13400.0
2010-10-13T00:00:00+05:30,20687.88,20245.61,20703.37,20211.66,14400.0
2010-10-14T00:00:00+05:30,20497.64,20712.05,20854.55,20442.82,15200.0
2010-10-15T00:00:00+05:30,20125.05,20518.5,20578.45,20090.18,9400.0
2010-10-18T00:00:00+05:30,20168.89,20112.04,20229.39,19870.51,12600.0
2010-10-19T00:00:00+05:30,19983.13,20233.85,20332.02,19923.96,12000.0
2010-10-20T00:00:00+05:30,19872.15,19980.87,20043.82,19822.66,10600.0
2010-10-21T00:00:00+05:30,20260.58,19897.41,20293.1,19872.15,12800.0
2010-10-22T00:00:00+05:30,20165.86,20301.38,20351.74,20088.67,13200.0
2010-10-25T00:00:00+05:30,20303.12,20174.81,20452.3,20150.62,12200.0
2010-10-26T00:00:00+05:30,20221.39,20252.65,20344.68,20189.3,10200.0
2010-10-27T00:00:00+05:30,20005.37,20229.79,20250.1,19923.71,12000.0
2010-10-28T00:00:00+05:30,19941.04,20037.81,20311.5,19869.32,11600.0
2010-10-29T00:00:00+05:30,20032.34,19944.94,20080.33,19768.96,14400.0
2010-11-01T00:00:00+05:30,20355.63,20106.16,20609.65,20032.34,5400.0
2010-11-02T00:00:00+05:30,20345.69,20294.64,20425.1,20281.73,13200.0
2010-11-03T00:00:00+05:30,20465.74,20352.68,20538.8,20345.69,10000.0
2010-11-04T00:00:00+05:30,20893.57,20393.29,20917.03,20393.29,12800.0
2010-11-05T00:00:00+05:30,21004.96,20985.56,21004.96,20962.09,0.0
2010-11-08T00:00:00+05:30,20852.38,21078.42,21079.77,20822.37,13800.0
2010-11-09T00:00:00+05:30,20932.48,20848.73,20984.08,20762.81,11800.0
2010-11-10T00:00:00+05:30,20875.71,20914.33,20970.91,20849.92,15200.0
2010-11-11T00:00:00+05:30,20589.09,20894.36,20961.34,20544.22,12600.0
2010-11-12T00:00:00+05:30,20156.89,20593.02,20594.09,20108.4,14600.0
2010-11-15T00:00:00+05:30,20309.69,20163.47,20335.51,20046.6,14200.0
2010-11-16T00:00:00+05:30,19865.14,20312.76,20382.29,19832.22,15200.0
2010-11-18T00:00:00+05:30,19930.64,19870.66,20056.44,19615.51,21800.0
2010-11-19T00:00:00+05:30,19585.44,19917.83,20050.79,19504.87,16400.0
2010-11-22T00:00:00+05:30,19957.59,19614.68,19989.02,19585.44,11000.0
2010-11-23T00:00:00+05:30,19691.84,19921.8,19957.59,19342.69,14200.0
2010-11-24T00:00:00+05:30,19459.85,19736.89,19835.57,19375.92,12200.0
2010-11-25T00:00:00+05:30,19318.16,19485.97,19628.27,19257.37,13800.0
2010-11-26T00:00:00+05:30,19136.61,19316.22,19417.61,18954.82,25200.0
2010-11-29T00:00:00+05:30,19405.1,19130.26,19450.09,19130.26,12400.0
2010-11-30T00:00:00+05:30,19521.25,19411.15,19610.46,19218.02,18800.0
2010-12-01T00:00:00+05:30,19850.0,19520.78,19887.26,19511.15,15000.0
2010-12-02T00:00:00+05:30,19992.7,19927.28,20084.25,19917.77,16600.0
2010-12-03T00:00:00+05:30,19966.93,19959.61,20067.81,19877.12,13800.0
2010-12-06T00:00:00+05:30,19981.31,19947.85,20217.86,19937.19,14000.0
2010-12-07T00:00:00+05:30,19934.64,19955.67,20019.34,19824.44,13400.0
2010-12-08T00:00:00+05:30,19696.48,19934.46,19981.04,19611.35,12600.0
2010-12-09T00:00:00+05:30,19242.36,19706.74,19771.09,19160.87,17200.0
2010-12-10T00:00:00+05:30,19508.89,19286.01,19537.4,19074.57,16000.0
2010-12-13T00:00:00+05:30,19691.78,19545.21,19710.57,19321.41,15400.0
2010-12-14T00:00:00+05:30,19799.19,19716.8,19837.74,19621.41,13400.0
2010-12-15T00:00:00+05:30,19647.77,19795.87,19875.44,19571.43,14000.0
2010-12-16T00:00:00+05:30,19864.85,19647.95,19897.22,19554.35,15400.0
2010-12-20T00:00:00+05:30,19888.88,19862.74,20006.16,19678.63,11200.0
2010-12-21T00:00:00+05:30,20060.32,19884.21,20182.89,19847.18,14200.0
2010-12-22T00:00:00+05:30,20015.8,20068.4,20240.58,19931.31,12000.0
2010-12-23T00:00:00+05:30,19982.88,20021.32,20183.26,19939.3,7600.0
2010-12-24T00:00:00+05:30,20073.66,19968.5,20086.42,19880.36,16400.0
2010-12-27T00:00:00+05:30,20028.93,20087.08,20190.13,20010.33,9800.0
2010-12-28T00:00:00+05:30,20025.42,20023.4,20162.77,19981.76,10600.0
2010-12-29T00:00:00+05:30,20256.03,20029.79,20297.58,20003.8,10000.0
2010-12-30T00:00:00+05:30,20389.07,20258.71,20410.91,20251.92,10600.0
2010-12-31T00:00:00+05:30,20509.09,20359.66,20552.03,20359.66,12600.0
2011-01-03T00:00:00+05:30,20561.05,20531.43,20664.8,20509.09,12000.0
2011-01-04T00:00:00+05:30,20498.72,20571.24,20651.21,20449.01,15200.0
2011-01-05T00:00:00+05:30,20301.1,20487.0,20572.03,20243.95,14400.0
2011-01-06T00:00:00+05:30,20184.74,20328.01,20425.85,20107.17,16600.0
2011-01-07T00:00:00+05:30,19691.81,20190.52,20221.05,19629.22,15800.0
2011-01-10T00:00:00+05:30,19224.12,19696.78,19791.05,19158.43,17200.0
2011-01-11T00:00:00+05:30,19196.34,19287.93,19431.56,19003.6,20000.0
2011-01-12T00:00:00+05:30,19534.1,19215.53,19574.63,19048.56,19400.0
2011-01-13T00:00:00+05:30,19182.82,19518.79,19578.21,19136.27,16800.0
2011-01-14T00:00:00+05:30,18860.44,19181.65,19447.82,18811.96,15800.0
2011-01-17T00:00:00+05:30,18882.25,18883.28,19018.94,18779.38,17800.0
2011-01-18T00:00:00+05:30,19092.05,18896.65,19120.62,18896.65,14400.0
2011-01-19T00:00:00+05:30,18978.32,19108.55,19170.14,18898.56,16200.0
2011-01-20T00:00:00+05:30,19046.54,18982.41,19100.26,18794.73,12800.0
2011-01-21T00:00:00+05:30,19007.53,19051.77,19065.34,18932.4,11000.0
2011-01-24T00:00:00+05:30,19151.28,19095.69,19194.46,18998.38,11600.0
2011-01-25T00:00:00+05:30,18969.45,19227.42,19340.99,18949.44,13400.0
2011-01-27T00:00:00+05:30,18684.43,19086.69,19086.69,18656.05,13800.0
2011-01-28T00:00:00+05:30,18395.97,18708.62,18723.12,18235.45,18600.0
2011-01-31T00:00:00+05:30,18327.76,18226.21,18395.09,18038.48,19800.0
2011-02-01T00:00:00+05:30,18022.22,18425.18,18452.06,17982.17,20200.0
2011-02-02T00:00:00+05:30,18090.62,18216.91,18306.0,18042.61,22800.0
2011-02-03T00:00:00+05:30,18449.31,18113.73,18466.21,18064.61,21600.0
2011-02-04T00:00:00+05:30,18008.15,18450.07,18542.2,17926.98,23000.0
2011-02-07T00:00:00+05:30,18037.19,18135.02,18180.94,17977.01,13000.0
2011-02-08T00:00:00+05:30,17775.7,18141.51,18141.51,17742.18,14200.0
2011-02-09T00:00:00+05:30,17592.77,17723.99,17864.32,17508.35,30200.0
2011-02-10T00:00:00+05:30,17463.04,17603.29,17636.88,17362.59,25200.0
2011-02-11T00:00:00+05:30,17728.61,17519.13,17752.56,17295.62,25400.0
2011-02-14T00:00:00+05:30,18202.2,17940.16,18227.62,17857.12,21800.0
2011-02-15T00:00:00+05:30,18273.8,18260.08,18361.66,18050.48,23600.0
2011-02-16T00:00:00+05:30,18300.9,18273.06,18358.84,18216.12,18800.0
2011-02-17T00:00:00+05:30,18506.82,18345.12,18532.61,18233.79,16600.0
2011-02-18T00:00:00+05:30,18211.52,18564.08,18690.97,18159.82,22000.0
2011-02-21T00:00:00+05:30,18438.31,18238.54,18457.49,18082.66,19200.0
2011-02-22T00:00:00+05:30,18296.16,18390.72,18457.9,18187.33,19800.0
2011-02-23T00:00:00+05:30,18178.33,18233.77,18377.48,18150.01,22200.0
2011-02-24T00:00:00+05:30,17632.41,18135.12,18135.12,17559.7,23000.0
2011-02-25T00:00:00+05:30,17700.91,17775.08,17812.44,17469.97,21800.0
2011-02-28T00:00:00+05:30,17823.4,17811.08,18296.53,17718.88,30000.0
2011-03-01T00:00:00+05:30,18446.5,17982.28,18478.68,17964.39,24800.0
2011-03-03T00:00:00+05:30,18489.76,18318.32,18603.57,18253.62,28600.0
2011-03-04T00:00:00+05:30,18486.45,18622.7,18736.97,18448.69,19800.0
2011-03-07T00:00:00+05:30,18222.67,18361.65,18361.65,18058.71,15200.0
2011-03-08T00:00:00+05:30,18439.65,18277.34,18466.81,18266.62,13800.0
2011-03-09T00:00:00+05:30,18469.95,18522.8,18583.3,18303.8,22600.0
2011-03-10T00:00:00+05:30,18327.98,18430.84,18430.84,18261.26,18600.0
2011-03-11T00:00:00+05:30,18174.09,18248.11,18368.43,18063.29,20600.0
2011-03-14T00:00:00+05:30,18439.48,18167.1,18463.84,18155.43,15400.0
2011-03-15T00:00:00+05:30,18167.64,18113.79,18326.33,17920.55,22400.0
2011-03-16T00:00:00+05:30,18358.69,18263.68,18444.47,18263.68,16200.0
2011-03-17T00:00:00+05:30,18149.87,18227.16,18354.27,18104.02,18200.0
2011-03-18T00:00:00+05:30,17878.81,18251.18,18259.61,17849.53,16400.0
2011-03-21T00:00:00+05:30,17839.05,17984.72,18007.73,17792.17,12400.0
2011-03-22T00:00:00+05:30,17988.3,17929.09,18041.38,17878.8,11800.0
2011-03-23T00:00:00+05:30,18206.16,17972.04,18218.28,17950.17,13400.0
2011-03-24T00:00:00+05:30,18350.74,18286.42,18373.97,18269.32,11200.0
2011-03-25T00:00:00+05:30,18815.64,18480.69,18858.3,18480.69,15200.0
2011-03-28T00:00:00+05:30,18943.14,18799.71,19024.18,18799.57,12800.0
2011-03-29T00:00:00+05:30,19120.8,18949.57,19226.21,18944.82,17200.0
2011-03-30T00:00:00+05:30,19290.18,19178.77,19357.1,19178.77,12200.0
2011-03-31T00:00:00+05:30,19445.22,19339.75,19575.16,19284.35,16200.0
2011-04-01T00:00:00+05:30,19420.39,19463.11,19562.55,19382.35,12400.0
2011-04-04T00:00:00+05:30,19701.73,19473.93,19729.6,19449.36,10600.0
2011-04-05T00:00:00+05:30,19686.82,19731.38,19770.21,19523.54,12600.0
2011-04-06T00:00:00+05:30,19612.2,19698.61,19811.14,19550.55,14400.0
2011-04-07T00:00:00+05:30,19591.18,19620.88,19665.09,19537.02,9600.0
2011-04-08T00:00:00+05:30,19451.45,19602.81,19697.21,19388.42,10400.0
2011-04-11T00:00:00+05:30,19262.54,19382.91,19426.3,19242.59,9400.0
2011-04-13T00:00:00+05:30,19696.86,19187.01,19737.33,19101.63,17800.0
2011-04-15T00:00:00+05:30,19386.82,19670.07,19700.96,19337.12,17000.0
2011-04-18T00:00:00+05:30,19091.17,19389.74,19649.22,19071.47,13800.0
2011-04-19T00:00:00+05:30,19121.83,19091.78,19201.92,18976.19,11400.0
2011-04-20T00:00:00+05:30,19470.98,19274.21,19484.77,19171.03,15400.0
2011-04-21T00:00:00+05:30,19602.23,19582.5,19695.98,19530.5,15200.0
2011-04-25T00:00:00+05:30,19584.31,19538.52,19697.49,19531.34,11400.0
2011-04-26T00:00:00+05:30,19545.35,19596.32,19626.13,19306.92,11600.0
2011-04-27T00:00:00+05:30,19448.69,19610.71,19633.63,19412.79,13400.0
2011-04-28T00:00:00+05:30,19292.02,19532.85,19542.05,19265.92,14000.0
2011-04-29T00:00:00+05:30,19135.96,19292.57,19356.5,19015.05,10600.0
2011-05-02T00:00:00+05:30,18998.02,19224.05,19253.87,18954.76,9400.0
2011-05-03T00:00:00+05:30,18534.69,18979.31,19024.95,18502.42,13400.0
2011-05-04T00:00:00+05:30,18469.36,18558.33,18604.36,18339.53,13000.0
2011-05-05T00:00:00+05:30,18210.58,18484.71,18569.21,18160.65,14800.0
2011-05-06T00:00:00+05:30,18518.81,18289.78,18568.48,18271.68,30200.0
2011-05-09T00:00:00+05:30,18528.96,18628.63,18643.58,18367.21,9200.0
2011-05-10T00:00:00+05:30,18512.77,18564.95,18689.37,18429.06,13200.0
2011-05-11T00:00:00+05:30,18584.96,18572.61,18622.44,18454.93,10000.0
2011-05-12T00:00:00+05:30,18335.79,18525.32,18610.02,18314.34,10200.0
2011-05-13T00:00:00+05:30,18531.28,18362.45,18724.54,18280.7,12600.0
2011-05-16T00:00:00+05:30,18345.03,18492.68,18492.68,18319.88,9400.0
2011-05-17T00:00:00+05:30,18137.35,18374.45,18435.8,18084.67,14200.0
2011-05-18T00:00:00+05:30,18086.2,18177.32,18218.2,18020.79,12400.0
2011-05-19T00:00:00+05:30,18141.4,18166.64,18198.45,18057.82,13400.0
2011-05-20T00:00:00+05:30,18326.09,18199.96,18429.47,18161.38,17000.0
2011-05-23T00:00:00+05:30,17993.33,18269.06,18269.06,17971.02,10400.0
2011-05-24T00:00:00+05:30,18011.97,18016.43,18110.39,17933.94,12600.0
2011-05-25T00:00:00+05:30,17847.24,17976.36,17976.36,17786.13,10200.0
2011-05-26T00:00:00+05:30,18044.64,17917.11,18072.61,17862.88,12600.0
2011-05-27T00:00:00+05:30,18266.1,18105.61,18298.64,18087.16,12800.0
2011-05-30T00:00:00+05:30,18232.06,18319.74,18380.17,18199.52,11600.0
2011-05-31T00:00:00+05:30,18503.28,18266.61,18526.8,18266.61,14600.0
2011-06-01T00:00:00+05:30,18608.81,18527.12,18636.12,18514.66,12600.0
2011-06-02T00:00:00+05:30,18494.18,18425.85,18540.67,18390.57,15400.0
2011-06-03T00:00:00+05:30,18376.48,18554.4,18672.65,18345.85,14400.0
2011-06-06T00:00:00+05:30,18420.11,18344.27,18458.63,18258.42,8800.0
2011-06-07T00:00:00+05:30,18495.62,18355.3,18545.95,18351.24,10000.0
2011-06-08T00:00:00+05:30,18394.29,18448.4,18505.1,18365.94,10800.0
2011-06-09T00:00:00+05:30,18384.9,18394.57,18449.64,18327.01,10000.0
2011-06-10T00:00:00+05:30,18268.54,18390.41,18399.02,18182.9,9600.0
2011-06-13T00:00:00+05:30,18266.03,18242.25,18313.21,18120.76,10400.0
2011-06-14T00:00:00+05:30,18308.66,18276.78,18380.19,18261.11,26800.0
2011-06-15T00:00:00+05:30,18132.24,18298.59,18308.69,18111.21,9600.0
2011-06-16T00:00:00+05:30,17985.88,18060.11,18155.1,17958.94,10600.0
2011-06-17T00:00:00+05:30,17870.53,18060.17,18064.76,17844.09,10800.0
2011-06-20T00:00:00+05:30,17506.63,17925.17,17925.17,17314.38,12800.0
2011-06-21T00:00:00+05:30,17560.3,17574.37,17714.88,17504.27,11400.0
2011-06-22T00:00:00+05:30,17550.63,17659.37,17678.86,17492.19,9600.0
2011-06-23T00:00:00+05:30,17727.49,17526.92,17754.55,17482.21,11400.0
2011-06-24T00:00:00+05:30,18240.68,17804.94,18268.95,17804.94,14800.0
2011-06-27T00:00:00+05:30,18412.41,18132.7,18494.11,18132.7,13400.0
2011-06-28T00:00:00+05:30,18492.45,18493.59,18527.45,18323.44,11400.0
2011-06-29T00:00:00+05:30,18693.86,18552.19,18715.39,18552.19,13800.0
2011-06-30T00:00:00+05:30,18845.87,18741.1,18873.39,18723.14,11400.0
2011-07-01T00:00:00+05:30,18762.8,18974.96,19031.38,18713.07,14000.0
2011-07-04T00:00:00+05:30,18814.48,18896.24,18942.42,18781.88,12200.0
2011-07-05T00:00:00+05:30,18744.56,18837.88,18837.88,18694.05,12200.0
2011-07-06T00:00:00+05:30,18726.97,18730.29,18823.45,18682.6,8400.0
2011-07-07T00:00:00+05:30,19078.3,18776.62,19097.78,18767.25,11400.0
2011-07-08T00:00:00+05:30,18858.04,19084.06,19131.7,18817.71,12200.0
2011-07-11T00:00:00+05:30,18721.39,18823.19,18843.97,18679.49,9200.0
2011-07-12T00:00:00+05:30,18411.62,18534.11,18589.19,18326.42,10600.0
2011-07-13T00:00:00+05:30,18596.02,18468.82,18626.41,18465.4,9800.0
2011-07-14T00:00:00+05:30,18618.2,18563.69,18803.05,18449.23,11800.0
2011-07-15T00:00:00+05:30,18561.92,18694.19,18936.43,18513.22,6800.0
2011-07-18T00:00:00+05:30,18507.04,18592.19,18622.56,18469.53,9000.0
2011-07-19T00:00:00+05:30,18653.87,18521.38,18690.42,18481.83,8400.0
2011-07-20T00:00:00+05:30,18502.38,18756.31,18765.6,18473.9,9800.0
2011-07-21T00:00:00+05:30,18436.19,18514.65,18566.99,18415.36,8000.0
2011-07-22T00:00:00+05:30,18722.3,18565.04,18747.06,18533.43,14800.0
2011-07-25T00:00:00+05:30,18871.29,18753.35,18932.27,18670.84,22800.0
2011-07-26T00:00:00+05:30,18518.22,18898.19,18944.6,18481.63,15600.0
2011-07-27T00:00:00+05:30,18432.25,18571.15,18578.55,18358.76,14200.0
2011-07-28T00:00:00+05:30,18209.52,18300.55,18327.85,18188.88,12200.0
2011-07-29T00:00:00+05:30,18197.2,18194.15,18334.27,18131.86,16200.0
2011-08-01T00:00:00+05:30,18314.33,18352.23,18440.07,18219.25,9600.0
2011-08-02T00:00:00+05:30,18109.89,18283.55,18283.55,18037.87,11000.0
2011-08-03T00:00:00+05:30,17940.55,17970.19,18005.76,17859.5,13400.0
2011-08-04T00:00:00+05:30,17693.18,17983.86,18032.55,17664.73,11000.0
2011-08-05T00:00:00+05:30,17305.87,17350.37,17358.18,16990.91,20400.0
2011-08-08T00:00:00+05:30,16990.18,16907.57,17247.87,16759.45,20000.0
2011-08-09T00:00:00+05:30,16857.91,16517.87,17135.04,16432.0,23800.0
2011-08-10T00:00:00+05:30,17130.51,17244.71,17256.46,17022.25,15600.0
2011-08-11T00:00:00+05:30,17059.4,17056.61,17207.82,17012.95,9400.0
2011-08-12T00:00:00+05:30,16839.63,17246.88,17246.88,16784.56,13400.0
2011-08-16T00:00:00+05:30,16730.94,17015.99,17035.49,16673.52,12600.0
2011-08-17T00:00:00+05:30,16840.8,16782.24,17000.38,16708.98,15000.0
2011-08-18T00:00:00+05:30,16469.79,16910.27,16916.81,16433.31,14600.0
2011-08-19T00:00:00+05:30,16141.67,16237.78,16287.72,15987.77,16400.0
2011-08-22T00:00:00+05:30,16341.7,16155.99,16370.46,16046.48,11600.0
2011-08-23T00:00:00+05:30,16498.47,16446.85,16549.21,16213.18,11400.0
2011-08-24T00:00:00+05:30,16284.98,16490.78,16533.22,16253.78,13600.0
2011-08-25T00:00:00+05:30,16146.33,16338.14,16373.84,16104.34,12200.0
2011-08-26T00:00:00+05:30,15848.83,16155.55,16256.38,15765.53,14200.0
2011-08-29T00:00:00+05:30,16416.33,16080.74,16462.03,16068.73,11200.0
2011-08-30T00:00:00+05:30,16676.75,16585.1,16714.7,16443.35,15200.0
2011-09-02T00:00:00+05:30,16821.46,16963.67,16989.86,16688.06,12800.0
2011-09-05T00:00:00+05:30,16713.33,16678.34,16760.07,16561.46,12200.0
2011-09-06T00:00:00+05:30,16862.81,16663.73,16894.73,16488.3,14600.0
2011-09-07T00:00:00+05:30,17065.0,16922.31,17157.21,16922.31,17400.0
2011-09-08T00:00:00+05:30,17165.54,17118.08,17209.66,16987.37,12200.0
2011-09-09T00:00:00+05:30,16866.97,17189.75,17211.8,16830.95,11800.0
2011-09-12T00:00:00+05:30,16501.74,16668.25,16668.25,16393.04,13400.0
2011-09-13T00:00:00+05:30,16467.44,16618.17,16766.19,16374.68,14600.0
2011-09-14T00:00:00+05:30,16709.6,16522.71,16754.22,16387.38,16000.0
2011-09-15T00:00:00+05:30,16876.54,16837.76,16922.4,16545.47,15400.0
2011-09-16T00:00:00+05:30,16933.83,17047.73,17122.54,16889.58,20400.0
2011-09-19T00:00:00+05:30,16745.35,16865.93,16865.93,16709.41,11600.0
2011-09-20T00:00:00+05:30,17099.28,16768.63,17135.44,16758.69,14200.0
2011-09-21T00:00:00+05:30,17065.15,17128.83,17191.12,17000.61,13400.0
2011-09-22T00:00:00+05:30,16361.15,16827.85,16833.61,16316.03,18400.0
2011-09-23T00:00:00+05:30,16162.06,16222.37,16368.41,16052.47,22000.0
2011-09-26T00:00:00+05:30,16051.1,16209.19,16209.19,15801.01,18800.0
2011-09-27T00:00:00+05:30,16524.03,16289.32,16551.65,16282.74,16200.0
2011-09-28T00:00:00+05:30,16446.02,16663.26,16663.26,16363.63,19600.0
2011-09-29T00:00:00+05:30,16698.07,16387.91,16756.08,16316.66,19200.0
2011-09-30T00:00:00+05:30,16453.76,16599.74,16745.16,16404.78,20000.0
2011-10-03T00:00:00+05:30,16151.45,16255.97,16255.97,16056.33,17000.0
2011-10-04T00:00:00+05:30,15864.86,16081.77,16202.38,15745.43,19600.0
2011-10-05T00:00:00+05:30,15792.41,15967.72,16044.91,15760.53,18800.0
2011-10-07T00:00:00+05:30,16232.54,16222.49,16347.48,16148.97,16800.0
2011-10-10T00:00:00+05:30,16557.23,16270.07,16595.93,16230.77,17200.0
2011-10-11T00:00:00+05:30,16536.47,16668.15,16774.12,16510.71,20000.0
2011-10-12T00:00:00+05:30,16958.39,16660.43,16987.06,16608.57,21200.0
2011-10-13T00:00:00+05:30,16883.92,17048.0,17084.07,16854.03,18000.0
2011-10-14T00:00:00+05:30,17082.69,16836.83,17112.45,16828.45,15400.0
2011-10-17T00:00:00+05:30,17025.09,17176.05,17188.55,16928.38,18400.0
2011-10-18T00:00:00+05:30,16748.29,16817.38,16824.76,16669.04,14000.0
2011-10-19T00:00:00+05:30,17085.34,16883.36,17106.99,16874.34,11400.0
2011-10-20T00:00:00+05:30,16936.89,16911.85,16962.06,16744.99,12000.0
2011-10-21T00:00:00+05:30,16785.64,16975.79,17032.32,16752.21,13800.0
2011-10-24T00:00:00+05:30,16939.28,17011.06,17104.88,16898.6,12600.0
2011-10-25T00:00:00+05:30,17254.86,17012.79,17322.13,16900.26,17600.0
2011-10-26T00:00:00+05:30,17288.83,17336.34,17350.49,17273.52,0.0
2011-10-28T00:00:00+05:30,17804.8,17671.86,17908.13,17671.86,23800.0
2011-10-31T00:00:00+05:30,17705.01,17806.21,17813.11,17668.27,15800.0
2011-11-01T00:00:00+05:30,17480.83,17540.55,17661.78,17422.47,17600.0
2011-11-02T00:00:00+05:30,17464.85,17347.7,17615.92,17337.65,15400.0
2011-11-03T00:00:00+05:30,17481.93,17430.69,17527.1,17278.03,17000.0
2011-11-04T00:00:00+05:30,17562.61,17674.7,17702.26,17474.39,18400.0
2011-11-08T00:00:00+05:30,17569.53,17593.67,17632.23,17455.22,11000.0
2011-11-09T00:00:00+05:30,17362.1,17641.98,17658.34,17331.23,15000.0
2011-11-11T00:00:00+05:30,17192.82,17187.89,17279.23,17096.84,18200.0
2011-11-14T00:00:00+05:30,17118.74,17348.52,17391.99,17094.43,15000.0
2011-11-15T00:00:00+05:30,16882.67,17081.62,17172.09,16837.56,18000.0
2011-11-16T00:00:00+05:30,16775.87,16872.3,16878.3,16641.65,19600.0
2011-11-17T00:00:00+05:30,16461.71,16754.68,16807.15,16408.5,17000.0
2011-11-18T00:00:00+05:30,16371.51,16387.7,16396.69,16164.99,21600.0
2011-11-21T00:00:00+05:30,15946.1,16297.03,16297.03,15900.3,21400.0
2011-11-22T00:00:00+05:30,16065.42,15995.69,16212.95,15970.11,19400.0
2011-11-23T00:00:00+05:30,15699.97,15969.6,15969.6,15478.69,17400.0
2011-11-24T00:00:00+05:30,15858.49,15715.81,15901.3,15479.97,18600.0
2011-11-25T00:00:00+05:30,15695.43,15781.25,15891.05,15645.78,19200.0
2011-11-28T00:00:00+05:30,16167.13,15890.8,16186.68,15888.28,20200.0
2011-11-29T00:00:00+05:30,16008.34,16210.37,16210.37,15952.54,14800.0
2011-11-30T00:00:00+05:30,16123.46,15868.96,16179.56,15849.57,16800.0
2011-12-01T00:00:00+05:30,16483.45,16555.93,16718.11,16430.61,19800.0
2011-12-02T00:00:00+05:30,16846.83,16493.98,16887.52,16428.66,28600.0
2011-12-05T00:00:00+05:30,16805.33,16812.3,16863.1,16691.21,13400.0
2011-12-07T00:00:00+05:30,16877.06,16830.04,17003.71,16781.62,14000.0
2011-12-08T00:00:00+05:30,16488.24,16819.74,16847.82,16421.55,16000.0
2011-12-09T00:00:00+05:30,16213.46,16258.44,16382.57,16142.32,18400.0
2011-12-12T00:00:00+05:30,15870.35,16354.96,16360.32,15839.96,21200.0
2011-12-13T00:00:00+05:30,16002.51,15778.62,16079.38,15771.59,23600.0
2011-12-14T00:00:00+05:30,15881.14,15963.75,16133.41,15855.12,19000.0
2011-12-15T00:00:00+05:30,15836.47,15739.05,15908.02,15596.22,19800.0
2011-12-16T00:00:00+05:30,15491.35,15868.78,16068.9,15425.2,20400.0
2011-12-19T00:00:00+05:30,15379.34,15440.1,15440.1,15190.74,18000.0
2011-12-20T00:00:00+05:30,15175.08,15436.12,15448.13,15135.86,20800.0
2011-12-21T00:00:00+05:30,15685.21,15487.75,15727.31,15377.04,22000.0
2011-12-22T00:00:00+05:30,15813.36,15546.66,15834.63,15472.7,18800.0
2011-12-23T00:00:00+05:30,15738.7,15863.43,15911.23,15671.28,17000.0
2011-12-26T00:00:00+05:30,15970.75,15782.17,15998.44,15761.18,11800.0
2011-12-27T00:00:00+05:30,15873.95,15983.98,16049.12,15799.63,10800.0
2011-12-28T00:00:00+05:30,15727.85,15854.36,15887.8,15666.46,11800.0
2011-12-29T00:00:00+05:30,15543.93,15658.94,15724.6,15515.44,12800.0
2011-12-30T00:00:00+05:30,15454.92,15583.55,15694.05,15406.93,12800.0
2012-01-02T00:00:00+05:30,15517.92,15534.67,15542.85,15358.02,0.0
2012-01-03T00:00:00+05:30,15939.36,15640.56,15970.31,15640.56,16200.0
2012-01-04T00:00:00+05:30,15882.64,15967.49,16004.69,15822.32,17800.0
2012-01-05T00:00:00+05:30,15857.08,15893.07,15980.17,15809.31,21200.0
2012-01-06T00:00:00+05:30,15867.73,15789.08,16001.31,15664.91,17200.0
2012-01-09T00:00:00+05:30,15814.72,15840.22,15871.51,15678.3,11200.0
2012-01-10T00:00:00+05:30,16165.09,15898.32,16180.97,15898.32,19600.0
2012-01-11T00:00:00+05:30,16175.86,16222.37,16244.7,16127.77,18600.0
2012-01-12T00:00:00+05:30,16037.51,16117.19,16178.58,15962.59,14400.0
2012-01-13T00:00:00+05:30,16154.62,16144.57,16257.34,16049.78,19600.0
2012-01-16T00:00:00+05:30,16189.36,16086.74,16214.36,16037.6,13400.0
2012-01-17T00:00:00+05:30,16466.05,16270.87,16501.38,16270.87,18800.0
2012-01-18T00:00:00+05:30,16451.47,16502.42,16517.96,16384.48,16200.0
2012-01-19T00:00:00+05:30,16643.74,16573.87,16662.06,16572.1,16800.0
2012-01-20T00:00:00+05:30,16739.01,16745.01,16788.48,16611.71,18000.0
2012-01-23T00:00:00+05:30,16751.73,16667.02,16784.0,16659.32,15000.0
2012-01-24T00:00:00+05:30,16995.77,16806.72,17050.32,16770.01,18200.0
2012-01-25T00:00:00+05:30,17077.18,17068.85,17130.24,17016.69,14000.0
2012-01-27T00:00:00+05:30,17233.98,17201.33,17258.97,17106.57,17200.0
2012-01-30T00:00:00+05:30,16863.3,17138.04,17138.04,16828.33,14400.0
2012-01-31T00:00:00+05:30,17193.55,16965.58,17238.99,16965.58,18600.0
2012-02-01T00:00:00+05:30,17300.58,17179.64,17327.21,17061.55,47400.0
2012-02-02T00:00:00+05:30,17431.85,17438.07,17504.25,17308.28,27000.0
2012-02-03T00:00:00+05:30,17604.96,17444.25,17630.53,17382.7,16600.0
2012-02-06T00:00:00+05:30,17707.31,17741.91,17829.72,17595.1,17600.0
2012-02-07T00:00:00+05:30,17622.45,17813.74,17832.04,17582.49,16800.0
2012-02-08T00:00:00+05:30,17707.32,17631.69,17809.21,17579.59,20800.0
2012-02-09T00:00:00+05:30,17830.75,17647.8,17879.46,17609.43,21400.0
2012-02-10T00:00:00+05:30,17748.69,17817.59,17890.11,17627.14,19600.0
2012-02-13T00:00:00+05:30,17772.84,17761.7,17849.64,17665.89,16800.0
2012-02-14T00:00:00+05:30,17848.57,17767.46,17890.33,17742.58,17400.0
2012-02-15T00:00:00+05:30,18202.41,18000.3,18231.35,18000.3,25600.0
2012-02-16T00:00:00+05:30,18153.99,18163.05,18182.78,18043.32,20000.0
2012-02-17T00:00:00+05:30,18289.35,18331.2,18423.06,18234.56,27800.0
2012-02-21T00:00:00+05:30,18428.61,18303.73,18470.86,18293.8,20600.0
2012-02-22T00:00:00+05:30,18145.25,18490.87,18523.78,18095.81,21600.0
2012-02-23T00:00:00+05:30,18078.5,18127.35,18249.53,18005.28,19600.0
2012-02-24T00:00:00+05:30,17923.57,18079.01,18198.15,17848.93,19600.0
2012-02-27T00:00:00+05:30,17445.75,17975.19,17975.19,17381.64,20800.0
2012-02-28T00:00:00+05:30,17731.12,17545.11,17776.82,17530.44,16000.0
2012-02-29T00:00:00+05:30,17752.68,17919.93,18001.35,17677.97,18400.0
2012-03-01T00:00:00+05:30,17583.97,17714.62,17717.53,17463.27,18800.0
2012-03-02T00:00:00+05:30,17636.8,17661.39,17731.88,17504.38,17000.0
2012-03-05T00:00:00+05:30,17362.87,17598.42,17598.42,17312.3,12000.0
2012-03-06T00:00:00+05:30,17173.29,17336.64,17691.96,17128.28,18600.0
2012-03-07T00:00:00+05:30,17145.52,17127.18,17239.35,17008.77,20400.0
2012-03-09T00:00:00+05:30,17503.24,17325.82,17531.62,17325.82,12800.0
2012-03-12T00:00:00+05:30,17587.67,17772.1,17772.1,17494.65,12200.0
2012-03-13T00:00:00+05:30,17813.62,17680.23,17842.92,17680.23,12800.0
2012-03-14T00:00:00+05:30,17919.3,18003.15,18040.69,17837.22,14200.0
2012-03-15T00:00:00+05:30,17675.85,17916.85,17918.25,17622.13,13800.0
2012-03-16T00:00:00+05:30,17466.2,17466.2,17871.0,17426.58,24800.0
2012-03-19T00:00:00+05:30,17273.37,17531.47,17561.46,17226.43,13800.0
2012-03-20T00:00:00+05:30,17316.18,17308.89,17410.13,17211.73,14200.0
2012-03-21T00:00:00+05:30,17601.71,17301.16,17622.87,17275.88,14200.0
2012-03-22T00:00:00+05:30,17196.47,17586.06,17687.01,17136.5,17600.0
2012-03-23T00:00:00+05:30,17361.74,17257.72,17458.35,17179.33,12600.0
2012-03-26T00:00:00+05:30,17052.78,17377.59,17377.59,17021.85,17000.0
2012-03-27T00:00:00+05:30,17257.36,17209.13,17366.84,17061.16,19000.0
2012-03-28T00:00:00+05:30,17121.62,17234.48,17245.82,17040.12,13200.0
2012-03-29T00:00:00+05:30,17058.61,17039.85,17109.35,16920.61,11200.0
2012-03-30T00:00:00+05:30,17404.2,17117.41,17439.51,17105.22,25000.0
2012-04-02T00:00:00+05:30,17478.15,17429.96,17529.98,17382.38,10000.0
2012-04-03T00:00:00+05:30,17597.42,17576.21,17664.1,17570.01,10800.0
2012-04-04T00:00:00+05:30,17486.02,17553.26,17553.26,17436.6,9800.0
2012-04-09T00:00:00+05:30,17222.14,17407.66,17407.66,17199.63,9800.0
2012-04-10T00:00:00+05:30,17243.84,17259.26,17274.69,17135.76,10000.0
2012-04-11T00:00:00+05:30,17199.4,17125.96,17319.15,17075.89,11800.0
2012-04-12T00:00:00+05:30,17332.62,17276.87,17395.15,17276.87,10200.0
2012-04-13T00:00:00+05:30,17094.51,17232.56,17398.22,17027.3,18400.0
2012-04-16T00:00:00+05:30,17150.95,17047.87,17173.06,17010.16,9800.0
2012-04-17T00:00:00+05:30,17357.94,17200.97,17381.92,17103.36,12400.0
2012-04-18T00:00:00+05:30,17392.39,17447.26,17522.8,17371.93,9800.0
2012-04-19T00:00:00+05:30,17503.71,17432.89,17530.3,17361.71,11800.0
2012-04-20T00:00:00+05:30,17373.84,17459.72,17519.88,17231.34,11200.0
2012-04-23T00:00:00+05:30,17096.68,17347.76,17444.18,17056.77,13000.0
2012-04-24T00:00:00+05:30,17207.29,17154.75,17247.53,17046.72,12400.0
2012-04-25T00:00:00+05:30,17151.29,17225.54,17249.61,17019.24,11400.0
2012-04-26T00:00:00+05:30,17130.67,17191.02,17193.25,17084.05,10800.0
2012-04-27T00:00:00+05:30,17134.25,17145.39,17242.15,17022.09,11000.0
2012-04-30T00:00:00+05:30,17318.81,17195.51,17359.18,17195.51,8400.0
2012-05-02T00:00:00+05:30,17301.91,17370.93,17432.33,17265.48,9400.0
2012-05-03T00:00:00+05:30,17151.19,17271.77,17271.77,17120.86,8600.0
2012-05-04T00:00:00+05:30,16831.08,17066.84,17121.37,16776.72,11000.0
2012-05-07T00:00:00+05:30,16912.71,16620.44,16944.13,16513.77,11400.0
2012-05-08T00:00:00+05:30,16546.18,16915.71,16918.31,16502.91,12800.0
2012-05-09T00:00:00+05:30,16479.58,16436.41,16615.74,16422.93,12400.0
2012-05-10T00:00:00+05:30,16420.05,16515.62,16671.81,16377.02,10800.0
2012-05-11T00:00:00+05:30,16292.98,16355.59,16447.24,16233.76,11200.0
2012-05-14T00:00:00+05:30,16215.84,16318.36,16390.33,16124.82,11000.0
2012-05-15T00:00:00+05:30,16328.25,16146.9,16370.12,16123.04,11400.0
2012-05-16T00:00:00+05:30,16030.09,16132.68,16132.68,15974.6,12800.0
2012-05-17T00:00:00+05:30,16070.48,16119.08,16240.18,16007.92,12800.0
2012-05-18T00:00:00+05:30,16152.75,15868.07,16206.35,15809.71,14000.0
2012-05-21T00:00:00+05:30,16183.26,16187.66,16298.39,16149.61,10400.0
2012-05-22T00:00:00+05:30,16026.41,16344.34,16366.72,16000.84,11600.0
2012-05-23T00:00:00+05:30,15948.1,15995.14,16002.03,15847.03,11400.0
2012-05-24T00:00:00+05:30,16222.3,16033.9,16252.37,15934.77,11000.0
2012-05-25T00:00:00+05:30,16217.82,16213.24,16273.48,16118.35,9400.0
2012-05-28T00:00:00+05:30,16416.84,16289.82,16439.97,16273.49,8000.0
2012-05-29T00:00:00+05:30,16438.58,16500.04,16544.38,16410.21,8600.0
2012-05-30T00:00:00+05:30,16312.15,16391.9,16428.74,16295.31,13800.0
2012-05-31T00:00:00+05:30,16218.53,16224.86,16277.48,16086.06,16000.0
2012-06-01T00:00:00+05:30,15965.16,16217.48,16226.19,15933.48,12200.0
2012-06-04T00:00:00+05:30,15988.4,15808.88,16012.84,15748.98,12200.0
2012-06-05T00:00:00+05:30,16020.64,16065.37,16138.29,15979.77,10800.0
2012-06-06T00:00:00+05:30,16454.3,16100.36,16494.5,16100.36,13600.0
2012-06-07T00:00:00+05:30,16649.05,16578.01,16680.59,16519.89,11400.0
2012-06-08T00:00:00+05:30,16718.87,16611.52,16767.77,16485.02,11800.0
2012-06-11T00:00:00+05:30,16668.01,16804.89,16893.81,16627.48,8800.0
2012-06-12T00:00:00+05:30,16862.8,16570.51,16897.42,16553.47,9800.0
2012-06-13T00:00:00+05:30,16880.51,16865.72,16944.11,16792.87,9800.0
2012-06-14T00:00:00+05:30,16677.88,16857.23,16921.49,16658.98,9200.0
2012-06-15T00:00:00+05:30,16949.83,16701.28,16967.76,16701.28,10400.0
2012-06-18T00:00:00+05:30,16705.83,17039.54,17109.95,16636.09,11400.0
2012-06-19T00:00:00+05:30,16859.8,16681.89,16890.0,16681.89,9800.0
2012-06-20T00:00:00+05:30,16896.63,16903.96,16962.49,16840.1,9200.0
2012-06-21T00:00:00+05:30,17032.56,16855.6,17050.44,16799.63,10800.0
2012-06-22T00:00:00+05:30,16972.51,16882.74,17016.06,16807.8,11800.0
2012-06-25T00:00:00+05:30,16882.16,17038.77,17131.15,16853.05,10600.0
2012-06-26T00:00:00+05:30,16906.58,16873.09,16946.66,16815.87,7400.0
2012-06-27T00:00:00+05:30,16967.76,16975.76,17029.27,16930.8,6800.0
2012-06-28T00:00:00+05:30,16990.76,16985.58,17033.85,16918.87,8800.0
2012-06-29T00:00:00+05:30,17429.98,17134.61,17448.48,17134.61,13000.0
2012-07-02T00:00:00+05:30,17398.98,17438.68,17486.57,17363.04,8600.0
2012-07-03T00:00:00+05:30,17425.71,17457.95,17526.82,17351.5,9400.0
2012-07-04T00:00:00+05:30,17462.81,17473.26,17523.77,17372.45,10200.0
2012-07-05T00:00:00+05:30,17538.67,17478.16,17562.89,17423.45,8200.0
2012-07-06T00:00:00+05:30,17521.12,17546.04,17554.55,17425.47,8000.0
2012-07-09T00:00:00+05:30,17391.98,17449.93,17485.79,17343.55,7200.0
2012-07-10T00:00:00+05:30,17618.35,17431.68,17631.19,17424.29,8800.0
2012-07-11T00:00:00+05:30,17489.14,17553.97,17582.99,17466.99,7800.0
2012-07-12T00:00:00+05:30,17232.55,17297.06,17329.46,17181.17,11800.0
2012-07-13T00:00:00+05:30,17213.7,17269.2,17342.88,17182.29,7600.0
2012-07-16T00:00:00+05:30,17103.31,17241.98,17282.3,17079.63,7600.0
2012-07-17T00:00:00+05:30,17105.3,17176.93,17236.08,17074.63,9200.0
2012-07-18T00:00:00+05:30,17185.01,17113.37,17205.26,17038.59,17600.0
2012-07-19T00:00:00+05:30,17278.85,17288.34,17318.93,17244.76,8000.0
2012-07-20T00:00:00+05:30,17158.44,17275.2,17275.2,17129.69,6400.0
2012-07-23T00:00:00+05:30,16877.35,17047.73,17047.73,16849.28,8000.0
2012-07-24T00:00:00+05:30,16918.08,16907.74,16962.74,16839.7,12400.0
2012-07-25T00:00:00+05:30,16846.05,16899.01,16899.01,16736.6,10800.0
2012-07-26T00:00:00+05:30,16639.82,16887.84,16899.77,16598.48,12800.0
2012-07-27T00:00:00+05:30,16839.19,16860.16,16975.03,16760.72,11400.0
2012-07-30T00:00:00+05:30,17143.68,16919.14,17163.95,16919.14,8000.0
2012-07-31T00:00:00+05:30,17236.18,17186.61,17253.67,17004.09,10400.0
2012-08-01T00:00:00+05:30,17257.38,17244.44,17291.99,17189.16,9200.0
2012-08-02T00:00:00+05:30,17224.36,17245.68,17246.01,17157.28,15200.0
2012-08-03T00:00:00+05:30,17197.93,17164.48,17208.36,17026.97,7600.0
2012-08-06T00:00:00+05:30,17412.96,17313.05,17451.53,17313.05,6600.0
2012-08-07T00:00:00+05:30,17601.78,17456.37,17641.55,17417.92,12000.0
2012-08-08T00:00:00+05:30,17600.56,17638.53,17726.64,17582.66,14400.0
2012-08-09T00:00:00+05:30,17560.87,17612.08,17702.98,17516.99,14600.0
2012-08-10T00:00:00+05:30,17557.74,17515.42,17590.61,17471.37,13600.0
2012-08-13T00:00:00+05:30,17633.45,17551.69,17642.38,17522.1,9000.0
2012-08-14T00:00:00+05:30,17731.59,17631.64,17753.43,17572.34,10000.0
2012-08-16T00:00:00+05:30,17657.21,17752.22,17763.59,17640.62,8800.0
2012-08-17T00:00:00+05:30,17691.08,17701.2,17801.39,17622.62,9800.0
2012-08-21T00:00:00+05:30,17885.26,17705.14,17898.35,17705.14,9200.0
2012-08-22T00:00:00+05:30,17846.86,17827.25,17912.08,17800.29,8800.0
2012-08-23T00:00:00+05:30,17850.22,17856.29,17972.54,17792.87,9200.0
2012-08-24T00:00:00+05:30,17783.21,17790.25,17822.5,17725.42,8200.0
2012-08-27T00:00:00+05:30,17678.81,17769.44,17820.07,17662.21,7400.0
2012-08-28T00:00:00+05:30,17631.71,17676.13,17712.35,17570.71,9600.0
2012-08-29T00:00:00+05:30,17490.81,17651.14,17653.9,17471.13,9600.0
2012-08-30T00:00:00+05:30,17541.64,17433.5,17605.51,17367.55,10000.0
2012-08-31T00:00:00+05:30,17380.75,17557.62,17557.62,17337.61,10600.0
2012-09-03T00:00:00+05:30,17384.4,17465.6,17509.99,17349.57,12600.0
2012-09-04T00:00:00+05:30,17440.87,17378.68,17452.7,17308.27,6600.0
2012-09-05T00:00:00+05:30,17313.34,17359.96,17411.67,17250.8,11400.0
2012-09-06T00:00:00+05:30,17346.27,17320.73,17418.4,17294.74,10000.0
2012-09-07T00:00:00+05:30,17683.73,17575.79,17701.2,17575.79,9600.0
2012-09-10T00:00:00+05:30,17766.78,17780.93,17810.9,17728.12,8200.0
2012-09-11T00:00:00+05:30,17852.95,17711.8,17867.85,17677.38,8200.0
2012-09-12T00:00:00+05:30,18000.03,17916.13,18012.89,17884.96,11400.0
2012-09-13T00:00:00+05:30,18021.16,18023.95,18062.68,17976.28,8000.0
2012-09-14T00:00:00+05:30,18464.27,18284.75,18498.54,18284.75,16800.0
2012-09-17T00:00:00+05:30,18542.31,18619.9,18715.03,18480.54,20200.0
2012-09-18T00:00:00+05:30,18496.01,18514.72,18580.48,18469.51,9600.0
2012-09-20T00:00:00+05:30,18349.25,18292.22,18443.92,18291.93,8800.0
2012-09-21T00:00:00+05:30,18752.83,18411.2,18866.87,18411.2,15000.0
2012-09-24T00:00:00+05:30,18673.34,18756.31,18811.13,18650.43,15000.0
2012-09-25T00:00:00+05:30,18694.41,18708.01,18790.01,18636.16,10600.0
2012-09-26T00:00:00+05:30,18632.17,18644.54,18670.48,18573.18,10400.0
2012-09-27T00:00:00+05:30,18579.5,18659.75,18735.95,18552.68,10400.0
2012-09-28T00:00:00+05:30,18762.74,18704.98,18869.94,18698.51,11400.0
2012-10-01T00:00:00+05:30,18823.91,18784.64,18838.54,18745.28,8200.0
2012-10-03T00:00:00+05:30,18869.69,18841.49,18905.62,18816.57,8400.0
2012-10-04T00:00:00+05:30,19058.15,18939.75,19107.04,18939.75,11600.0
2012-10-05T00:00:00+05:30,18938.46,19115.89,19137.29,18757.34,39400.0
2012-10-08T00:00:00+05:30,18708.98,18969.19,18969.19,18684.4,9400.0
2012-10-09T00:00:00+05:30,18793.36,18796.25,18885.84,18722.05,8200.0
2012-10-10T00:00:00+05:30,18631.1,18699.19,18740.63,18614.37,7200.0
2012-10-11T00:00:00+05:30,18804.75,18627.37,18847.81,18581.49,9400.0
2012-10-12T00:00:00+05:30,18675.18,18727.1,18844.35,18638.34,9000.0
2012-10-15T00:00:00+05:30,18713.55,18690.99,18726.38,18596.65,6000.0
2012-10-16T00:00:00+05:30,18577.7,18784.75,18801.1,18549.28,7600.0
2012-10-17T00:00:00+05:30,18610.77,18667.72,18705.19,18535.37,7000.0
2012-10-18T00:00:00+05:30,18791.93,18653.6,18806.56,18576.41,8200.0
2012-10-19T00:00:00+05:30,18682.31,18768.0,18769.59,18611.76,8000.0
2012-10-22T00:00:00+05:30,18793.44,18655.93,18809.28,18600.88,7000.0
2012-10-23T00:00:00+05:30,18710.02,18803.62,18812.93,18689.38,6000.0
2012-10-25T00:00:00+05:30,18758.63,18712.41,18789.92,18699.07,8600.0
2012-10-26T00:00:00+05:30,18625.34,18715.35,18729.53,18558.05,0.0
2012-10-29T00:00:00+05:30,18635.82,18656.0,18743.41,18572.02,7600.0
2012-10-30T00:00:00+05:30,18430.85,18642.01,18718.28,18393.42,9000.0
2012-10-31T00:00:00+05:30,18505.38,18436.79,18521.62,18398.48,7000.0
2012-11-01T00:00:00+05:30,18561.7,18487.9,18589.13,18445.18,9000.0
2012-11-02T00:00:00+05:30,18755.45,18692.15,18793.75,18687.93,9200.0
2012-11-05T00:00:00+05:30,18762.87,18749.37,18794.63,18683.25,5600.0
2012-11-06T00:00:00+05:30,18817.38,18739.97,18829.07,18726.94,7600.0
2012-11-07T00:00:00+05:30,18902.41,18802.82,18973.43,18786.14,8800.0
2012-11-08T00:00:00+05:30,18846.26,18779.74,18865.21,18736.45,9800.0
2012-11-09T00:00:00+05:30,18683.68,18832.75,18894.42,18656.41,9600.0
2012-11-12T00:00:00+05:30,18670.34,18691.02,18750.92,18607.66,19400.0
2012-11-13T00:00:00+05:30,18618.87,18728.95,18732.71,18592.21,0.0
2012-11-15T00:00:00+05:30,18471.37,18590.07,18593.54,18408.69,6200.0
2012-11-16T00:00:00+05:30,18309.37,18491.49,18563.32,18266.76,7000.0
2012-11-19T00:00:00+05:30,18339.0,18349.53,18386.78,18256.07,7200.0
2012-11-20T00:00:00+05:30,18329.32,18422.69,18467.91,18255.69,6600.0
2012-11-21T00:00:00+05:30,18460.38,18379.9,18478.5,18309.81,6800.0
2012-11-22T00:00:00+05:30,18517.34,18510.94,18567.68,18456.2,6200.0
2012-11-23T00:00:00+05:30,18506.57,18543.95,18556.5,18402.38,6000.0
2012-11-26T00:00:00+05:30,18537.01,18574.36,18590.33,18508.79,5800.0
2012-11-27T00:00:00+05:30,18842.08,18616.55,18862.7,18616.55,7600.0
2012-11-29T00:00:00+05:30,19170.91,18873.63,19205.33,18873.63,11400.0
2012-11-30T00:00:00+05:30,19339.9,19229.7,19372.7,19186.3,11200.0
2012-12-03T00:00:00+05:30,19305.32,19342.83,19416.45,19257.3,7200.0
2012-12-04T00:00:00+05:30,19348.12,19277.58,19373.94,19263.71,8200.0
2012-12-05T00:00:00+05:30,19391.86,19397.98,19463.25,19371.01,9600.0
2012-12-06T00:00:00+05:30,19486.8,19475.09,19523.25,19186.24,10000.0
2012-12-07T00:00:00+05:30,19424.1,19514.88,19561.87,19363.13,9000.0
2012-12-10T00:00:00+05:30,19409.69,19442.19,19478.01,19362.32,6800.0
2012-12-11T00:00:00+05:30,19387.14,19466.29,19612.18,19285.29,7600.0
2012-12-12T00:00:00+05:30,19355.26,19432.54,19478.79,19317.23,7600.0
2012-12-13T00:00:00+05:30,19229.26,19403.66,19421.72,19196.75,9400.0
2012-12-14T00:00:00+05:30,19317.25,19217.96,19348.85,19193.11,11400.0
2012-12-17T00:00:00+05:30,19244.42,19290.92,19346.78,19221.87,12800.0
2012-12-18T00:00:00+05:30,19364.75,19293.01,19396.28,19149.03,14000.0
2012-12-19T00:00:00+05:30,19476.0,19429.91,19516.02,19419.76,9800.0
2012-12-20T00:00:00+05:30,19453.92,19511.41,19520.51,19335.72,10400.0
2012-12-21T00:00:00+05:30,19242.0,19394.55,19394.55,19221.12,9200.0
2012-12-24T00:00:00+05:30,19255.09,19278.0,19347.64,19237.26,7400.0
2012-12-26T00:00:00+05:30,19417.46,19302.47,19468.4,19274.07,5800.0
2012-12-27T00:00:00+05:30,19323.8,19479.84,19504.4,19302.21,7600.0
2012-12-28T00:00:00+05:30,19444.84,19364.08,19465.74,19346.07,6600.0
2012-12-31T00:00:00+05:30,19426.71,19422.59,19491.58,19406.17,4800.0
2013-01-01T00:00:00+05:30,19580.81,19513.45,19623.76,19508.93,0.0
2013-01-02T00:00:00+05:30,19714.24,19693.3,19756.68,19686.5,7400.0
2013-01-03T00:00:00+05:30,19764.78,19771.03,19786.3,19693.29,6600.0
2013-01-04T00:00:00+05:30,19784.08,19782.59,19797.44,19679.99,7000.0
2013-01-07T00:00:00+05:30,19691.42,19820.56,19856.43,19654.46,7400.0
2013-01-08T00:00:00+05:30,19742.52,19681.38,19761.78,19632.59,7400.0
2013-01-09T00:00:00+05:30,19666.59,19770.21,19824.06,19627.16,9600.0
2013-01-10T00:00:00+05:30,19663.55,19728.02,19783.75,19596.38,9200.0
2013-01-11T00:00:00+05:30,19663.64,19813.64,19839.8,19619.83,10000.0
2013-01-14T00:00:00+05:30,19906.41,19689.09,19948.63,19689.09,8800.0
2013-01-15T00:00:00+05:30,19986.82,19999.82,20036.82,19881.78,9600.0
2013-01-16T00:00:00+05:30,19817.63,19978.19,20009.36,19783.02,8600.0
2013-01-17T00:00:00+05:30,19964.03,19846.42,20005.98,19783.41,11800.0
2013-01-18T00:00:00+05:30,20039.04,20038.67,20126.55,19990.62,14600.0
2013-01-21T00:00:00+05:30,20101.82,20132.83,20163.38,20056.46,11400.0
2013-01-22T00:00:00+05:30,19981.57,20102.43,20156.86,19952.91,8600.0
2013-01-23T00:00:00+05:30,20026.61,19997.04,20058.07,19920.91,10200.0
2013-01-24T00:00:00+05:30,19923.78,20017.2,20072.28,19884.2,12000.0
2013-01-25T00:00:00+05:30,20103.53,19945.69,20129.01,19928.11,12000.0
2013-01-28T00:00:00+05:30,20103.35,20129.0,20172.45,20062.79,6800.0
2013-01-29T00:00:00+05:30,19990.9,20080.31,20203.66,19970.05,9000.0
2013-01-30T00:00:00+05:30,20005.0,20014.8,20073.46,19964.64,9200.0
2013-01-31T00:00:00+05:30,19894.98,19987.28,20008.83,19865.72,8400.0
2013-02-01T00:00:00+05:30,19781.19,19907.21,19966.69,19736.45,16400.0
2013-02-04T00:00:00+05:30,19751.19,19860.97,19902.6,19728.21,6800.0
2013-02-05T00:00:00+05:30,19659.82,19665.54,19717.26,19631.97,7800.0
2013-02-06T00:00:00+05:30,19639.72,19737.77,19767.25,19611.27,7200.0
2013-02-07T00:00:00+05:30,19580.32,19589.44,19702.56,19540.08,9000.0
2013-02-08T00:00:00+05:30,19484.77,19577.19,19648.07,19414.8,14200.0
2013-02-11T00:00:00+05:30,19460.57,19517.59,19543.44,19416.94,7200.0
2013-02-12T00:00:00+05:30,19561.04,19489.87,19583.53,19438.53,6800.0
2013-02-13T00:00:00+05:30,19608.08,19601.69,19723.01,19574.15,8000.0
2013-02-14T00:00:00+05:30,19497.18,19626.81,19639.83,19444.33,10000.0
2013-02-15T00:00:00+05:30,19468.15,19449.83,19512.89,19381.82,7600.0
2013-02-18T00:00:00+05:30,19501.08,19496.25,19554.48,19462.92,6000.0
2013-02-19T00:00:00+05:30,19635.72,19523.7,19671.17,19457.21,5800.0
2013-02-20T00:00:00+05:30,19642.75,19717.94,19742.42,19619.89,6800.0
2013-02-21T00:00:00+05:30,19325.36,19549.05,19554.65,19289.7,12400.0
2013-02-22T00:00:00+05:30,19317.01,19341.9,19401.75,19289.83,7600.0
2013-02-25T00:00:00+05:30,19331.69,19365.33,19411.18,19237.98,7800.0
2013-02-26T00:00:00+05:30,19015.14,19290.66,19293.49,18976.94,9200.0
2013-02-27T00:00:00+05:30,19152.41,19090.32,19213.02,18997.82,8400.0
2013-02-28T00:00:00+05:30,18861.54,19264.8,19322.28,18793.97,14800.0
2013-03-01T00:00:00+05:30,18918.52,18876.68,18988.97,18820.9,8400.0
2013-03-04T00:00:00+05:30,18877.96,18920.9,18930.86,18760.41,7600.0
2013-03-05T00:00:00+05:30,19143.17,18943.62,19164.04,18943.62,9400.0
2013-03-06T00:00:00+05:30,19252.61,19254.2,19293.39,19195.47,9400.0
2013-03-07T00:00:00+05:30,19413.54,19222.05,19465.52,19212.92,8800.0
2013-03-08T00:00:00+05:30,19683.23,19478.67,19706.03,19477.61,10000.0
2013-03-11T00:00:00+05:30,19646.21,19679.88,19754.66,19602.71,7400.0
2013-03-12T00:00:00+05:30,19564.92,19675.81,19697.84,19505.75,7600.0
2013-03-13T00:00:00+05:30,19362.55,19511.97,19511.97,19338.52,8200.0
2013-03-14T00:00:00+05:30,19570.44,19367.26,19604.7,19179.33,11200.0
2013-03-15T00:00:00+05:30,19427.56,19570.01,19673.16,19383.13,10200.0
2013-03-18T00:00:00+05:30,19293.2,19282.63,19345.42,19232.23,7400.0
2013-03-19T00:00:00+05:30,19008.1,19345.91,19378.61,18939.47,12600.0
2013-03-20T00:00:00+05:30,18884.19,19026.46,19028.09,18836.77,11000.0
2013-03-21T00:00:00+05:30,18792.87,18926.21,19082.29,18756.65,12400.0
2013-03-22T00:00:00+05:30,18735.6,18784.93,18859.82,18669.2,13600.0
2013-03-25T00:00:00+05:30,18681.42,18894.13,18950.22,18654.61,12200.0
2013-03-26T00:00:00+05:30,18704.53,18645.09,18758.88,18612.37,12000.0
2013-03-28T00:00:00+05:30,18835.77,18702.46,18882.54,18568.43,14600.0
2013-04-01T00:00:00+05:30,18864.75,18890.81,18959.48,18796.6,8400.0
2013-04-02T00:00:00+05:30,19040.95,18863.82,19060.51,18826.53,8200.0
2013-04-03T00:00:00+05:30,18801.64,19034.0,19035.2,18721.72,7800.0
2013-04-04T00:00:00+05:30,18509.7,18731.38,18733.62,18473.85,8400.0
2013-04-05T00:00:00+05:30,18450.23,18493.67,18525.45,18389.29,8000.0
2013-04-08T00:00:00+05:30,18437.78,18455.8,18504.48,18402.93,7600.0
2013-04-09T00:00:00+05:30,18226.48,18481.47,18565.56,18206.61,10600.0
2013-04-10T00:00:00+05:30,18414.45,18355.14,18461.44,18173.31,8000.0
2013-04-11T00:00:00+05:30,18542.2,18577.52,18599.14,18397.94,8400.0
2013-04-12T00:00:00+05:30,18242.56,18275.66,18337.91,18186.1,9400.0
2013-04-15T00:00:00+05:30,18357.8,18196.09,18424.4,18144.22,9200.0
2013-04-16T00:00:00+05:30,18744.93,18356.32,18771.33,18325.73,9400.0
2013-04-17T00:00:00+05:30,18731.16,18773.45,18869.88,18673.44,11000.0
2013-04-18T00:00:00+05:30,19016.46,18695.34,19058.8,18691.61,10000.0
2013-04-22T00:00:00+05:30,19169.83,18989.78,19204.9,18989.78,8600.0
2013-04-23T00:00:00+05:30,19179.36,19210.26,19210.26,19042.08,8400.0
2013-04-25T00:00:00+05:30,19406.85,19192.11,19434.85,19192.11,10200.0
2013-04-26T00:00:00+05:30,19286.72,19376.0,19384.95,19249.75,9600.0
2013-04-29T00:00:00+05:30,19387.5,19306.67,19428.94,19284.4,9200.0
2013-04-30T00:00:00+05:30,19504.18,19492.83,19622.68,19317.38,13400.0
2013-05-02T00:00:00+05:30,19735.77,19459.33,19792.0,19451.26,9400.0
2013-05-03T00:00:00+05:30,19575.64,19707.95,19744.85,19542.63,11600.0
2013-05-06T00:00:00+05:30,19673.64,19571.66,19694.29,19554.31,7800.0
2013-05-07T00:00:00+05:30,19888.95,19697.33,19917.88,19697.33,8200.0
2013-05-08T00:00:00+05:30,19990.18,19950.22,20037.27,19851.22,6200.0
2013-05-09T00:00:00+05:30,19939.04,20015.86,20058.48,19903.83,5800.0
2013-05-10T00:00:00+05:30,20082.62,19911.08,20119.14,19908.8,8000.0
2013-05-13T00:00:00+05:30,19691.67,20073.41,20109.08,19667.39,6600.0
2013-05-14T00:00:00+05:30,19722.29,19715.8,19831.79,19652.69,7200.0
2013-05-15T00:00:00+05:30,20212.96,19798.18,20241.96,19798.18,9200.0
2013-05-16T00:00:00+05:30,20247.33,20167.93,20326.48,20162.12,9600.0
2013-05-17T00:00:00+05:30,20286.12,20267.6,20328.19,20155.01,8000.0
2013-05-20T00:00:00+05:30,20223.98,20277.76,20443.62,20186.66,6800.0
2013-05-21T00:00:00+05:30,20111.61,20227.17,20308.04,20072.68,15600.0
2013-05-22T00:00:00+05:30,20062.24,20150.69,20220.35,20000.86,7600.0
2013-05-23T00:00:00+05:30,19674.33,19971.37,20027.56,19634.79,15600.0
2013-05-24T00:00:00+05:30,19704.33,19765.32,19833.14,19568.49,11000.0
2013-05-27T00:00:00+05:30,20030.77,19750.67,20083.47,19678.31,8200.0
2013-05-28T00:00:00+05:30,20160.82,20056.28,20209.82,19963.23,8600.0
2013-05-29T00:00:00+05:30,20147.64,20202.51,20216.49,20044.74,8000.0
2013-05-30T00:00:00+05:30,20215.4,20066.94,20254.03,20066.14,9600.0
2013-05-31T00:00:00+05:30,19760.3,20186.67,20191.29,19730.55,9400.0
2013-06-03T00:00:00+05:30,19610.48,19859.22,19860.19,19541.97,7400.0
2013-06-04T00:00:00+05:30,19545.78,19605.68,19742.7,19522.47,6000.0
2013-06-05T00:00:00+05:30,19568.22,19532.42,19604.43,19441.35,5600.0
2013-06-06T00:00:00+05:30,19519.49,19503.68,19635.37,19395.32,6600.0
2013-06-07T00:00:00+05:30,19429.23,19522.31,19711.55,19397.51,7000.0
2013-06-10T00:00:00+05:30,19441.07,19530.35,19585.75,19366.82,6400.0
2013-06-11T00:00:00+05:30,19143.0,19382.22,19418.74,19121.18,14200.0
2013-06-12T00:00:00+05:30,19041.13,19103.96,19143.24,18969.08,10800.0
2013-06-13T00:00:00+05:30,18827.16,18897.49,18914.13,18765.53,13200.0
2013-06-14T00:00:00+05:30,19177.93,18959.83,19213.1,18952.09,10400.0
2013-06-17T00:00:00+05:30,19325.87,19249.9,19344.28,19084.68,7000.0
2013-06-18T00:00:00+05:30,19223.28,19329.17,19383.61,19191.37,8600.0
2013-06-19T00:00:00+05:30,19245.7,19224.09,19274.26,19100.13,10400.0
2013-06-20T00:00:00+05:30,18719.29,19069.2,19069.2,18687.19,14200.0
2013-06-21T00:00:00+05:30,18774.24,18695.8,18820.81,18615.14,14600.0
2013-06-24T00:00:00+05:30,18540.89,18714.06,18714.06,18467.16,11200.0
2013-06-25T00:00:00+05:30,18629.15,18602.25,18802.31,18487.3,10800.0
2013-06-26T00:00:00+05:30,18552.12,18662.37,18690.5,18514.35,9200.0
2013-06-27T00:00:00+05:30,18875.95,18716.11,18925.75,18688.28,10000.0
2013-06-28T00:00:00+05:30,19395.81,19093.18,19432.94,19093.18,14000.0
2013-07-01T00:00:00+05:30,19577.39,19352.48,19598.43,19347.57,8600.0
2013-07-02T00:00:00+05:30,19463.82,19573.93,19589.14,19442.75,9200.0
2013-07-03T00:00:00+05:30,19177.76,19347.11,19347.11,19147.31,9600.0
2013-07-04T00:00:00+05:30,19410.84,19256.12,19445.02,19245.01,9600.0
2013-07-05T00:00:00+05:30,19495.82,19568.79,19640.27,19477.74,10000.0
2013-07-08T00:00:00+05:30,19324.77,19418.98,19422.69,19185.92,8400.0
2013-07-09T00:00:00+05:30,19439.48,19399.37,19486.0,19380.25,6600.0
2013-07-10T00:00:00+05:30,19294.12,19482.66,19505.93,19237.91,7800.0
2013-07-11T00:00:00+05:30,19676.06,19468.46,19723.51,19468.46,8400.0
2013-07-12T00:00:00+05:30,19958.47,19898.69,19991.94,19785.59,7600.0
2013-07-15T00:00:00+05:30,20034.48,19926.1,20072.44,19883.19,7000.0
2013-07-16T00:00:00+05:30,19851.23,19788.09,19890.63,19649.58,8000.0
2013-07-17T00:00:00+05:30,19948.73,19928.95,19983.22,19778.54,10400.0
2013-07-18T00:00:00+05:30,20128.41,19999.51,20176.9,19956.2,9800.0
2013-07-19T00:00:00+05:30,20149.85,20213.45,20256.6,20111.13,11600.0
2013-07-22T00:00:00+05:30,20159.12,20096.71,20264.9,20065.69,9400.0
2013-07-23T00:00:00+05:30,20302.13,20249.98,20351.06,20249.98,7800.0
2013-07-24T00:00:00+05:30,20090.68,20200.2,20252.7,19994.25,8000.0
2013-07-25T00:00:00+05:30,19804.76,20062.0,20110.81,19763.9,12800.0
2013-07-26T00:00:00+05:30,19748.19,19892.47,19907.45,19699.76,11000.0
2013-07-29T00:00:00+05:30,19593.28,19714.42,19751.03,19570.87,9900.0
2013-07-30T00:00:00+05:30,19348.34,19577.75,19672.72,19328.54,9500.0
2013-07-31T00:00:00+05:30,19345.7,19304.07,19387.5,19126.82,13900.0
2013-08-01T00:00:00+05:30,19317.19,19443.29,19569.2,19170.46,10600.0
2013-08-02T00:00:00+05:30,19164.02,19399.55,19451.7,19078.72,8600.0
2013-08-05T00:00:00+05:30,19182.26,19178.06,19306.51,19141.68,12000.0
2013-08-06T00:00:00+05:30,18733.04,19127.1,19131.92,18667.3,13800.0
2013-08-07T00:00:00+05:30,18664.88,18758.53,18811.46,18551.35,12800.0
2013-08-08T00:00:00+05:30,18789.34,18687.3,18829.26,18621.67,11900.0
2013-08-12T00:00:00+05:30,18946.98,18898.94,19066.97,18796.01,11700.0
2013-08-13T00:00:00+05:30,19229.84,18895.26,19248.11,18864.81,11900.0
2013-08-14T00:00:00+05:30,19367.59,19299.42,19392.56,19203.63,14700.0
2013-08-16T00:00:00+05:30,18598.18,19297.11,19310.95,18559.65,14300.0
2013-08-19T00:00:00+05:30,18307.52,18587.38,18587.38,18139.15,14300.0
2013-08-20T00:00:00+05:30,18246.04,18142.83,18306.46,17970.98,18200.0
2013-08-21T00:00:00+05:30,17905.91,18545.44,18567.7,17807.19,17400.0
2013-08-22T00:00:00+05:30,18312.94,17896.84,18349.82,17759.59,19800.0
2013-08-23T00:00:00+05:30,18519.44,18386.53,18546.6,18210.75,19200.0
2013-08-26T00:00:00+05:30,18558.13,18602.56,18728.19,18488.93,17200.0
2013-08-27T00:00:00+05:30,17968.08,18460.72,18460.72,17921.82,17800.0
2013-08-28T00:00:00+05:30,17996.15,17851.44,18101.84,17448.71,21400.0
2013-08-29T00:00:00+05:30,18401.04,18073.66,18455.66,18071.22,18600.0
2013-08-30T00:00:00+05:30,18619.72,18424.72,18679.26,18272.76,18600.0
2013-09-02T00:00:00+05:30,18886.13,18691.83,18942.06,18678.93,10800.0
2013-09-03T00:00:00+05:30,18234.66,19002.77,19007.31,18166.17,19400.0
2013-09-04T00:00:00+05:30,18567.55,18314.68,18612.6,18188.43,14400.0
2013-09-05T00:00:00+05:30,18979.76,18857.6,19117.52,18847.02,13800.0
2013-09-06T00:00:00+05:30,19270.06,19072.02,19293.96,18929.38,15600.0
2013-09-10T00:00:00+05:30,19997.1,19448.39,20012.69,19444.66,17800.0
2013-09-11T00:00:00+05:30,19997.45,19999.77,20055.53,19777.63,15700.0
2013-09-12T00:00:00+05:30,19781.88,20046.05,20052.05,19676.49,11900.0
2013-09-13T00:00:00+05:30,19732.76,19744.54,19899.37,19675.68,10600.0
2013-09-16T00:00:00+05:30,19742.47,19977.38,20086.43,19596.15,11200.0
2013-09-17T00:00:00+05:30,19804.03,19721.9,19819.1,19635.44,9900.0
2013-09-18T00:00:00+05:30,19962.16,19865.99,20013.33,19775.29,9300.0
2013-09-19T00:00:00+05:30,20646.64,20354.73,20739.69,20347.3,18300.0
2013-09-20T00:00:00+05:30,20263.71,20616.35,20677.99,20051.43,13500.0
2013-09-23T00:00:00+05:30,19900.96,20060.82,20199.81,19826.3,11100.0
2013-09-24T00:00:00+05:30,19920.21,19820.03,20050.42,19782.78,10700.0
2013-09-25T00:00:00+05:30,19856.24,19947.43,19978.49,19658.74,13900.0
2013-09-26T00:00:00+05:30,19893.85,19853.66,19997.28,19826.99,14900.0
2013-09-27T00:00:00+05:30,19727.27,19951.73,19981.57,19674.38,11800.0
2013-09-30T00:00:00+05:30,19379.77,19643.89,19651.31,19320.73,10000.0
2013-10-01T00:00:00+05:30,19517.15,19452.05,19532.91,19264.72,9200.0
2013-10-03T00:00:00+05:30,19902.07,19585.79,19929.24,19583.97,15700.0
2013-10-04T00:00:00+05:30,19915.95,19870.0,20052.0,19833.17,12900.0
2013-10-07T00:00:00+05:30,19895.1,19880.94,19921.38,19647.88,12300.0
2013-10-08T00:00:00+05:30,19983.61,20094.21,20150.27,19936.72,10900.0
2013-10-09T00:00:00+05:30,20249.26,19918.2,20277.74,19826.96,10200.0
2013-10-10T00:00:00+05:30,20272.91,20228.76,20323.77,20135.91,10400.0
2013-10-11T00:00:00+05:30,20528.59,20535.9,20559.69,20368.06,11700.0
2013-10-14T00:00:00+05:30,20607.54,20534.61,20645.94,20497.88,8900.0
2013-10-15T00:00:00+05:30,20547.62,20722.9,20759.58,20446.73,13600.0
2013-10-17T00:00:00+05:30,20415.51,20579.56,20629.8,20375.42,10300.0
2013-10-18T00:00:00+05:30,20882.89,20486.78,20932.23,20486.78,15700.0
2013-10-21T00:00:00+05:30,20893.89,20915.76,20970.92,20768.99,12200.0
2013-10-22T00:00:00+05:30,20864.97,20863.15,20948.91,20810.25,10700.0
2013-10-23T00:00:00+05:30,20767.88,20875.31,20922.32,20589.72,11200.0
2013-10-24T00:00:00+05:30,20725.43,20766.05,21039.42,20656.7,8200.0
2013-10-25T00:00:00+05:30,20683.52,20725.52,20782.16,20622.55,9600.0
2013-10-28T00:00:00+05:30,20570.28,20696.51,20771.36,20550.64,8100.0
2013-10-29T00:00:00+05:30,20929.01,20593.49,20952.55,20493.66,11300.0
2013-10-30T00:00:00+05:30,21033.97,20944.14,21086.59,20937.12,10400.0
2013-10-31T00:00:00+05:30,21164.52,21000.6,21205.44,20991.98,11900.0
2013-11-01T00:00:00+05:30,21196.81,21158.81,21293.88,21141.32,10000.0
2013-11-05T00:00:00+05:30,20974.79,21134.1,21158.56,20951.71,11900.0
2013-11-06T00:00:00+05:30,20894.94,21004.54,21045.38,20861.42,10900.0
2013-11-07T00:00:00+05:30,20822.77,20896.13,21142.85,20797.06,11900.0
2013-11-08T00:00:00+05:30,20666.15,20785.2,20821.01,20600.9,10700.0
2013-11-11T00:00:00+05:30,20490.96,20596.4,20672.53,20453.15,10300.0
2013-11-12T00:00:00+05:30,20281.91,20510.31,20584.22,20262.22,10200.0
2013-11-13T00:00:00+05:30,20194.4,20248.52,20365.59,20161.64,9000.0
2013-11-14T00:00:00+05:30,20399.42,20351.39,20568.99,20348.27,12600.0
2013-11-18T00:00:00+05:30,20850.74,20570.59,20868.76,20570.59,10900.0
2013-11-19T00:00:00+05:30,20890.82,20870.16,20934.4,20828.69,11400.0
2013-11-20T00:00:00+05:30,20635.13,20857.01,20895.3,20579.94,8900.0
2013-11-21T00:00:00+05:30,20229.05,20579.26,20579.26,20189.23,8100.0
2013-11-22T00:00:00+05:30,20217.39,20316.58,20388.12,20137.67,10600.0
2013-11-25T00:00:00+05:30,20605.08,20326.66,20626.15,20326.66,8200.0
2013-11-26T00:00:00+05:30,20425.02,20604.27,20604.27,20390.62,10500.0
2013-11-27T00:00:00+05:30,20420.26,20449.0,20482.67,20348.06,7000.0
2013-11-28T00:00:00+05:30,20534.91,20522.36,20606.38,20461.51,9000.0
2013-11-29T00:00:00+05:30,20791.93,20558.93,20819.77,20558.93,11200.0
2013-12-02T00:00:00+05:30,20898.01,20771.27,20941.0,20770.51,9600.0
2013-12-03T00:00:00+05:30,20854.92,20857.85,20927.05,20817.75,12000.0
2013-12-04T00:00:00+05:30,20708.71,20839.45,20863.37,20673.62,12200.0
2013-12-05T00:00:00+05:30,20957.81,20992.25,21165.6,20929.2,11900.0
2013-12-06T00:00:00+05:30,20996.53,20955.74,21049.84,20922.45,10100.0
2013-12-09T00:00:00+05:30,21326.42,21416.67,21483.74,21282.64,13400.0
2013-12-10T00:00:00+05:30,21255.26,21293.58,21327.75,21175.08,17300.0
2013-12-11T00:00:00+05:30,21171.41,21191.27,21215.94,21069.45,10600.0
2013-12-12T00:00:00+05:30,20925.61,21101.05,21103.8,20901.47,9100.0
2013-12-13T00:00:00+05:30,20715.58,20867.17,20867.17,20692.67,9500.0
2013-12-16T00:00:00+05:30,20659.52,20714.26,20764.52,20637.77,10300.0
2013-12-17T00:00:00+05:30,20612.14,20732.44,20784.03,20594.99,8300.0
2013-12-18T00:00:00+05:30,20859.86,20568.7,20917.57,20568.7,8400.0
2013-12-19T00:00:00+05:30,20708.62,20959.8,21017.45,20646.03,10300.0
2013-12-20T00:00:00+05:30,21079.72,20792.37,21117.99,20745.94,9100.0
2013-12-23T00:00:00+05:30,21101.03,21080.54,21207.89,21059.12,6700.0
2013-12-24T00:00:00+05:30,21032.71,21127.66,21156.92,21010.65,5800.0
2013-12-26T00:00:00+05:30,21074.59,21051.0,21135.85,21013.14,7300.0
2013-12-27T00:00:00+05:30,21193.58,21114.49,21235.14,21113.25,5500.0
2013-12-30T00:00:00+05:30,21143.01,21260.15,21304.7,21089.21,6100.0
2013-12-31T00:00:00+05:30,21170.68,21177.77,21230.88,21122.68,5000.0
2014-01-01T00:00:00+05:30,21140.48,21222.19,21244.35,21133.82,4000.0
2014-01-02T00:00:00+05:30,20888.33,21179.91,21331.32,20846.67,9300.0
2014-01-03T00:00:00+05:30,20851.33,20819.58,20885.18,20731.33,9300.0
2014-01-06T00:00:00+05:30,20787.3,20913.79,20913.79,20721.98,7600.0
2014-01-07T00:00:00+05:30,20693.24,20845.77,20890.48,20637.18,8100.0
2014-01-08T00:00:00+05:30,20729.38,20767.42,20786.41,20688.18,8000.0
2014-01-09T00:00:00+05:30,20713.37,20755.73,20778.13,20652.69,9000.0
2014-01-10T00:00:00+05:30,20758.49,20760.72,20971.23,20625.17,10400.0
2014-01-13T00:00:00+05:30,21134.21,20850.54,21169.08,20850.54,7900.0
2014-01-14T00:00:00+05:30,21032.88,21115.0,21154.76,21009.05,5600.0
2014-01-15T00:00:00+05:30,21289.49,21091.46,21302.73,21091.46,9400.0
2014-01-16T00:00:00+05:30,21265.18,21366.91,21379.29,21199.65,13400.0
2014-01-17T00:00:00+05:30,21063.62,21236.65,21270.11,21015.61,12000.0
2014-01-20T00:00:00+05:30,21205.05,21083.53,21221.37,21001.13,6000.0
2014-01-21T00:00:00+05:30,21251.12,21237.96,21302.52,21189.2,9400.0
2014-01-22T00:00:00+05:30,21337.67,21251.65,21377.91,21168.43,13400.0
2014-01-23T00:00:00+05:30,21373.66,21319.69,21409.66,21264.71,6500.0
2014-01-24T00:00:00+05:30,21133.56,21289.15,21333.66,21123.99,10800.0
2014-01-27T00:00:00+05:30,20707.45,20899.03,20899.03,20688.03,10100.0
2014-01-28T00:00:00+05:30,20683.51,20721.17,20795.35,20554.28,8200.0
2014-01-29T00:00:00+05:30,20647.3,20784.04,20828.68,20613.62,7800.0
2014-01-30T00:00:00+05:30,20498.25,20491.74,20528.41,20343.78,12600.0
2014-01-31T00:00:00+05:30,20513.85,20544.64,20572.32,20448.43,6100.0
2014-02-03T00:00:00+05:30,20209.26,20479.03,20480.35,20182.2,5700.0
2014-02-04T00:00:00+05:30,20211.93,20050.99,20255.52,19963.12,9800.0
2014-02-05T00:00:00+05:30,20261.03,20241.12,20289.33,20076.1,9300.0
2014-02-06T00:00:00+05:30,20310.74,20286.09,20358.19,20079.82,12400.0
2014-02-07T00:00:00+05:30,20376.56,20441.04,20450.51,20282.3,11100.0
2014-02-10T00:00:00+05:30,20334.27,20429.16,20434.5,20312.21,7900.0
2014-02-11T00:00:00+05:30,20363.37,20400.94,20443.35,20349.51,9400.0
2014-02-12T00:00:00+05:30,20448.49,20449.83,20516.6,20427.23,10100.0
2014-02-13T00:00:00+05:30,20193.35,20478.67,20503.86,20164.67,7900.0
2014-02-14T00:00:00+05:30,20366.82,20265.13,20391.95,20149.01,8300.0
2014-02-17T00:00:00+05:30,20464.06,20438.87,20492.43,20338.95,6100.0
2014-02-18T00:00:00+05:30,20634.21,20457.56,20685.02,20436.48,9400.0
2014-02-19T00:00:00+05:30,20722.97,20643.85,20750.52,20629.56,4700.0
2014-02-20T00:00:00+05:30,20536.64,20661.07,20662.66,20522.04,6000.0
2014-02-21T00:00:00+05:30,20700.75,20600.58,20725.04,20599.91,6300.0
2014-02-24T00:00:00+05:30,20811.44,20695.48,20828.63,20637.3,12500.0
2014-02-25T00:00:00+05:30,20852.47,20877.72,20912.54,20777.73,9500.0
2014-02-26T00:00:00+05:30,20986.99,20869.61,21005.04,20860.02,8500.0
2014-02-28T00:00:00+05:30,21120.12,20995.39,21140.51,20989.66,11400.0
2014-03-03T00:00:00+05:30,20946.65,21079.27,21140.0,20920.98,121600.0
2014-03-04T00:00:00+05:30,21209.73,20947.0,21224.64,20940.39,9700.0
2014-03-05T00:00:00+05:30,21276.86,21280.36,21333.2,21176.16,7500.0
2014-03-06T00:00:00+05:30,21513.87,21336.32,21525.14,21329.88,9700.0
2014-03-07T00:00:00+05:30,21919.79,21539.44,21960.89,21539.44,15200.0
2014-03-10T00:00:00+05:30,21934.83,21819.19,22023.98,21805.22,15500.0
2014-03-11T00:00:00+05:30,21826.42,21918.83,22018.52,21772.11,12000.0
2014-03-12T00:00:00+05:30,21856.22,21793.32,21965.95,21768.14,10400.0
2014-03-13T00:00:00+05:30,21774.61,21736.61,21991.36,21720.13,9500.0
2014-03-14T00:00:00+05:30,21809.8,21648.05,21853.32,21573.48,8800.0
2014-03-18T00:00:00+05:30,21832.61,21849.65,22040.72,21785.38,8600.0
2014-03-19T00:00:00+05:30,21832.86,21872.68,21895.83,21782.01,11000.0
2014-03-20T00:00:00+05:30,21740.09,21797.61,21853.25,21704.66,7600.0
2014-03-21T00:00:00+05:30,21753.75,21823.52,21870.11,21729.9,60600.0
2014-03-24T00:00:00+05:30,22055.48,21827.5,22074.34,21827.5,9000.0
2014-03-25T00:00:00+05:30,22055.21,21948.31,22079.96,21916.87,7800.0
2014-03-26T00:00:00+05:30,22095.3,22134.71,22172.2,22020.58,10600.0
2014-03-27T00:00:00+05:30,22214.37,22116.23,22307.74,22094.29,10400.0
2014-03-28T00:00:00+05:30,22339.97,22273.44,22363.97,22185.11,9200.0
2014-03-31T00:00:00+05:30,22386.27,22423.14,22467.21,22253.78,11200.0
2014-04-01T00:00:00+05:30,22446.44,22455.23,22485.77,22295.65,11000.0
2014-04-02T00:00:00+05:30,22551.49,22550.58,22592.1,22473.46,15700.0
2014-04-03T00:00:00+05:30,22509.07,22598.19,22620.65,22369.28,7400.0
2014-04-04T00:00:00+05:30,22359.5,22522.46,22525.21,22339.4,7100.0
2014-04-07T00:00:00+05:30,22343.45,22355.56,22481.62,22197.51,4700.0
2014-04-09T00:00:00+05:30,22702.34,22389.21,22740.04,22379.95,8500.0
2014-04-10T00:00:00+05:30,22715.33,22729.46,22792.49,22644.43,10900.0
2014-04-11T00:00:00+05:30,22628.96,22642.05,22679.18,22526.89,9500.0
2014-04-15T00:00:00+05:30,22484.93,22698.09,22737.31,22416.24,8600.0
2014-04-16T00:00:00+05:30,22277.23,22486.73,22533.61,22247.39,6700.0
2014-04-17T00:00:00+05:30,22628.84,22327.76,22648.69,22312.19,8500.0
2014-04-21T00:00:00+05:30,22764.83,22644.75,22795.58,22636.75,9100.0
2014-04-22T00:00:00+05:30,22758.37,22771.24,22853.03,22727.63,9000.0
2014-04-23T00:00:00+05:30,22876.54,22783.65,22912.52,22780.13,7200.0
2014-04-25T00:00:00+05:30,22688.07,22892.5,22939.31,22656.64,7500.0
2014-04-28T00:00:00+05:30,22631.61,22717.59,22721.36,22597.19,6900.0
2014-04-29T00:00:00+05:30,22466.19,22654.28,22681.89,22443.56,7700.0
2014-04-30T00:00:00+05:30,22417.8,22517.63,22680.46,22284.96,9700.0
2014-05-02T00:00:00+05:30,22403.89,22493.59,22575.62,22386.95,6300.0
2014-05-05T00:00:00+05:30,22445.12,22412.8,22592.03,22354.45,11700.0
2014-05-06T00:00:00+05:30,22508.42,22512.23,22602.71,22475.65,6200.0
2014-05-07T00:00:00+05:30,22323.9,22488.96,22532.82,22286.26,10800.0
2014-05-08T00:00:00+05:30,22344.04,22382.14,22443.13,22277.04,6000.0
2014-05-09T00:00:00+05:30,22994.23,22374.98,23048.49,22317.18,11300.0
2014-05-12T00:00:00+05:30,23551.0,23031.11,23572.88,23008.65,12400.0
2014-05-13T00:00:00+05:30,23871.23,23729.78,24068.94,23729.25,18200.0
2014-05-14T00:00:00+05:30,23815.12,23897.88,23964.67,23753.36,11500.0
2014-05-15T00:00:00+05:30,23905.6,23809.42,23971.78,23742.75,14900.0
2014-05-16T00:00:00+05:30,24121.74,24271.54,25375.63,23873.16,35700.0
2014-05-19T00:00:00+05:30,24363.05,24340.32,24448.47,24107.99,23500.0
2014-05-20T00:00:00+05:30,24376.88,24555.31,24587.16,24299.53,19000.0
2014-05-21T00:00:00+05:30,24298.02,24404.48,24419.54,24156.47,18000.0
2014-05-22T00:00:00+05:30,24374.4,24415.42,24524.76,24326.48,14500.0
2014-05-23T00:00:00+05:30,24693.35,24535.14,24745.86,24470.78,21200.0
2014-05-26T00:00:00+05:30,24716.88,24913.89,25175.22,24433.9,21900.0
2014-05-27T00:00:00+05:30,24549.51,24748.1,24777.31,24422.33,12600.0
2014-05-28T00:00:00+05:30,24556.09,24591.61,24643.33,24488.81,15100.0
2014-05-29T00:00:00+05:30,24234.15,24523.13,24528.2,24206.5,16000.0
2014-05-30T00:00:00+05:30,24217.34,24300.99,24353.59,24163.62,14900.0
2014-06-02T00:00:00+05:30,24684.85,24368.96,24709.09,24270.2,14400.0
2014-06-03T00:00:00+05:30,24858.59,24729.22,24892.06,24626.97,21100.0
2014-06-04T00:00:00+05:30,24805.83,24909.03,24925.9,24773.93,14800.0
2014-06-05T00:00:00+05:30,25019.51,24828.38,25044.06,24644.88,17500.0
2014-06-06T00:00:00+05:30,25396.46,25204.95,25419.14,25129.76,18100.0
2014-06-09T00:00:00+05:30,25580.21,25543.6,25644.77,25496.84,15300.0
2014-06-10T00:00:00+05:30,25583.69,25706.35,25711.11,25347.33,13600.0
2014-06-11T00:00:00+05:30,25473.89,25650.62,25735.87,25365.65,14000.0
2014-06-12T00:00:00+05:30,25576.21,25597.21,25611.32,25409.69,10200.0
2014-06-13T00:00:00+05:30,25228.17,25677.05,25688.31,25171.61,14700.0
2014-06-16T00:00:00+05:30,25190.48,25239.5,25268.41,25063.93,12000.0
2014-06-17T00:00:00+05:30,25521.19,25189.46,25545.88,25104.5,11300.0
2014-06-18T00:00:00+05:30,25246.25,25565.19,25609.28,25114.3,13200.0
2014-06-19T00:00:00+05:30,25201.8,25327.09,25425.85,25069.66,15200.0
2014-06-20T00:00:00+05:30,25105.51,25237.54,25276.31,25056.18,8800.0
2014-06-23T00:00:00+05:30,25031.32,25108.09,25197.5,24878.66,10200.0
2014-06-24T00:00:00+05:30,25368.9,25115.83,25414.69,25115.83,9700.0
2014-06-25T00:00:00+05:30,25313.74,25421.49,25427.8,25274.39,7700.0
2014-06-26T00:00:00+05:30,25062.67,25217.69,25309.33,25021.23,10300.0
2014-06-27T00:00:00+05:30,25099.92,25132.08,25209.61,25032.94,10100.0
2014-06-30T00:00:00+05:30,25413.78,25179.55,25460.96,25179.55,9500.0
2014-07-01T00:00:00+05:30,25516.35,25469.94,25571.9,25466.77,10600.0
2014-07-02T00:00:00+05:30,25841.21,25660.57,25864.53,25660.16,12300.0
2014-07-03T00:00:00+05:30,25823.75,25875.75,25999.08,25793.7,3700.0
2014-07-04T00:00:00+05:30,25962.06,25844.8,25981.51,25659.33,9500.0
2014-07-07T00:00:00+05:30,26100.08,26039.67,26123.55,25992.73,8900.0
2014-07-08T00:00:00+05:30,25582.11,26166.92,26190.44,25495.04,12700.0
2014-07-09T00:00:00+05:30,25444.81,25615.28,25683.97,25364.77,10500.0
2014-07-10T00:00:00+05:30,25372.75,25513.74,25920.46,25117.0,16900.0
2014-07-11T00:00:00+05:30,25024.35,25488.86,25548.33,24978.33,18600.0
2014-07-14T00:00:00+05:30,25006.98,25093.16,25095.76,24892.0,11400.0
2014-07-15T00:00:00+05:30,25228.65,25100.9,25254.48,25020.32,8100.0
2014-07-16T00:00:00+05:30,25549.72,25322.17,25602.78,25246.75,9600.0
2014-07-17T00:00:00+05:30,25561.16,25540.92,25613.03,25494.46,21900.0
2014-07-18T00:00:00+05:30,25641.56,25558.48,25713.4,25441.24,8300.0
2014-07-21T00:00:00+05:30,25715.17,25776.54,25861.15,25677.71,7600.0
2014-07-22T00:00:00+05:30,26025.8,25784.48,26050.38,25780.39,8500.0
2014-07-23T00:00:00+05:30,26147.33,26130.26,26188.64,26000.4,8200.0
2014-07-24T00:00:00+05:30,26271.85,26188.5,26292.66,26077.7,7800.0
2014-07-25T00:00:00+05:30,26126.75,26257.14,26300.17,26007.31,11100.0
2014-07-28T00:00:00+05:30,25991.23,26173.47,26181.83,25900.25,7400.0
2014-07-30T00:00:00+05:30,26087.42,26005.14,26113.48,25850.04,9200.0
2014-07-31T00:00:00+05:30,25894.97,26105.89,26118.88,25853.69,9200.0
2014-08-01T00:00:00+05:30,25480.84,25753.92,25862.68,25459.13,12700.0
2014-08-04T00:00:00+05:30,25723.16,25631.68,25754.42,25531.38,7400.0
2014-08-05T00:00:00+05:30,25908.01,25817.84,25928.32,25562.36,8800.0
2014-08-06T00:00:00+05:30,25665.27,25892.55,25901.68,25621.85,6800.0
2014-08-07T00:00:00+05:30,25589.01,25668.71,25778.05,25526.05,7100.0
2014-08-08T00:00:00+05:30,25329.14,25406.87,25406.87,25232.82,7500.0
2014-08-11T00:00:00+05:30,25519.24,25476.87,25553.44,25437.05,6000.0
2014-08-12T00:00:00+05:30,25880.77,25703.78,25904.98,25645.79,8100.0
2014-08-13T00:00:00+05:30,25918.95,25861.47,25972.62,25791.79,8800.0
2014-08-14T00:00:00+05:30,26103.23,25948.3,26135.0,25945.35,10100.0
2014-08-18T00:00:00+05:30,26390.96,26123.69,26413.11,26075.28,8200.0
2014-08-19T00:00:00+05:30,26420.67,26482.56,26530.67,26387.84,10400.0
2014-08-20T00:00:00+05:30,26314.29,26496.29,26504.52,26277.61,8900.0
2014-08-21T00:00:00+05:30,26360.11,26322.66,26464.8,26262.52,6500.0
2014-08-22T00:00:00+05:30,26419.55,26419.53,26508.27,26383.16,6700.0
2014-08-25T00:00:00+05:30,26437.02,26490.31,26630.74,26401.64,10000.0
2014-08-26T00:00:00+05:30,26442.81,26349.87,26481.97,26314.89,9500.0
2014-08-27T00:00:00+05:30,26560.15,26553.24,26599.12,26492.5,6600.0
2014-08-28T00:00:00+05:30,26638.11,26620.18,26674.38,26573.69,6700.0
2014-09-01T00:00:00+05:30,26867.55,26733.18,26900.3,26732.39,9200.0
2014-09-02T00:00:00+05:30,27019.39,26888.21,27082.85,26886.22,8000.0
2014-09-03T00:00:00+05:30,27139.94,27128.06,27225.85,27067.02,9700.0
2014-09-04T00:00:00+05:30,27085.93,27164.95,27169.12,26972.39,7400.0
2014-09-05T00:00:00+05:30,27026.7,27127.26,27178.8,26920.56,7100.0
2014-09-08T00:00:00+05:30,27319.85,27145.12,27354.99,27144.56,7300.0
2014-09-09T00:00:00+05:30,27265.32,27316.43,27328.27,27177.09,7600.0
2014-09-10T00:00:00+05:30,27057.41,27230.94,27251.44,27018.11,5900.0
2014-09-11T00:00:00+05:30,26995.87,27143.22,27150.78,26904.5,7600.0
2014-09-12T00:00:00+05:30,27061.04,27048.15,27096.87,26965.91,8000.0
2014-09-15T00:00:00+05:30,26816.56,26998.07,26998.07,26790.91,6000.0
2014-09-16T00:00:00+05:30,26492.51,26854.9,26861.29,26464.03,9400.0
2014-09-17T00:00:00+05:30,26631.29,26627.21,26682.64,26511.71,7600.0
2014-09-18T00:00:00+05:30,27112.21,26573.89,27132.2,26503.08,7000.0
2014-09-19T00:00:00+05:30,27090.42,27139.39,27247.17,27047.68,7300.0
2014-09-22T00:00:00+05:30,27206.74,27008.12,27254.8,26918.93,7100.0
2014-09-23T00:00:00+05:30,26775.69,27244.98,27256.87,26744.07,7900.0
2014-09-24T00:00:00+05:30,26744.69,26817.94,26844.7,26560.0,12300.0
2014-09-25T00:00:00+05:30,26468.36,26808.66,26814.2,26349.55,11000.0
2014-09-26T00:00:00+05:30,26626.32,26429.3,26721.03,26220.49,10000.0
2014-09-29T00:00:00+05:30,26597.11,26694.41,26715.77,26518.01,6500.0
2014-09-30T00:00:00+05:30,26630.51,26610.71,26851.33,26481.31,8200.0
2014-10-01T00:00:00+05:30,26567.99,26681.47,26683.7,26548.22,7900.0
2014-10-07T00:00:00+05:30,26271.97,26487.51,26570.38,26250.24,10200.0
2014-10-08T00:00:00+05:30,26246.79,26229.67,26338.31,26150.09,8600.0
2014-10-09T00:00:00+05:30,26637.28,26394.37,26688.7,26394.21,7500.0
2014-10-10T00:00:00+05:30,26297.38,26551.74,26555.92,26261.61,9200.0
2014-10-13T00:00:00+05:30,26384.07,26275.07,26443.16,26092.69,6400.0
2014-10-14T00:00:00+05:30,26349.33,26537.42,26550.79,26212.01,11900.0
2014-10-16T00:00:00+05:30,25999.34,26260.35,26462.08,25933.98,10700.0
2014-10-17T00:00:00+05:30,26108.53,25950.0,26248.54,25910.77,9400.0
2014-10-20T00:00:00+05:30,26429.85,26434.16,26517.9,26368.94,9300.0
2014-10-21T00:00:00+05:30,26575.65,26552.45,26615.41,26407.0,8400.0
2014-10-22T00:00:00+05:30,26787.23,26782.57,26818.33,26712.21,6000.0
2014-10-23T00:00:00+05:30,26851.05,26889.51,26930.23,26827.68,0.0
2014-10-27T00:00:00+05:30,26752.9,26959.57,26994.96,26726.84,6500.0
2014-10-28T00:00:00+05:30,26880.82,26788.73,26907.14,26764.15,6800.0
2014-10-29T00:00:00+05:30,27098.17,27017.44,27126.3,26971.16,8100.0
2014-10-30T00:00:00+05:30,27346.33,27098.94,27390.6,27088.65,7000.0
2014-10-31T00:00:00+05:30,27865.83,27439.06,27894.32,27438.28,11600.0
2014-11-03T00:00:00+05:30,27860.38,27943.04,27969.82,27785.4,9500.0
2014-11-05T00:00:00+05:30,27915.88,27907.19,28010.39,27857.65,8700.0
2014-11-07T00:00:00+05:30,27868.63,27902.71,27980.93,27739.56,10500.0
2014-11-10T00:00:00+05:30,27874.73,27919.45,28027.96,27764.75,7900.0
2014-11-11T00:00:00+05:30,27910.06,27911.25,27996.92,27790.4,7000.0
2014-11-12T00:00:00+05:30,28008.9,27958.64,28126.48,27958.64,7000.0
2014-11-13T00:00:00+05:30,27940.64,28048.56,28098.74,27822.7,8700.0
2014-11-14T00:00:00+05:30,28046.66,27949.54,28093.23,27912.9,9900.0
2014-11-17T00:00:00+05:30,28177.88,28018.68,28205.71,27921.34,6700.0
2014-11-18T00:00:00+05:30,28163.29,28209.03,28282.85,28119.95,7300.0
2014-11-19T00:00:00+05:30,28032.85,28193.9,28294.01,27963.51,6800.0
2014-11-20T00:00:00+05:30,28067.56,28100.84,28118.53,27915.23,8700.0
2014-11-21T00:00:00+05:30,28334.63,28100.1,28360.66,28038.4,10100.0
2014-11-24T00:00:00+05:30,28499.54,28413.01,28541.96,28394.48,9700.0
2014-11-25T00:00:00+05:30,28338.05,28520.76,28541.22,28217.5,10800.0
2014-11-26T00:00:00+05:30,28386.19,28321.58,28470.15,28261.31,8700.0
2014-11-27T00:00:00+05:30,28438.91,28397.8,28498.3,28307.58,11900.0
2014-11-28T00:00:00+05:30,28693.99,28490.71,28822.37,28483.99,14600.0
2014-12-01T00:00:00+05:30,28559.62,28748.22,28809.64,28538.44,8300.0
2014-12-02T00:00:00+05:30,28444.01,28522.46,28576.39,28386.46,11200.0
2014-12-03T00:00:00+05:30,28442.71,28472.32,28504.65,28370.73,10100.0
2014-12-04T00:00:00+05:30,28562.82,28616.93,28808.78,28448.95,10400.0
2014-12-05T00:00:00+05:30,28458.1,28604.5,28651.75,28409.05,7700.0
2014-12-08T00:00:00+05:30,28119.4,28433.0,28494.85,28097.12,9500.0
2014-12-09T00:00:00+05:30,27797.01,28134.22,28157.53,27763.82,9600.0
2014-12-10T00:00:00+05:30,27831.1,27711.96,27905.25,27710.03,9900.0
2014-12-11T00:00:00+05:30,27602.01,27796.34,27796.34,27539.47,9800.0
2014-12-12T00:00:00+05:30,27350.68,27598.96,27692.32,27320.05,10900.0
2014-12-15T00:00:00+05:30,27319.56,27136.28,27392.18,27105.04,9100.0
2014-12-16T00:00:00+05:30,26781.44,27181.18,27199.37,26736.23,14300.0
2014-12-17T00:00:00+05:30,26710.13,26724.01,26871.91,26469.42,16600.0
2014-12-18T00:00:00+05:30,27126.57,27053.86,27180.92,26900.57,11200.0
2014-12-19T00:00:00+05:30,27371.84,27292.55,27497.12,27292.14,11800.0
2014-12-22T00:00:00+05:30,27701.79,27479.87,27725.27,27382.32,7400.0
2014-12-23T00:00:00+05:30,27506.46,27733.12,27851.1,27475.13,8600.0
2014-12-24T00:00:00+05:30,27208.61,27530.26,27571.25,27146.52,10600.0
2014-12-26T00:00:00+05:30,27241.78,27215.19,27370.63,27091.38,0.0
2014-12-29T00:00:00+05:30,27395.73,27266.49,27507.25,27266.49,0.0
2014-12-30T00:00:00+05:30,27403.54,27478.3,27478.3,27312.29,6100.0
2014-12-31T00:00:00+05:30,27499.42,27358.3,27527.24,27346.0,6500.0
2015-01-01T00:00:00+05:30,27507.54,27485.77,27545.61,27395.34,0.0
2015-01-02T00:00:00+05:30,27887.9,27521.28,27937.47,27519.26,7400.0
2015-01-05T00:00:00+05:30,27842.32,27978.43,28064.49,27786.85,9200.0
2015-01-06T00:00:00+05:30,26987.46,27694.23,27698.93,26937.06,14100.0
2015-01-07T00:00:00+05:30,26908.82,26983.43,27051.6,26776.12,12200.0
2015-01-08T00:00:00+05:30,27274.71,27178.77,27316.41,27101.94,8200.0
2015-01-09T00:00:00+05:30,27458.38,27404.19,27507.67,27119.63,11100.0
2015-01-12T00:00:00+05:30,27585.27,27523.86,27620.66,27323.74,7500.0
2015-01-13T00:00:00+05:30,27425.73,27611.56,27670.19,27324.58,7800.0
2015-01-14T00:00:00+05:30,27346.82,27432.14,27512.8,27203.25,10200.0
2015-01-15T00:00:00+05:30,28075.55,27831.16,28194.61,27703.7,16700.0
2015-01-16T00:00:00+05:30,28121.89,28056.61,28176.1,27945.31,12100.0
2015-01-19T00:00:00+05:30,28262.01,28249.84,28334.06,28197.36,10900.0
2015-01-20T00:00:00+05:30,28784.67,28324.85,28829.29,28324.85,11100.0
2015-01-21T00:00:00+05:30,28888.86,28843.09,28958.1,28792.57,15400.0
2015-01-22T00:00:00+05:30,29006.02,28957.79,29060.41,28892.23,11100.0
2015-01-23T00:00:00+05:30,29278.84,29189.45,29408.73,29165.56,11900.0
2015-01-27T00:00:00+05:30,29571.04,29451.65,29618.59,29286.09,11300.0
2015-01-28T00:00:00+05:30,29559.18,29565.72,29786.32,29417.67,11200.0
2015-01-29T00:00:00+05:30,29681.77,29516.49,29740.63,29378.3,12700.0
2015-01-30T00:00:00+05:30,29182.95,29801.6,29844.16,29070.48,15800.0
2015-02-02T00:00:00+05:30,29122.27,29143.63,29268.13,28958.52,18000.0
2015-02-03T00:00:00+05:30,29000.14,29217.4,29253.06,28900.41,16600.0
2015-02-04T00:00:00+05:30,28883.11,29129.85,29133.62,28824.68,15800.0
2015-02-05T00:00:00+05:30,28850.97,28912.38,29277.83,28753.29,12800.0
2015-02-06T00:00:00+05:30,28717.91,28892.21,28922.85,28647.14,11400.0
2015-02-09T00:00:00+05:30,28227.39,28566.5,28566.5,28183.32,11700.0
2015-02-10T00:00:00+05:30,28355.62,28122.48,28633.72,28044.49,14600.0
2015-02-11T00:00:00+05:30,28533.97,28450.26,28618.91,28424.39,13800.0
2015-02-12T00:00:00+05:30,28805.1,28650.25,28838.52,28406.25,13800.0
2015-02-13T00:00:00+05:30,29094.93,28888.99,29154.67,28835.7,17600.0
2015-02-16T00:00:00+05:30,29135.88,29170.77,29325.35,29083.4,10500.0
2015-02-18T00:00:00+05:30,29320.26,29136.07,29411.32,29126.91,11000.0
2015-02-19T00:00:00+05:30,29462.27,29434.91,29522.86,29108.15,11900.0
2015-02-20T00:00:00+05:30,29231.41,29446.21,29462.09,29178.26,11500.0
2015-02-23T00:00:00+05:30,28975.11,29316.58,29362.96,28913.16,8800.0
2015-02-24T00:00:00+05:30,29004.66,29016.55,29130.67,28875.94,10200.0
2015-02-25T00:00:00+05:30,29007.99,29115.32,29269.83,28967.61,8000.0
2015-02-26T00:00:00+05:30,28746.65,29051.9,29069.13,28693.82,10700.0
2015-02-27T00:00:00+05:30,29220.12,28865.12,29254.02,28837.06,16500.0
2015-03-02T00:00:00+05:30,29459.14,29533.42,29576.32,29259.77,15300.0
2015-03-03T00:00:00+05:30,29593.73,29500.19,29636.86,29364.87,12200.0
2015-03-04T00:00:00+05:30,29380.73,29937.27,30024.74,29289.05,17000.0
2015-03-05T00:00:00+05:30,29448.95,29436.77,29518.32,29162.47,13400.0
2015-03-09T00:00:00+05:30,28844.78,29316.54,29321.06,28799.76,11800.0
2015-03-10T00:00:00+05:30,28709.87,28924.06,28949.11,28584.49,11200.0
2015-03-11T00:00:00+05:30,28659.17,28725.75,28843.23,28608.18,12500.0
2015-03-12T00:00:00+05:30,28930.41,28798.61,28971.01,28772.71,11100.0
2015-03-13T00:00:00+05:30,28503.3,29134.93,29183.76,28448.48,11500.0
2015-03-16T00:00:00+05:30,28437.71,28546.31,28581.82,28384.09,11100.0
2015-03-17T00:00:00+05:30,28736.38,28595.0,28784.35,28435.45,11000.0
2015-03-18T00:00:00+05:30,28622.12,28766.87,28806.97,28546.76,9700.0
2015-03-19T00:00:00+05:30,28469.67,28805.22,28978.74,28411.7,11400.0
2015-03-20T00:00:00+05:30,28261.08,28465.44,28484.36,28209.66,13900.0
2015-03-23T00:00:00+05:30,28192.02,28317.29,28385.14,28163.9,10000.0
2015-03-24T00:00:00+05:30,28161.72,28209.33,28455.32,28130.09,9700.0
2015-03-25T00:00:00+05:30,28111.83,28216.09,28249.6,28031.42,17400.0
2015-03-26T00:00:00+05:30,27457.58,27937.62,27997.14,27384.87,12700.0
2015-03-27T00:00:00+05:30,27458.64,27649.78,27694.41,27248.45,11400.0
2015-03-30T00:00:00+05:30,27975.86,27655.79,28017.97,27624.76,11100.0
2015-03-31T00:00:00+05:30,27957.49,28069.85,28180.64,27868.21,11100.0
2015-04-01T00:00:00+05:30,28260.14,27954.86,28298.34,27889.02,8100.0
2015-04-06T00:00:00+05:30,28504.46,28351.94,28530.81,28221.99,8300.0
2015-04-07T00:00:00+05:30,28516.59,28582.33,28641.08,28274.36,11900.0
2015-04-08T00:00:00+05:30,28707.75,28601.49,28763.06,28566.61,9800.0
2015-04-09T00:00:00+05:30,28885.21,28858.42,28906.71,28622.44,13100.0
2015-04-10T00:00:00+05:30,28879.38,28889.27,28907.81,28756.75,8000.0
2015-04-13T00:00:00+05:30,29044.44,28955.13,29072.51,28843.94,8500.0
2015-04-15T00:00:00+05:30,28799.69,29087.25,29094.61,28721.63,10500.0
2015-04-16T00:00:00+05:30,28666.04,28876.23,28876.23,28497.7,8400.0
2015-04-17T00:00:00+05:30,28442.1,28682.97,28696.19,28403.76,13900.0
2015-04-20T00:00:00+05:30,27886.21,28525.65,28539.46,27802.37,19000.0
2015-04-21T00:00:00+05:30,27676.04,27860.51,27976.93,27598.21,20700.0
2015-04-22T00:00:00+05:30,27890.13,27756.68,27947.26,27385.48,11700.0
2015-04-23T00:00:00+05:30,27735.02,27977.27,28087.78,27621.18,11400.0
2015-04-24T00:00:00+05:30,27437.94,27804.58,27829.11,27344.7,12000.0
2015-04-27T00:00:00+05:30,27176.99,27565.49,27567.28,27141.55,12100.0
2015-04-28T00:00:00+05:30,27396.38,27215.61,27482.14,27073.25,10300.0
2015-04-29T00:00:00+05:30,27225.93,27395.71,27438.96,27176.54,9500.0
2015-04-30T00:00:00+05:30,27011.31,27242.05,27242.05,26897.54,10900.0
2015-05-04T00:00:00+05:30,27490.59,27204.63,27537.85,27159.45,8300.0
2015-05-05T00:00:00+05:30,27440.14,27561.32,27603.71,27338.23,11300.0
2015-05-06T00:00:00+05:30,26717.37,27473.36,27501.15,26677.64,14200.0
2015-05-07T00:00:00+05:30,26599.11,26721.34,26850.37,26423.99,12500.0
2015-05-08T00:00:00+05:30,27105.39,26814.38,27196.28,26814.38,8800.0
2015-05-11T00:00:00+05:30,27507.3,27249.42,27544.24,27231.28,11300.0
2015-05-12T00:00:00+05:30,26877.48,27502.91,27502.91,26837.39,12400.0
2015-05-13T00:00:00+05:30,27251.1,27023.71,27299.8,26750.01,13600.0
2015-05-14T00:00:00+05:30,27206.06,27290.17,27293.99,26948.62,8900.0
2015-05-15T00:00:00+05:30,27324.0,27233.9,27379.57,27159.76,9300.0
2015-05-18T00:00:00+05:30,27687.3,27416.97,27725.97,27370.28,7800.0
2015-05-19T00:00:00+05:30,27645.53,27663.08,27872.23,27574.07,10600.0
2015-05-20T00:00:00+05:30,27837.21,27749.3,27903.01,27743.99,16400.0
2015-05-21T00:00:00+05:30,27809.35,27885.36,27911.44,27712.73,8400.0
2015-05-22T00:00:00+05:30,27957.5,27849.54,28071.16,27828.61,17800.0
2015-05-25T00:00:00+05:30,27643.88,27893.25,27903.29,27614.32,8300.0
2015-05-26T00:00:00+05:30,27531.41,27633.66,27675.94,27473.54,7100.0
2015-05-27T00:00:00+05:30,27564.66,27447.4,27595.8,27363.72,8600.0
2015-05-28T00:00:00+05:30,27506.71,27619.31,27666.37,27354.35,9000.0
2015-05-29T00:00:00+05:30,27828.44,27553.03,27888.32,27467.23,12500.0
2015-06-01T00:00:00+05:30,27848.99,27770.79,27959.43,27737.58,9600.0
2015-06-02T00:00:00+05:30,27188.38,27890.73,27902.53,27146.68,14500.0
2015-06-03T00:00:00+05:30,26837.2,27230.68,27276.22,26698.26,14000.0
2015-06-04T00:00:00+05:30,26813.42,26940.64,26948.84,26551.97,11600.0
2015-06-05T00:00:00+05:30,26768.49,26819.82,27014.42,26718.44,11900.0
2015-06-08T00:00:00+05:30,26523.09,26814.31,26827.06,26472.87,7900.0
2015-06-09T00:00:00+05:30,26481.25,26510.29,26604.65,26438.32,11000.0
2015-06-10T00:00:00+05:30,26840.5,26517.32,26934.74,26493.29,8400.0
2015-06-11T00:00:00+05:30,26370.98,26959.98,27000.14,26348.93,11300.0
2015-06-12T00:00:00+05:30,26425.3,26340.32,26489.58,26307.07,9600.0
2015-06-15T00:00:00+05:30,26586.55,26498.67,26728.6,26307.84,11000.0
2015-06-16T00:00:00+05:30,26686.51,26586.86,26731.35,26379.93,13100.0
2015-06-17T00:00:00+05:30,26832.66,26815.41,26983.48,26728.89,23000.0
2015-06-18T00:00:00+05:30,27115.83,26916.99,27175.39,26910.26,10500.0
2015-06-19T00:00:00+05:30,27316.17,27207.76,27404.6,27202.38,8100.0
2015-06-22T00:00:00+05:30,27730.21,27427.19,27782.31,27417.03,8100.0
2015-06-23T00:00:00+05:30,27804.37,27760.11,27882.66,27666.59,8600.0
2015-06-24T00:00:00+05:30,27729.67,27852.32,27948.24,27647.29,9400.0
2015-06-25T00:00:00+05:30,27895.97,27660.22,27968.75,27635.76,10100.0
2015-06-26T00:00:00+05:30,27811.84,27880.72,27921.86,27675.16,9600.0
2015-06-29T00:00:00+05:30,27645.15,27451.07,27695.32,27209.19,10900.0
2015-06-30T00:00:00+05:30,27780.83,27627.39,27814.53,27570.95,9500.0
2015-07-01T00:00:00+05:30,28020.87,27823.65,28099.25,27799.91,18400.0
2015-07-02T00:00:00+05:30,27945.8,28100.38,28115.96,27906.35,6800.0
2015-07-03T00:00:00+05:30,28092.79,27973.12,28135.43,27897.45,6000.0
2015-07-06T00:00:00+05:30,28208.76,27857.2,28235.31,27774.8,8300.0
2015-07-07T00:00:00+05:30,28171.69,28220.11,28335.23,28084.36,8000.0
2015-07-08T00:00:00+05:30,27687.72,28031.45,28031.45,27635.72,13700.0
2015-07-09T00:00:00+05:30,27573.66,27681.49,27798.13,27540.6,8200.0
2015-07-10T00:00:00+05:30,27661.4,27705.36,27729.46,27530.9,10800.0
2015-07-13T00:00:00+05:30,27961.19,27739.32,28005.17,27635.06,7800.0
2015-07-14T00:00:00+05:30,27932.9,27986.92,28018.59,27853.96,6900.0
2015-07-15T00:00:00+05:30,28198.29,28022.14,28218.37,27986.48,6000.0
2015-07-16T00:00:00+05:30,28446.12,28259.7,28478.43,28245.81,8500.0
2015-07-17T00:00:00+05:30,28463.31,28480.92,28576.32,28417.46,7300.0
2015-07-20T00:00:00+05:30,28420.12,28544.28,28549.13,28319.83,6600.0
2015-07-21T00:00:00+05:30,28182.14,28381.82,28518.06,28138.3,11700.0
2015-07-22T00:00:00+05:30,28504.93,28159.42,28546.42,28070.91,9500.0
2015-07-23T00:00:00+05:30,28370.84,28540.97,28578.33,28315.37,8900.0
2015-07-24T00:00:00+05:30,28112.31,28390.5,28402.64,28083.76,9300.0
2015-07-27T00:00:00+05:30,27561.38,28117.65,28117.65,27529.57,9500.0
2015-07-28T00:00:00+05:30,27459.23,27630.21,27676.65,27416.39,11800.0
2015-07-29T00:00:00+05:30,27563.43,27540.46,27609.29,27470.09,8600.0
2015-07-30T00:00:00+05:30,27705.35,27685.82,27854.46,27649.97,9400.0
2015-07-31T00:00:00+05:30,28114.56,27814.51,28161.17,27814.51,15000.0
2015-08-03T00:00:00+05:30,28187.06,28089.09,28263.35,28071.37,10200.0
2015-08-04T00:00:00+05:30,28071.93,28225.04,28264.72,27866.12,13600.0
2015-08-05T00:00:00+05:30,28223.08,28138.04,28315.71,28135.68,9800.0
2015-08-06T00:00:00+05:30,28298.13,28291.88,28359.96,28163.69,7500.0
2015-08-07T00:00:00+05:30,28236.39,28327.11,28335.67,28193.93,10300.0
2015-08-10T00:00:00+05:30,28101.72,28250.78,28417.59,28017.85,8700.0
2015-08-11T00:00:00+05:30,27866.09,28193.26,28205.12,27825.83,14700.0
2015-08-12T00:00:00+05:30,27512.26,27880.76,27883.33,27479.43,18200.0
2015-08-13T00:00:00+05:30,27549.53,27635.25,27791.1,27496.29,15900.0
2015-08-14T00:00:00+05:30,28067.31,27668.06,28100.64,27643.2,13200.0
2015-08-17T00:00:00+05:30,27878.27,28093.54,28095.97,27739.13,12300.0
2015-08-18T00:00:00+05:30,27831.54,27949.13,28040.73,27747.4,11800.0
2015-08-19T00:00:00+05:30,27931.64,27851.81,28021.39,27721.25,10900.0
2015-08-20T00:00:00+05:30,27607.82,27959.19,27964.6,27564.16,14400.0
2015-08-21T00:00:00+05:30,27366.07,27440.1,27442.82,27131.44,14000.0
2015-08-24T00:00:00+05:30,25741.56,26730.4,26730.4,25624.72,26000.0
2015-08-25T00:00:00+05:30,26032.38,25916.26,26124.83,25298.42,21200.0
2015-08-26T00:00:00+05:30,25714.66,26063.27,26156.61,25657.56,13400.0
2015-08-27T00:00:00+05:30,26231.19,26137.03,26302.77,25943.75,18600.0
2015-08-28T00:00:00+05:30,26392.38,26542.84,26687.33,26270.17,12100.0
2015-08-31T00:00:00+05:30,26283.09,26469.42,26504.73,26215.16,10000.0
2015-09-01T00:00:00+05:30,25696.44,26127.04,26141.07,25579.88,14000.0
2015-09-02T00:00:00+05:30,25453.56,25891.95,25939.37,25395.09,16200.0
2015-09-03T00:00:00+05:30,25764.78,25614.69,25835.41,25555.77,11300.0
2015-09-04T00:00:00+05:30,25201.9,25772.58,25775.38,25119.06,14100.0
2015-09-07T00:00:00+05:30,24893.81,25302.98,25387.32,24851.77,12800.0
2015-09-08T00:00:00+05:30,25317.87,24972.01,25411.0,24833.54,12600.0
2015-09-09T00:00:00+05:30,25719.58,25682.87,25820.56,25553.61,14400.0
2015-09-10T00:00:00+05:30,25622.17,25522.96,25733.7,25287.5,14600.0
2015-09-11T00:00:00+05:30,25610.21,25793.77,25875.96,25530.41,11800.0
2015-09-14T00:00:00+05:30,25856.7,25706.87,25891.73,25531.07,8800.0
2015-09-15T00:00:00+05:30,25705.93,25908.34,25909.83,25649.37,11200.0
2015-09-16T00:00:00+05:30,25963.97,25884.05,26006.75,25816.5,9600.0
2015-09-18T00:00:00+05:30,26218.91,26130.36,26471.82,26130.36,56600.0
2015-09-21T00:00:00+05:30,26192.98,26107.98,26233.46,25972.54,8100.0
2015-09-22T00:00:00+05:30,25651.84,26274.37,26339.1,25571.34,13600.0
2015-09-23T00:00:00+05:30,25822.99,25526.53,25934.02,25386.48,11700.0
2015-09-24T00:00:00+05:30,25863.5,25798.05,25949.9,25670.96,11800.0
2015-09-28T00:00:00+05:30,25616.84,25922.71,25936.89,25593.56,11700.0
2015-09-29T00:00:00+05:30,25778.66,25496.38,26054.37,25287.33,20700.0
2015-09-30T00:00:00+05:30,26154.83,25986.52,26179.7,25918.21,27500.0
2015-10-01T00:00:00+05:30,26220.95,26344.19,26431.8,26168.71,11000.0
2015-10-05T00:00:00+05:30,26785.55,26379.42,26822.42,26375.31,11400.0
2015-10-06T00:00:00+05:30,26932.88,26976.66,27010.27,26751.25,13600.0
2015-10-07T00:00:00+05:30,27035.85,26966.86,27082.28,26877.51,17100.0
2015-10-08T00:00:00+05:30,26845.81,27116.86,27120.11,26762.36,14900.0
2015-10-09T00:00:00+05:30,27079.51,26974.92,27200.44,26910.59,18800.0
2015-10-12T00:00:00+05:30,26904.11,27242.6,27305.04,26855.75,18400.0
2015-10-13T00:00:00+05:30,26846.53,26874.29,26918.52,26719.1,10800.0
2015-10-14T00:00:00+05:30,26779.66,26760.32,26869.08,26713.28,10900.0
2015-10-15T00:00:00+05:30,27010.14,26842.19,27037.95,26836.77,12700.0
2015-10-16T00:00:00+05:30,27214.6,27062.8,27239.22,26917.12,10200.0
2015-10-19T00:00:00+05:30,27364.92,27305.62,27387.91,27246.79,8200.0
2015-10-20T00:00:00+05:30,27306.83,27402.9,27432.07,27216.4,9200.0
2015-10-21T00:00:00+05:30,27287.66,27312.35,27445.24,27190.55,9700.0
2015-10-23T00:00:00+05:30,27470.81,27466.64,27555.06,27421.71,9900.0
2015-10-26T00:00:00+05:30,27361.96,27575.04,27618.14,27318.2,11300.0
2015-10-27T00:00:00+05:30,27253.44,27291.06,27296.3,27209.52,10100.0
2015-10-28T00:00:00+05:30,27039.76,27131.71,27163.98,26919.96,10500.0
2015-10-29T00:00:00+05:30,26838.14,27083.7,27099.11,26794.1,9900.0
2015-10-30T00:00:00+05:30,26656.83,26878.48,26942.29,26585.2,14000.0
2015-11-02T00:00:00+05:30,26559.15,26641.69,26824.3,26378.26,8800.0
2015-11-03T00:00:00+05:30,26590.59,26660.71,26732.24,26514.48,8500.0
2015-11-04T00:00:00+05:30,26552.92,26704.02,26800.06,26510.31,8000.0
2015-11-05T00:00:00+05:30,26304.2,26557.8,26557.8,26243.2,12300.0
2015-11-06T00:00:00+05:30,26265.24,26284.01,26438.86,26190.18,15600.0
2015-11-09T00:00:00+05:30,26121.4,25809.0,26193.17,25656.9,13300.0
2015-11-10T00:00:00+05:30,25743.26,26094.09,26094.09,25709.23,12800.0
2015-11-11T00:00:00+05:30,25866.95,25934.9,25944.93,25853.42,0.0
2015-11-13T00:00:00+05:30,25610.53,25724.09,25724.09,25540.73,11500.0
2015-11-16T00:00:00+05:30,25760.1,25580.15,25866.42,25451.42,11300.0
2015-11-17T00:00:00+05:30,25864.47,25897.88,25948.2,25732.79,10700.0
2015-11-18T00:00:00+05:30,25482.52,25837.71,25890.36,25453.32,16100.0
2015-11-19T00:00:00+05:30,25841.92,25640.34,25884.52,25603.1,9900.0
2015-11-20T00:00:00+05:30,25868.49,25856.13,26058.76,25769.81,10000.0
2015-11-23T00:00:00+05:30,25819.34,25945.14,25958.04,25747.01,10100.0
2015-11-24T00:00:00+05:30,25775.74,25785.61,25901.56,25703.86,7500.0
2015-11-26T00:00:00+05:30,25958.63,25769.81,26016.04,25769.81,8400.0
2015-11-27T00:00:00+05:30,26128.2,26003.2,26184.65,25937.32,10400.0
2015-11-30T00:00:00+05:30,26145.67,26142.53,26231.06,26089.13,8300.0
2015-12-01T00:00:00+05:30,26169.41,26201.27,26246.02,26121.52,11000.0
2015-12-02T00:00:00+05:30,26117.85,26239.39,26256.42,26041.68,10100.0
2015-12-03T00:00:00+05:30,25886.62,26123.86,26123.86,25857.35,9500.0
2015-12-04T00:00:00+05:30,25638.11,25810.06,25810.06,25623.71,10500.0
2015-12-07T00:00:00+05:30,25530.11,25746.03,25785.53,25477.69,8700.0
2015-12-08T00:00:00+05:30,25310.33,25488.42,25542.47,25256.79,12600.0
2015-12-09T00:00:00+05:30,25036.05,25299.34,25316.95,25012.22,11600.0
2015-12-10T00:00:00+05:30,25252.32,25136.71,25289.58,25034.14,10900.0
2015-12-11T00:00:00+05:30,25044.43,25281.77,25316.14,24930.43,14900.0
2015-12-14T00:00:00+05:30,25150.35,24935.6,25194.15,24867.73,11600.0
2015-12-15T00:00:00+05:30,25320.44,25186.68,25342.78,25075.54,9700.0
2015-12-16T00:00:00+05:30,25494.37,25402.47,25572.9,25372.47,10800.0
2015-12-17T00:00:00+05:30,25803.78,25596.63,25831.31,25448.32,22700.0
2015-12-18T00:00:00+05:30,25519.22,25764.67,25789.51,25481.51,10400.0
2015-12-21T00:00:00+05:30,25735.9,25425.32,25757.84,25413.54,8100.0
2015-12-22T00:00:00+05:30,25590.65,25731.07,25787.21,25485.17,8100.0
2015-12-23T00:00:00+05:30,25850.3,25697.66,25875.27,25689.7,6900.0
2015-12-24T00:00:00+05:30,25838.71,25893.84,25922.47,25763.4,4900.0
2015-12-28T00:00:00+05:30,26034.13,25858.52,26073.41,25856.86,6900.0
2015-12-29T00:00:00+05:30,26079.48,26075.68,26133.78,25994.45,6000.0
2015-12-30T00:00:00+05:30,25960.03,26123.87,26130.2,25939.25,6500.0
2015-12-31T00:00:00+05:30,26117.54,25980.86,26147.63,25941.91,6200.0
2016-01-01T00:00:00+05:30,26160.9,26101.5,26197.27,26008.2,0.0
2016-01-04T00:00:00+05:30,25623.35,26116.52,26116.52,25596.57,9100.0
2016-01-05T00:00:00+05:30,25580.34,25744.7,25766.76,25513.75,10300.0
2016-01-06T00:00:00+05:30,25406.33,25628.23,25632.57,25357.7,13400.0
2016-01-07T00:00:00+05:30,24851.83,25224.7,25230.35,24825.7,11800.0
2016-01-08T00:00:00+05:30,24934.33,24969.02,25083.55,24887.22,15900.0
2016-01-11T00:00:00+05:30,24825.04,24787.11,24961.88,24598.9,10600.0
2016-01-12T00:00:00+05:30,24682.03,24862.93,24882.3,24597.11,10300.0
2016-01-13T00:00:00+05:30,24854.11,24804.64,24956.54,24387.69,14000.0
2016-01-14T00:00:00+05:30,24772.97,24606.2,25018.46,24473.22,14900.0
2016-01-15T00:00:00+05:30,24455.04,24881.76,24912.64,24421.53,12700.0
2016-01-18T00:00:00+05:30,24188.37,24400.78,24524.85,24141.99,13600.0
2016-01-19T00:00:00+05:30,24479.84,24257.28,24563.34,24247.23,9400.0
2016-01-20T00:00:00+05:30,24062.04,24325.77,24325.77,23839.76,12800.0
2016-01-21T00:00:00+05:30,23962.21,24194.75,24351.83,23862.0,13200.0
2016-01-22T00:00:00+05:30,24435.66,24122.06,24472.88,24120.04,10100.0
2016-01-25T00:00:00+05:30,24485.95,24540.97,24650.57,24433.67,8900.0
2016-01-27T00:00:00+05:30,24492.39,24643.13,24645.7,24458.13,8500.0
2016-01-28T00:00:00+05:30,24469.57,24481.86,24587.2,24400.52,8400.0
2016-01-29T00:00:00+05:30,24870.69,24347.31,24911.9,24340.06,12400.0
2016-02-01T00:00:00+05:30,24824.83,24982.22,25002.32,24788.58,10100.0
2016-02-02T00:00:00+05:30,24539.0,24868.21,24928.75,24460.53,12700.0
2016-02-03T00:00:00+05:30,24223.32,24393.59,24409.26,24187.54,12200.0
2016-02-04T00:00:00+05:30,24338.43,24386.45,24514.01,24224.74,12200.0
2016-02-05T00:00:00+05:30,24616.97,24360.36,24672.9,24345.79,13400.0
2016-02-08T00:00:00+05:30,24287.42,24637.41,24698.95,24196.84,11700.0
2016-02-09T00:00:00+05:30,24020.98,24076.85,24111.19,23919.47,11500.0
2016-02-10T00:00:00+05:30,23758.9,23938.32,23938.32,23636.72,19400.0
2016-02-11T00:00:00+05:30,22951.83,23758.46,23758.46,22909.12,23200.0
2016-02-12T00:00:00+05:30,22986.12,23060.39,23161.15,22600.39,25100.0
2016-02-15T00:00:00+05:30,23554.12,23223.43,23622.64,23197.67,20400.0
2016-02-16T00:00:00+05:30,23191.97,23688.61,23692.08,23164.54,22200.0
2016-02-17T00:00:00+05:30,23381.87,23237.23,23434.91,22920.84,16600.0
2016-02-18T00:00:00+05:30,23649.22,23536.47,23735.35,23448.21,15700.0
2016-02-19T00:00:00+05:30,23709.15,23640.32,23774.48,23508.36,11600.0
2016-02-22T00:00:00+05:30,23788.79,23783.47,23855.04,23674.86,9500.0
2016-02-23T00:00:00+05:30,23410.18,23850.41,23851.51,23361.94,16700.0
2016-02-24T00:00:00+05:30,23088.93,23332.94,23338.89,23057.45,14000.0
2016-02-25T00:00:00+05:30,22976.0,23105.16,23142.96,22948.1,15900.0
2016-02-26T00:00:00+05:30,23154.3,23141.08,23227.91,23021.94,11500.0
2016-02-29T00:00:00+05:30,23002.0,23238.5,23343.22,22494.61,58900.0
2016-03-01T00:00:00+05:30,23779.35,23153.32,23821.49,23133.18,15700.0
2016-03-02T00:00:00+05:30,24242.98,24044.96,24280.42,24043.89,22800.0
2016-03-03T00:00:00+05:30,24606.99,24386.67,24640.51,24383.28,19500.0
2016-03-04T00:00:00+05:30,24646.48,24704.59,24719.05,24531.8,17500.0
2016-03-08T00:00:00+05:30,24659.23,24655.19,24793.62,24509.21,26000.0
2016-03-09T00:00:00+05:30,24793.96,24527.27,24820.76,24451.6,11900.0
2016-03-10T00:00:00+05:30,24623.34,24815.7,24817.48,24471.39,14400.0
2016-03-11T00:00:00+05:30,24717.99,24620.39,24817.8,24552.26,14800.0
2016-03-14T00:00:00+05:30,24804.28,24801.7,24960.51,24734.04,30100.0
2016-03-15T00:00:00+05:30,24551.17,24832.04,24840.77,24517.28,12100.0
2016-03-16T00:00:00+05:30,24682.48,24537.61,24706.85,24354.55,11000.0
2016-03-17T00:00:00+05:30,24677.37,24852.18,24948.3,24576.52,14600.0
2016-03-18T00:00:00+05:30,24952.74,24729.41,24986.94,24681.64,14100.0
2016-03-21T00:00:00+05:30,25285.37,25007.56,25327.45,24988.27,12400.0
2016-03-22T00:00:00+05:30,25330.49,25331.01,25381.33,25083.7,12000.0
2016-03-23T00:00:00+05:30,25337.56,25322.1,25367.81,25156.82,9500.0
2016-03-28T00:00:00+05:30,24966.4,25417.11,25432.94,24895.49,10100.0
2016-03-29T00:00:00+05:30,24900.46,24957.24,25079.35,24835.56,11000.0
2016-03-30T00:00:00+05:30,25338.58,25062.06,25358.84,25055.42,10700.0
2016-03-31T00:00:00+05:30,25341.86,25364.75,25479.62,25223.22,11500.0
2016-04-01T00:00:00+05:30,25269.64,25301.7,25354.94,25119.35,11400.0
2016-04-04T00:00:00+05:30,25399.65,25333.98,25424.15,25223.49,7800.0
2016-04-05T00:00:00+05:30,24883.59,25372.44,25372.44,24837.51,14800.0
2016-04-06T00:00:00+05:30,24900.63,24978.86,25000.65,24834.16,10300.0
2016-04-07T00:00:00+05:30,24685.42,24998.79,25013.13,24647.48,19200.0
2016-04-08T00:00:00+05:30,24673.84,24665.8,24736.03,24608.51,9700.0
2016-04-11T00:00:00+05:30,25022.16,24789.4,25049.92,24523.2,25900.0
2016-04-12T00:00:00+05:30,25145.59,25056.47,25180.02,24996.44,11500.0
2016-04-13T00:00:00+05:30,25626.75,25358.42,25671.5,25358.42,14600.0
2016-04-18T00:00:00+05:30,25816.36,25833.16,25870.03,25634.12,8500.0
2016-04-20T00:00:00+05:30,25844.18,25942.34,25956.34,25716.81,11300.0
2016-04-21T00:00:00+05:30,25880.38,25979.68,26080.07,25783.12,18100.0
2016-04-22T00:00:00+05:30,25838.14,25892.49,25922.02,25771.88,13400.0
2016-04-25T00:00:00+05:30,25678.93,25891.03,25891.03,25585.93,8200.0
2016-04-26T00:00:00+05:30,26007.3,25604.92,26055.0,25549.05,11200.0
2016-04-27T00:00:00+05:30,26064.12,25956.42,26092.93,25885.24,11200.0
2016-04-28T00:00:00+05:30,25603.1,26078.28,26100.54,25561.17,14600.0
2016-04-29T00:00:00+05:30,25606.62,25612.91,25755.43,25424.03,14600.0
2016-05-02T00:00:00+05:30,25436.97,25565.44,25565.44,25341.14,7700.0
2016-05-03T00:00:00+05:30,25229.7,25500.14,25705.96,25192.94,11000.0
2016-05-04T00:00:00+05:30,25101.73,25210.87,25245.7,25061.04,15800.0
2016-05-05T00:00:00+05:30,25262.21,25187.66,25394.1,25162.94,11300.0
2016-05-06T00:00:00+05:30,25228.5,25223.67,25260.48,25057.93,11300.0
2016-05-09T00:00:00+05:30,25688.86,25321.83,25709.68,25302.86,11700.0
2016-05-10T00:00:00+05:30,25772.53,25682.98,25809.93,25614.24,10500.0
2016-05-11T00:00:00+05:30,25597.02,25548.97,25762.49,25409.24,9300.0
2016-05-12T00:00:00+05:30,25790.22,25684.6,25827.03,25620.27,9800.0
2016-05-13T00:00:00+05:30,25489.57,25739.94,25743.69,25400.27,12500.0
2016-05-16T00:00:00+05:30,25653.23,25528.8,25688.46,25351.62,12900.0
2016-05-17T00:00:00+05:30,25773.61,25756.14,25927.31,25733.76,11400.0
2016-05-18T00:00:00+05:30,25704.61,25671.48,25747.0,25503.4,9800.0
2016-05-19T00:00:00+05:30,25399.72,25713.84,25714.56,25351.99,14400.0
2016-05-20T00:00:00+05:30,25301.9,25428.42,25506.06,25251.9,13600.0
2016-05-23T00:00:00+05:30,25230.36,25447.72,25519.26,25207.78,11300.0
2016-05-24T00:00:00+05:30,25305.47,25256.97,25340.47,25181.47,10700.0
2016-05-25T00:00:00+05:30,25881.17,25432.1,25897.87,25430.59,9500.0
2016-05-26T00:00:00+05:30,26366.68,26008.25,26398.94,25941.51,13900.0
2016-05-27T00:00:00+05:30,26653.6,26415.93,26677.43,26405.28,20800.0
2016-05-30T00:00:00+05:30,26725.6,26694.75,26794.96,26623.33,14800.0
2016-05-31T00:00:00+05:30,26667.96,26817.75,26837.2,26561.58,26500.0
2016-06-01T00:00:00+05:30,26713.93,26684.46,26857.25,26671.86,13400.0
2016-06-02T00:00:00+05:30,26843.14,26694.28,26885.16,26641.02,11100.0
2016-06-03T00:00:00+05:30,26843.03,26919.23,27008.14,26792.07,13000.0
2016-06-06T00:00:00+05:30,26777.45,26897.84,26901.42,26729.54,8700.0
2016-06-07T00:00:00+05:30,27009.67,26833.54,27082.63,26829.53,14800.0
2016-06-08T00:00:00+05:30,27020.66,27085.24,27105.41,26973.71,12500.0
2016-06-09T00:00:00+05:30,26763.46,26994.48,26994.91,26692.35,10100.0
2016-06-10T00:00:00+05:30,26635.75,26742.26,26972.06,26620.5,10100.0
2016-06-13T00:00:00+05:30,26396.77,26468.27,26468.27,26262.27,9100.0
2016-06-14T00:00:00+05:30,26395.71,26482.5,26485.45,26264.81,7800.0
2016-06-15T00:00:00+05:30,26726.34,26500.79,26752.59,26446.59,12300.0
2016-06-16T00:00:00+05:30,26525.46,26686.03,26686.03,26314.91,12600.0
2016-06-17T00:00:00+05:30,26625.91,26653.85,26730.55,26538.51,9300.0
2016-06-20T00:00:00+05:30,26866.92,26497.11,26885.49,26447.88,9500.0
2016-06-21T00:00:00+05:30,26812.78,26907.42,26925.64,26754.6,7000.0
2016-06-22T00:00:00+05:30,26765.65,26791.68,26887.29,26617.45,7700.0
2016-06-23T00:00:00+05:30,27002.22,26753.2,27060.98,26736.52,9300.0
2016-06-24T00:00:00+05:30,26397.71,26367.48,26435.85,25911.33,24400.0
2016-06-27T00:00:00+05:30,26402.96,26347.81,26493.51,26262.72,18300.0
2016-06-28T00:00:00+05:30,26524.55,26410.66,26583.33,26378.46,8100.0
2016-06-29T00:00:00+05:30,26740.39,26627.15,26776.17,26606.31,7700.0
2016-06-30T00:00:00+05:30,26999.72,26926.17,27069.23,26872.59,8600.0
2016-07-01T00:00:00+05:30,27144.91,27064.33,27243.36,27061.4,10000.0
2016-07-04T00:00:00+05:30,27278.76,27314.44,27385.66,27251.06,8300.0
2016-07-05T00:00:00+05:30,27166.87,27340.72,27348.66,27127.3,10400.0
2016-07-07T00:00:00+05:30,27201.49,27209.97,27288.22,27146.95,8800.0
2016-07-08T00:00:00+05:30,27126.9,27292.2,27294.82,27034.14,13900.0
2016-07-11T00:00:00+05:30,27626.69,27358.23,27647.48,27358.23,23900.0
2016-07-12T00:00:00+05:30,27808.14,27667.81,27828.74,27667.81,12200.0
2016-07-13T00:00:00+05:30,27815.18,27912.14,27928.76,27752.14,17600.0
2016-07-14T00:00:00+05:30,27942.11,27857.8,27967.77,27763.15,10500.0
2016-07-15T00:00:00+05:30,27836.5,27966.14,28048.7,27735.87,16300.0
2016-07-18T00:00:00+05:30,27746.66,27920.66,28013.5,27697.69,20500.0
2016-07-19T00:00:00+05:30,27787.62,27790.05,27826.69,27637.98,16800.0
2016-07-20T00:00:00+05:30,27915.89,27775.7,27935.18,27759.71,12500.0
2016-07-21T00:00:00+05:30,27710.52,27980.07,27988.76,27687.54,12200.0
2016-07-22T00:00:00+05:30,27803.24,27721.72,27832.45,27646.21,9500.0
2016-07-25T00:00:00+05:30,28095.34,27753.96,28110.37,27736.51,15300.0
2016-07-26T00:00:00+05:30,27976.52,28121.37,28149.53,27927.13,11100.0
2016-07-27T00:00:00+05:30,28024.33,27976.14,28210.88,27899.93,10400.0
2016-07-28T00:00:00+05:30,28208.62,28108.78,28240.2,28064.9,14600.0
2016-07-29T00:00:00+05:30,28051.86,28232.87,28233.47,28037.87,11500.0
2016-08-01T00:00:00+05:30,28003.12,28083.08,28284.85,27873.53,13700.0
2016-08-02T00:00:00+05:30,27981.71,28069.12,28175.22,27943.91,10100.0
2016-08-03T00:00:00+05:30,27697.51,28008.52,28015.43,27647.14,11800.0
2016-08-04T00:00:00+05:30,27714.37,27899.88,27921.91,27627.97,14600.0
2016-08-05T00:00:00+05:30,28078.35,27810.55,28110.37,27795.74,13700.0
2016-08-08T00:00:00+05:30,28182.57,28181.92,28226.38,28128.06,20300.0
2016-08-09T00:00:00+05:30,28085.16,28289.22,28289.96,27956.77,14200.0
2016-08-10T00:00:00+05:30,27774.88,28133.36,28143.28,27736.62,15400.0
2016-08-11T00:00:00+05:30,27859.6,27805.94,27902.39,27697.33,9900.0
2016-08-12T00:00:00+05:30,28152.4,27919.95,28203.27,27900.91,21000.0
2016-08-16T00:00:00+05:30,28064.61,28190.04,28199.1,27942.65,14600.0
2016-08-17T00:00:00+05:30,28005.37,28061.79,28174.3,27960.14,11600.0
2016-08-18T00:00:00+05:30,28123.44,28077.64,28214.17,28077.0,12500.0
2016-08-19T00:00:00+05:30,28077.0,28167.66,28212.3,28026.12,15600.0
2016-08-22T00:00:00+05:30,27985.54,28088.07,28143.28,27918.05,12600.0
2016-08-23T00:00:00+05:30,27990.21,28012.56,28028.98,27854.43,12400.0
2016-08-24T00:00:00+05:30,28059.94,28065.25,28108.39,27959.87,8100.0
2016-08-25T00:00:00+05:30,27835.91,28103.6,28154.21,27803.24,6700.0
2016-08-26T00:00:00+05:30,27782.25,27882.75,27935.88,27696.99,9100.0
2016-08-29T00:00:00+05:30,27902.66,27827.26,27952.85,27698.71,11800.0
2016-08-30T00:00:00+05:30,28343.01,28012.46,28478.02,28010.66,10600.0
2016-08-31T00:00:00+05:30,28452.17,28372.25,28532.25,28363.1,10400.0
2016-09-01T00:00:00+05:30,28423.48,28459.09,28548.85,28386.61,16800.0
2016-09-02T00:00:00+05:30,28532.11,28498.72,28581.58,28427.63,12000.0
2016-09-06T00:00:00+05:30,28978.02,28631.27,29013.4,28631.27,18200.0
2016-09-07T00:00:00+05:30,28926.36,29035.67,29067.84,28911.31,19800.0
2016-09-08T00:00:00+05:30,29045.28,28929.46,29077.28,28854.56,15000.0
2016-09-09T00:00:00+05:30,28797.25,29062.9,29062.9,28755.08,11700.0
2016-09-12T00:00:00+05:30,28353.54,28481.09,28481.11,28251.31,13700.0
2016-09-14T00:00:00+05:30,28372.23,28345.49,28416.41,28259.38,11500.0
2016-09-15T00:00:00+05:30,28412.89,28398.33,28454.02,28311.11,9600.0
2016-09-16T00:00:00+05:30,28599.03,28520.3,28778.64,28494.59,13400.0
2016-09-19T00:00:00+05:30,28634.5,28626.6,28714.77,28552.55,12600.0
2016-09-20T00:00:00+05:30,28523.2,28690.66,28698.81,28480.53,8000.0
2016-09-21T00:00:00+05:30,28507.42,28554.38,28689.36,28462.33,12300.0
2016-09-22T00:00:00+05:30,28773.13,28766.94,28871.92,28693.07,10700.0
2016-09-23T00:00:00+05:30,28668.22,28810.32,28825.09,28627.38,13300.0
2016-09-26T00:00:00+05:30,28294.28,28630.92,28630.92,28272.03,16600.0
2016-09-27T00:00:00+05:30,28223.7,28373.02,28432.74,28179.34,8800.0
2016-09-28T00:00:00+05:30,28292.81,28198.88,28378.56,28198.3,10800.0
2016-09-29T00:00:00+05:30,27827.53,28423.14,28475.57,27719.92,13600.0
2016-09-30T00:00:00+05:30,27865.96,27807.82,27955.21,27716.78,10500.0
2016-10-03T00:00:00+05:30,28243.29,27997.29,28273.02,27919.89,10900.0
2016-10-04T00:00:00+05:30,28334.55,28377.64,28404.7,28242.25,18300.0
2016-10-05T00:00:00+05:30,28220.98,28425.74,28477.65,28188.9,11300.0
2016-10-06T00:00:00+05:30,28106.21,28298.35,28328.56,28031.22,9100.0
2016-10-07T00:00:00+05:30,28061.14,28129.22,28155.68,27964.91,12700.0
2016-10-10T00:00:00+05:30,28082.34,28144.28,28216.64,28068.32,6900.0
2016-10-13T00:00:00+05:30,27643.11,28042.62,28042.62,27563.84,11900.0
2016-10-14T00:00:00+05:30,27673.6,27712.22,27763.54,27548.18,14000.0
2016-10-17T00:00:00+05:30,27529.97,27776.14,27803.21,27488.3,17100.0
2016-10-18T00:00:00+05:30,28050.88,27656.89,28064.39,27652.76,16200.0
2016-10-19T00:00:00+05:30,27984.37,28112.36,28131.07,27926.17,15200.0
2016-10-20T00:00:00+05:30,28129.84,28031.57,28212.5,28031.57,11300.0
2016-10-21T00:00:00+05:30,28077.18,28163.41,28163.41,27957.92,8500.0
2016-10-24T00:00:00+05:30,28179.08,28156.59,28256.65,28075.95,15100.0
2016-10-25T00:00:00+05:30,28091.42,28159.09,28211.41,28013.69,11000.0
2016-10-26T00:00:00+05:30,27836.51,28050.55,28050.55,27759.56,14100.0
2016-10-27T00:00:00+05:30,27915.9,27808.63,27958.13,27665.6,13600.0
2016-10-28T00:00:00+05:30,27941.51,27983.14,28000.14,27789.84,11300.0
2016-11-01T00:00:00+05:30,27876.61,27966.18,28029.8,27845.63,10100.0
2016-11-02T00:00:00+05:30,27527.22,27679.32,27679.32,27500.81,13000.0
2016-11-03T00:00:00+05:30,27430.28,27518.06,27600.74,27399.26,10800.0
2016-11-04T00:00:00+05:30,27274.15,27465.55,27498.91,27193.61,24300.0
2016-11-07T00:00:00+05:30,27458.99,27552.27,27591.15,27398.72,11300.0
2016-11-08T00:00:00+05:30,27591.14,27537.26,27646.84,27406.76,10200.0
2016-11-09T00:00:00+05:30,27252.53,26251.38,27397.38,25902.45,21100.0
2016-11-10T00:00:00+05:30,27517.68,27605.05,27743.46,27457.05,16600.0
2016-11-11T00:00:00+05:30,26818.82,27344.85,27344.85,26777.18,17100.0
2016-11-15T00:00:00+05:30,26304.63,26809.61,26809.61,26253.63,16400.0
2016-11-16T00:00:00+05:30,26298.69,26508.94,26621.4,26239.21,14200.0
2016-11-17T00:00:00+05:30,26227.62,26304.9,26449.87,26155.4,11000.0
2016-11-18T00:00:00+05:30,26150.24,26270.2,26349.02,26106.78,9600.0
2016-11-21T00:00:00+05:30,25765.14,26246.7,26270.28,25717.93,9900.0
2016-11-22T00:00:00+05:30,25960.78,25928.16,26039.7,25765.51,8100.0
2016-11-23T00:00:00+05:30,26051.81,26101.33,26130.49,25877.16,8900.0
2016-11-24T00:00:00+05:30,25860.17,26049.14,26049.14,25810.97,8600.0
2016-11-25T00:00:00+05:30,26316.34,25953.24,26343.95,25874.45,11500.0
2016-11-28T00:00:00+05:30,26350.17,26303.52,26413.99,26183.22,10900.0
2016-11-29T00:00:00+05:30,26394.01,26408.62,26587.07,26354.66,9600.0
2016-11-30T00:00:00+05:30,26652.81,26441.02,26680.55,26395.5,7800.0
2016-12-01T00:00:00+05:30,26559.92,26756.66,26769.32,26540.82,11300.0
2016-12-02T00:00:00+05:30,26230.66,26437.37,26463.06,26182.93,9600.0
2016-12-05T00:00:00+05:30,26349.1,26253.48,26390.8,26125.35,12800.0
2016-12-06T00:00:00+05:30,26392.76,26403.62,26502.43,26356.02,7600.0
2016-12-07T00:00:00+05:30,26236.87,26456.21,26540.83,26164.82,10500.0
2016-12-08T00:00:00+05:30,26694.28,26366.52,26733.87,26357.35,8200.0
2016-12-09T00:00:00+05:30,26747.18,26787.14,26803.76,26707.81,9800.0
2016-12-12T00:00:00+05:30,26515.24,26725.31,26725.31,26468.59,8500.0
2016-12-13T00:00:00+05:30,26697.82,26607.65,26724.97,26494.23,7000.0
2016-12-14T00:00:00+05:30,26602.84,26707.91,26736.34,26547.05,9900.0
2016-12-15T00:00:00+05:30,26519.07,26497.71,26737.86,26407.58,12700.0
2016-12-16T00:00:00+05:30,26489.56,26548.67,26594.55,26455.21,7600.0
2016-12-19T00:00:00+05:30,26374.7,26505.66,26505.66,26340.38,7400.0
2016-12-20T00:00:00+05:30,26307.98,26374.59,26435.56,26241.43,7300.0
2016-12-21T00:00:00+05:30,26242.38,26368.88,26396.0,26213.51,6100.0
2016-12-22T00:00:00+05:30,25979.6,26224.07,26248.45,25940.14,7600.0
2016-12-23T00:00:00+05:30,26040.7,25959.99,26143.19,25872.38,7500.0
2016-12-26T00:00:00+05:30,25807.1,25992.41,26008.57,25753.74,5400.0
2016-12-27T00:00:00+05:30,26213.44,25815.43,26249.03,25803.19,8700.0
2016-12-28T00:00:00+05:30,26210.68,26243.19,26415.05,26191.72,8500.0
2016-12-29T00:00:00+05:30,26366.15,26429.41,26429.63,26166.67,6700.0
2016-12-30T00:00:00+05:30,26626.46,26441.51,26678.6,26406.53,8600.0
2017-01-02T00:00:00+05:30,26595.45,26711.15,26720.98,26447.06,8000.0
2017-01-03T00:00:00+05:30,26643.24,26616.92,26724.4,26488.37,9800.0
2017-01-04T00:00:00+05:30,26633.13,26677.22,26723.37,26606.06,8100.0
2017-01-05T00:00:00+05:30,26878.24,26738.42,26917.21,26738.42,9800.0
2017-01-06T00:00:00+05:30,26759.23,26929.69,27009.61,26733.33,7800.0
2017-01-09T00:00:00+05:30,26726.55,26860.81,26860.88,26701.18,6400.0
2017-01-10T00:00:00+05:30,26899.56,26811.63,26914.95,26804.17,8600.0
2017-01-11T00:00:00+05:30,27140.41,26978.44,27174.87,26978.44,12000.0
2017-01-12T00:00:00+05:30,27247.16,27171.66,27278.93,27166.69,11700.0
2017-01-13T00:00:00+05:30,27238.06,27378.01,27459.75,27143.07,10200.0
2017-01-16T00:00:00+05:30,27288.17,27238.35,27335.08,27172.68,12600.0
2017-01-17T00:00:00+05:30,27235.66,27331.82,27381.43,27179.19,8100.0
2017-01-18T00:00:00+05:30,27257.64,27261.76,27422.67,27217.65,9500.0
2017-01-19T00:00:00+05:30,27308.6,27253.34,27348.19,27219.89,10800.0
2017-01-20T00:00:00+05:30,27034.5,27232.69,27264.41,27009.81,8800.0
2017-01-23T00:00:00+05:30,27117.34,26990.93,27167.79,26963.58,6600.0
2017-01-24T00:00:00+05:30,27375.58,27170.88,27393.35,27140.85,6800.0
2017-01-25T00:00:00+05:30,27708.14,27462.83,27736.83,27439.68,12200.0
2017-01-27T00:00:00+05:30,27882.46,27761.03,27980.39,27759.48,14300.0
2017-01-30T00:00:00+05:30,27849.56,27866.8,27947.37,27813.32,8600.0
2017-01-31T00:00:00+05:30,27655.96,27867.92,27867.92,27624.54,10700.0
2017-02-01T00:00:00+05:30,28141.64,27669.08,28159.54,27590.1,18200.0
2017-02-02T00:00:00+05:30,28226.61,28167.83,28299.92,28070.81,17200.0
2017-02-03T00:00:00+05:30,28240.52,28270.67,28280.58,28127.18,10800.0
2017-02-06T00:00:00+05:30,28439.28,28340.39,28487.28,28340.39,10000.0
2017-02-07T00:00:00+05:30,28335.16,28443.23,28483.41,28239.12,10800.0
2017-02-08T00:00:00+05:30,28289.92,28386.08,28391.64,28149.08,10900.0
2017-02-09T00:00:00+05:30,28329.7,28349.22,28469.48,28152.18,10200.0
2017-02-10T00:00:00+05:30,28334.25,28367.17,28456.18,28286.8,13700.0
2017-02-13T00:00:00+05:30,28351.62,28450.42,28458.8,28197.38,9400.0
2017-02-14T00:00:00+05:30,28339.31,28386.12,28393.42,28263.45,11700.0
2017-02-15T00:00:00+05:30,28155.56,28270.11,28382.32,28102.23,17800.0
2017-02-16T00:00:00+05:30,28301.27,28223.85,28327.84,28146.19,9700.0
2017-02-17T00:00:00+05:30,28468.75,28670.43,28726.26,28410.91,15000.0
2017-02-20T00:00:00+05:30,28661.58,28481.91,28696.53,28419.27,8900.0
2017-02-21T00:00:00+05:30,28761.59,28716.7,28801.0,28597.33,8400.0
2017-02-22T00:00:00+05:30,28864.71,28822.4,28963.52,28789.3,16300.0
2017-02-23T00:00:00+05:30,28892.97,28927.67,29065.31,28860.46,18400.0
2017-02-27T00:00:00+05:30,28812.88,28910.5,28961.83,28791.19,12000.0
2017-02-28T00:00:00+05:30,28743.32,28825.19,28876.54,28721.12,10700.0
2017-03-01T00:00:00+05:30,28984.49,28849.04,29029.17,28824.17,14600.0
2017-03-02T00:00:00+05:30,28839.79,29117.38,29145.62,28784.31,10800.0
2017-03-03T00:00:00+05:30,28832.45,28827.5,28860.13,28716.21,9300.0
2017-03-06T00:00:00+05:30,29048.19,28859.21,29070.2,28856.12,12100.0
2017-03-07T00:00:00+05:30,28999.56,29092.16,29098.17,28957.68,9700.0
2017-03-08T00:00:00+05:30,28901.94,29021.06,29022.32,28815.48,16300.0
2017-03-09T00:00:00+05:30,28929.13,28909.7,28986.72,28815.02,401500.0
2017-03-10T00:00:00+05:30,28946.23,29006.0,29076.63,28851.04,15900.0
2017-03-14T00:00:00+05:30,29442.63,29437.23,29561.93,29356.05,29200.0
2017-03-15T00:00:00+05:30,29398.11,29452.86,29500.08,29358.91,392500.0
2017-03-16T00:00:00+05:30,29585.85,29482.83,29614.79,29482.83,18400.0
2017-03-17T00:00:00+05:30,29648.99,29755.74,29824.62,29601.86,14500.0
2017-03-20T00:00:00+05:30,29518.74,29653.54,29699.48,29482.4,400800.0
2017-03-21T00:00:00+05:30,29485.45,29525.88,29585.05,29380.14,11500.0
2017-03-22T00:00:00+05:30,29167.68,29341.41,29341.41,29137.48,14700.0
2017-03-23T00:00:00+05:30,29332.16,29201.01,29373.79,29198.08,26000.0
2017-03-24T00:00:00+05:30,29421.4,29350.6,29539.85,29350.17,21000.0
2017-03-27T00:00:00+05:30,29237.15,29395.68,29420.7,29163.54,15100.0
2017-03-28T00:00:00+05:30,29409.52,29301.22,29442.18,29301.22,33500.0
2017-03-29T00:00:00+05:30,29531.43,29463.01,29554.39,29439.42,41600.0
2017-03-30T00:00:00+05:30,29647.42,29538.03,29684.54,29521.65,15700.0
2017-03-31T00:00:00+05:30,29620.5,29633.91,29687.64,29552.61,11800.0
2017-04-03T00:00:00+05:30,29910.22,29737.73,29926.94,29705.72,10100.0
2017-04-05T00:00:00+05:30,29974.24,29996.03,30007.48,29817.69,11200.0
2017-04-06T00:00:00+05:30,29927.34,29946.89,29954.25,29817.59,11300.0
2017-04-07T00:00:00+05:30,29706.61,29850.71,29886.12,29668.45,14700.0
2017-04-10T00:00:00+05:30,29575.74,29752.62,29831.32,29553.04,10700.0
2017-04-11T00:00:00+05:30,29788.35,29630.06,29804.51,29570.58,10800.0
2017-04-12T00:00:00+05:30,29643.48,29838.82,29838.82,29549.74,8500.0
2017-04-13T00:00:00+05:30,29461.45,29637.12,29660.48,29442.26,10700.0
2017-04-17T00:00:00+05:30,29413.66,29470.27,29494.08,29363.28,6700.0
2017-04-18T00:00:00+05:30,29319.1,29487.78,29701.19,29286.38,12100.0
2017-04-19T00:00:00+05:30,29336.57,29369.9,29388.25,29241.48,11600.0
2017-04-20T00:00:00+05:30,29422.39,29358.59,29453.06,29341.68,14600.0
2017-04-21T00:00:00+05:30,29365.3,29575.66,29584.34,29259.42,11300.0
2017-04-24T00:00:00+05:30,29655.84,29407.68,29681.33,29392.99,8900.0
2017-04-25T00:00:00+05:30,29943.24,29825.14,29961.82,29780.84,8600.0
2017-04-26T00:00:00+05:30,30133.35,30030.2,30167.09,29968.57,10900.0
2017-04-27T00:00:00+05:30,30029.74,30141.39,30184.22,29973.4,10700.0
2017-04-28T00:00:00+05:30,29918.4,30064.6,30067.64,29848.21,11300.0
2017-05-02T00:00:00+05:30,29921.18,30021.49,30069.24,29804.12,11700.0
2017-05-03T00:00:00+05:30,29894.8,29984.95,30020.59,29846.57,11300.0
2017-05-04T00:00:00+05:30,30126.21,30069.72,30169.95,30007.4,22300.0
2017-05-05T00:00:00+05:30,29858.8,30142.14,30176.55,29823.6,15900.0
2017-05-08T00:00:00+05:30,29926.15,29915.12,30016.04,29877.41,10000.0
2017-05-09T00:00:00+05:30,29933.25,29977.5,30017.82,29911.44,8400.0
2017-05-10T00:00:00+05:30,30248.17,29988.78,30271.6,29987.44,11000.0
2017-05-11T00:00:00+05:30,30250.98,30309.71,30366.43,30207.11,10700.0
2017-05-12T00:00:00+05:30,30188.15,30285.61,30299.74,30111.45,11100.0
2017-05-15T00:00:00+05:30,30322.12,30287.37,30357.96,30273.62,8000.0
2017-05-16T00:00:00+05:30,30582.6,30391.48,30591.55,30363.37,13600.0
2017-05-17T00:00:00+05:30,30658.77,30616.53,30692.45,30519.14,14900.0
2017-05-18T00:00:00+05:30,30434.79,30466.82,30575.83,30393.72,16200.0
2017-05-19T00:00:00+05:30,30464.92,30539.65,30712.35,30338.52,13800.0
2017-05-22T00:00:00+05:30,30570.97,30638.88,30712.15,30516.87,11400.0
2017-05-23T00:00:00+05:30,30365.25,30553.89,30610.64,30316.92,18700.0
2017-05-24T00:00:00+05:30,30301.64,30446.77,30534.15,30247.6,11300.0
2017-05-25T00:00:00+05:30,30750.03,30374.81,30793.43,30352.26,10000.0
2017-05-26T00:00:00+05:30,31028.21,30765.77,31074.07,30745.57,14600.0
2017-05-29T00:00:00+05:30,31109.28,30944.38,31214.39,30869.9,14900.0
2017-05-30T00:00:00+05:30,31159.4,31111.73,31220.38,31064.04,9600.0
2017-05-31T00:00:00+05:30,31145.8,31222.51,31255.28,31107.48,13000.0
2017-06-01T00:00:00+05:30,31137.59,31117.09,31213.12,31062.02,8300.0
2017-06-02T00:00:00+05:30,31273.29,31205.37,31332.56,31190.4,8500.0
2017-06-05T00:00:00+05:30,31309.49,31274.74,31355.42,31198.22,9000.0
2017-06-06T00:00:00+05:30,31190.56,31420.85,31430.32,31172.55,13600.0
2017-06-07T00:00:00+05:30,31271.28,31252.71,31346.99,31172.98,9500.0
2017-06-08T00:00:00+05:30,31213.36,31316.91,31354.51,31193.77,14000.0
2017-06-09T00:00:00+05:30,31262.06,31196.86,31289.99,31087.28,9800.0
2017-06-12T00:00:00+05:30,31095.7,31225.43,31225.43,31044.28,6800.0
2017-06-13T00:00:00+05:30,31103.49,31091.1,31260.77,31062.34,13300.0
2017-06-14T00:00:00+05:30,31155.91,31147.69,31190.36,31054.94,12700.0
2017-06-15T00:00:00+05:30,31075.73,31222.89,31229.44,31026.48,12700.0
2017-06-16T00:00:00+05:30,31056.4,31160.47,31182.73,31017.18,13300.0
2017-06-19T00:00:00+05:30,31311.57,31168.98,31362.15,31163.35,7500.0
2017-06-20T00:00:00+05:30,31297.53,31392.53,31392.53,31261.49,8100.0
2017-06-21T00:00:00+05:30,31283.64,31302.18,31336.44,31193.61,35700.0
2017-06-22T00:00:00+05:30,31290.74,31351.53,31522.87,31255.63,10200.0
2017-06-23T00:00:00+05:30,31138.21,31352.57,31365.39,31110.39,89700.0
2017-06-27T00:00:00+05:30,30958.25,31194.68,31294.96,30847.08,15300.0
2017-06-28T00:00:00+05:30,30834.32,30988.87,31000.48,30798.7,9900.0
2017-06-29T00:00:00+05:30,30857.52,30910.97,31097.92,30794.61,12300.0
2017-06-30T00:00:00+05:30,30921.61,30824.97,30965.45,30680.66,9200.0
2017-07-03T00:00:00+05:30,31221.62,31156.04,31258.33,31017.11,8100.0
2017-07-04T00:00:00+05:30,31209.79,31331.21,31353.46,31166.37,8700.0
2017-07-05T00:00:00+05:30,31245.56,31272.72,31284.64,31177.78,6500.0
2017-07-06T00:00:00+05:30,31369.34,31298.42,31460.7,31264.86,10100.0
2017-07-07T00:00:00+05:30,31360.63,31373.52,31426.29,31286.62,6200.0
2017-07-10T00:00:00+05:30,31715.64,31510.62,31768.39,31471.41,37900.0
2017-07-11T00:00:00+05:30,31747.09,31789.5,31885.11,31718.48,9100.0
2017-07-12T00:00:00+05:30,31804.82,31813.24,31865.69,31731.43,8300.0
2017-07-13T00:00:00+05:30,32037.38,31896.23,32091.52,31892.63,10500.0
2017-07-14T00:00:00+05:30,32020.75,32099.93,32109.75,31897.87,7200.0
2017-07-17T00:00:00+05:30,32074.78,32053.98,32131.92,32037.21,10300.0
2017-07-18T00:00:00+05:30,31710.99,31775.54,31911.61,31626.44,21600.0
2017-07-19T00:00:00+05:30,31955.35,31882.8,31978.89,31793.72,11300.0
2017-07-20T00:00:00+05:30,31904.4,32033.82,32057.12,31859.5,11200.0
2017-07-21T00:00:00+05:30,32028.89,32035.88,32062.23,31808.93,18000.0
2017-07-24T00:00:00+05:30,32245.87,32100.22,32320.86,32058.33,11500.0
2017-07-25T00:00:00+05:30,32228.27,32350.71,32374.3,32196.86,14100.0
2017-07-26T00:00:00+05:30,32382.46,32255.99,32413.63,32226.08,12400.0
2017-07-27T00:00:00+05:30,32383.3,32519.44,32672.66,32325.33,10900.0
2017-07-28T00:00:00+05:30,32309.88,32381.36,32381.36,32104.66,11300.0
2017-07-31T00:00:00+05:30,32514.94,32412.2,32546.5,32324.45,13100.0
2017-08-01T00:00:00+05:30,32575.17,32579.8,32632.02,32462.25,9000.0
2017-08-02T00:00:00+05:30,32476.74,32641.58,32686.48,32394.89,10500.0
2017-08-03T00:00:00+05:30,32237.88,32502.55,32502.55,32194.58,12600.0
2017-08-04T00:00:00+05:30,32325.41,32191.12,32352.19,32107.99,11300.0
2017-08-07T00:00:00+05:30,32273.67,32377.8,32396.14,32235.82,10400.0
2017-08-08T00:00:00+05:30,32014.19,32341.05,32354.77,31915.2,9400.0
2017-08-09T00:00:00+05:30,31797.84,31926.14,31967.28,31731.91,9300.0
2017-08-10T00:00:00+05:30,31531.33,31750.73,31756.27,31422.8,13000.0
2017-08-11T00:00:00+05:30,31213.59,31355.92,31379.2,31128.02,15200.0
2017-08-14T00:00:00+05:30,31449.03,31299.52,31526.4,31298.9,9700.0
2017-08-16T00:00:00+05:30,31770.89,31566.24,31805.99,31399.35,12500.0
2017-08-17T00:00:00+05:30,31795.46,31919.17,31937.51,31714.1,8500.0
2017-08-18T00:00:00+05:30,31524.68,31729.88,31729.88,31349.13,16400.0
2017-08-21T00:00:00+05:30,31258.85,31609.93,31641.81,31220.53,23600.0
2017-08-22T00:00:00+05:30,31291.85,31393.93,31484.28,31241.5,10800.0
2017-08-23T00:00:00+05:30,31568.01,31407.47,31593.39,31379.25,10000.0
2017-08-24T00:00:00+05:30,31596.06,31673.44,31678.19,31546.05,8900.0
2017-08-28T00:00:00+05:30,31750.82,31756.87,31809.7,31701.67,10100.0
2017-08-29T00:00:00+05:30,31388.39,31724.84,31739.8,31360.81,6800.0
2017-08-30T00:00:00+05:30,31646.46,31534.57,31727.98,31533.02,5400.0
2017-08-31T00:00:00+05:30,31730.49,31685.44,31757.18,31551.85,17900.0
2017-09-01T00:00:00+05:30,31892.23,31769.34,31944.1,31707.27,6600.0
2017-09-04T00:00:00+05:30,31702.25,31932.2,31932.2,31560.32,7600.0
2017-09-05T00:00:00+05:30,31809.55,31755.16,31863.47,31674.23,8000.0
2017-09-06T00:00:00+05:30,31661.97,31713.5,31727.85,31586.53,7400.0
2017-09-07T00:00:00+05:30,31662.74,31738.74,31814.96,31620.44,10200.0
2017-09-08T00:00:00+05:30,31687.52,31694.15,31763.7,31619.0,7800.0
2017-09-11T00:00:00+05:30,31882.16,31798.31,31952.87,31797.89,8700.0
2017-09-12T00:00:00+05:30,32158.66,32029.15,32172.46,31950.24,7000.0
2017-09-13T00:00:00+05:30,32186.41,32188.95,32348.3,32126.77,8900.0
2017-09-14T00:00:00+05:30,32241.93,32289.26,32328.61,32186.84,9100.0
2017-09-15T00:00:00+05:30,32272.61,32207.63,32356.11,32138.38,8900.0
2017-09-18T00:00:00+05:30,32423.76,32361.37,32508.06,32361.25,9500.0
2017-09-19T00:00:00+05:30,32402.37,32522.44,32524.11,32358.63,57400.0
2017-09-20T00:00:00+05:30,32400.51,32467.1,32499.88,32383.82,10500.0
2017-09-21T00:00:00+05:30,32370.04,32406.42,32462.61,32164.42,8700.0
2017-09-22T00:00:00+05:30,31922.44,32339.5,32342.81,31886.09,9600.0
2017-09-25T00:00:00+05:30,31626.63,31986.4,32016.52,31474.56,12200.0
2017-09-26T00:00:00+05:30,31599.76,31685.81,31693.59,31455.65,10000.0
2017-09-27T00:00:00+05:30,31159.81,31785.24,31797.46,31100.8,9800.0
2017-09-28T00:00:00+05:30,31282.48,31216.36,31340.91,31081.83,8300.0
2017-09-29T00:00:00+05:30,31283.72,31367.25,31523.87,31243.71,7700.0
2017-10-03T00:00:00+05:30,31497.38,31537.81,31615.28,31440.48,7100.0
2017-10-04T00:00:00+05:30,31671.71,31522.17,31752.16,31457.78,5900.0
2017-10-05T00:00:00+05:30,31592.03,31725.85,31772.41,31562.25,5900.0
2017-10-06T00:00:00+05:30,31814.22,31633.34,31844.28,31632.81,8300.0
2017-10-09T00:00:00+05:30,31846.89,31862.2,31935.63,31781.75,5800.0
2017-10-10T00:00:00+05:30,31924.41,31910.82,31994.77,31896.9,7200.0
2017-10-11T00:00:00+05:30,31833.99,31975.59,32098.46,31769.4,8600.0
2017-10-12T00:00:00+05:30,32182.22,31887.47,32209.03,31813.67,7800.0
2017-10-13T00:00:00+05:30,32432.69,32247.74,32508.59,32247.74,15500.0
2017-10-16T00:00:00+05:30,32633.64,32488.23,32687.32,32445.43,9200.0
2017-10-17T00:00:00+05:30,32609.16,32654.41,32699.86,32556.74,5500.0
2017-10-18T00:00:00+05:30,32584.35,32518.56,32670.32,32462.85,14100.0
2017-10-19T00:00:00+05:30,32389.96,32656.75,32663.06,32319.37,2500.0
2017-10-23T00:00:00+05:30,32506.72,32411.86,32614.89,32312.74,8400.0
2017-10-24T00:00:00+05:30,32607.34,32619.26,32670.37,32502.08,8400.0
2017-10-25T00:00:00+05:30,33042.5,32995.28,33117.33,32804.6,29900.0
2017-10-26T00:00:00+05:30,33147.13,33025.17,33196.17,32835.06,15500.0
2017-10-27T00:00:00+05:30,33157.22,33228.32,33286.51,33109.41,18300.0
2017-10-30T00:00:00+05:30,33266.16,33260.1,33340.17,33206.93,14000.0
2017-10-31T00:00:00+05:30,33213.13,33254.93,33294.3,33164.28,11500.0
2017-11-01T00:00:00+05:30,33600.27,33344.23,33651.52,33340.62,14200.0
2017-11-02T00:00:00+05:30,33573.22,33615.84,33657.57,33527.0,12400.0
2017-11-03T00:00:00+05:30,33685.56,33667.34,33733.71,33531.94,199700.0
2017-11-06T00:00:00+05:30,33731.19,33710.15,33848.42,33582.38,13100.0
2017-11-07T00:00:00+05:30,33370.76,33781.01,33865.95,33341.82,16300.0
2017-11-08T00:00:00+05:30,33218.81,33417.35,33484.7,33157.68,283000.0
2017-11-09T00:00:00+05:30,33250.93,33376.62,33463.8,33111.54,14100.0
2017-11-10T00:00:00+05:30,33314.56,33235.75,33380.42,33108.09,21200.0
2017-11-13T00:00:00+05:30,33033.56,33397.41,33417.3,32999.98,18200.0
2017-11-14T00:00:00+05:30,32941.87,32990.03,33126.55,32907.11,12000.0
2017-11-15T00:00:00+05:30,32760.44,32944.94,32944.94,32683.59,11300.0
2017-11-16T00:00:00+05:30,33106.82,32829.82,33165.15,32829.82,9600.0
2017-11-17T00:00:00+05:30,33342.8,33388.47,33520.82,33278.91,11300.0
2017-11-20T00:00:00+05:30,33359.9,33365.84,33449.53,33288.21,7900.0
2017-11-21T00:00:00+05:30,33478.35,33438.28,33625.05,33437.61,14800.0
2017-11-22T00:00:00+05:30,33561.55,33569.07,33654.53,33465.23,13100.0
2017-11-23T00:00:00+05:30,33588.08,33575.91,33670.19,33468.3,7100.0
2017-11-24T00:00:00+05:30,33679.24,33670.0,33738.53,33639.98,7800.0
2017-11-27T00:00:00+05:30,33724.44,33640.51,33745.17,33540.46,8900.0
2017-11-28T00:00:00+05:30,33618.59,33726.65,33770.15,33576.65,8100.0
2017-11-29T00:00:00+05:30,33602.76,33664.27,33728.81,33553.12,6600.0
2017-11-30T00:00:00+05:30,33149.35,33542.5,33576.2,33108.72,7400.0
2017-12-01T00:00:00+05:30,32832.94,33247.66,33300.81,32797.78,9200.0
2017-12-04T00:00:00+05:30,32869.72,32968.02,33008.47,32785.76,9600.0
2017-12-05T00:00:00+05:30,32802.44,32814.03,32893.05,32682.52,8600.0
2017-12-06T00:00:00+05:30,32597.18,32798.5,32804.75,32565.16,9600.0
2017-12-07T00:00:00+05:30,32949.21,32615.05,32992.45,32598.12,9500.0
2017-12-08T00:00:00+05:30,33250.3,33034.2,33285.68,33034.2,14200.0
2017-12-11T00:00:00+05:30,33455.79,33317.72,33535.97,33313.17,12000.0
2017-12-12T00:00:00+05:30,33227.99,33426.59,33458.41,33179.75,8200.0
2017-12-13T00:00:00+05:30,33053.04,33229.73,33404.26,32988.82,24500.0
2017-12-14T00:00:00+05:30,33246.7,33114.69,33321.52,32886.93,11200.0
2017-12-15T00:00:00+05:30,33462.97,33456.02,33621.96,33405.82,24200.0
2017-12-18T00:00:00+05:30,33601.68,33364.52,33801.9,32595.63,21100.0
2017-12-19T00:00:00+05:30,33836.74,33732.08,33862.07,33666.62,20600.0
2017-12-20T00:00:00+05:30,33777.38,33928.59,33956.31,33754.94,7100.0
2017-12-21T00:00:00+05:30,33756.28,33826.25,33860.99,33707.8,9900.0
2017-12-22T00:00:00+05:30,33940.3,33768.47,33964.28,33767.73,7800.0
2017-12-26T00:00:00+05:30,34010.61,33980.76,34061.88,33889.75,12900.0
2017-12-27T00:00:00+05:30,33911.81,34087.32,34137.97,33839.51,10900.0
2017-12-28T00:00:00+05:30,33848.03,33928.86,34023.65,33752.03,9500.0
2017-12-29T00:00:00+05:30,34056.83,33889.39,34086.05,33889.39,12100.0
2018-01-01T00:00:00+05:30,33812.75,34059.99,34101.13,33766.15,7500.0
2018-01-02T00:00:00+05:30,33812.26,33913.55,33964.14,33703.37,10600.0
2018-01-03T00:00:00+05:30,33793.38,33929.61,33998.37,33765.43,9000.0
2018-01-04T00:00:00+05:30,33969.64,33912.49,33995.4,33802.13,10500.0
2018-01-05T00:00:00+05:30,34153.85,34021.27,34188.85,34020.84,14700.0
2018-01-08T00:00:00+05:30,34352.79,34216.33,34385.67,34216.33,13500.0
2018-01-09T00:00:00+05:30,34443.19,34431.61,34488.03,34343.41,11200.0
2018-01-10T00:00:00+05:30,34433.07,34538.78,34565.63,34311.63,8500.0
2018-01-11T00:00:00+05:30,34503.49,34471.48,34558.88,34400.61,8100.0
2018-01-12T00:00:00+05:30,34592.39,34578.99,34638.42,34342.16,7800.0
2018-01-15T00:00:00+05:30,34843.51,34687.21,34963.69,34687.21,14600.0
2018-01-16T00:00:00+05:30,34771.05,34877.71,34936.03,34735.55,53600.0
2018-01-17T00:00:00+05:30,35081.82,34753.8,35118.61,34700.82,35000.0
2018-01-18T00:00:00+05:30,35260.29,35366.45,35507.36,35166.44,15700.0
2018-01-19T00:00:00+05:30,35511.58,35339.11,35542.17,35221.16,35200.0
2018-01-22T00:00:00+05:30,35798.01,35613.97,35827.7,35544.68,13700.0
2018-01-23T00:00:00+05:30,36139.98,35868.19,36170.83,35863.98,27000.0
2018-01-24T00:00:00+05:30,36161.64,36161.62,36268.19,36036.51,25200.0
2018-01-25T00:00:00+05:30,36050.44,36208.39,36247.02,35823.35,15100.0
2018-01-29T00:00:00+05:30,36283.25,36106.36,36443.98,36093.36,16900.0
2018-01-30T00:00:00+05:30,36033.73,36277.12,36291.82,35993.41,18100.0
2018-01-31T00:00:00+05:30,35965.02,35951.64,36050.69,35818.41,11000.0
2018-02-01T00:00:00+05:30,35906.66,36048.99,36256.83,35501.74,25200.0
2018-02-02T00:00:00+05:30,35066.75,35707.6,35738.13,35006.41,18000.0
2018-02-05T00:00:00+05:30,34757.16,34718.85,34874.17,34520.8,23500.0
2018-02-06T00:00:00+05:30,34195.94,33753.78,34521.01,33482.81,22900.0
2018-02-07T00:00:00+05:30,34082.71,34563.3,34666.33,34008.42,13100.0
2018-02-08T00:00:00+05:30,34413.16,34208.11,34634.35,34108.76,35700.0
2018-02-09T00:00:00+05:30,34005.76,34002.45,34070.73,33849.65,15200.0
2018-02-12T00:00:00+05:30,34300.47,34203.34,34351.34,34115.12,15500.0
2018-02-14T00:00:00+05:30,34155.95,34436.98,34473.43,34028.68,21100.0
2018-02-15T00:00:00+05:30,34297.47,34207.57,34535.08,34186.01,13000.0
2018-02-16T00:00:00+05:30,34010.76,34411.24,34508.24,33957.33,18000.0
2018-02-19T00:00:00+05:30,33774.66,34053.95,34122.96,33554.37,18000.0
2018-02-20T00:00:00+05:30,33703.59,33913.94,33960.95,33657.89,19200.0
2018-02-21T00:00:00+05:30,33844.86,33813.83,33911.36,33702.5,17700.0
2018-02-22T00:00:00+05:30,33819.5,33817.09,33868.74,33691.42,11800.0
2018-02-23T00:00:00+05:30,34142.15,33832.0,34167.6,33832.0,21600.0
2018-02-26T00:00:00+05:30,34445.75,34225.72,34483.39,34225.72,8400.0
2018-02-27T00:00:00+05:30,34346.39,34558.56,34610.79,34314.87,12700.0
2018-02-28T00:00:00+05:30,34184.04,34155.63,34302.74,34076.45,12000.0
2018-03-01T00:00:00+05:30,34046.94,34141.22,34278.63,34015.79,11300.0
2018-03-05T00:00:00+05:30,33746.78,34034.28,34034.28,33653.41,16900.0
2018-03-06T00:00:00+05:30,33317.2,34047.43,34060.13,33209.76,11800.0
2018-03-07T00:00:00+05:30,33033.09,33279.39,33331.21,32991.14,10700.0
2018-03-08T00:00:00+05:30,33351.57,33244.52,33439.97,33037.48,15500.0
2018-03-09T00:00:00+05:30,33307.14,33465.05,33519.49,33256.42,8200.0
2018-03-12T00:00:00+05:30,33917.94,33468.16,33962.48,33468.16,12200.0
2018-03-13T00:00:00+05:30,33856.78,33818.22,34077.32,33722.96,14300.0
2018-03-14T00:00:00+05:30,33835.74,33733.55,33875.15,33580.69,9300.0
2018-03-15T00:00:00+05:30,33685.54,33843.47,33866.28,33637.28,17300.0
2018-03-16T00:00:00+05:30,33176.0,33685.86,33691.32,33119.92,12700.0
2018-03-19T00:00:00+05:30,32923.12,33268.97,33275.79,32856.54,9800.0
2018-03-20T00:00:00+05:30,32996.76,32876.48,33102.74,32810.86,14600.0
2018-03-21T00:00:00+05:30,33136.18,33090.82,33354.93,33070.53,10100.0
2018-03-22T00:00:00+05:30,33006.27,33206.99,33281.77,32963.31,12900.0
2018-03-23T00:00:00+05:30,32596.54,32650.89,32720.03,32483.84,11400.0
2018-03-26T00:00:00+05:30,33066.41,32536.44,33115.41,32515.17,16400.0
2018-03-27T00:00:00+05:30,33174.39,33172.98,33371.04,33077.13,15100.0
2018-03-28T00:00:00+05:30,32968.68,33098.09,33104.11,32917.66,12300.0
2018-04-02T00:00:00+05:30,33255.36,33030.87,33289.34,32997.88,7600.0
2018-04-03T00:00:00+05:30,33370.63,33197.42,33402.94,33153.83,11100.0
2018-04-04T00:00:00+05:30,33019.07,33437.52,33505.53,32972.56,9700.0
2018-04-05T00:00:00+05:30,33596.8,33289.96,33637.46,33267.86,11000.0
2018-04-06T00:00:00+05:30,33626.97,33608.59,33697.51,33501.37,10800.0
2018-04-09T00:00:00+05:30,33788.54,33653.61,33846.5,33578.91,37400.0
2018-04-10T00:00:00+05:30,33880.25,33880.11,33949.98,33813.3,13600.0
2018-04-11T00:00:00+05:30,33940.44,33970.35,33981.54,33750.74,9300.0
2018-04-12T00:00:00+05:30,34101.13,33987.55,34177.44,33924.88,6600.0
2018-04-13T00:00:00+05:30,34192.65,34167.53,34313.14,34103.53,8300.0
2018-04-16T00:00:00+05:30,34305.43,33944.73,34341.46,33899.34,7100.0
2018-04-17T00:00:00+05:30,34395.06,34381.8,34434.14,34229.83,10400.0
2018-04-18T00:00:00+05:30,34331.68,34443.42,34591.81,34270.04,8200.0
2018-04-19T00:00:00+05:30,34427.29,34403.67,34478.82,34358.91,7600.0
2018-04-20T00:00:00+05:30,34415.58,34434.14,34487.33,34311.29,10200.0
2018-04-23T00:00:00+05:30,34450.77,34493.69,34663.95,34259.27,9500.0
2018-04-24T00:00:00+05:30,34616.64,34491.38,34706.71,34465.49,8400.0
2018-04-25T00:00:00+05:30,34501.27,34593.17,34631.27,34400.56,7800.0
2018-04-26T00:00:00+05:30,34713.6,34532.95,34747.97,34505.62,10000.0
2018-04-27T00:00:00+05:30,34969.7,34747.04,35065.37,34744.73,16200.0
2018-04-30T00:00:00+05:30,35160.36,35021.2,35213.3,35004.0,6900.0
2018-05-02T00:00:00+05:30,35176.42,35328.91,35357.15,35072.42,8700.0
2018-05-03T00:00:00+05:30,35103.14,35257.31,35257.31,35020.08,7700.0
2018-05-04T00:00:00+05:30,34915.38,35144.96,35206.55,34847.61,7800.0
2018-05-07T00:00:00+05:30,35208.14,34983.59,35259.81,34977.74,12600.0
2018-05-08T00:00:00+05:30,35216.32,35349.85,35388.87,35136.01,14200.0
2018-05-09T00:00:00+05:30,35319.35,35198.08,35404.83,35134.2,9400.0
2018-05-10T00:00:00+05:30,35246.27,35353.96,35500.76,35203.85,8400.0
2018-05-11T00:00:00+05:30,35535.79,35287.99,35596.15,35262.06,8900.0
2018-05-14T00:00:00+05:30,35556.71,35555.83,35642.72,35456.56,9000.0
2018-05-15T00:00:00+05:30,35543.94,35537.85,35993.53,35497.92,12000.0
2018-05-16T00:00:00+05:30,35387.88,35452.35,35543.89,35241.63,10900.0
2018-05-17T00:00:00+05:30,35149.12,35483.62,35510.01,35087.82,11000.0
2018-05-18T00:00:00+05:30,34848.3,35143.59,35163.11,34821.62,9500.0
2018-05-21T00:00:00+05:30,34616.13,34873.16,34973.95,34593.82,6500.0
2018-05-22T00:00:00+05:30,34651.24,34601.49,34754.6,34550.22,12000.0
2018-05-23T00:00:00+05:30,34344.91,34656.63,34668.47,34302.89,11300.0
2018-05-24T00:00:00+05:30,34663.11,34404.14,34741.46,34367.83,15800.0
2018-05-25T00:00:00+05:30,34924.87,34753.47,35017.93,34700.52,10300.0
2018-05-28T00:00:00+05:30,35165.48,35074.32,35240.96,35006.5,11200.0
2018-05-29T00:00:00+05:30,34949.24,35213.14,35234.14,34922.18,8400.0
2018-05-30T00:00:00+05:30,34906.11,34876.13,35017.45,34735.11,10900.0
2018-05-31T00:00:00+05:30,35322.38,35083.81,35416.03,34926.08,22900.0
2018-06-01T00:00:00+05:30,35227.26,35373.98,35438.22,35177.35,11900.0
2018-06-04T00:00:00+05:30,35011.89,35503.24,35555.59,34982.25,29400.0
2018-06-05T00:00:00+05:30,34903.21,35029.45,35073.12,34784.68,8300.0
2018-06-06T00:00:00+05:30,35178.88,34932.49,35230.54,34896.37,10100.0
2018-06-07T00:00:00+05:30,35463.08,35278.38,35628.49,35278.38,8800.0
2018-06-08T00:00:00+05:30,35443.67,35406.47,35484.94,35260.0,9900.0
2018-06-11T00:00:00+05:30,35483.47,35472.59,35704.84,35444.49,11100.0
2018-06-12T00:00:00+05:30,35692.52,35525.3,35743.08,35479.07,11100.0
2018-06-13T00:00:00+05:30,35739.16,35835.44,35877.41,35715.96,11900.0
2018-06-14T00:00:00+05:30,35599.82,35743.1,35749.88,35488.55,9800.0
2018-06-15T00:00:00+05:30,35622.14,35656.26,35675.2,35419.68,9000.0
2018-06-18T00:00:00+05:30,35548.26,35698.43,35721.55,35518.73,8100.0
2018-06-19T00:00:00+05:30,35286.74,35552.47,35552.47,35249.06,9000.0
2018-06-20T00:00:00+05:30,35547.33,35329.61,35571.37,35329.51,10200.0
2018-06-21T00:00:00+05:30,35432.39,35644.05,35678.69,35396.97,62300.0
2018-06-22T00:00:00+05:30,35689.6,35428.42,35741.26,35344.49,14700.0
2018-06-25T00:00:00+05:30,35470.35,35783.75,35806.97,35430.11,11800.0
2018-06-26T00:00:00+05:30,35490.04,35355.72,35616.64,35338.09,11500.0
2018-06-27T00:00:00+05:30,35217.11,35543.89,35618.85,35154.21,11300.0
2018-06-28T00:00:00+05:30,35037.64,35207.19,35282.4,34937.15,13000.0
2018-06-29T00:00:00+05:30,35423.48,35128.16,35459.05,35099.65,37800.0
2018-07-02T00:00:00+05:30,35264.41,35545.22,35578.24,35106.57,14800.0
2018-07-03T00:00:00+05:30,35378.6,35344.21,35445.21,35195.63,7700.0
2018-07-04T00:00:00+05:30,35645.4,35385.52,35667.31,35309.67,11900.0
2018-07-05T00:00:00+05:30,35574.55,35703.17,35748.26,35517.79,19300.0
2018-07-06T00:00:00+05:30,35657.86,35543.66,35799.71,35532.21,14600.0
2018-07-09T00:00:00+05:30,35934.72,35835.1,35977.37,35779.72,8400.0
2018-07-10T00:00:00+05:30,36239.62,36068.27,36274.33,36019.63,8800.0
2018-07-11T00:00:00+05:30,36265.93,36299.26,36362.3,36169.7,9400.0
2018-07-12T00:00:00+05:30,36548.41,36424.23,36699.53,36422.08,12300.0
2018-07-13T00:00:00+05:30,36541.63,36635.14,36740.07,36501.61,11900.0
2018-07-16T00:00:00+05:30,36323.77,36658.71,36658.71,36298.94,9600.0
2018-07-17T00:00:00+05:30,36519.96,36390.99,36549.55,36261.78,9200.0
2018-07-18T00:00:00+05:30,36373.44,36722.41,36747.87,36320.92,18400.0
2018-07-19T00:00:00+05:30,36351.23,36509.08,36515.58,36279.33,9400.0
2018-07-20T00:00:00+05:30,36496.37,36377.03,36567.34,36335.61,16300.0
2018-07-23T00:00:00+05:30,36718.6,36501.05,36749.69,36491.83,8100.0
2018-07-24T00:00:00+05:30,36825.1,36859.39,36902.06,36709.72,11600.0
2018-07-25T00:00:00+05:30,36858.23,36928.06,36947.18,36803.15,11000.0
2018-07-26T00:00:00+05:30,36984.64,36928.38,37061.62,36852.53,17800.0
2018-07-27T00:00:00+05:30,37336.85,37253.86,37368.62,37134.88,14700.0
2018-07-30T00:00:00+05:30,37494.4,37491.39,37533.5,37292.45,14100.0
2018-07-31T00:00:00+05:30,37606.58,37534.95,37644.59,37298.75,14000.0
2018-08-01T00:00:00+05:30,37521.62,37643.87,37711.87,37432.91,16100.0
2018-08-02T00:00:00+05:30,37165.16,37529.69,37529.69,37128.99,11700.0
2018-08-03T00:00:00+05:30,37556.16,37327.16,37582.27,37319.61,17800.0
2018-08-06T00:00:00+05:30,37691.89,37714.7,37805.25,37643.29,12400.0
2018-08-07T00:00:00+05:30,37665.8,37849.21,37876.87,37586.88,15900.0
2018-08-08T00:00:00+05:30,37887.56,37756.24,37931.42,37641.4,9400.0
2018-08-09T00:00:00+05:30,38024.37,37994.51,38076.23,37939.28,15300.0
2018-08-10T00:00:00+05:30,37869.23,38050.07,38051.45,37815.75,15600.0
2018-08-13T00:00:00+05:30,37644.9,37693.19,37799.54,37559.26,11400.0
2018-08-14T00:00:00+05:30,37852.0,37749.59,37932.4,37689.71,11300.0
2018-08-16T00:00:00+05:30,37663.56,37796.01,37891.92,37634.13,13000.0
2018-08-17T00:00:00+05:30,37947.88,37898.6,38022.32,37840.16,10000.0
2018-08-20T00:00:00+05:30,38278.75,38075.07,38340.69,38050.69,11800.0
2018-08-21T00:00:00+05:30,38285.75,38360.32,38402.96,38213.87,8900.0
2018-08-23T00:00:00+05:30,38336.76,38416.65,38487.63,38227.36,11100.0
2018-08-24T00:00:00+05:30,38251.8,38366.79,38429.5,38172.77,10700.0
2018-08-27T00:00:00+05:30,38694.11,38472.03,38736.88,38416.73,10800.0
2018-08-28T00:00:00+05:30,38896.63,38814.76,38938.91,38760.58,9900.0
2018-08-29T00:00:00+05:30,38722.93,38989.65,38989.65,38679.57,11400.0
2018-08-30T00:00:00+05:30,38690.1,38796.98,38819.06,38581.83,10800.0
2018-08-31T00:00:00+05:30,38645.07,38704.84,38838.45,38562.21,18000.0
2018-09-03T00:00:00+05:30,38312.52,38915.91,38934.35,38270.01,12300.0
2018-09-04T00:00:00+05:30,38157.92,38460.96,38518.56,38098.6,12500.0
2018-09-05T00:00:00+05:30,38018.31,38192.95,38250.61,37774.42,14800.0
2018-09-06T00:00:00+05:30,38242.81,38161.85,38320.96,37912.5,9300.0
2018-09-07T00:00:00+05:30,38389.82,38314.55,38421.56,38067.22,18700.0
2018-09-10T00:00:00+05:30,37922.17,38348.39,38354.52,37882.83,20500.0
2018-09-11T00:00:00+05:30,37413.13,38017.49,38043.27,37361.2,11900.0
2018-09-12T00:00:00+05:30,37717.96,37546.42,37752.58,37342.0,13600.0
2018-09-14T00:00:00+05:30,38090.64,37939.29,38125.62,37859.52,12200.0
2018-09-17T00:00:00+05:30,37585.51,38027.81,38027.81,37548.93,8800.0
2018-09-18T00:00:00+05:30,37290.67,37660.19,37745.44,37242.85,10900.0
2018-09-19T00:00:00+05:30,37121.22,37432.93,37530.63,37062.69,13000.0
2018-09-21T00:00:00+05:30,36841.6,37278.89,37489.24,35993.64,41100.0
2018-09-24T00:00:00+05:30,36305.02,36924.72,36945.5,36216.95,23300.0
2018-09-25T00:00:00+05:30,36652.06,36350.25,36705.79,36064.1,20500.0
2018-09-26T00:00:00+05:30,36542.27,36936.64,36938.74,36357.93,21800.0
2018-09-27T00:00:00+05:30,36324.17,36691.93,36711.62,36238.23,17800.0
2018-09-28T00:00:00+05:30,36227.14,36452.74,36551.86,35985.63,22800.0
2018-10-01T00:00:00+05:30,36526.14,36274.25,36616.64,35960.65,21300.0
2018-10-03T00:00:00+05:30,35975.63,36602.85,36602.85,35911.82,25100.0
2018-10-04T00:00:00+05:30,35169.16,35820.53,35820.53,35022.12,21300.0
2018-10-05T00:00:00+05:30,34376.99,35097.99,35118.54,34202.22,22100.0
2018-10-08T00:00:00+05:30,34474.38,34412.36,34636.43,33974.66,20400.0
2018-10-09T00:00:00+05:30,34299.47,34651.82,34711.68,34233.5,30300.0
2018-10-10T00:00:00+05:30,34760.89,34493.21,34858.35,34346.5,24400.0
2018-10-11T00:00:00+05:30,34001.15,34063.82,34325.18,33723.53,30700.0
2018-10-12T00:00:00+05:30,34733.58,34291.92,34808.42,34279.78,31300.0
2018-10-15T00:00:00+05:30,34865.1,34971.83,35008.65,34559.98,10600.0
2018-10-16T00:00:00+05:30,35162.48,35004.33,35215.79,34913.06,12900.0
2018-10-17T00:00:00+05:30,34779.58,35543.38,35605.43,34727.16,17700.0
2018-10-19T00:00:00+05:30,34315.63,34563.29,34563.29,34140.32,16000.0
2018-10-22T00:00:00+05:30,34134.38,34689.39,34748.69,34082.76,17100.0
2018-10-23T00:00:00+05:30,33847.23,33935.88,34073.92,33742.75,12700.0
2018-10-24T00:00:00+05:30,34033.96,34203.7,34300.97,33726.07,18900.0
2018-10-25T00:00:00+05:30,33690.09,33778.6,33838.76,33553.18,17400.0
2018-10-26T00:00:00+05:30,33349.31,33776.8,33776.8,33291.58,21300.0
2018-10-29T00:00:00+05:30,34067.4,33549.88,34154.6,33341.8,28000.0
2018-10-30T00:00:00+05:30,33891.13,34068.92,34176.36,33799.79,15800.0
2018-10-31T00:00:00+05:30,34442.05,33963.09,34463.38,33587.24,25900.0
2018-11-01T00:00:00+05:30,34431.97,34650.63,34679.93,34303.38,22400.0
2018-11-02T00:00:00+05:30,35011.65,34743.95,35190.2,34649.8,38700.0
2018-11-05T00:00:00+05:30,34950.92,35118.62,35123.41,34811.6,22200.0
2018-11-06T00:00:00+05:30,34991.91,35076.24,35196.03,34889.72,16200.0
2018-11-07T00:00:00+05:30,35237.68,35301.88,35302.25,35183.17,2500.0
2018-11-09T00:00:00+05:30,35158.55,35258.13,35287.29,35011.23,17100.0
2018-11-12T00:00:00+05:30,34812.99,35287.49,35333.22,34756.8,15700.0
2018-11-13T00:00:00+05:30,35144.49,34846.19,35187.75,34672.2,12000.0
2018-11-14T00:00:00+05:30,35141.99,35330.14,35351.88,34986.86,23300.0
2018-11-15T00:00:00+05:30,35260.54,35145.75,35402.0,35118.42,20000.0
2018-11-16T00:00:00+05:30,35457.16,35398.7,35545.85,35324.37,21100.0
2018-11-19T00:00:00+05:30,35774.88,35647.62,35818.83,35511.1,15600.0
2018-11-20T00:00:00+05:30,35474.51,35730.77,35731.67,35416.18,15700.0
2018-11-21T00:00:00+05:30,35199.8,35492.62,35494.25,35112.49,13900.0
2018-11-22T00:00:00+05:30,34981.02,35282.33,35364.5,34937.98,13800.0
2018-11-26T00:00:00+05:30,35354.08,35118.09,35397.24,34896.07,19200.0
2018-11-27T00:00:00+05:30,35513.14,35394.77,35555.16,35262.97,19100.0
2018-11-28T00:00:00+05:30,35716.95,35635.52,35822.16,35605.34,27500.0
2018-11-29T00:00:00+05:30,36170.41,35997.29,36253.85,35946.24,40500.0
2018-11-30T00:00:00+05:30,36194.3,36304.43,36389.22,36082.97,23300.0
2018-12-03T00:00:00+05:30,36241.0,36396.69,36446.16,36099.68,30100.0
2018-12-04T00:00:00+05:30,36134.31,36290.48,36295.84,36036.39,18500.0
2018-12-05T00:00:00+05:30,35884.41,36035.65,36048.65,35777.81,20800.0
2018-12-06T00:00:00+05:30,35312.13,35694.25,35707.23,35266.76,22600.0
2018-12-07T00:00:00+05:30,35673.25,35494.86,35730.05,35378.27,19000.0
2018-12-10T00:00:00+05:30,34959.72,35204.66,35246.97,34915.77,18500.0
2018-12-11T00:00:00+05:30,35150.01,34584.13,35207.33,34426.29,22300.0
2018-12-12T00:00:00+05:30,35779.07,35277.84,35826.58,35167.47,21600.0
2018-12-13T00:00:00+05:30,35929.64,36024.88,36095.56,35794.51,22600.0
2018-12-14T00:00:00+05:30,35962.93,35960.19,36019.02,35813.85,19000.0
2018-12-17T00:00:00+05:30,36270.07,36129.13,36312.31,36123.62,17130800.0
2018-12-18T00:00:00+05:30,36347.08,36226.38,36375.38,36046.52,20793100.0
2018-12-19T00:00:00+05:30,36484.33,36441.46,36554.99,36381.87,16700.0
2018-12-20T00:00:00+05:30,36431.67,36321.18,36475.52,36202.9,19766300.0
2018-12-21T00:00:00+05:30,35742.07,36449.27,36483.49,35694.74,18528300.0
2018-12-24T00:00:00+05:30,35470.15,35859.66,35910.67,35423.24,13245200.0
2018-12-26T00:00:00+05:30,35649.94,35443.16,35711.26,35010.82,16200.0
2018-12-27T00:00:00+05:30,35807.28,36002.11,36041.24,35781.95,13054200.0
2018-12-28T00:00:00+05:30,36076.72,35911.99,36194.78,35911.99,10426300.0
2018-12-31T00:00:00+05:30,36068.33,36239.19,36285.46,36033.95,8645400.0
2019-01-01T00:00:00+05:30,36254.57,36161.8,36284.04,35888.62,0.0
2019-01-02T00:00:00+05:30,35891.52,36198.13,36236.7,35734.01,14705400.0
2019-01-03T00:00:00+05:30,35513.71,35934.5,35999.66,35475.57,17400.0
2019-01-04T00:00:00+05:30,35695.1,35590.79,35744.2,35382.08,15855600.0
2019-01-07T00:00:00+05:30,35850.16,35971.18,36076.95,35809.23,14831200.0
2019-01-08T00:00:00+05:30,35980.93,35964.62,36037.35,35753.95,16218000.0
2019-01-09T00:00:00+05:30,36212.91,36181.37,36250.54,35863.29,20300.0
2019-01-10T00:00:00+05:30,36106.5,36258.0,36269.31,36070.76,17331500.0
2019-01-11T00:00:00+05:30,36009.84,36191.87,36214.26,35840.6,18100.0
2019-01-14T00:00:00+05:30,35853.56,36113.27,36124.94,35691.75,24100.0
2019-01-15T00:00:00+05:30,36318.33,35950.08,36349.31,35950.08,24000.0
2019-01-16T00:00:00+05:30,36321.29,36370.74,36462.03,36278.61,16400.0
2019-01-17T00:00:00+05:30,36374.08,36413.6,36468.42,36170.8,20500.0
2019-01-18T00:00:00+05:30,36386.61,36417.58,36469.98,36218.33,20800.0
2019-01-21T00:00:00+05:30,36578.96,36467.12,36701.03,36351.77,18700.0
2019-01-22T00:00:00+05:30,36444.64,36649.92,36650.47,36282.93,17300.0
2019-01-23T00:00:00+05:30,36108.47,36494.12,36521.47,36037.9,14300.0
2019-01-24T00:00:00+05:30,36195.1,36146.55,36258.28,35996.68,23100.0
2019-01-25T00:00:00+05:30,36025.54,36245.77,36474.48,35953.15,23000.0
2019-01-28T00:00:00+05:30,35656.7,36099.62,36124.26,35565.15,15000.0
2019-01-29T00:00:00+05:30,35592.5,35716.72,35734.14,35375.51,16670300.0
2019-01-30T00:00:00+05:30,35591.25,35819.67,35850.41,35490.97,18974200.0
2019-01-31T00:00:00+05:30,36256.69,35805.51,36278.13,35740.07,18611400.0
2019-02-01T00:00:00+05:30,36469.43,36311.74,36778.14,36221.32,31815100.0
2019-02-04T00:00:00+05:30,36582.74,36456.22,36622.77,36225.48,15600.0
2019-02-05T00:00:00+05:30,36616.81,36573.04,36727.83,36495.83,14104800.0
2019-02-06T00:00:00+05:30,36975.23,36714.54,37005.25,36680.88,13931600.0
2019-02-07T00:00:00+05:30,36971.09,37026.56,37172.18,36898.8,14600.0
2019-02-08T00:00:00+05:30,36546.48,36873.59,36885.58,36480.62,21600.0
2019-02-11T00:00:00+05:30,36395.03,36585.5,36588.41,36300.48,19200.0
2019-02-12T00:00:00+05:30,36153.62,36405.72,36465.4,36113.91,12200.0
2019-02-13T00:00:00+05:30,36034.11,36279.63,36375.8,35962.68,0.0
2019-02-14T00:00:00+05:30,35876.22,36065.08,36109.1,35799.42,32500.0
2019-02-15T00:00:00+05:30,35808.95,35985.68,36022.57,35510.97,23000.0
2019-02-18T00:00:00+05:30,35498.44,35831.18,35912.44,35470.76,15900.0
2019-02-19T00:00:00+05:30,35352.61,35543.24,35776.04,35287.16,10100.0
2019-02-20T00:00:00+05:30,35756.26,35564.93,35797.11,35469.49,12500.0
2019-02-21T00:00:00+05:30,35898.35,35837.0,35983.07,35707.29,11400.0
2019-02-22T00:00:00+05:30,35871.48,35906.01,35941.69,35795.79,18400.0
2019-02-25T00:00:00+05:30,36213.38,35983.8,36242.18,35901.06,11800.0
2019-02-26T00:00:00+05:30,35973.71,35975.75,36172.52,35714.16,17900.0
2019-02-27T00:00:00+05:30,35905.43,36138.83,36371.11,35735.33,19300.0
2019-02-28T00:00:00+05:30,35867.44,36025.72,36085.85,35829.15,11900.0
2019-03-01T00:00:00+05:30,36063.81,36018.49,36140.67,35952.41,16700.0
2019-03-05T00:00:00+05:30,36442.54,36141.07,36457.44,35926.94,21200.0
2019-03-06T00:00:00+05:30,36636.1,36544.86,36666.47,36456.82,15900.0
2019-03-07T00:00:00+05:30,36725.42,36744.02,36830.25,36590.88,16800.0
2019-03-08T00:00:00+05:30,36671.43,36753.59,36753.59,36592.93,14600.0
2019-03-11T00:00:00+05:30,37054.1,36741.57,37106.19,36726.39,14400.0
2019-03-12T00:00:00+05:30,37535.66,37249.65,37586.63,37230.85,19500.0
2019-03-13T00:00:00+05:30,37752.17,37608.29,37797.29,37478.87,21000.0
2019-03-14T00:00:00+05:30,37754.89,37840.64,37907.78,37693.69,15600.0
2019-03-15T00:00:00+05:30,38024.32,37760.23,38254.77,37760.23,16300.0
2019-03-18T00:00:00+05:30,38095.07,38132.96,38369.59,37952.1,15900.0
2019-03-19T00:00:00+05:30,38363.47,38218.59,38396.06,38078.23,15100.0
2019-03-20T00:00:00+05:30,38386.75,38433.86,38489.81,38316.21,15600.0
2019-03-22T00:00:00+05:30,38164.61,38452.47,38564.71,38089.36,18200.0
2019-03-25T00:00:00+05:30,37808.91,38016.76,38016.76,37667.4,17000.0
2019-03-26T00:00:00+05:30,38233.41,37886.29,38297.7,37800.08,14600.0
2019-03-27T00:00:00+05:30,38132.88,38372.03,38475.93,38001.34,18800.0
2019-03-28T00:00:00+05:30,38545.72,38208.3,38593.65,38148.44,16000.0
2019-03-29T00:00:00+05:30,38672.91,38675.0,38748.54,38546.68,0.0
2019-04-01T00:00:00+05:30,38837.18,38858.88,39115.57,38808.74,19800.0
2019-04-02T00:00:00+05:30,39056.65,38988.57,39121.69,38846.96,19700.0
2019-04-03T00:00:00+05:30,38877.12,39167.05,39270.14,38826.56,17000.0
2019-04-04T00:00:00+05:30,38684.72,38935.75,38939.35,38581.04,13000.0
2019-04-05T00:00:00+05:30,38862.23,38839.52,38958.6,38701.04,15900.0
2019-04-08T00:00:00+05:30,38700.53,38993.6,39041.25,38520.96,10500.0
2019-04-09T00:00:00+05:30,38939.22,38730.93,38978.99,38598.72,15100.0
2019-04-10T00:00:00+05:30,38585.35,38898.6,38950.45,38542.28,16200.0
2019-04-11T00:00:00+05:30,38607.01,38621.58,38649.98,38460.25,14500.0
2019-04-12T00:00:00+05:30,38767.11,38692.06,38818.87,38554.79,17000.0
2019-04-15T00:00:00+05:30,38905.84,38805.54,38976.58,38780.08,20900.0
2019-04-16T00:00:00+05:30,39275.64,39040.3,39364.34,39038.81,14400.0
2019-04-18T00:00:00+05:30,39140.28,39420.04,39487.45,39083.16,14600.0
2019-04-22T00:00:00+05:30,38645.18,39158.22,39158.22,38585.65,14900.0
2019-04-23T00:00:00+05:30,38564.88,38771.27,38832.61,38518.26,11600.0
2019-04-24T00:00:00+05:30,39054.68,38672.63,39095.35,38571.0,15200.0
2019-04-25T00:00:00+05:30,38730.86,39101.78,39262.22,38663.98,14400.0
2019-04-26T00:00:00+05:30,39067.33,38865.83,39103.16,38765.33,17300.0
2019-04-30T00:00:00+05:30,39031.55,39056.92,39105.88,38753.46,30900.0
2019-05-02T00:00:00+05:30,38981.43,39036.51,39189.95,38882.99,26200.0
2019-05-03T00:00:00+05:30,38963.26,39009.55,39172.76,38920.17,14800.0
2019-05-06T00:00:00+05:30,38600.34,38719.33,38719.33,38509.79,13400.0
2019-05-07T00:00:00+05:30,38276.63,38815.46,38835.54,38236.18,15600.0
2019-05-08T00:00:00+05:30,37789.13,38244.18,38248.57,37743.07,13100.0
2019-05-09T00:00:00+05:30,37558.91,37747.91,37780.46,37405.4,15300.0
2019-05-10T00:00:00+05:30,37462.99,37632.36,37721.98,37370.39,19700.0
2019-05-13T00:00:00+05:30,37090.82,37491.3,37583.57,36999.84,17800.0
2019-05-14T00:00:00+05:30,37318.53,37146.58,37572.7,36956.1,17700.0
2019-05-15T00:00:00+05:30,37114.88,37539.05,37559.67,37047.87,19400.0
2019-05-16T00:00:00+05:30,37393.48,37179.13,37518.94,37052.3,15700.0
2019-05-17T00:00:00+05:30,37930.77,37494.42,38001.13,37415.36,18800.0
2019-05-20T00:00:00+05:30,39352.67,38701.18,39412.56,38570.04,26400.0
2019-05-21T00:00:00+05:30,38969.8,39449.45,39571.73,38884.85,22700.0
2019-05-22T00:00:00+05:30,39110.21,39086.21,39249.08,38903.87,15600.0
2019-05-23T00:00:00+05:30,38811.39,39591.77,40124.96,38651.61,28100.0
2019-05-24T00:00:00+05:30,39434.72,39076.28,39476.97,38824.26,17100.0
2019-05-27T00:00:00+05:30,39683.29,39536.23,39821.94,39353.16,16000.0
2019-05-28T00:00:00+05:30,39749.73,39765.64,39828.65,39498.65,15300.0
2019-05-29T00:00:00+05:30,39502.05,39714.27,39767.93,39420.5,12800.0
2019-05-30T00:00:00+05:30,39831.97,39580.28,39911.92,39500.56,17500.0
2019-05-31T00:00:00+05:30,39714.2,39998.91,40122.34,39374.24,17100.0
2019-06-03T00:00:00+05:30,40267.62,39806.86,40308.9,39711.02,34600.0
2019-06-04T00:00:00+05:30,40083.54,40196.0,40312.07,40031.05,11900.0
2019-06-06T00:00:00+05:30,39529.72,40136.43,40159.26,39481.15,18700.0
2019-06-07T00:00:00+05:30,39615.9,39581.77,39703.1,39279.47,14800.0
2019-06-10T00:00:00+05:30,39784.52,39787.33,39979.48,39619.97,16200.0
2019-06-11T00:00:00+05:30,39950.46,39900.45,40066.31,39760.02,14200.0
2019-06-12T00:00:00+05:30,39756.81,39974.18,39982.1,39623.53,11700.0
2019-06-13T00:00:00+05:30,39741.36,39679.35,39800.81,39461.27,21800.0
2019-06-14T00:00:00+05:30,39452.07,39797.0,39799.9,39363.45,20600.0
2019-06-17T00:00:00+05:30,38960.79,39514.36,39540.42,38911.49,12700.0
2019-06-18T00:00:00+05:30,39046.34,39056.98,39167.83,38870.96,17800.0
2019-06-19T00:00:00+05:30,39112.74,39176.56,39435.8,38881.05,18500.0
2019-06-20T00:00:00+05:30,39601.63,39042.96,39638.64,38933.78,20100.0
2019-06-21T00:00:00+05:30,39194.49,39608.25,39617.95,39121.3,15600.0
2019-06-24T00:00:00+05:30,39122.96,39160.23,39300.02,39021.7,11600.0
2019-06-25T00:00:00+05:30,39434.94,39131.94,39490.64,38946.04,11300.0
2019-06-26T00:00:00+05:30,39592.08,39379.13,39674.22,39319.64,15000.0
2019-06-27T00:00:00+05:30,39586.41,39633.97,39817.22,39510.44,13200.0
2019-06-28T00:00:00+05:30,39394.64,39630.52,39675.25,39361.92,11200.0
2019-07-01T00:00:00+05:30,39686.5,39543.73,39764.82,39541.09,10800.0
2019-07-02T00:00:00+05:30,39816.48,39811.68,39838.49,39499.19,14800.0
2019-07-03T00:00:00+05:30,39839.25,39907.57,39934.99,39732.38,13800.0
2019-07-04T00:00:00+05:30,39908.06,39917.65,39979.1,39858.33,14500.0
2019-07-05T00:00:00+05:30,39513.39,39990.4,40032.41,39441.38,26000.0
2019-07-08T00:00:00+05:30,38720.57,39476.38,39476.38,38605.48,22000.0
2019-07-09T00:00:00+05:30,38730.82,38754.47,38814.23,38435.87,18800.0
2019-07-10T00:00:00+05:30,38557.04,38701.99,38854.85,38474.66,14900.0
2019-07-11T00:00:00+05:30,38823.11,38751.62,38892.5,38631.31,14600.0
2019-07-12T00:00:00+05:30,38736.23,38941.1,39021.84,38684.85,12900.0
2019-07-15T00:00:00+05:30,38896.71,39009.95,39023.97,38696.6,18000.0
2019-07-16T00:00:00+05:30,39131.04,38961.86,39173.89,38845.27,25100.0
2019-07-17T00:00:00+05:30,39215.64,39171.1,39284.73,39081.14,23400.0
2019-07-18T00:00:00+05:30,38897.46,39204.47,39204.47,38861.25,24100.0
2019-07-19T00:00:00+05:30,38337.01,39058.73,39058.73,38271.35,19200.0
2019-07-22T00:00:00+05:30,38031.13,38333.52,38333.52,37890.32,23000.0
2019-07-23T00:00:00+05:30,37982.74,38138.56,38217.81,37898.9,19300.0
2019-07-24T00:00:00+05:30,37847.65,37990.23,38102.84,37708.41,16600.0
2019-07-25T00:00:00+05:30,37830.98,37935.02,38169.87,37775.51,18000.0
2019-07-26T00:00:00+05:30,37882.79,37831.18,37978.07,37690.47,24100.0
2019-07-29T00:00:00+05:30,37686.37,38043.22,38043.22,37519.16,21100.0
2019-07-30T00:00:00+05:30,37397.24,37735.54,37950.21,37359.03,22800.0
2019-07-31T00:00:00+05:30,37481.12,37257.55,37576.37,37128.26,27200.0
2019-08-01T00:00:00+05:30,37018.32,37387.18,37387.18,36694.18,21000.0
2019-08-02T00:00:00+05:30,37118.22,36920.11,37375.16,36607.41,28100.0
2019-08-05T00:00:00+05:30,36699.84,36842.17,36844.05,36416.79,25900.0
2019-08-06T00:00:00+05:30,36976.85,36568.03,37241.77,36536.59,25400.0
2019-08-07T00:00:00+05:30,36690.5,37025.27,37104.79,36610.57,25300.0
2019-08-08T00:00:00+05:30,37327.36,36808.01,37405.48,36655.41,24100.0
2019-08-09T00:00:00+05:30,37581.91,37521.3,37807.55,37406.26,27400.0
2019-08-13T00:00:00+05:30,36958.16,37755.16,37755.16,36888.49,28600.0
2019-08-14T00:00:00+05:30,37311.53,37233.5,37473.61,37000.77,22500.0
2019-08-16T00:00:00+05:30,37350.33,37383.0,37444.45,36974.41,26100.0
2019-08-19T00:00:00+05:30,37402.49,37485.92,37718.88,37358.49,17700.0
2019-08-20T00:00:00+05:30,37328.01,37441.75,37511.55,37219.9,20900.0
2019-08-21T00:00:00+05:30,37060.37,37298.73,37406.55,37022.52,28500.0
2019-08-22T00:00:00+05:30,36472.93,37087.58,37087.58,36391.35,33100.0
2019-08-23T00:00:00+05:30,36701.16,36387.68,36807.34,36102.35,38400.0
2019-08-26T00:00:00+05:30,37494.12,37363.95,37544.48,36492.65,35600.0
2019-08-27T00:00:00+05:30,37641.27,37658.48,37731.51,37449.69,36500.0
2019-08-28T00:00:00+05:30,37451.84,37655.77,37687.82,37249.19,28600.0
2019-08-29T00:00:00+05:30,37068.93,37381.8,37381.8,36987.35,31700.0
2019-08-30T00:00:00+05:30,37332.79,37222.26,37397.97,36829.81,33400.0
2019-09-03T00:00:00+05:30,36562.91,37181.76,37188.38,36466.01,23600.0
2019-09-04T00:00:00+05:30,36724.74,36575.24,36776.31,36409.54,25600.0
2019-09-05T00:00:00+05:30,36644.42,36821.71,36898.99,36541.88,27400.0
2019-09-06T00:00:00+05:30,36981.77,36785.59,37012.98,36727.66,23000.0
2019-09-09T00:00:00+05:30,37145.45,36969.48,37244.08,36784.47,25300.0
2019-09-11T00:00:00+05:30,37270.82,37251.03,37343.46,37193.57,36700.0
2019-09-12T00:00:00+05:30,37104.28,37330.47,37435.15,37048.67,27500.0
2019-09-13T00:00:00+05:30,37384.99,37175.86,37413.5,37000.09,34300.0
2019-09-16T00:00:00+05:30,37123.31,37204.56,37302.06,37028.94,19900.0
2019-09-17T00:00:00+05:30,36481.09,37169.46,37169.56,36419.09,20500.0
2019-09-18T00:00:00+05:30,36563.88,36621.38,36712.99,36465.92,25400.0
2019-09-19T00:00:00+05:30,36093.47,36613.93,36613.93,35987.8,31700.0
2019-09-20T00:00:00+05:30,38014.62,36214.92,38378.02,36085.74,61000.0
2019-09-23T00:00:00+05:30,39090.03,38844.0,39441.12,38674.04,2800.0
2019-09-24T00:00:00+05:30,39097.14,39135.28,39306.37,38913.06,30600.0
2019-09-25T00:00:00+05:30,38593.52,39087.2,39087.2,38510.97,28800.0
2019-09-26T00:00:00+05:30,38989.74,38700.48,39158.07,38676.11,33200.0
2019-09-27T00:00:00+05:30,38822.57,39003.13,39107.37,38782.6,39200.0
2019-09-30T00:00:00+05:30,38667.33,38873.12,38873.12,38401.09,49000.0
2019-10-01T00:00:00+05:30,38305.41,38813.48,38923.78,37929.89,75400.0
2019-10-03T00:00:00+05:30,38106.87,38137.87,38310.93,37957.56,59200.0
2019-10-04T00:00:00+05:30,37673.31,38401.49,38403.54,37633.36,52900.0
2019-10-07T00:00:00+05:30,37531.98,37853.8,37919.47,37480.53,40400.0
2019-10-09T00:00:00+05:30,38177.95,37628.05,38209.84,37415.83,36400.0
2019-10-10T00:00:00+05:30,37880.4,38130.23,38130.23,37802.93,27300.0
2019-10-11T00:00:00+05:30,38127.08,37994.48,38345.41,37737.85,39400.0
2019-10-14T00:00:00+05:30,38214.47,38208.24,38513.69,38066.13,28500.0
2019-10-15T00:00:00+05:30,38506.09,38316.49,38635.19,38238.27,26200.0
2019-10-16T00:00:00+05:30,38598.99,38637.05,38666.38,38416.67,27500.0
2019-10-17T00:00:00+05:30,39052.06,38647.44,39104.69,38557.43,47100.0
2019-10-18T00:00:00+05:30,39298.38,39087.83,39361.06,38963.6,42400.0
2019-10-22T00:00:00+05:30,38963.84,39233.4,39426.47,38924.85,54500.0
2019-10-23T00:00:00+05:30,39058.83,39063.84,39196.67,38866.08,41000.0
2019-10-24T00:00:00+05:30,39020.39,39223.01,39327.15,38840.76,36600.0
2019-10-25T00:00:00+05:30,39058.06,39201.67,39241.61,38718.27,48600.0
2019-10-29T00:00:00+05:30,39831.84,39293.49,39917.01,39254.12,50500.0
2019-10-30T00:00:00+05:30,40051.87,40055.63,40178.12,39805.11,37200.0
2019-10-31T00:00:00+05:30,40129.05,40211.99,40392.22,40054.89,87900.0
2019-11-01T00:00:00+05:30,40165.03,40196.07,40283.3,40014.23,57000.0
2019-11-04T00:00:00+05:30,40301.96,40293.85,40483.21,40186.29,62600.0
2019-11-05T00:00:00+05:30,40248.23,40445.67,40466.55,40053.55,45400.0
2019-11-06T00:00:00+05:30,40469.78,40311.85,40606.91,40037.53,37700.0
2019-11-07T00:00:00+05:30,40653.74,40625.64,40688.27,40421.07,30200.0
2019-11-08T00:00:00+05:30,40323.61,40630.56,40749.33,40263.94,42600.0
2019-11-11T00:00:00+05:30,40345.08,40316.5,40417.44,40150.97,29500.0
2019-11-13T00:00:00+05:30,40116.06,40346.43,40447.17,40061.23,37700.0
2019-11-14T00:00:00+05:30,40286.48,40178.93,40348.61,40026.99,27800.0
2019-11-15T00:00:00+05:30,40356.69,40408.2,40650.06,40308.09,25800.0
2019-11-18T00:00:00+05:30,40284.19,40431.08,40542.4,40221.97,28700.0
2019-11-19T00:00:00+05:30,40469.7,40455.36,40544.13,40290.21,39100.0
2019-11-20T00:00:00+05:30,40651.64,40729.8,40816.38,40575.96,32300.0
2019-11-21T00:00:00+05:30,40575.17,40737.31,40744.85,40534.12,21800.0
2019-11-22T00:00:00+05:30,40359.41,40653.17,40653.17,40276.83,21700.0
2019-11-25T00:00:00+05:30,40889.23,40439.66,40931.71,40393.9,28600.0
2019-11-26T00:00:00+05:30,40821.3,41022.85,41120.28,40710.2,32800.0
2019-11-27T00:00:00+05:30,41020.61,40979.39,41075.76,40848.7,32400.0
2019-11-28T00:00:00+05:30,41130.17,41161.54,41163.79,40996.08,30900.0
2019-11-29T00:00:00+05:30,40793.81,41138.26,41143.22,40664.18,46700.0
2019-12-02T00:00:00+05:30,40802.17,41072.94,41093.99,40707.63,39800.0
2019-12-03T00:00:00+05:30,40675.45,40852.61,40885.03,40554.04,33700.0
2019-12-04T00:00:00+05:30,40850.29,40606.01,40886.87,40475.83,44500.0
2019-12-05T00:00:00+05:30,40779.59,40988.14,41002.41,40720.17,33000.0
2019-12-06T00:00:00+05:30,40445.15,40952.13,40952.13,40337.53,33100.0
2019-12-09T00:00:00+05:30,40487.43,40527.24,40645.63,40336.56,32600.0
2019-12-10T00:00:00+05:30,40239.88,40588.81,40588.81,40208.7,31400.0
2019-12-11T00:00:00+05:30,40412.57,40285.2,40466.13,40135.37,55500.0
2019-12-12T00:00:00+05:30,40581.71,40561.34,40712.65,40490.69,41300.0
2019-12-13T00:00:00+05:30,41009.71,40754.82,41055.8,40736.7,27900.0
2019-12-16T00:00:00+05:30,40938.72,41168.85,41185.03,40917.93,21600.0
2019-12-17T00:00:00+05:30,41352.17,41052.36,41401.65,41005.18,19000.0
2019-12-18T00:00:00+05:30,41558.57,41442.75,41614.77,41358.47,24300.0
2019-12-19T00:00:00+05:30,41673.92,41571.82,41719.29,41456.4,33300.0
2019-12-20T00:00:00+05:30,41681.54,41746.2,41809.96,41636.11,33600.0
2019-12-23T00:00:00+05:30,41642.66,41548.26,41701.62,41474.61,6200.0
2019-12-24T00:00:00+05:30,41461.26,41684.51,41702.98,41423.07,4400.0
2019-12-26T00:00:00+05:30,41163.76,41543.8,41543.8,41132.89,5600.0
2019-12-27T00:00:00+05:30,41575.14,41297.08,41611.27,41264.92,6100.0
2019-12-30T00:00:00+05:30,41558.0,41686.27,41714.73,41453.38,5700.0
2019-12-31T00:00:00+05:30,41253.74,41607.49,41607.49,41184.73,5600.0
2020-01-01T00:00:00+05:30,41306.02,41349.36,41443.52,41251.18,0.0
2020-01-02T00:00:00+05:30,41626.64,41340.27,41649.29,41328.45,5300.0
2020-01-03T00:00:00+05:30,41464.61,41634.51,41636.18,41348.68,8900.0
2020-01-06T00:00:00+05:30,40676.63,41378.34,41378.34,40613.96,8700.0
2020-01-07T00:00:00+05:30,40869.47,40983.04,41230.14,40727.37,11900.0
2020-01-08T00:00:00+05:30,40817.74,40574.83,40866.36,40476.55,18200.0
2020-01-09T00:00:00+05:30,41452.35,41216.67,41482.12,41175.72,7800.0
2020-01-10T00:00:00+05:30,41599.72,41568.2,41775.11,41447.8,13200.0
2020-01-13T00:00:00+05:30,41859.69,41788.21,41899.63,41720.76,10600.0
2020-01-14T00:00:00+05:30,41952.63,41883.09,41994.26,41770.9,14100.0
2020-01-15T00:00:00+05:30,41872.73,41969.86,41969.86,41648.11,6100.0
2020-01-16T00:00:00+05:30,41932.56,41924.74,42059.45,41812.28,6600.0
2020-01-17T00:00:00+05:30,41945.37,41929.02,42063.93,41850.29,9500.0
2020-01-20T00:00:00+05:30,41528.91,42263.0,42273.87,41503.37,7500.0
2020-01-21T00:00:00+05:30,41323.81,41487.57,41532.59,41294.3,8900.0
2020-01-22T00:00:00+05:30,41115.38,41467.13,41532.29,41059.04,7700.0
2020-01-23T00:00:00+05:30,41386.4,41191.5,41413.96,41098.91,9900.0
2020-01-24T00:00:00+05:30,41613.19,41377.04,41697.03,41275.6,6600.0
2020-01-27T00:00:00+05:30,41155.12,41510.68,41516.27,41122.48,7000.0
2020-01-28T00:00:00+05:30,40966.86,41299.68,41333.25,40869.75,9800.0
2020-01-29T00:00:00+05:30,41198.66,41131.57,41334.86,41108.19,7800.0
2020-01-30T00:00:00+05:30,40913.82,41380.14,41380.14,40829.91,6700.0
2020-01-31T00:00:00+05:30,40723.49,41146.56,41154.49,40671.01,11500.0
2020-02-03T00:00:00+05:30,39872.31,39701.02,40014.9,39563.07,10600.0
2020-02-04T00:00:00+05:30,40789.38,40178.74,40818.94,40117.46,15300.0
2020-02-05T00:00:00+05:30,41142.66,40921.71,41177.0,40703.32,13900.0
2020-02-06T00:00:00+05:30,41306.03,41209.13,41405.43,41113.11,15000.0
2020-02-07T00:00:00+05:30,41141.85,41394.41,41394.41,41073.36,15300.0
2020-02-10T00:00:00+05:30,40979.62,41166.72,41172.06,40798.98,15200.0
2020-02-11T00:00:00+05:30,41216.14,41183.39,41444.34,41179.14,7700.0
2020-02-12T00:00:00+05:30,41565.9,41330.85,41671.86,41330.85,9600.0
2020-02-13T00:00:00+05:30,41459.79,41707.21,41709.3,41338.31,9100.0
2020-02-14T00:00:00+05:30,41257.74,41510.19,41702.36,41183.13,9800.0
2020-02-17T00:00:00+05:30,41055.69,41324.04,41420.34,41030.58,6900.0
2020-02-18T00:00:00+05:30,40894.38,41042.46,41042.46,40610.95,12300.0
2020-02-19T00:00:00+05:30,41323.0,41121.51,41357.16,41048.93,5600.0
2020-02-20T00:00:00+05:30,41170.12,41334.96,41399.93,41134.31,8400.0
2020-02-24T00:00:00+05:30,40363.23,41037.01,41037.01,40306.36,8100.0
2020-02-25T00:00:00+05:30,40281.2,40497.72,40536.0,40220.59,7300.0
2020-02-26T00:00:00+05:30,39888.96,40194.89,40255.39,39760.39,9000.0
2020-02-27T00:00:00+05:30,39745.66,39947.8,39947.8,39423.27,9600.0
2020-02-28T00:00:00+05:30,38297.29,39087.47,39087.47,38219.97,12700.0
2020-03-02T00:00:00+05:30,38144.02,38910.95,39083.17,37785.99,13400.0
2020-03-03T00:00:00+05:30,38623.7,38480.89,38754.24,38142.3,10600.0
2020-03-04T00:00:00+05:30,38409.48,38715.72,38791.7,37846.1,15300.0
2020-03-05T00:00:00+05:30,38470.61,38604.25,38887.8,38386.68,13500.0
2020-03-06T00:00:00+05:30,37576.62,37613.96,37747.07,37011.09,19000.0
2020-03-09T00:00:00+05:30,35634.95,36950.2,36950.2,35109.18,18800.0
2020-03-11T00:00:00+05:30,35697.4,35468.9,36021.51,35261.92,27900.0
2020-03-12T00:00:00+05:30,32778.14,34472.5,34472.5,32493.1,25200.0
2020-03-13T00:00:00+05:30,34103.48,31214.13,34769.48,29388.97,32600.0
2020-03-16T00:00:00+05:30,31390.07,33103.24,33103.24,31276.3,18100.0
2020-03-17T00:00:00+05:30,30579.09,31611.57,32047.98,30394.94,21500.0
2020-03-18T00:00:00+05:30,28869.51,30968.84,31101.77,28613.05,31300.0
2020-03-19T00:00:00+05:30,28288.23,27773.36,29370.53,26714.46,33200.0
2020-03-20T00:00:00+05:30,29915.96,28460.82,30418.2,27932.67,32100.0
2020-03-23T00:00:00+05:30,25981.24,27608.8,27900.83,25880.83,21800.0
2020-03-24T00:00:00+05:30,26674.03,27056.23,27462.87,25638.9,24700.0
2020-03-25T00:00:00+05:30,28535.78,26499.81,28790.19,26359.91,141500.0
2020-03-26T00:00:00+05:30,29946.77,29073.71,30099.91,28566.34,35000.0
2020-03-27T00:00:00+05:30,29815.59,30747.81,31126.03,29346.99,116900.0
2020-03-30T00:00:00+05:30,28440.32,29226.55,29497.57,28290.99,23200.0
2020-03-31T00:00:00+05:30,29468.49,29294.94,29770.88,28667.36,26400.0
2020-04-01T00:00:00+05:30,28265.31,29505.33,29505.98,28073.43,18000.0
2020-04-03T00:00:00+05:30,27590.95,28623.53,28639.12,27500.79,18900.0
2020-04-07T00:00:00+05:30,30067.21,28898.36,30157.65,28602.31,21900.0
2020-04-08T00:00:00+05:30,29893.96,29701.92,31227.97,29602.94,24700.0
2020-04-09T00:00:00+05:30,31159.62,30571.19,31225.2,30420.22,18800.0
2020-04-13T00:00:00+05:30,30690.02,31195.72,31195.72,30474.15,16100.0
2020-04-15T00:00:00+05:30,30379.81,31277.11,31568.36,30222.07,23600.0
2020-04-16T00:00:00+05:30,30602.61,30095.51,30800.2,30016.17,16900.0
2020-04-17T00:00:00+05:30,31588.72,31656.68,31718.73,30960.94,22200.0
2020-04-20T00:00:00+05:30,31648.0,32056.19,32056.47,31490.26,17200.0
2020-04-21T00:00:00+05:30,30636.71,30836.19,30900.12,30378.26,19700.0
2020-04-22T00:00:00+05:30,31379.55,30856.14,31471.14,30578.55,21000.0
2020-04-23T00:00:00+05:30,31863.08,31646.45,31959.02,31292.92,24400.0
2020-04-24T00:00:00+05:30,31327.22,31426.62,31842.24,31278.27,17600.0
2020-04-27T00:00:00+05:30,31743.08,31659.04,32103.7,31651.58,12900.0
2020-04-28T00:00:00+05:30,32114.52,32101.91,32199.91,31661.34,15600.0
2020-04-29T00:00:00+05:30,32720.16,32311.04,32897.59,32171.65,16000.0
2020-04-30T00:00:00+05:30,33717.62,33381.19,33887.25,33354.93,21100.0
2020-05-04T00:00:00+05:30,31715.35,32748.14,32748.14,31632.02,18300.0
2020-05-05T00:00:00+05:30,31453.51,32182.9,32264.0,31403.57,19200.0
2020-05-06T00:00:00+05:30,31685.75,31577.63,31970.84,31158.75,19200.0
2020-05-07T00:00:00+05:30,31443.38,31677.69,31705.25,31362.87,19900.0
2020-05-08T00:00:00+05:30,31642.7,32083.32,32088.51,31598.0,15900.0
2020-05-11T00:00:00+05:30,31561.22,32030.34,32301.58,31500.87,18100.0
2020-05-12T00:00:00+05:30,31371.12,31342.93,31536.89,30844.66,23100.0
2020-05-13T00:00:00+05:30,32008.61,32841.87,32845.48,31901.92,18400.0
2020-05-14T00:00:00+05:30,31122.89,31466.33,31630.94,31052.65,15200.0
2020-05-15T00:00:00+05:30,31097.73,31296.28,31296.28,30770.48,13000.0
2020-05-18T00:00:00+05:30,30028.98,31248.26,31248.26,29968.45,19500.0
2020-05-19T00:00:00+05:30,30196.17,30450.74,30739.96,30116.82,18700.0
2020-05-20T00:00:00+05:30,30818.61,30159.59,30878.31,30157.75,16100.0
2020-05-21T00:00:00+05:30,30932.9,30904.29,31188.79,30765.32,15500.0
2020-05-22T00:00:00+05:30,30672.59,30822.78,31107.91,30474.88,20600.0
2020-05-26T00:00:00+05:30,30609.3,30864.27,31086.7,30512.14,188300.0
2020-05-27T00:00:00+05:30,31605.22,30793.11,31660.6,30525.68,20500.0
2020-05-28T00:00:00+05:30,32200.59,31827.8,32267.23,31641.77,27500.0
2020-05-29T00:00:00+05:30,32424.1,32041.29,32480.52,31823.8,37100.0
2020-06-01T00:00:00+05:30,33303.52,32906.05,33673.83,32876.55,22900.0
2020-06-02T00:00:00+05:30,33825.53,33450.19,33866.63,33301.29,75600.0
2020-06-03T00:00:00+05:30,34109.54,34185.41,34488.69,34027.5,18400.0
2020-06-04T00:00:00+05:30,33980.7,34072.5,34310.14,33711.24,17900.0
2020-06-05T00:00:00+05:30,34287.24,34198.55,34405.43,33958.02,24600.0
2020-06-08T00:00:00+05:30,34370.58,34841.17,34927.8,34211.83,25700.0
2020-06-09T00:00:00+05:30,33956.69,34520.79,34811.29,33881.19,19200.0
2020-06-10T00:00:00+05:30,34247.05,34029.14,34350.17,33949.46,15500.0
2020-06-11T00:00:00+05:30,33538.37,34214.69,34219.39,33480.42,20900.0
2020-06-12T00:00:00+05:30,33780.89,32436.69,33856.27,32348.1,23000.0
2020-06-15T00:00:00+05:30,33228.8,33670.55,33670.55,32923.74,18400.0
2020-06-16T00:00:00+05:30,33605.22,33853.72,34022.01,32953.3,27400.0
2020-06-17T00:00:00+05:30,33507.92,33438.31,33933.66,33332.96,20200.0
2020-06-18T00:00:00+05:30,34208.05,33371.52,34276.01,33371.52,21200.0
2020-06-19T00:00:00+05:30,34731.73,34335.38,34848.37,34136.39,27900.0
2020-06-22T00:00:00+05:30,34911.32,34892.03,35213.52,34794.4,25100.0
2020-06-23T00:00:00+05:30,35430.43,35015.73,35482.16,34843.69,25200.0
2020-06-24T00:00:00+05:30,34868.98,35679.74,35706.55,34794.93,26600.0
2020-06-25T00:00:00+05:30,34842.1,34525.39,35081.61,34499.78,24600.0
2020-06-26T00:00:00+05:30,35171.27,35144.78,35254.88,34910.34,24800.0
2020-06-29T00:00:00+05:30,34961.52,34926.95,35032.36,34662.06,18300.0
2020-06-30T00:00:00+05:30,34915.8,35168.3,35233.91,34812.8,18500.0
2020-07-01T00:00:00+05:30,35414.45,35009.59,35467.23,34927.2,19400.0
2020-07-02T00:00:00+05:30,35843.7,35604.0,36014.92,35595.36,20600.0
2020-07-03T00:00:00+05:30,36021.42,36025.38,36110.21,35872.38,16500.0
2020-07-06T00:00:00+05:30,36487.28,36313.46,36661.66,36254.02,22300.0
2020-07-07T00:00:00+05:30,36674.52,36660.35,36723.27,36271.09,20600.0
2020-07-08T00:00:00+05:30,36329.01,36738.38,36828.43,36234.17,24800.0
2020-07-09T00:00:00+05:30,36737.69,36450.69,36806.3,36422.3,17400.0
2020-07-10T00:00:00+05:30,36594.33,36555.13,36748.89,36401.11,20900.0
2020-07-13T00:00:00+05:30,36693.69,36880.66,37024.2,36533.96,16500.0
2020-07-14T00:00:00+05:30,36033.06,36517.28,36538.1,35877.42,14100.0
2020-07-15T00:00:00+05:30,36051.81,36314.76,36810.25,35894.96,23500.0
2020-07-16T00:00:00+05:30,36471.68,36401.2,36524.62,36038.41,18500.0
2020-07-17T00:00:00+05:30,37020.14,36547.75,37125.98,36512.92,16500.0
2020-07-20T00:00:00+05:30,37418.99,37409.03,37478.87,37185.78,20100.0
2020-07-21T00:00:00+05:30,37930.33,37823.61,37990.55,37742.05,22700.0
2020-07-22T00:00:00+05:30,37871.52,38178.07,38199.27,37601.62,22300.0
2020-07-23T00:00:00+05:30,38140.47,37814.92,38225.03,37738.59,19600.0
2020-07-24T00:00:00+05:30,38128.9,37949.59,38235.73,37748.41,19900.0
2020-07-27T00:00:00+05:30,37934.73,38275.34,38275.34,37769.44,18600.0
2020-07-28T00:00:00+05:30,38492.95,38052.18,38554.72,37998.13,15500.0
2020-07-29T00:00:00+05:30,38071.13,38427.15,38617.03,37884.41,17600.0
2020-07-30T00:00:00+05:30,37736.07,38262.83,38413.81,37678.42,14800.0
2020-07-31T00:00:00+05:30,37606.89,37847.88,37897.78,37431.68,20200.0
2020-08-03T00:00:00+05:30,36939.6,37595.73,37596.02,36911.23,14300.0
2020-08-04T00:00:00+05:30,37687.91,37092.86,37745.6,36987.73,15100.0
2020-08-05T00:00:00+05:30,37663.33,37892.36,38139.96,37550.6,19800.0
2020-08-06T00:00:00+05:30,38025.45,37946.8,38221.4,37755.1,16600.0
2020-08-07T00:00:00+05:30,38040.57,37951.07,38109.68,37787.38,15300.0
2020-08-10T00:00:00+05:30,38182.08,38168.42,38430.69,38073.29,17200.0
2020-08-11T00:00:00+05:30,38407.01,38371.34,38556.27,38313.06,18700.0
2020-08-12T00:00:00+05:30,38369.63,38321.13,38414.37,38125.81,25300.0
2020-08-13T00:00:00+05:30,38310.49,38456.64,38516.85,38215.05,15400.0
2020-08-14T00:00:00+05:30,37877.34,38432.94,38540.57,37654.92,18600.0
2020-08-17T00:00:00+05:30,38050.78,38062.07,38119.38,37734.14,21500.0
2020-08-18T00:00:00+05:30,38528.32,38084.7,38571.23,38062.01,13600.0
2020-08-19T00:00:00+05:30,38614.79,38727.89,38788.51,38550.65,12800.0
2020-08-20T00:00:00+05:30,38220.39,38283.9,38402.45,38155.78,15800.0
2020-08-21T00:00:00+05:30,38434.72,38471.93,38579.83,38411.37,16800.0
2020-08-24T00:00:00+05:30,38799.08,38566.96,38894.94,38545.76,28100.0
2020-08-25T00:00:00+05:30,38843.88,38948.46,39008.89,38679.67,15700.0
2020-08-26T00:00:00+05:30,39073.92,38930.18,39111.55,38765.09,16400.0
2020-08-27T00:00:00+05:30,39113.47,39293.53,39326.98,39046.94,14500.0
2020-08-28T00:00:00+05:30,39467.31,39264.48,39579.58,39235.03,22500.0
2020-08-31T00:00:00+05:30,38628.29,39888.15,40010.17,38395.89,27900.0
2020-09-01T00:00:00+05:30,38900.8,38754.0,39226.82,38542.11,22000.0
2020-09-02T00:00:00+05:30,39086.03,38892.64,39141.84,38736.22,17100.0
2020-09-03T00:00:00+05:30,38990.94,39165.8,39236.36,38943.43,9200.0
2020-09-04T00:00:00+05:30,38357.18,38325.0,38729.66,38249.77,15400.0
2020-09-07T00:00:00+05:30,38417.23,38284.78,38519.92,38060.74,12500.0
2020-09-08T00:00:00+05:30,38365.35,38498.07,38746.48,38275.45,11900.0
2020-09-09T00:00:00+05:30,38193.92,37988.56,38252.67,37935.26,14000.0
2020-09-10T00:00:00+05:30,38840.32,38516.88,38878.25,38367.07,16500.0
2020-09-11T00:00:00+05:30,38854.55,38865.17,38978.52,38711.8,11400.0
2020-09-14T00:00:00+05:30,38756.63,39073.51,39230.16,38573.17,14700.0
2020-09-15T00:00:00+05:30,39044.35,38904.67,39102.25,38753.68,11600.0
2020-09-16T00:00:00+05:30,39302.85,39161.01,39359.51,39037.96,11700.0
2020-09-17T00:00:00+05:30,38979.85,39120.64,39234.81,38926.34,11400.0
2020-09-18T00:00:00+05:30,38845.82,39200.42,39200.42,38635.73,14300.0
2020-09-21T00:00:00+05:30,38034.14,38812.69,38990.76,37938.53,15800.0
2020-09-22T00:00:00+05:30,37734.08,38200.71,38209.97,37531.14,15300.0
2020-09-23T00:00:00+05:30,37668.42,38124.94,38140.07,37313.09,15000.0
2020-09-24T00:00:00+05:30,36553.6,37282.18,37304.26,36495.98,13900.0
2020-09-25T00:00:00+05:30,37388.66,36991.89,37471.17,36730.52,13500.0
2020-09-28T00:00:00+05:30,37981.63,37756.25,38035.87,37544.05,13600.0
2020-09-29T00:00:00+05:30,37973.22,38176.86,38235.94,37831.35,10600.0
2020-09-30T00:00:00+05:30,38067.93,38068.89,38236.34,37828.11,18400.0
2020-10-01T00:00:00+05:30,38697.05,38410.2,38738.89,38410.2,12900.0
2020-10-05T00:00:00+05:30,38973.7,38956.78,39263.85,38819.89,15500.0
2020-10-06T00:00:00+05:30,39574.57,39336.34,39623.76,39191.1,11300.0
2020-10-07T00:00:00+05:30,39878.95,39633.19,39968.04,39450.82,15000.0
2020-10-08T00:00:00+05:30,40182.67,40204.32,40468.88,40062.23,14400.0
2020-10-09T00:00:00+05:30,40509.49,40226.25,40585.36,40066.54,16600.0
2020-10-12T00:00:00+05:30,40593.8,40716.95,40905.49,40387.4,17600.0
2020-10-13T00:00:00+05:30,40625.51,40592.54,40786.82,40461.97,11000.0
2020-10-14T00:00:00+05:30,40794.74,40623.19,40880.25,40279.55,15000.0
2020-10-15T00:00:00+05:30,39728.41,41048.05,41048.05,39667.47,30400.0
2020-10-16T00:00:00+05:30,39982.98,39936.61,40125.71,39699.42,11000.0
2020-10-19T00:00:00+05:30,40431.6,40318.57,40519.48,40211.22,12300.0
2020-10-20T00:00:00+05:30,40544.37,40420.29,40732.01,40305.59,12100.0
2020-10-21T00:00:00+05:30,40707.31,40767.14,40976.02,40150.48,16700.0
2020-10-22T00:00:00+05:30,40558.49,40531.31,40721.57,40309.05,13900.0
2020-10-23T00:00:00+05:30,40685.5,40728.39,40811.12,40590.9,12400.0
2020-10-26T00:00:00+05:30,40145.5,40649.76,40724.4,39948.29,10100.0
2020-10-27T00:00:00+05:30,40522.1,40199.08,40555.6,39978.39,13900.0
2020-10-28T00:00:00+05:30,39922.46,40664.35,40664.35,39774.6,29400.0
2020-10-29T00:00:00+05:30,39749.85,39537.17,40010.83,39524.25,19500.0
2020-10-30T00:00:00+05:30,39614.07,39779.82,39988.25,39241.87,12000.0
2020-11-02T00:00:00+05:30,39757.58,39880.38,39968.03,39334.92,15400.0
2020-11-03T00:00:00+05:30,40261.13,39990.75,40354.73,39952.79,21400.0
2020-11-04T00:00:00+05:30,40616.14,40171.71,40693.51,40076.47,20900.0
2020-11-05T00:00:00+05:30,41340.16,41112.12,41370.91,41030.17,42600.0
2020-11-06T00:00:00+05:30,41893.06,41438.76,41954.93,41383.29,19000.0
2020-11-09T00:00:00+05:30,42597.43,42273.97,42645.33,42263.64,24300.0
2020-11-10T00:00:00+05:30,43277.65,42959.25,43316.44,42660.09,28700.0
2020-11-11T00:00:00+05:30,43593.67,43444.06,43708.47,42970.21,30300.0
2020-11-12T00:00:00+05:30,43357.19,43291.89,43543.96,43127.55,14500.0
2020-11-13T00:00:00+05:30,43443.0,43298.92,43522.25,43053.37,24400.0
2020-11-17T00:00:00+05:30,43952.71,44095.85,44161.16,43699.22,20900.0
2020-11-18T00:00:00+05:30,44180.05,43978.58,44215.49,43785.78,18300.0
2020-11-19T00:00:00+05:30,43599.96,43902.24,44230.0,43518.11,24100.0
2020-11-20T00:00:00+05:30,43882.25,43732.14,44013.02,43453.75,17100.0
2020-11-23T00:00:00+05:30,44077.15,44164.17,44271.15,43747.22,17800.0
2020-11-24T00:00:00+05:30,44523.02,44341.19,44601.63,44247.12,17900.0
2020-11-25T00:00:00+05:30,43828.1,44749.73,44825.37,43757.97,19100.0
2020-11-26T00:00:00+05:30,44259.74,43967.59,44361.78,43582.4,14600.0
2020-11-27T00:00:00+05:30,44149.72,44325.03,44407.28,43995.41,15700.0
2020-12-01T00:00:00+05:30,44655.44,44435.83,44730.79,44118.1,16000.0
2020-12-02T00:00:00+05:30,44618.04,44729.52,44729.64,44169.97,16000.0
2020-12-03T00:00:00+05:30,44632.65,44902.02,44953.01,44551.42,30700.0
2020-12-04T00:00:00+05:30,45079.55,44665.91,45148.28,44665.91,27600.0
2020-12-07T00:00:00+05:30,45426.97,45099.92,45458.92,45024.47,18700.0
2020-12-08T00:00:00+05:30,45608.51,45568.8,45742.23,45335.17,18200.0
2020-12-09T00:00:00+05:30,46103.5,45891.04,46164.1,45792.01,20700.0
2020-12-10T00:00:00+05:30,45959.88,45999.42,46043.97,45685.87,12700.0
2020-12-11T00:00:00+05:30,46099.01,46060.32,46309.63,45706.22,26300.0
2020-12-14T00:00:00+05:30,46253.46,46284.7,46373.34,45951.53,18400.0
2020-12-15T00:00:00+05:30,46263.17,46287.39,46350.3,45841.67,16400.0
2020-12-16T00:00:00+05:30,46666.46,46573.31,46704.97,46402.2,13100.0
2020-12-17T00:00:00+05:30,46890.34,46774.32,46992.57,46627.6,17200.0
2020-12-18T00:00:00+05:30,46960.69,47026.02,47026.02,46630.31,12800.0
2020-12-21T00:00:00+05:30,45553.96,46932.18,47055.69,44923.08,24400.0
2020-12-22T00:00:00+05:30,46006.69,45529.61,46080.18,45112.19,25100.0
2020-12-23T00:00:00+05:30,46444.18,46072.3,46513.32,45899.1,10500.0
2020-12-24T00:00:00+05:30,46973.54,46743.49,47053.4,46539.02,13700.0
2020-12-28T00:00:00+05:30,47353.75,47153.59,47406.72,47148.24,9600.0
2020-12-29T00:00:00+05:30,47613.08,47466.62,47714.55,47361.9,12800.0
2020-12-30T00:00:00+05:30,47746.22,47789.03,47807.85,47358.36,15600.0
2020-12-31T00:00:00+05:30,47751.33,47753.11,47896.97,47602.12,13900.0
2021-01-01T00:00:00+05:30,47868.98,47785.28,47980.36,47771.15,82700.0
2021-01-04T00:00:00+05:30,48176.8,48109.17,48220.47,47594.47,13900.0
2021-01-05T00:00:00+05:30,48437.78,48037.63,48486.24,47903.38,12200.0
2021-01-06T00:00:00+05:30,48174.06,48616.66,48616.66,47864.14,22500.0
2021-01-07T00:00:00+05:30,48093.32,48524.36,48558.34,48037.87,18400.0
2021-01-08T00:00:00+05:30,48782.51,48464.91,48854.34,48365.58,22200.0
2021-01-11T00:00:00+05:30,49269.32,49252.31,49303.79,48956.38,21200.0
2021-01-12T00:00:00+05:30,49517.11,49228.26,49569.14,49079.57,12700.0
2021-01-13T00:00:00+05:30,49492.32,49763.93,49795.19,49073.85,27200.0
2021-01-14T00:00:00+05:30,49584.16,49432.83,49663.58,49182.37,24500.0
2021-01-15T00:00:00+05:30,49034.67,49656.71,49656.71,48795.79,14700.0
2021-01-18T00:00:00+05:30,48564.27,49061.22,49122.23,48403.97,16600.0
2021-01-19T00:00:00+05:30,49398.29,48900.31,49499.86,48805.54,11000.0
2021-01-20T00:00:00+05:30,49792.12,49508.79,49874.42,49373.68,12200.0
2021-01-21T00:00:00+05:30,49624.76,50096.57,50184.01,49398.86,19300.0
2021-01-22T00:00:00+05:30,48878.54,49594.95,49676.88,48832.08,18400.0
2021-01-25T00:00:00+05:30,48347.59,49253.68,49263.15,48274.92,15500.0
2021-01-27T00:00:00+05:30,47409.93,48385.28,48387.25,47269.6,19600.0
2021-01-28T00:00:00+05:30,46874.36,46834.57,47172.02,46518.48,25000.0
2021-01-29T00:00:00+05:30,46285.77,47423.47,47423.66,46160.46,14500.0
2021-02-01T00:00:00+05:30,48600.61,46617.95,48764.4,46433.65,22000.0
2021-02-02T00:00:00+05:30,49797.72,49193.26,50154.48,49193.26,28400.0
2021-02-03T00:00:00+05:30,50255.75,50231.06,50526.39,49515.88,22400.0
2021-02-04T00:00:00+05:30,50614.29,50212.25,50687.51,49926.45,33600.0
2021-02-05T00:00:00+05:30,50731.63,51031.39,51073.27,50565.29,32200.0
2021-02-08T00:00:00+05:30,51348.77,51146.67,51523.38,51146.67,20600.0
2021-02-09T00:00:00+05:30,51329.08,51484.23,51835.86,51193.93,21200.0
2021-02-10T00:00:00+05:30,51309.39,51355.89,51512.86,50846.22,16000.0
2021-02-11T00:00:00+05:30,51531.52,51165.84,51592.45,51157.31,12100.0
2021-02-12T00:00:00+05:30,51544.3,51614.77,51804.58,51260.62,15100.0
2021-02-15T00:00:00+05:30,52154.13,51907.75,52235.97,51886.46,14700.0
2021-02-16T00:00:00+05:30,52104.17,52400.03,52516.76,51863.61,21100.0
2021-02-17T00:00:00+05:30,51703.83,51996.94,52078.15,51586.34,13600.0
2021-02-18T00:00:00+05:30,51324.69,51903.96,51903.96,51186.68,18200.0
2021-02-19T00:00:00+05:30,50889.76,51238.02,51432.99,50624.33,15000.0
2021-02-22T00:00:00+05:30,49744.32,50910.51,50986.03,49617.37,16300.0
2021-02-23T00:00:00+05:30,49751.41,49994.85,50327.31,49659.85,14900.0
2021-02-24T00:00:00+05:30,50302.04,49763.94,50333.67,49648.78,45900.0
2021-02-25T00:00:00+05:30,51039.31,51207.61,51386.12,50991.76,33500.0
2021-02-26T00:00:00+05:30,49099.99,50256.71,50400.31,48890.48,23100.0
2021-03-01T00:00:00+05:30,49849.84,49747.71,50058.42,49440.46,18400.0
2021-03-02T00:00:00+05:30,50296.89,50258.09,50439.82,49807.12,17500.0
2021-03-03T00:00:00+05:30,51444.65,50738.21,51539.89,50512.84,15800.0
2021-03-04T00:00:00+05:30,50846.08,50812.14,51256.55,50539.92,21800.0
2021-03-05T00:00:00+05:30,50405.32,50517.36,50886.19,50160.54,19200.0
2021-03-08T00:00:00+05:30,50441.07,50654.02,50985.77,50318.26,14200.0
2021-03-09T00:00:00+05:30,51025.48,50714.16,51111.94,50396.1,12200.0
2021-03-10T00:00:00+05:30,51279.51,51404.68,51430.43,51048.93,9300.0
2021-03-12T00:00:00+05:30,50792.08,51660.98,51821.84,50538.43,12200.0
2021-03-15T00:00:00+05:30,50395.08,50773.47,50834.78,49799.07,17600.0
2021-03-16T00:00:00+05:30,50363.96,50608.42,50857.98,50289.44,100.0
2021-03-17T00:00:00+05:30,49801.62,50436.02,50561.12,49718.65,100.0
2021-03-18T00:00:00+05:30,49216.52,50161.25,50296.35,48962.36,12600.0
2021-03-19T00:00:00+05:30,49858.24,48881.19,50003.58,48586.93,17500.0
2021-03-22T00:00:00+05:30,49771.29,49878.77,49878.77,49281.02,11600.0
2021-03-23T00:00:00+05:30,50051.44,49876.21,50264.65,49661.92,13400.0
2021-03-24T00:00:00+05:30,49180.31,49786.47,49854.58,49120.34,9200.0
2021-03-25T00:00:00+05:30,48440.12,49201.98,49247.95,48236.35,14300.0
2021-03-26T00:00:00+05:30,49008.5,48969.25,49234.66,48699.91,10600.0
2021-03-30T00:00:00+05:30,50136.58,49331.68,50268.45,49331.68,10500.0
2021-03-31T00:00:00+05:30,49509.15,50049.12,50050.32,49442.5,11900.0
2021-04-01T00:00:00+05:30,50029.83,49868.53,50092.48,49478.53,8500.0
2021-04-05T00:00:00+05:30,49159.32,50020.91,50028.67,48580.8,12700.0
2021-04-06T00:00:00+05:30,49201.39,49441.13,49582.26,48936.35,9600.0
2021-04-07T00:00:00+05:30,49661.76,49277.09,49900.13,49093.9,9800.0
2021-04-08T00:00:00+05:30,49746.21,49885.26,50118.08,49581.61,21800.0
2021-04-09T00:00:00+05:30,49591.32,49743.39,49906.91,49461.01,8900.0
2021-04-12T00:00:00+05:30,47883.38,48956.65,48956.65,47693.44,19100.0
2021-04-13T00:00:00+05:30,48544.06,47991.53,48627.43,47775.32,10000.0
2021-04-15T00:00:00+05:30,48803.68,48512.77,48887.85,48010.55,16100.0
2021-04-16T00:00:00+05:30,48832.03,48935.74,49089.55,48694.49,11900.0
2021-04-19T00:00:00+05:30,47949.42,47940.81,48020.79,47362.71,10500.0
2021-04-20T00:00:00+05:30,47705.8,48473.04,48478.34,47438.5,11600.0
2021-04-22T00:00:00+05:30,48080.67,47501.71,48143.16,47204.5,15800.0
2021-04-23T00:00:00+05:30,47878.45,47863.81,48265.39,47669.55,11200.0
2021-04-26T00:00:00+05:30,48386.51,48197.37,48667.98,48152.24,15200.0
2021-04-27T00:00:00+05:30,48944.14,48424.08,49009.26,48399.53,10100.0
2021-04-28T00:00:00+05:30,49733.84,49066.64,49801.48,49066.64,14300.0
2021-04-29T00:00:00+05:30,49765.94,50093.86,50375.77,49535.98,13200.0
2021-04-30T00:00:00+05:30,48782.36,49360.89,49569.42,48698.08,19400.0
2021-05-03T00:00:00+05:30,48718.52,48356.01,48863.23,48028.07,14700.0
2021-05-04T00:00:00+05:30,48253.51,48881.63,48996.53,48149.45,13200.0
2021-05-05T00:00:00+05:30,48677.55,48569.12,48742.72,48254.32,12700.0
2021-05-06T00:00:00+05:30,48949.76,48877.78,49011.31,48614.11,9500.0
2021-05-07T00:00:00+05:30,49206.47,49169.14,49417.64,49036.38,0.0
2021-05-10T00:00:00+05:30,49502.41,49496.05,49617.47,49412.05,12200.0
2021-05-11T00:00:00+05:30,49161.81,49066.45,49304.47,48988.18,15000.0
2021-05-12T00:00:00+05:30,48690.8,49171.28,49171.28,48550.72,17400.0
2021-05-14T00:00:00+05:30,48732.55,48898.93,48898.93,48473.43,18200.0
2021-05-17T00:00:00+05:30,49580.73,48990.7,49628.42,48923.13,20600.0
2021-05-18T00:00:00+05:30,50193.33,49986.68,50313.25,49959.2,14400.0
2021-05-19T00:00:00+05:30,49902.64,50088.81,50279.01,49831.4,13300.0
2021-05-20T00:00:00+05:30,49564.86,49971.52,50099.17,49496.78,8300.0
2021-05-21T00:00:00+05:30,50540.48,49833.98,50591.12,49832.72,18100.0
2021-05-24T00:00:00+05:30,50651.9,50727.28,50857.59,50465.9,16800.0
2021-05-25T00:00:00+05:30,50637.53,50922.32,50961.35,50474.34,10800.0
2021-05-26T00:00:00+05:30,51017.52,50899.58,51072.61,50620.45,9400.0
2021-05-27T00:00:00+05:30,51115.22,51128.8,51282.9,50891.66,12300.0
2021-05-28T00:00:00+05:30,51422.88,51381.27,51529.32,51258.69,15200.0
2021-05-31T00:00:00+05:30,51937.44,51476.22,52013.22,51179.94,15300.0
2021-06-01T00:00:00+05:30,51934.88,52067.51,52228.65,51808.88,13400.0
2021-06-02T00:00:00+05:30,51849.48,51749.1,51913.92,51450.58,13500.0
2021-06-03T00:00:00+05:30,52232.43,52121.58,52273.23,51942.2,15000.0
2021-06-04T00:00:00+05:30,52100.05,52367.52,52389.02,51952.7,16700.0
2021-06-07T00:00:00+05:30,52328.51,52231.38,52378.69,52054.76,19800.0
2021-06-08T00:00:00+05:30,52275.57,52428.72,52432.43,52135.04,12300.0
2021-06-09T00:00:00+05:30,51941.64,52401.41,52446.92,51717.07,15200.0
2021-06-10T00:00:00+05:30,52300.47,52143.9,52346.35,51957.92,8600.0
2021-06-11T00:00:00+05:30,52474.76,52477.19,52641.53,52388.95,8500.0
2021-06-14T00:00:00+05:30,52551.53,52492.34,52590.92,51936.31,9900.0
2021-06-15T00:00:00+05:30,52773.05,52751.83,52869.51,52671.29,16300.0
2021-06-16T00:00:00+05:30,52501.98,52782.21,52816.31,52425.57,12900.0
2021-06-17T00:00:00+05:30,52323.33,52122.25,52523.88,52040.51,8900.0
2021-06-18T00:00:00+05:30,52344.45,52568.07,52586.41,51601.11,11800.0
2021-06-21T00:00:00+05:30,52574.46,51887.55,52629.18,51740.19,12500.0
2021-06-22T00:00:00+05:30,52588.71,52885.04,53057.11,52520.55,7700.0
2021-06-23T00:00:00+05:30,52306.08,52912.35,52912.35,52264.12,13600.0
2021-06-24T00:00:00+05:30,52699.0,52514.57,52830.68,52385.05,7900.0
2021-06-25T00:00:00+05:30,52925.04,52877.16,52973.07,52614.49,10700.0
2021-06-28T00:00:00+05:30,52735.59,53126.73,53126.73,52673.5,6200.0
2021-06-29T00:00:00+05:30,52549.66,52795.76,52816.42,52477.77,9200.0
2021-06-30T00:00:00+05:30,52482.71,52651.09,52875.92,52448.64,9500.0
2021-07-01T00:00:00+05:30,52318.6,52638.5,52638.5,52281.01,5800.0
2021-07-02T00:00:00+05:30,52484.67,52434.55,52527.9,52177.68,6400.0
2021-07-05T00:00:00+05:30,52880.0,52682.89,52919.17,52604.35,7600.0
2021-07-06T00:00:00+05:30,52861.18,52874.85,53129.37,52804.18,7000.0
2021-07-07T00:00:00+05:30,53054.76,52919.71,53105.41,52751.76,8000.0
2021-07-08T00:00:00+05:30,52568.94,53065.69,53103.03,52428.84,6400.0
2021-07-09T00:00:00+05:30,52386.19,52508.24,52555.73,52228.01,6400.0
2021-07-12T00:00:00+05:30,52372.69,52634.33,52700.51,52208.96,24900.0
2021-07-13T00:00:00+05:30,52769.73,52694.89,52806.86,52545.68,7900.0
2021-07-14T00:00:00+05:30,52904.05,52801.44,52978.58,52611.97,9300.0
2021-07-15T00:00:00+05:30,53158.85,52968.89,53266.12,52948.43,8100.0
2021-07-16T00:00:00+05:30,53140.06,53244.4,53290.81,52997.09,6700.0
2021-07-19T00:00:00+05:30,52553.4,52606.99,52821.17,52405.89,23800.0
2021-07-20T00:00:00+05:30,52198.51,52432.88,52465.03,52013.51,8000.0
2021-07-22T00:00:00+05:30,52837.21,52494.56,52867.26,52471.23,8300.0
2021-07-23T00:00:00+05:30,52975.8,52967.87,53114.7,52653.77,12100.0
2021-07-26T00:00:00+05:30,52852.27,52985.26,53103.42,52783.63,20900.0
2021-07-27T00:00:00+05:30,52578.76,52995.72,53024.7,52433.18,6300.0
2021-07-28T00:00:00+05:30,52443.71,52673.69,52673.69,51802.73,8000.0
2021-07-29T00:00:00+05:30,52653.07,52693.53,52777.18,52561.39,8800.0
2021-07-30T00:00:00+05:30,52586.84,52792.36,52910.23,52533.91,9900.0
2021-08-02T00:00:00+05:30,52950.63,52901.28,52986.77,52804.08,7900.0
2021-08-03T00:00:00+05:30,53823.36,53125.97,53887.98,53088.35,8100.0
2021-08-04T00:00:00+05:30,54369.77,54071.22,54465.91,54034.31,14600.0
2021-08-05T00:00:00+05:30,54492.84,54576.64,54717.24,54230.89,15300.0
2021-08-06T00:00:00+05:30,54277.72,54492.17,54633.58,54210.33,7200.0
2021-08-09T00:00:00+05:30,54402.85,54385.71,54584.73,54124.27,11500.0
2021-08-10T00:00:00+05:30,54554.66,54461.31,54779.66,54308.77,8700.0
2021-08-11T00:00:00+05:30,54525.93,54730.65,54758.74,54167.2,6500.0
2021-08-12T00:00:00+05:30,54843.98,54641.22,54874.1,54536.65,9300.0
2021-08-13T00:00:00+05:30,55437.29,54911.95,55487.79,54905.49,14100.0
2021-08-16T00:00:00+05:30,55582.58,55479.74,55680.75,55281.02,6000.0
2021-08-17T00:00:00+05:30,55792.27,55565.64,55854.88,55386.49,6800.0
2021-08-18T00:00:00+05:30,55629.49,56073.31,56118.57,55514.89,16100.0
2021-08-20T00:00:00+05:30,55329.32,55159.13,55543.16,55013.98,6800.0
2021-08-23T00:00:00+05:30,55555.79,55695.84,55781.17,55240.29,7500.0
2021-08-24T00:00:00+05:30,55958.98,55647.11,56023.22,55536.84,7600.0
2021-08-25T00:00:00+05:30,55944.21,56067.06,56198.13,55899.96,5400.0
2021-08-26T00:00:00+05:30,55949.1,55988.41,56112.39,55854.07,8300.0
2021-08-27T00:00:00+05:30,56124.72,55862.93,56188.23,55675.87,6000.0
2021-08-30T00:00:00+05:30,56889.76,56329.25,56958.27,56309.86,6600.0
2021-08-31T00:00:00+05:30,57552.39,56995.15,57625.26,56859.1,11200.0
2021-09-01T00:00:00+05:30,57338.21,57763.53,57918.71,57263.9,7300.0
2021-09-02T00:00:00+05:30,57852.54,57423.65,57892.37,57287.79,5100.0
2021-09-03T00:00:00+05:30,58129.95,57983.45,58194.79,57764.07,6100.0
2021-09-06T00:00:00+05:30,58296.91,58411.62,58515.85,58200.29,5600.0
2021-09-07T00:00:00+05:30,58279.48,58418.69,58553.07,58005.07,7400.0
2021-09-08T00:00:00+05:30,58250.26,58350.56,58372.94,57924.48,5300.0
2021-09-09T00:00:00+05:30,58305.07,58172.98,58334.59,58084.99,5300.0
2021-09-13T00:00:00+05:30,58177.76,58262.11,58314.64,57944.63,5600.0
2021-09-14T00:00:00+05:30,58247.09,58482.62,58482.62,58214.29,6700.0
2021-09-15T00:00:00+05:30,58723.2,58354.11,58777.06,58272.82,9600.0
2021-09-16T00:00:00+05:30,59141.16,58881.04,59204.29,58700.5,24700.0
2021-09-17T00:00:00+05:30,59015.89,59409.98,59737.32,58871.73,13100.0
2021-09-20T00:00:00+05:30,58490.93,58634.69,59202.56,58389.69,17400.0
2021-09-21T00:00:00+05:30,59005.27,58630.06,59084.51,58232.54,9500.0
2021-09-22T00:00:00+05:30,58927.33,59166.15,59178.44,58878.38,19200.0
2021-09-23T00:00:00+05:30,59885.36,59358.18,59957.25,59243.15,44600.0
2021-09-24T00:00:00+05:30,60048.47,60158.76,60333.0,59946.55,10900.0
2021-09-27T00:00:00+05:30,60077.88,60303.79,60412.32,59887.19,6200.0
2021-09-28T00:00:00+05:30,59667.6,60285.89,60288.44,59045.53,21100.0
2021-09-29T00:00:00+05:30,59413.27,59296.54,59678.66,59111.41,16100.0
2021-09-30T00:00:00+05:30,59126.36,59549.57,59557.24,59019.28,8900.0
2021-10-01T00:00:00+05:30,58765.58,58889.77,58890.08,58551.14,10200.0
2021-10-04T00:00:00+05:30,59299.32,59143.0,59548.82,58952.11,10000.0
2021-10-05T00:00:00+05:30,59744.88,59320.14,59778.87,59127.04,12900.0
2021-10-06T00:00:00+05:30,59189.73,59942.0,59963.57,59079.86,7000.0
2021-10-07T00:00:00+05:30,59677.83,59632.81,59914.91,59597.06,5700.0
2021-10-08T00:00:00+05:30,60059.06,59960.39,60212.3,59830.93,5700.0
2021-10-11T00:00:00+05:30,60135.78,60099.68,60476.13,59811.42,42500.0
2021-10-12T00:00:00+05:30,60284.31,60045.75,60331.74,59885.39,6500.0
2021-10-13T00:00:00+05:30,60737.05,60619.91,60836.63,60452.29,8500.0
2021-10-14T00:00:00+05:30,61305.95,61088.82,61353.25,60978.04,12600.0
2021-10-18T00:00:00+05:30,61765.59,61817.32,61963.07,61624.65,11800.0
2021-10-19T00:00:00+05:30,61716.05,62156.48,62245.43,61594.29,8600.0
2021-10-20T00:00:00+05:30,61259.96,61800.07,61880.36,61109.29,48400.0
2021-10-21T00:00:00+05:30,60923.5,61557.94,61621.2,60485.65,7300.0
2021-10-22T00:00:00+05:30,60821.62,61044.54,61420.13,60551.15,9400.0
2021-10-25T00:00:00+05:30,60967.05,61398.75,61404.99,60449.68,10500.0
2021-10-26T00:00:00+05:30,61350.26,60997.9,61497.71,60791.29,6700.0
2021-10-27T00:00:00+05:30,61143.33,61499.7,61576.85,60989.39,8900.0
2021-10-28T00:00:00+05:30,59984.7,61081.0,61081.0,59777.58,8600.0
2021-10-29T00:00:00+05:30,59306.93,59857.33,60132.81,59089.37,9000.0
2021-11-01T00:00:00+05:30,60138.46,59577.48,60220.21,59355.12,7200.0
2021-11-02T00:00:00+05:30,60029.06,60360.61,60421.14,59881.75,6000.0
2021-11-03T00:00:00+05:30,59771.92,60275.21,60361.82,59552.49,8500.0
2021-11-04T00:00:00+05:30,60067.62,60207.97,60207.97,60011.46,1800.0
2021-11-08T00:00:00+05:30,60545.61,60385.76,60609.16,59779.19,7500.0
2021-11-09T00:00:00+05:30,60433.45,60609.72,60670.47,60213.64,6200.0
2021-11-10T00:00:00+05:30,60352.82,60295.26,60506.5,59967.45,7500.0
2021-11-11T00:00:00+05:30,59919.69,60291.7,60293.25,59656.26,6200.0
2021-11-12T00:00:00+05:30,60686.69,60248.04,60750.72,59997.96,6900.0
2021-11-15T00:00:00+05:30,60718.71,60837.4,61036.56,60597.36,7100.0
2021-11-16T00:00:00+05:30,60322.37,60755.38,60802.79,60199.56,6300.0
2021-11-17T00:00:00+05:30,60008.33,60179.93,60426.61,59944.77,19900.0
2021-11-18T00:00:00+05:30,59636.01,59968.75,60177.52,59376.5,7800.0
2021-11-22T00:00:00+05:30,58465.89,59710.48,59778.37,58011.92,10600.0
2021-11-23T00:00:00+05:30,58664.33,57983.95,58834.95,57718.34,12000.0
2021-11-24T00:00:00+05:30,58340.99,58839.32,58968.12,58143.44,8800.0
2021-11-25T00:00:00+05:30,58795.09,58363.93,58901.58,58143.86,6800.0
2021-11-26T00:00:00+05:30,57107.15,58254.79,58254.79,56993.89,8400.0
2021-11-29T00:00:00+05:30,57260.58,57028.04,57626.51,56382.93,8400.0
2021-11-30T00:00:00+05:30,57064.87,57272.08,58183.77,56867.51,8100.0
2021-12-01T00:00:00+05:30,57684.79,57365.85,57846.45,57346.78,11700.0
2021-12-02T00:00:00+05:30,58461.29,57781.48,58513.93,57680.41,8100.0
2021-12-03T00:00:00+05:30,57696.46,58555.58,58757.09,57640.57,8500.0
2021-12-06T00:00:00+05:30,56747.14,57778.01,57781.46,56687.62,7200.0
2021-12-07T00:00:00+05:30,57633.65,57125.98,57905.63,56992.27,10900.0
2021-12-08T00:00:00+05:30,58649.68,58158.56,58702.65,58122.27,13400.0
2021-12-09T00:00:00+05:30,58807.13,58831.41,58889.96,58340.85,7900.0
2021-12-10T00:00:00+05:30,58786.67,58696.71,58859.91,58414.76,5600.0
2021-12-13T00:00:00+05:30,58283.42,59103.72,59203.37,58242.8,5900.0
2021-12-14T00:00:00+05:30,58117.09,58059.76,58322.42,57803.87,6800.0
2021-12-15T00:00:00+05:30,57788.03,58122.0,58218.25,57671.61,7600.0
2021-12-16T00:00:00+05:30,57901.14,58243.43,58337.2,57683.11,5200.0
2021-12-17T00:00:00+05:30,57011.74,58021.63,58062.28,56950.98,8600.0
2021-12-20T00:00:00+05:30,55822.01,56517.26,56538.15,55132.68,13300.0
2021-12-21T00:00:00+05:30,56319.01,56320.02,56900.74,56047.22,7400.0
2021-12-22T00:00:00+05:30,56930.56,56599.47,56989.01,56471.03,6100.0
2021-12-23T00:00:00+05:30,57315.28,57251.15,57490.52,57146.28,6000.0
2021-12-24T00:00:00+05:30,57124.31,57567.11,57623.69,56813.42,6400.0
2021-12-27T00:00:00+05:30,57420.24,56948.33,57512.01,56543.08,5700.0
2021-12-28T00:00:00+05:30,57897.48,57751.21,57952.48,57650.29,5500.0
2021-12-29T00:00:00+05:30,57806.49,57892.31,58097.07,57684.58,5300.0
2021-12-30T00:00:00+05:30,57794.32,57755.4,58010.03,57578.99,7300.0
2021-12-31T00:00:00+05:30,58253.82,57849.76,58409.3,57846.52,7000.0
2022-01-03T00:00:00+05:30,59183.22,58310.09,59266.39,58306.45,8200.0
2022-01-04T00:00:00+05:30,59855.93,59343.79,59937.33,59084.4,9100.0
2022-01-05T00:00:00+05:30,60223.15,59921.98,60332.72,59661.38,8600.0
2022-01-06T00:00:00+05:30,59601.84,59731.75,59781.86,59290.58,6000.0
2022-01-07T00:00:00+05:30,59744.65,59776.1,60130.18,59401.44,8300.0
2022-01-10T00:00:00+05:30,60395.63,60070.39,60427.36,59987.18,7600.0
2022-01-11T00:00:00+05:30,60616.89,60342.7,60689.25,60281.52,6500.0
2022-01-12T00:00:00+05:30,61150.04,61014.37,61218.19,60850.93,6200.0
2022-01-13T00:00:00+05:30,61235.3,61259.99,61348.57,60949.81,9300.0
2022-01-14T00:00:00+05:30,61223.03,61040.32,61324.59,60757.03,6900.0
2022-01-17T00:00:00+05:30,61308.91,61219.64,61385.48,61107.6,7600.0
2022-01-18T00:00:00+05:30,60754.86,61430.77,61475.15,60662.57,12500.0
2022-01-19T00:00:00+05:30,60098.82,60845.59,60870.17,59949.22,7000.0
2022-01-20T00:00:00+05:30,59464.62,60045.48,60045.48,59068.31,11800.0
2022-01-21T00:00:00+05:30,59037.18,59039.37,59329.63,58620.93,7600.0
2022-01-24T00:00:00+05:30,57491.51,59023.97,59023.97,56984.01,10800.0
2022-01-25T00:00:00+05:30,57858.15,57158.63,57966.93,56409.63,10400.0
2022-01-27T00:00:00+05:30,57276.94,57317.38,57508.61,56439.36,10300.0
2022-01-28T00:00:00+05:30,57200.23,57795.11,58084.33,57119.28,13000.0
2022-01-31T00:00:00+05:30,58014.17,57845.91,58257.63,57746.15,7400.0
2022-02-01T00:00:00+05:30,58862.57,58672.86,59032.2,57737.66,14000.0
2022-02-02T00:00:00+05:30,59558.33,59293.44,59618.51,59193.05,8500.0
2022-02-03T00:00:00+05:30,58788.02,59528.16,59557.87,58653.94,7100.0
2022-02-04T00:00:00+05:30,58644.82,58918.65,58943.62,58446.95,7300.0
2022-02-07T00:00:00+05:30,57621.19,58549.67,58707.76,57299.05,11500.0
2022-02-08T00:00:00+05:30,57808.58,57799.67,57925.82,57058.77,8900.0
2022-02-09T00:00:00+05:30,58465.97,58163.01,58507.61,58105.18,5900.0
2022-02-10T00:00:00+05:30,58926.03,58810.53,59060.24,58332.28,6700.0
2022-02-11T00:00:00+05:30,58152.92,58447.15,58447.15,57914.1,5700.0
2022-02-14T00:00:00+05:30,56405.84,56720.32,57191.91,56295.7,8300.0
2022-02-15T00:00:00+05:30,58142.05,56731.56,58211.38,56438.47,10000.0
2022-02-16T00:00:00+05:30,57996.68,58310.68,58569.22,57780.28,7300.0
2022-02-17T00:00:00+05:30,57892.01,58217.69,58346.0,57635.43,6400.0
2022-02-18T00:00:00+05:30,57832.97,57488.39,58175.35,57488.39,9800.0
2022-02-21T00:00:00+05:30,57683.59,57551.65,58141.96,57167.02,6600.0
2022-02-22T00:00:00+05:30,57300.68,56438.64,57505.85,56394.85,14100.0
2022-02-23T00:00:00+05:30,57232.06,57632.94,57733.37,57109.24,6200.0
2022-02-24T00:00:00+05:30,54529.91,55418.45,55996.09,54383.2,15600.0
2022-02-25T00:00:00+05:30,55858.52,55321.72,56183.7,55299.28,9900.0
2022-02-28T00:00:00+05:30,56247.28,55329.46,56324.54,54833.5,7700.0
2022-03-02T00:00:00+05:30,55468.9,55629.3,55755.09,55020.1,12400.0
2022-03-03T00:00:00+05:30,55102.68,55921.44,55996.62,54931.48,9900.0
2022-03-04T00:00:00+05:30,54333.81,54653.59,55013.27,53887.72,11000.0
2022-03-07T00:00:00+05:30,52842.75,53172.51,53203.87,52367.1,17100.0
2022-03-08T00:00:00+05:30,53424.09,52430.06,53484.26,52260.82,16300.0
2022-03-09T00:00:00+05:30,54647.33,53793.99,54893.73,53367.52,14100.0
2022-03-10T00:00:00+05:30,55464.39,56242.47,56242.47,54982.82,9800.0
2022-03-11T00:00:00+05:30,55550.3,55218.78,55833.95,55049.95,9700.0
2022-03-14T00:00:00+05:30,56486.02,55614.4,56545.83,55556.47,9100.0
2022-03-15T00:00:00+05:30,55776.85,56663.87,56720.6,55418.95,8100.0
2022-03-16T00:00:00+05:30,56816.65,56555.33,56860.89,56389.26,6900.0
2022-03-17T00:00:00+05:30,57863.93,57620.28,58095.84,57518.06,7200.0
2022-03-21T00:00:00+05:30,57292.49,58030.41,58127.95,57229.08,6400.0
2022-03-22T00:00:00+05:30,57989.3,57297.57,58052.87,56930.3,7800.0
2022-03-23T00:00:00+05:30,57684.82,58198.64,58416.56,57568.59,9100.0
2022-03-24T00:00:00+05:30,57595.68,57190.05,57827.99,57138.51,51400.0
2022-03-25T00:00:00+05:30,57362.2,57801.72,57845.37,57100.24,6900.0
2022-03-28T00:00:00+05:30,57593.49,57472.72,57638.34,56825.09,6300.0
2022-03-29T00:00:00+05:30,57943.65,57814.76,58001.53,57639.35,12100.0
2022-03-30T00:00:00+05:30,58683.99,58362.85,58727.78,58176.0,6300.0
2022-03-31T00:00:00+05:30,58568.51,58779.71,58890.92,58485.79,4400.0
2022-04-01T00:00:00+05:30,59276.69,58530.73,59396.62,58450.04,6400.0
2022-04-04T00:00:00+05:30,60611.74,59764.13,60845.1,59760.22,12600.0
2022-04-05T00:00:00+05:30,60176.5,60786.07,60786.07,60067.18,6800.0
2022-04-06T00:00:00+05:30,59610.41,59815.71,59941.57,59509.84,10600.0
2022-04-07T00:00:00+05:30,59034.95,59402.61,59504.92,58977.35,8300.0
2022-04-08T00:00:00+05:30,59447.18,59256.97,59654.44,58876.36,8400.0
2022-04-11T00:00:00+05:30,58964.57,59333.18,59355.76,58894.4,9000.0
2022-04-12T00:00:00+05:30,58576.37,58743.5,58794.78,58298.57,7500.0
2022-04-13T00:00:00+05:30,58338.93,58910.74,59003.82,58291.23,6600.0
2022-04-18T00:00:00+05:30,57166.74,57338.58,57420.8,56842.39,13500.0
2022-04-19T00:00:00+05:30,56463.15,57381.77,57464.08,56009.07,13500.0
2022-04-20T00:00:00+05:30,57037.5,56741.43,57216.51,56521.33,7600.0
2022-04-21T00:00:00+05:30,57911.68,57458.6,57991.53,57311.86,8000.0
2022-04-22T00:00:00+05:30,57197.15,57531.95,57689.86,57134.72,7600.0
2022-04-25T00:00:00+05:30,56579.89,56757.64,56875.65,56356.87,7000.0
2022-04-26T00:00:00+05:30,57356.61,57066.24,57442.24,56904.51,7300.0
2022-04-27T00:00:00+05:30,56819.39,56983.68,57079.03,56584.04,6600.0
2022-04-28T00:00:00+05:30,57521.06,57296.31,57790.85,56936.94,100.0
2022-04-29T00:00:00+05:30,57060.87,57817.51,57975.48,56902.3,9500.0
2022-05-02T00:00:00+05:30,56975.99,56429.45,57054.23,56412.62,7900.0
2022-05-04T00:00:00+05:30,55669.03,57124.91,57184.21,55501.6,50700.0
2022-05-05T00:00:00+05:30,55702.23,56255.07,56566.8,55613.82,8200.0
2022-05-06T00:00:00+05:30,54835.58,54928.29,55070.12,54586.75,8000.0
2022-05-09T00:00:00+05:30,54470.67,54188.21,54795.47,53918.02,9300.0
2022-05-10T00:00:00+05:30,54364.85,54309.31,54857.02,54226.33,8000.0
2022-05-11T00:00:00+05:30,54088.39,54544.91,54598.55,53519.3,7200.0
2022-05-12T00:00:00+05:30,52930.31,53608.35,53632.55,52702.3,6900.0
2022-05-13T00:00:00+05:30,52793.62,53565.74,53785.71,52654.89,9300.0
2022-05-16T00:00:00+05:30,52973.84,52946.32,53428.28,52632.48,4800.0
2022-05-17T00:00:00+05:30,54318.47,53285.19,54399.42,53176.02,7400.0
2022-05-18T00:00:00+05:30,54208.53,54554.89,54786.0,54130.89,5800.0
2022-05-19T00:00:00+05:30,52792.23,53070.3,53356.04,52669.51,9100.0
2022-05-20T00:00:00+05:30,54326.39,53513.97,54396.43,53403.29,7600.0
2022-05-23T00:00:00+05:30,54288.61,54459.95,54931.3,54191.55,7100.0
2022-05-24T00:00:00+05:30,54052.61,54307.56,54524.37,53886.28,5600.0
2022-05-25T00:00:00+05:30,53749.26,54254.07,54379.59,53683.16,6200.0
2022-05-26T00:00:00+05:30,54252.53,53950.84,54346.22,53425.25,7500.0
2022-05-27T00:00:00+05:30,54884.66,54671.5,54936.63,54449.34,7000.0
2022-05-30T00:00:00+05:30,55925.74,55507.75,56082.65,55466.3,5900.0
2022-05-31T00:00:00+05:30,55566.41,55622.01,55925.62,55369.14,8300.0
2022-06-01T00:00:00+05:30,55381.17,55588.27,55791.49,55091.43,7300.0
2022-06-02T00:00:00+05:30,55818.11,55382.44,55891.92,55135.11,5900.0
2022-06-03T00:00:00+05:30,55769.23,56245.6,56432.65,55719.36,5900.0
2022-06-06T00:00:00+05:30,55675.32,55610.64,55832.28,55295.74,4300.0
2022-06-07T00:00:00+05:30,55107.34,55373.18,55387.77,54882.41,3600.0
2022-06-08T00:00:00+05:30,54892.49,55345.51,55423.97,54683.3,6000.0
2022-06-09T00:00:00+05:30,55320.28,54514.17,55366.84,54507.41,6000.0
2022-06-10T00:00:00+05:30,54303.44,54760.25,54780.78,54205.99,4800.0
2022-06-13T00:00:00+05:30,52846.7,53184.61,53207.54,52527.08,7500.0
2022-06-14T00:00:00+05:30,52693.57,52495.94,53095.32,52459.48,6900.0
2022-06-15T00:00:00+05:30,52541.39,52650.41,52867.73,52493.36,5900.0
2022-06-16T00:00:00+05:30,51495.79,53018.91,53142.5,51425.48,9200.0
2022-06-17T00:00:00+05:30,51360.42,51181.99,51652.83,50921.22,8300.0
2022-06-20T00:00:00+05:30,51597.84,51470.03,51714.61,51062.93,7000.0
2022-06-21T00:00:00+05:30,52532.07,51897.6,52799.4,51808.76,5100.0
2022-06-22T00:00:00+05:30,51822.53,52186.36,52272.85,51739.98,5800.0
2022-06-23T00:00:00+05:30,52265.72,51972.75,52516.79,51632.85,5600.0
2022-06-24T00:00:00+05:30,52727.98,52654.24,52909.87,52447.25,5000.0
2022-06-27T00:00:00+05:30,53161.28,53468.89,53509.5,53120.79,5300.0
2022-06-28T00:00:00+05:30,53177.45,52846.26,53301.4,52771.53,5500.0
2022-06-29T00:00:00+05:30,53026.97,52623.15,53244.84,52612.68,5200.0
2022-06-30T00:00:00+05:30,53018.94,52897.16,53377.54,52883.25,5600.0
2022-07-01T00:00:00+05:30,52907.93,52863.34,53053.04,52094.25,7200.0
2022-07-04T00:00:00+05:30,53234.77,52851.67,53301.99,52674.81,7000.0
2022-07-05T00:00:00+05:30,53134.35,53501.21,53865.93,53054.3,6800.0
2022-07-06T00:00:00+05:30,53750.97,53170.7,53819.31,53143.28,14800.0
2022-07-07T00:00:00+05:30,54178.46,54146.68,54254.79,53927.26,7500.0
2022-07-08T00:00:00+05:30,54481.84,54574.43,54627.14,54278.77,7500.0
2022-07-11T00:00:00+05:30,54395.23,54248.6,54527.9,54090.53,6100.0
2022-07-12T00:00:00+05:30,53886.61,54219.78,54236.49,53824.97,6300.0
2022-07-13T00:00:00+05:30,53514.15,54210.1,54211.22,53455.26,5700.0
2022-07-14T00:00:00+05:30,53416.15,53688.62,53861.28,53163.77,4700.0
2022-07-15T00:00:00+05:30,53760.78,53637.88,53811.37,53361.62,5600.0
2022-07-18T00:00:00+05:30,54521.15,54069.3,54556.66,54034.97,63800.0
2022-07-19T00:00:00+05:30,54767.62,54251.88,54817.52,54232.82,6900.0
2022-07-20T00:00:00+05:30,55397.53,55486.12,55630.26,55298.23,6800.0
2022-07-21T00:00:00+05:30,55681.95,55391.93,55738.49,55270.75,6700.0
2022-07-22T00:00:00+05:30,56072.23,55800.84,56186.05,55685.45,6500.0
2022-07-25T00:00:00+05:30,55766.22,55877.5,56018.09,55537.08,6100.0
2022-07-26T00:00:00+05:30,55268.49,55834.38,55834.38,55203.43,4900.0
2022-07-27T00:00:00+05:30,55816.32,55258.29,55853.09,55157.99,3800.0
2022-07-28T00:00:00+05:30,56857.79,56267.55,56914.22,56236.45,13900.0
2022-07-29T00:00:00+05:30,57570.25,57258.13,57619.27,57104.81,16800.0
2022-08-01T00:00:00+05:30,58115.5,57823.1,58170.67,57540.36,72600.0
2022-08-02T00:00:00+05:30,58136.36,58049.02,58328.41,57744.7,15500.0
2022-08-03T00:00:00+05:30,58350.53,58174.11,58415.63,57788.78,7200.0
2022-08-04T00:00:00+05:30,58298.8,58571.28,58712.66,57577.05,8900.0
2022-08-05T00:00:00+05:30,58387.93,58421.04,58649.19,58244.86,9300.0
2022-08-08T00:00:00+05:30,58853.07,58417.71,58934.9,58266.65,9800.0
2022-08-09T00:00:00+05:30,58853.07,58417.71,58934.9,58266.65,0.0
2022-08-10T00:00:00+05:30,58817.29,58977.34,58984.32,58583.36,9800.0
2022-08-11T00:00:00+05:30,59332.6,59320.45,59484.99,59251.14,10700.0
2022-08-12T00:00:00+05:30,59462.78,59235.98,59538.08,59113.01,14200.0
2022-08-15T00:00:00+05:30,59462.78,59235.98,59538.08,59113.01,0.0
2022-08-16T00:00:00+05:30,59842.21,59675.12,59923.03,59673.96,0.0
2022-08-17T00:00:00+05:30,60260.13,59938.05,60323.25,59857.8,9700.0
2022-08-18T00:00:00+05:30,60298.0,60080.19,60341.41,59946.44,10900.0
2022-08-19T00:00:00+05:30,59646.15,60351.23,60411.2,59474.57,11700.0
2022-08-22T00:00:00+05:30,58773.87,59361.08,59402.5,58705.11,10600.0
2022-08-23T00:00:00+05:30,59031.3,58205.97,59199.11,58172.48,13000.0
2022-08-24T00:00:00+05:30,59085.43,58853.32,59170.87,58760.09,11800.0
2022-08-25T00:00:00+05:30,58774.72,59315.98,59484.35,58666.41,9700.0
2022-08-26T00:00:00+05:30,58833.87,59050.67,59321.65,58722.69,9000.0
2022-08-29T00:00:00+05:30,57972.62,57367.47,58208.3,57367.47,14500.0
2022-08-30T00:00:00+05:30,59537.07,58259.85,59599.78,58245.49,12800.0
2022-08-31T00:00:00+05:30,59537.07,58259.85,59599.78,58245.49,0.0
2022-09-01T00:00:00+05:30,58766.59,58710.53,59309.79,58522.57,19200.0
2022-09-02T00:00:00+05:30,58803.33,58969.02,59108.66,58558.64,10700.0
2022-09-05T00:00:00+05:30,59245.98,58814.08,59308.25,58812.2,12900.0
2022-09-06T00:00:00+05:30,59196.99,59285.36,59566.67,58974.26,13800.0
2022-09-07T00:00:00+05:30,59028.91,58789.26,59166.46,58722.89,9000.0
2022-09-08T00:00:00+05:30,59688.22,59374.99,59711.96,59315.71,12100.0
2022-09-09T00:00:00+05:30,59793.14,60045.75,60119.8,59634.39,13100.0
2022-09-12T00:00:00+05:30,60115.13,59912.29,60284.55,59912.29,14300.0
2022-09-13T00:00:00+05:30,60571.08,60408.29,60635.28,60381.02,8500.0
2022-09-14T00:00:00+05:30,60346.97,59417.12,60649.04,59417.12,19700.0
2022-09-15T00:00:00+05:30,59934.01,60454.37,60676.12,59865.75,10300.0
2022-09-16T00:00:00+05:30,58840.79,59585.72,59720.56,58687.17,13500.0
2022-09-19T00:00:00+05:30,59141.23,58747.31,59277.55,58487.76,58000.0
2022-09-20T00:00:00+05:30,59719.74,59556.91,60105.79,59556.91,10400.0
2022-09-21T00:00:00+05:30,59456.78,59504.14,59799.04,59275.4,8600.0
2022-09-22T00:00:00+05:30,59119.72,59073.84,59457.58,58832.78,10000.0
2022-09-23T00:00:00+05:30,58098.92,59005.18,59143.32,57981.95,14900.0
2022-09-26T00:00:00+05:30,57145.22,57525.03,57708.38,57038.24,17900.0
2022-09-27T00:00:00+05:30,57107.52,57376.52,57704.57,56950.52,13900.0
2022-09-28T00:00:00+05:30,56598.28,56710.13,57213.33,56485.67,26800.0
2022-09-29T00:00:00+05:30,56409.96,56997.9,57166.14,56314.05,11400.0
2022-09-30T00:00:00+05:30,57426.92,56240.15,57722.63,56147.23,12300.0
2022-10-03T00:00:00+05:30,56788.81,57403.92,57454.84,56683.4,8100.0
2022-10-04T00:00:00+05:30,58065.47,57506.65,58099.94,57506.65,6400.0
2022-10-05T00:00:00+05:30,58065.47,57506.65,58099.94,57506.65,0.0
2022-10-06T00:00:00+05:30,58222.1,58314.05,58578.76,58173.7,9600.0
2022-10-07T00:00:00+05:30,58191.29,58092.56,58269.34,57851.15,7300.0
2022-10-10T00:00:00+05:30,57991.11,57424.07,58125.01,57365.68,6800.0
2022-10-11T00:00:00+05:30,57147.32,58004.25,58027.52,57050.4,52700.0
2022-10-12T00:00:00+05:30,57625.91,57312.49,57687.64,57085.92,7600.0
2022-10-13T00:00:00+05:30,57235.33,57512.74,57568.14,57055.75,9500.0
2022-10-14T00:00:00+05:30,57919.97,58162.74,58435.12,57848.23,9400.0
2022-10-17T00:00:00+05:30,58410.98,57752.5,58449.0,57639.8,53500.0
2022-10-18T00:00:00+05:30,58960.6,58744.13,59143.66,58744.13,8600.0
2022-10-19T00:00:00+05:30,59107.19,59196.96,59399.69,58961.77,6800.0
2022-10-20T00:00:00+05:30,59202.9,58824.48,59273.85,58791.28,8600.0
2022-10-21T00:00:00+05:30,59307.15,59381.36,59590.93,59132.94,10800.0
2022-10-24T00:00:00+05:30,59831.66,59804.02,59994.25,59776.66,2100.0
2022-10-25T00:00:00+05:30,59543.96,60002.96,60081.24,59489.02,14900.0
2022-10-26T00:00:00+05:30,59543.96,60002.96,60081.24,59489.02,0.0
2022-10-27T00:00:00+05:30,59756.84,59792.32,59959.94,59496.8,9500.0
2022-10-28T00:00:00+05:30,59959.85,59746.8,60133.17,59739.05,10000.0
2022-10-31T00:00:00+05:30,60746.59,60246.96,60786.7,60246.96,8000.0
2022-11-01T00:00:00+05:30,61121.35,61065.58,61289.73,60868.69,58200.0
2022-11-02T00:00:00+05:30,60906.09,61156.89,61209.65,60794.39,10800.0
2022-11-03T00:00:00+05:30,60836.41,60511.57,60994.37,60485.14,25000.0
2022-11-04T00:00:00+05:30,60950.36,60698.27,61004.49,60666.01,13600.0
2022-11-07T00:00:00+05:30,61185.15,61188.13,61401.54,60714.36,17000.0
2022-11-08T00:00:00+05:30,61185.15,61188.13,61401.54,60714.36,0.0
2022-11-09T00:00:00+05:30,61033.55,61304.29,61447.23,60905.15,9100.0
2022-11-10T00:00:00+05:30,60613.7,60524.27,60848.73,60425.47,10200.0
2022-11-11T00:00:00+05:30,61795.04,61311.02,61840.97,61311.02,14400.0
2022-11-14T00:00:00+05:30,61624.15,61765.86,61916.24,61572.03,20600.0
2022-11-15T00:00:00+05:30,61872.99,61630.05,61955.96,61436.9,11400.0
2022-11-16T00:00:00+05:30,61980.72,61708.63,62052.57,61708.63,6600.0
2022-11-17T00:00:00+05:30,61750.6,61812.36,62050.8,61643.27,9100.0
2022-11-18T00:00:00+05:30,61663.48,61858.2,61929.88,61337.43,10600.0
2022-11-21T00:00:00+05:30,61144.84,61456.33,61456.33,61059.33,7900.0
2022-11-22T00:00:00+05:30,61418.96,61126.56,61466.63,61073.68,9700.0
2022-11-23T00:00:00+05:30,61510.58,61779.71,61780.9,61442.69,9800.0
2022-11-24T00:00:00+05:30,62272.68,61656.0,62412.33,61600.42,7700.0
2022-11-25T00:00:00+05:30,62293.64,62327.88,62447.73,62115.66,7100.0
2022-11-28T00:00:00+05:30,62504.8,62016.35,62701.4,61959.74,7000.0
2022-11-29T00:00:00+05:30,62681.84,62362.08,62887.4,62362.08,11200.0
2022-11-30T00:00:00+05:30,63099.65,62743.47,63303.01,62648.38,8900.0
2022-12-01T00:00:00+05:30,63284.19,63357.99,63583.07,63183.77,17300.0
2022-12-02T00:00:00+05:30,62868.5,62978.58,63148.59,62679.63,6400.0
2022-12-05T00:00:00+05:30,62834.6,62865.28,62939.63,62507.88,13100.0
2022-12-06T00:00:00+05:30,62626.36,62395.55,62677.84,62390.07,6100.0
2022-12-07T00:00:00+05:30,62410.68,62615.52,62759.97,62316.65,4800.0
2022-12-08T00:00:00+05:30,62570.68,62504.04,62633.56,62320.18,13700.0
2022-12-09T00:00:00+05:30,62181.67,62690.86,62735.42,61889.11,7300.0
2022-12-12T00:00:00+05:30,62130.57,61770.56,62239.42,61676.15,7000.0
2022-12-13T00:00:00+05:30,62533.3,62300.67,62567.92,62129.57,12000.0
2022-12-14T00:00:00+05:30,62677.91,62685.94,62835.11,62591.28,5700.0
2022-12-15T00:00:00+05:30,61799.03,62530.07,62624.81,61715.61,5600.0
2022-12-16T00:00:00+05:30,61337.81,61534.24,61893.22,61292.53,7000.0
2022-12-19T00:00:00+05:30,61806.19,61405.8,61844.92,61265.31,4800.0
2022-12-20T00:00:00+05:30,61702.29,61608.85,61780.37,61102.68,4500.0
2022-12-21T00:00:00+05:30,61067.24,61993.71,62006.46,60938.38,6600.0
2022-12-22T00:00:00+05:30,60826.22,61257.17,61464.38,60637.24,9100.0
2022-12-23T00:00:00+05:30,59845.29,60205.56,60546.88,59765.56,8100.0
2022-12-26T00:00:00+05:30,60566.42,59755.08,60833.78,59754.1,6500.0
2022-12-27T00:00:00+05:30,60927.43,60861.41,60986.68,60405.66,11100.0
2022-12-28T00:00:00+05:30,60910.28,60811.52,61075.33,60713.77,10000.0
2022-12-29T00:00:00+05:30,61133.88,60628.29,61210.65,60479.06,7900.0
2022-12-30T00:00:00+05:30,60840.74,61329.16,61392.68,60743.71,8000.0
2023-01-02T00:00:00+05:30,61167.79,60871.24,61222.79,60764.63,18500.0
2023-01-03T00:00:00+05:30,61294.2,61074.88,61343.96,61004.04,6700.0
2023-01-04T00:00:00+05:30,60657.45,61294.65,61327.21,60593.56,7900.0
2023-01-05T00:00:00+05:30,60353.27,60847.5,60877.06,60049.84,8900.0
2023-01-06T00:00:00+05:30,59900.37,60388.74,60537.63,59669.91,8600.0
2023-01-09T00:00:00+05:30,60747.31,60147.07,60889.41,60109.94,8000.0
2023-01-10T00:00:00+05:30,60115.48,60805.14,60809.65,59938.38,8500.0
2023-01-11T00:00:00+05:30,60105.5,60134.56,60364.77,59805.78,9700.0
2023-01-12T00:00:00+05:30,59958.03,60083.03,60290.35,59632.32,6100.0
2023-01-13T00:00:00+05:30,60261.18,60044.96,60418.26,59628.43,7200.0
2023-01-16T00:00:00+05:30,60092.97,60550.5,60586.77,59963.83,6500.0
2023-01-17T00:00:00+05:30,60655.72,60142.08,60704.48,60072.34,6600.0
2023-01-18T00:00:00+05:30,61045.74,60716.03,61110.25,60569.19,6900.0
2023-01-19T00:00:00+05:30,60858.43,60920.02,61032.47,60716.55,8500.0
2023-01-20T00:00:00+05:30,60621.77,60901.16,61001.18,60585.25,6300.0
2023-01-23T00:00:00+05:30,60941.67,60876.01,61113.27,60761.88,6600.0
2023-01-24T00:00:00+05:30,60978.75,61122.2,61266.06,60849.12,9500.0
2023-01-25T00:00:00+05:30,60205.06,60834.73,60899.21,60081.36,8100.0
2023-01-26T00:00:00+05:30,60205.06,60834.73,60899.21,60081.36,0.0
2023-01-27T00:00:00+05:30,59330.9,60166.9,60166.9,58974.7,12900.0
2023-01-30T00:00:00+05:30,59500.41,59101.69,59644.24,58699.2,11500.0
2023-01-31T00:00:00+05:30,59549.9,59770.83,59787.63,59104.59,9000.0
2023-02-01T00:00:00+05:30,59708.08,60001.17,60773.44,58816.84,25300.0
2023-02-02T00:00:00+05:30,59932.24,59459.87,60007.67,59215.62,10400.0
2023-02-03T00:00:00+05:30,60841.88,60350.01,60905.34,60013.06,9100.0
2023-02-06T00:00:00+05:30,60506.9,60847.21,60847.21,60345.61,7500.0
2023-02-07T00:00:00+05:30,60286.04,60511.32,60655.14,60063.49,13600.0
2023-02-08T00:00:00+05:30,60663.79,60332.99,60792.1,60324.92,13300.0
2023-02-09T00:00:00+05:30,60806.22,60715.89,60863.63,60472.81,8500.0
2023-02-10T00:00:00+05:30,60682.7,60706.81,60774.14,60501.74,5300.0
2023-02-13T00:00:00+05:30,60431.84,60652.82,60740.95,60245.05,5800.0
2023-02-14T00:00:00+05:30,61032.26,60550.25,61102.74,60550.25,7000.0
2023-02-15T00:00:00+05:30,61275.09,60990.05,61352.55,60750.32,5700.0
2023-02-16T00:00:00+05:30,61319.51,61566.22,61682.25,61196.72,6900.0
2023-02-17T00:00:00+05:30,61002.57,60993.54,61302.72,60810.67,8100.0
2023-02-20T00:00:00+05:30,60691.54,61112.84,61290.19,60607.02,6100.0
2023-02-21T00:00:00+05:30,60672.72,60770.43,60976.59,60583.72,5100.0
2023-02-22T00:00:00+05:30,59744.98,60391.86,60462.9,59681.55,8100.0
2023-02-23T00:00:00+05:30,59605.8,59777.64,59960.04,59406.31,7100.0
2023-02-24T00:00:00+05:30,59463.93,59859.48,59908.77,59325.34,5300.0
2023-02-27T00:00:00+05:30,59288.35,59331.31,59441.13,58937.64,7500.0
2023-02-28T00:00:00+05:30,58962.12,59346.61,59483.72,58795.97,6900.0
2023-03-01T00:00:00+05:30,59411.08,59136.48,59475.45,59109.54,5900.0
2023-03-02T00:00:00+05:30,58909.35,59287.18,59423.79,58866.26,5200.0
2023-03-03T00:00:00+05:30,59808.97,59241.2,59967.04,59231.58,9200.0
2023-03-06T00:00:00+05:30,60224.46,60007.04,60498.48,60005.65,5900.0
2023-03-07T00:00:00+05:30,60150.88,59916.1,60160.91,59844.82,0.0
2023-03-08T00:00:00+05:30,60348.09,59916.1,60402.85,59844.82,6500.0
2023-03-09T00:00:00+05:30,59806.28,60467.09,60467.09,59750.53,7700.0
2023-03-10T00:00:00+05:30,59135.13,59259.83,59262.47,58884.98,6300.0
2023-03-13T00:00:00+05:30,58237.85,59033.77,59510.92,58094.55,8000.0
2023-03-14T00:00:00+05:30,57900.19,58168.75,58490.98,57721.16,10200.0
2023-03-15T00:00:00+05:30,57555.9,58268.54,58473.63,57455.67,7600.0
2023-03-16T00:00:00+05:30,57634.84,57510.8,57887.46,57158.69,7900.0
2023-03-17T00:00:00+05:30,57989.9,58038.17,58178.94,57503.9,6300.0
2023-03-20T00:00:00+05:30,57628.95,57773.55,57829.23,57084.91,6500.0
2023-03-21T00:00:00+05:30,58074.68,57963.27,58133.33,57730.09,5500.0
2023-03-22T00:00:00+05:30,58214.59,58245.26,58418.78,58063.5,0.0
2023-03-23T00:00:00+05:30,57925.28,58061.41,58396.17,57838.85,5100.0
2023-03-24T00:00:00+05:30,57527.1,57890.66,58066.4,57422.98,6400.0
2023-03-27T00:00:00+05:30,57653.86,57566.9,58019.55,57415.02,6000.0
2023-03-28T00:00:00+05:30,57613.72,57751.5,57949.45,57494.91,4500.0
2023-03-29T00:00:00+05:30,57960.09,57572.08,58124.2,57524.32,5900.0
2023-03-31T00:00:00+05:30,58991.52,58273.86,59068.47,58273.86,6500.0
2023-04-03T00:00:00+05:30,59106.44,59131.16,59204.82,58793.08,4300.0
2023-04-05T00:00:00+05:30,59689.31,59094.71,59747.12,59094.4,5000.0
2023-04-06T00:00:00+05:30,59832.97,59627.01,59950.06,59520.12,4700.0
2023-04-10T00:00:00+05:30,59846.51,59858.98,60109.11,59766.23,11000.0
2023-04-11T00:00:00+05:30,60157.72,60028.6,60267.68,59919.88,6900.0
2023-04-12T00:00:00+05:30,60392.77,60180.2,60437.64,60094.69,5900.0
2023-04-13T00:00:00+05:30,60431.0,60364.41,60486.91,60081.43,6600.0
2023-04-17T00:00:00+05:30,59910.75,60385.9,60407.86,59442.47,15200.0
2023-04-18T00:00:00+05:30,59727.01,59991.26,60113.47,59579.3,7300.0
2023-04-19T00:00:00+05:30,59567.8,59745.89,59745.89,59452.72,7800.0
2023-04-20T00:00:00+05:30,59632.35,59586.61,59836.79,59489.98,6600.0
2023-04-21T00:00:00+05:30,59655.06,59538.79,59781.36,59412.81,5700.0
2023-04-24T00:00:00+05:30,60056.1,59873.71,60101.64,59620.11,6600.0
2023-04-25T00:00:00+05:30,60130.71,60202.77,60268.67,59967.02,6500.0
2023-04-26T00:00:00+05:30,60300.58,60087.98,60362.79,59954.91,4500.0
2023-04-27T00:00:00+05:30,60649.38,60315.56,60698.31,60271.49,5500.0
2023-04-28T00:00:00+05:30,61112.44,60721.61,61209.46,60507.83,7200.0
2023-05-02T00:00:00+05:30,61354.71,61301.61,61486.24,61255.0,6700.0
2023-05-03T00:00:00+05:30,61193.3,61274.96,61274.96,61024.44,6100.0
2023-05-04T00:00:00+05:30,61749.25,61258.13,61797.91,61119.56,8100.0
2023-05-05T00:00:00+05:30,61054.29,61163.1,61585.5,61002.17,5600.0
2023-05-08T00:00:00+05:30,61764.25,61166.09,61854.19,61166.09,7900.0
2023-05-09T00:00:00+05:30,61761.33,61879.68,62027.51,61654.94,6900.0
2023-05-10T00:00:00+05:30,61940.2,61843.36,61974.35,61572.93,4800.0
2023-05-11T00:00:00+05:30,61904.52,62158.1,62168.22,61823.07,6100.0
2023-05-12T00:00:00+05:30,62027.9,61857.69,62110.93,61578.15,7000.0
2023-05-15T00:00:00+05:30,62345.71,62157.1,62562.67,61950.3,6900.0
2023-05-16T00:00:00+05:30,61932.47,62474.11,62475.95,61847.41,5900.0
2023-05-17T00:00:00+05:30,61560.64,61932.32,61979.94,61340.1,6700.0
2023-05-18T00:00:00+05:30,61431.74,61937.86,61955.9,61349.34,8200.0
2023-05-19T00:00:00+05:30,61729.68,61556.25,61784.61,61251.7,6100.0
2023-05-22T00:00:00+05:30,61963.68,61579.78,62044.46,61579.78,5600.0
2023-05-23T00:00:00+05:30,61981.79,62098.16,62245.19,61914.4,8400.0
2023-05-24T00:00:00+05:30,61773.78,61834.28,62154.14,61708.1,5900.0
2023-05-25T00:00:00+05:30,61872.62,61706.13,61934.01,61484.66,8400.0
2023-05-26T00:00:00+05:30,62501.69,61985.36,62529.83,61911.61,9200.0
2023-05-29T00:00:00+05:30,62846.38,62801.54,63026.0,62801.54,9600.0
2023-05-30T00:00:00+05:30,62969.13,62839.85,63036.12,62737.4,7800.0
2023-05-31T00:00:00+05:30,62622.24,62839.97,62876.77,62401.02,7300.0
2023-06-01T00:00:00+05:30,62428.54,62736.47,62762.41,62359.14,8000.0
2023-06-02T00:00:00+05:30,62547.11,62601.97,62719.84,62379.86,6300.0
2023-06-05T00:00:00+05:30,62787.47,62759.19,62943.2,62751.72,6100.0
2023-06-06T00:00:00+05:30,62792.88,62738.35,62867.95,62554.21,8100.0
2023-06-07T00:00:00+05:30,63142.96,62917.39,63196.43,62841.95,6900.0
2023-06-08T00:00:00+05:30,62848.64,63140.17,63321.4,62789.73,11000.0
2023-06-09T00:00:00+05:30,62625.63,62810.68,62992.16,62594.74,41400.0
2023-06-12T00:00:00+05:30,62724.71,62659.98,62804.89,62615.2,4900.0
2023-06-13T00:00:00+05:30,63143.16,62779.14,63177.47,62777.04,5500.0
2023-06-14T00:00:00+05:30,63228.51,63115.48,63274.03,63013.51,11900.0
2023-06-15T00:00:00+05:30,62917.63,63153.78,63310.96,62871.08,6700.0
2023-06-16T00:00:00+05:30,63384.58,62960.73,63520.36,62957.17,5500.0
2023-06-19T00:00:00+05:30,63168.3,63474.21,63574.69,63047.83,1400.0
2023-06-20T00:00:00+05:30,63327.7,63176.77,63440.19,62801.91,5000.0
2023-06-21T00:00:00+05:30,63523.15,63467.46,63588.31,63315.62,10600.0
2023-06-22T00:00:00+05:30,63238.89,63601.71,63601.71,63200.63,7300.0
2023-06-23T00:00:00+05:30,62979.37,63124.28,63240.63,62874.12,7300.0
2023-06-26T00:00:00+05:30,62970.0,62946.5,63136.09,62853.67,4400.0
2023-06-27T00:00:00+05:30,63416.03,63151.85,63467.54,63054.84,4800.0
2023-06-28T00:00:00+05:30,63915.42,63701.78,64050.44,63554.82,6300.0
2023-06-30T00:00:00+05:30,64718.56,64068.44,64768.58,64068.44,29700.0
2023-07-03T00:00:00+05:30,65205.05,64836.16,65300.35,64836.16,8800.0
2023-07-04T00:00:00+05:30,65479.05,65503.85,65672.97,65171.06,6600.0
2023-07-05T00:00:00+05:30,65446.04,65493.68,65584.33,65256.49,7400.0
2023-07-06T00:00:00+05:30,65785.64,65391.88,65832.98,65328.29,8600.0
2023-07-07T00:00:00+05:30,65280.45,65559.41,65898.98,65175.74,14300.0
2023-07-10T00:00:00+05:30,65344.17,65482.33,65633.49,65246.4,14400.0
2023-07-11T00:00:00+05:30,65617.84,65598.65,65870.59,65517.57,9800.0
2023-07-12T00:00:00+05:30,65393.9,65759.28,65811.64,65320.25,7400.0
2023-07-13T00:00:00+05:30,65558.89,65667.07,66064.21,65452.15,9500.0
2023-07-14T00:00:00+05:30,66060.9,65775.49,66159.79,65610.82,10800.0
2023-07-17T00:00:00+05:30,66589.93,66148.18,66656.21,66015.63,9200.0
2023-07-18T00:00:00+05:30,66795.14,66828.96,67007.02,66574.47,8200.0
2023-07-19T00:00:00+05:30,67097.44,66905.01,67171.38,66703.61,8500.0
2023-07-20T00:00:00+05:30,67571.9,67074.34,67619.17,66831.38,8300.0
2023-07-21T00:00:00+05:30,66684.26,66907.07,67190.52,66533.74,13200.0
2023-07-24T00:00:00+05:30,66384.78,66629.14,66808.56,66326.25,8600.0
2023-07-25T00:00:00+05:30,66355.71,66531.2,66559.29,66177.62,11100.0
2023-07-26T00:00:00+05:30,66707.2,66434.72,66897.27,66431.34,10500.0
2023-07-27T00:00:00+05:30,66266.82,66834.12,66984.17,66060.74,8400.0
2023-07-28T00:00:00+05:30,66160.2,66266.35,66351.22,65878.65,12300.0
2023-07-31T00:00:00+05:30,66527.67,66156.39,66598.42,65998.9,7900.0
2023-08-01T00:00:00+05:30,66459.31,66532.98,66658.12,66388.26,10500.0
2023-08-02T00:00:00+05:30,65782.78,66064.41,66261.97,65431.68,7500.0
2023-08-03T00:00:00+05:30,65240.68,65550.82,65820.82,64963.08,9300.0
2023-08-04T00:00:00+05:30,65721.25,65453.55,65799.27,65387.18,12500.0
2023-08-07T00:00:00+05:30,65953.48,65811.4,66067.9,65748.25,7100.0
2023-08-08T00:00:00+05:30,65846.5,66048.81,66057.53,65752.63,6300.0
2023-08-09T00:00:00+05:30,65995.81,65810.96,66066.01,65444.38,6600.0
2023-08-10T00:00:00+05:30,65688.18,65945.39,65956.25,65509.14,6000.0
2023-08-11T00:00:00+05:30,65322.65,65727.8,65727.8,65274.61,7600.0
2023-08-14T00:00:00+05:30,65401.92,65153.02,65517.82,64821.88,7600.0
2023-08-16T00:00:00+05:30,65539.42,65238.67,65605.74,65032.89,0.0
2023-08-17T00:00:00+05:30,65151.02,65503.85,65535.14,65046.1,6400.0
2023-08-18T00:00:00+05:30,64948.66,65025.71,65175.32,64754.72,14300.0
2023-08-21T00:00:00+05:30,65216.09,64852.7,65335.82,64852.7,9300.0
2023-08-22T00:00:00+05:30,65220.03,65272.42,65362.91,65165.45,5400.0
2023-08-23T00:00:00+05:30,65433.3,65300.93,65504.71,65108.51,7100.0
2023-08-24T00:00:00+05:30,65252.34,65722.51,65913.77,65181.94,5900.0
2023-08-25T00:00:00+05:30,64886.51,65000.67,65106.0,64732.57,51700.0
2023-08-28T00:00:00+05:30,64996.6,64908.08,65213.45,64776.92,20800.0
2023-08-29T00:00:00+05:30,65075.82,65201.35,65229.03,64956.67,48500.0
2023-08-30T00:00:00+05:30,65087.25,65311.58,65458.7,65052.74,17700.0
2023-08-31T00:00:00+05:30,64831.41,65178.33,65277.04,64723.63,48600.0
2023-09-01T00:00:00+05:30,65387.16,64855.51,65473.27,64818.37,21600.0
2023-09-04T00:00:00+05:30,65628.14,65525.91,65683.91,65285.56,13700.0
2023-09-05T00:00:00+05:30,65780.26,65671.6,65831.7,65601.47,6600.0
2023-09-06T00:00:00+05:30,65880.52,65744.19,65971.13,65488.03,6100.0
2023-09-07T00:00:00+05:30,66265.56,65854.25,66296.9,65672.34,6200.0
2023-09-08T00:00:00+05:30,66598.91,66381.43,66766.92,66299.3,11500.0
2023-09-11T00:00:00+05:30,67127.08,66807.73,67172.13,66735.84,9300.0
2023-09-12T00:00:00+05:30,67221.13,67506.88,67539.1,66948.18,8700.0
2023-09-13T00:00:00+05:30,67466.99,67188.64,67565.41,67053.36,6200.0
2023-09-14T00:00:00+05:30,67519.0,67627.03,67771.05,67336.46,8100.0
2023-09-15T00:00:00+05:30,67838.63,67659.91,67927.23,67614.42,6800.0
2023-09-18T00:00:00+05:30,67596.84,67665.58,67803.15,67532.83,10300.0
2023-09-20T00:00:00+05:30,66800.84,67080.18,67294.16,66728.14,13400.0
2023-09-21T00:00:00+05:30,66230.24,66608.67,66608.67,66128.71,8400.0
2023-09-22T00:00:00+05:30,66009.15,66215.04,66445.47,65952.83,8300.0
2023-09-25T00:00:00+05:30,66023.69,66082.99,66225.63,65764.03,6800.0
2023-09-26T00:00:00+05:30,65945.47,66071.63,66078.26,65865.63,6500.0
2023-09-27T00:00:00+05:30,66118.69,65925.64,66172.27,65549.96,5400.0
2023-09-28T00:00:00+05:30,65508.32,66406.01,66406.01,65423.39,7800.0
2023-09-29T00:00:00+05:30,65828.41,65743.93,66151.65,65570.38,8400.0
2023-10-03T00:00:00+05:30,65512.1,65813.42,65813.5,65344.59,8600.0
2023-10-04T00:00:00+05:30,65226.04,65330.65,65332.52,64878.77,8600.0
2023-10-05T00:00:00+05:30,65631.57,65598.26,65753.2,65443.34,8000.0
2023-10-06T00:00:00+05:30,65995.63,65867.54,66095.81,65762.33,10200.0
2023-10-09T00:00:00+05:30,65512.39,65560.07,65789.98,65434.61,7300.0
2023-10-10T00:00:00+05:30,66079.36,65662.27,66180.17,65662.27,5100.0
2023-10-11T00:00:00+05:30,66473.05,66376.42,66592.16,66299.79,16800.0
2023-10-12T00:00:00+05:30,66408.39,66564.57,66577.6,66339.42,7100.0
2023-10-13T00:00:00+05:30,66282.74,66034.21,66478.9,65895.41,13400.0
2023-10-16T00:00:00+05:30,66166.93,66238.15,66342.75,66039.38,6600.0
2023-10-17T00:00:00+05:30,66428.09,66558.15,66559.82,66309.18,7900.0
2023-10-18T00:00:00+05:30,65877.02,66473.74,66475.27,65842.1,7100.0
2023-10-19T00:00:00+05:30,65629.24,65484.61,65869.65,65343.5,11000.0
2023-10-20T00:00:00+05:30,65397.62,65437.07,65555.14,65308.61,14300.0
2023-10-23T00:00:00+05:30,64571.88,65419.02,65453.92,64502.68,6800.0
2023-10-25T00:00:00+05:30,64049.06,64619.27,64787.08,63912.16,7100.0
2023-10-26T00:00:00+05:30,63148.15,63774.16,63774.16,63092.98,12900.0
2023-10-27T00:00:00+05:30,63782.8,63559.32,63913.13,63393.37,12600.0
2023-10-30T00:00:00+05:30,64112.65,63885.56,64184.58,63431.45,5600.0
2023-10-31T00:00:00+05:30,63874.93,64449.65,64452.32,63812.53,15000.0
2023-11-01T00:00:00+05:30,63591.33,63829.87,63896.05,63550.46,6100.0
2023-11-02T00:00:00+05:30,64080.9,64033.4,64202.64,63815.35,6400.0
2023-11-03T00:00:00+05:30,64363.78,64444.9,64535.19,64275.39,16100.0
2023-11-06T00:00:00+05:30,64958.69,64835.23,64992.54,64617.48,8100.0
2023-11-07T00:00:00+05:30,64942.4,65021.29,65021.29,64638.1,7700.0
2023-11-08T00:00:00+05:30,64975.61,65101.95,65124.0,64851.06,6400.0
2023-11-09T00:00:00+05:30,64832.2,65025.32,65046.56,64768.76,11600.0
2023-11-10T00:00:00+05:30,64904.68,64756.11,65014.06,64580.95,11100.0
2023-11-13T00:00:00+05:30,64933.87,65158.31,65176.96,64853.36,7700.0
2023-11-14T00:00:00+05:30,65528.49,65461.54,65578.95,65373.5,0.0
2023-11-15T00:00:00+05:30,65675.93,65461.54,65747.65,65373.5,7500.0
2023-11-16T00:00:00+05:30,65982.48,65665.87,66358.37,65507.02,11600.0
2023-11-17T00:00:00+05:30,65794.73,65788.79,66037.69,65639.74,10900.0
2023-11-20T00:00:00+05:30,65655.15,65787.51,65844.01,65547.8,7200.0
2023-11-21T00:00:00+05:30,65930.77,65860.46,66082.36,65849.17,5400.0
2023-11-22T00:00:00+05:30,66023.24,65839.62,66063.43,65664.85,4300.0
2023-11-23T00:00:00+05:30,66017.81,66084.37,66235.24,65980.5,7500.0
2023-11-24T00:00:00+05:30,65970.04,66000.29,66101.64,65894.05,10800.0
2023-11-27T00:00:00+05:30,65957.72,66063.72,66098.8,65954.37,0.0
2023-11-28T00:00:00+05:30,66174.2,66063.72,66256.2,65906.65,5100.0
2023-11-29T00:00:00+05:30,66901.91,66381.26,66946.28,66374.52,8300.0
2023-11-30T00:00:00+05:30,66988.44,66963.2,67069.89,66610.35,11100.0
2023-12-01T00:00:00+05:30,67481.19,67181.15,67564.33,67149.07,21700.0
2023-12-04T00:00:00+05:30,68865.12,68435.34,68918.22,68274.47,30900.0
2023-12-05T00:00:00+05:30,69296.14,69168.53,69381.31,68954.88,9600.0
2023-12-06T00:00:00+05:30,69653.73,69534.93,69744.62,69395.01,10400.0
2023-12-07T00:00:00+05:30,69521.69,69694.15,69695.33,69320.53,26000.0
2023-12-08T00:00:00+05:30,69825.6,69666.38,69893.8,69506.12,18200.0
2023-12-11T00:00:00+05:30,69928.53,69925.63,70057.83,69782.48,12400.0
2023-12-12T00:00:00+05:30,69551.03,70020.68,70033.64,69443.85,7000.0
2023-12-13T00:00:00+05:30,69584.6,69648.56,69657.93,69100.56,7100.0
2023-12-14T00:00:00+05:30,70514.2,70146.09,70602.89,70110.75,12200.0
2023-12-15T00:00:00+05:30,71483.75,70804.13,71605.76,70655.97,25100.0
2023-12-18T00:00:00+05:30,71315.09,71437.35,71552.24,71142.29,12500.0
2023-12-19T00:00:00+05:30,71437.19,71479.28,71623.71,71071.98,8600.0
2023-12-20T00:00:00+05:30,70506.31,71647.66,71913.07,70302.6,13200.0
2023-12-21T00:00:00+05:30,70865.1,69920.89,70958.71,69920.39,8800.0
2023-12-22T00:00:00+05:30,71106.96,71045.65,71259.55,70713.56,15300.0
2023-12-25T00:00:00+05:30,71263.73,71097.78,71264.76,71012.08,0.0
2023-12-26T00:00:00+05:30,71336.8,71097.78,71471.29,71012.08,7700.0
2023-12-27T00:00:00+05:30,72038.43,71492.02,72119.85,71473.65,9800.0
2023-12-28T00:00:00+05:30,72410.38,72262.67,72484.34,72137.45,7800.0
2023-12-29T00:00:00+05:30,72240.26,72351.59,72417.01,72082.64,19800.0
2024-01-01T00:00:00+05:30,72271.94,72218.39,72561.91,72031.23,0.0
2024-01-02T00:00:00+05:30,71892.48,72332.85,72332.85,71613.74,300.0
2024-01-03T00:00:00+05:30,71356.6,71832.62,71862.0,71303.97,13600.0
2024-01-04T00:00:00+05:30,71847.57,71678.93,71954.79,71546.6,8900.0
2024-01-05T00:00:00+05:30,72026.15,72016.71,72156.48,71779.83,14900.0
2024-01-08T00:00:00+05:30,71355.22,72113.25,72181.77,71301.04,10900.0
2024-01-09T00:00:00+05:30,71386.21,71770.91,72035.47,71307.27,9500.0
2024-01-10T00:00:00+05:30,71657.71,71383.2,71733.84,71110.98,9400.0
2024-01-11T00:00:00+05:30,71721.18,71907.75,71999.47,71543.19,7800.0
2024-01-12T00:00:00+05:30,72568.45,72148.07,72720.96,71982.29,20400.0
2024-01-15T00:00:00+05:30,73327.94,73049.87,73402.16,72909.0,16000.0
2024-01-16T00:00:00+05:30,73128.77,73331.95,73427.59,72960.29,11200.0
2024-01-17T00:00:00+05:30,71500.76,71998.93,72484.8,71429.3,14100.0
2024-01-18T00:00:00+05:30,71186.86,71018.86,71451.29,70665.5,13000.0
2024-01-19T00:00:00+05:30,71683.23,71786.74,71895.64,71542.74,25500.0
2024-01-22T00:00:00+05:30,71737.5,71868.2,72039.2,71697.22,0.0
2024-01-23T00:00:00+05:30,70370.55,71868.2,72039.2,70234.55,11400.0
2024-01-24T00:00:00+05:30,71060.31,70165.49,71149.61,70001.6,15600.0
2024-01-25T00:00:00+05:30,70700.67,71022.1,71049.46,70319.04,0.0
2024-01-29T00:00:00+05:30,71941.57,70968.102,72010.219,70880.539,0.0
2024-01-30T00:00:00+05:30,71139.898,72000.203,72142.227,71075.719,0.0
2024-01-31T00:00:00+05:30,71752.109,71073.039,71851.391,70846.039,0.0
2024-02-01T00:00:00+05:30,71645.297,71998.781,72151.023,71574.891,0.0
2024-02-02T00:00:00+05:30,72085.633,71977.563,73089.398,71948.773,0.0
2024-02-05T00:00:00+05:30,71731.422,72269.117,72385.93,71602.141,0.0
2024-02-06T00:00:00+05:30,72186.094,71970.82,72261.398,71625.18,0.0
2024-02-07T00:00:00+05:30,72152.0,72548.5,72559.211,71938.219,0.0
2024-02-08T00:00:00+05:30,71428.43,72473.422,72473.422,71230.617,0.0
2024-02-09T00:00:00+05:30,71595.492,71410.289,71676.492,71200.313,0.0
2024-02-12T00:00:00+05:30,71072.492,71722.313,71756.578,70922.57,0.0
2024-02-13T00:00:00+05:30,71555.188,71292.078,71662.742,70924.297,0.0
2024-02-14T00:00:00+05:30,71822.828,71035.25,71938.594,70809.844,0.0
2024-02-15T00:00:00+05:30,72050.383,72061.469,72164.969,71644.438,0.0
2024-02-16T00:00:00+05:30,72426.641,72406.023,72545.328,72218.102,0.0
2024-02-19T00:00:00+05:30,72708.156,72627.602,72881.93,72308.68,0.0
2024-02-20T00:00:00+05:30,73057.398,72727.867,73130.688,72510.242,0.0
2024-02-21T00:00:00+05:30,72623.094,73267.477,73267.797,72450.563,0.0
2024-02-22T00:00:00+05:30,73158.242,72677.508,73256.391,72081.359,0.0
2024-02-23T00:00:00+05:30,73142.797,73394.438,73413.93,73022.0,0.0
2024-02-26T00:00:00+05:30,72790.133,73044.813,73092.258,72666.82,0.0
2024-02-27T00:00:00+05:30,73095.219,72723.531,73161.297,72660.133,0.0
2024-02-28T00:00:00+05:30,72304.883,73162.82,73223.109,72222.289,0.0
2024-02-29T00:00:00+05:30,72500.297,72220.57,72730.0,72099.32,0.0
2024-03-01T00:00:00+05:30,73745.352,72606.313,73819.211,72591.141,0.0
2024-03-04T00:00:00+05:30,73872.289,73903.094,73990.133,73747.008,0.0
2024-03-05T00:00:00+05:30,73677.133,73767.422,73915.539,73412.25,0.0
2024-03-06T00:00:00+05:30,74085.992,73587.703,74151.273,73321.477,0.0
2024-03-07T00:00:00+05:30,74119.391,74242.742,74245.172,73921.477,0.0
2024-03-11T00:00:00+05:30,73502.641,74175.93,74187.352,73433.906,0.0
2024-03-12T00:00:00+05:30,73667.961,73516.422,74004.156,73342.117,0.0
2024-03-13T00:00:00+05:30,72761.891,73993.398,74052.75,72515.711,0.0
2024-03-14T00:00:00+05:30,73097.281,72570.102,73364.297,72497.188,0.0
2024-03-15T00:00:00+05:30,72643.43,72886.773,72998.07,72484.82,0.0
2024-03-18T00:00:00+05:30,72748.422,72587.297,72985.891,72314.156,11000.0
2024-03-19T00:00:00+05:30,72012.047,72462.938,72490.094,71933.352,38400.0
2024-03-20T00:00:00+05:30,72101.688,72036.859,72402.672,71674.422,8300.0
2024-03-21T00:00:00+05:30,72641.188,72507.359,72882.461,72416.031,12900.0
2024-03-22T00:00:00+05:30,72831.938,72231.656,73115.617,72172.094,26100.0
2024-03-26T00:00:00+05:30,72470.297,72396.969,72705.289,72363.031,30600.0
2024-03-27T00:00:00+05:30,72996.313,72692.156,73138.727,72600.727,9400.0
2024-03-28T00:00:00+05:30,73651.352,73149.344,74190.313,73120.328,14900.0
2024-04-01T00:00:00+05:30,74014.547,73968.617,74254.617,73909.391,10600.0
2024-04-02T00:00:00+05:30,73903.906,74022.297,74099.781,73743.773,6300.0
2024-04-03T00:00:00+05:30,73876.82,73757.227,74151.211,73540.273,7900.0
2024-04-04T00:00:00+05:30,74227.633,74413.82,74501.727,73485.117,10700.0
2024-04-05T00:00:00+05:30,74248.219,74287.023,74361.109,73946.922,11300.0
2024-04-08T00:00:00+05:30,74742.5,74555.438,74869.297,74410.07,8300.0
2024-04-09T00:00:00+05:30,74683.703,75124.281,75124.281,74603.367,41000.0
2024-04-10T00:00:00+05:30,75038.148,74953.961,75105.141,74807.547,7100.0
2024-04-12T00:00:00+05:30,74244.898,74889.641,74951.883,74189.313,15600.0
2024-04-15T00:00:00+05:30,73399.781,73315.156,73905.797,73315.156,12800.0
2024-04-16T00:00:00+05:30,72943.68,72892.141,73135.43,72685.031,9200.0
2024-04-18T00:00:00+05:30,72488.992,73183.102,73473.047,72365.672,12400.0
2024-04-19T00:00:00+05:30,73088.328,71999.648,73210.172,71816.461,16200.0
2024-04-22T00:00:00+05:30,73648.617,73666.508,73767.797,73227.32,11100.0
2024-04-23T00:00:00+05:30,73738.453,74048.938,74059.891,73688.313,6400.0
2024-04-24T00:00:00+05:30,73852.938,73957.57,74121.609,73788.609,6600.0
2024-04-25T00:00:00+05:30,74339.438,73572.344,74571.25,73556.148,11800.0
2024-04-26T00:00:00+05:30,73730.156,74509.313,74515.906,73616.648,13700.0
2024-04-29T00:00:00+05:30,74671.281,73982.75,74721.148,73922.344,9900.0
2024-04-30T00:00:00+05:30,74482.781,74800.891,75111.391,74346.398,8400.0
2024-05-02T00:00:00+05:30,74611.109,74391.727,74812.43,74360.688,18400.0
2024-05-03T00:00:00+05:30,73878.148,75017.82,75095.18,73467.727,15600.0
2024-05-06T00:00:00+05:30,73895.539,74196.68,74359.688,73786.289,11200.0
2024-05-07T00:00:00+05:30,73511.852,73973.297,74026.797,73259.258,7900.0
2024-05-08T00:00:00+05:30,73466.391,73225.0,73684.93,73073.922,6500.0
2024-05-09T00:00:00+05:30,72404.172,73499.492,73499.492,72334.18,9200.0
2024-05-10T00:00:00+05:30,72664.469,72475.453,72946.539,72366.289,11000.0
2024-05-13T00:00:00+05:30,72776.133,72476.648,72863.563,71866.008,13900.0
2024-05-14T00:00:00+05:30,73104.609,72696.719,73286.258,72683.992,7100.0
2024-05-15T00:00:00+05:30,72987.031,73200.227,73301.469,72822.656,7700.0
2024-05-16T00:00:00+05:30,73663.719,73338.242,73749.469,72529.969,9700.0
2024-05-17T00:00:00+05:30,73917.031,73711.313,74070.844,73459.797,11900.0
2024-05-21T00:00:00+05:30,73953.313,73842.961,74189.188,73762.367,11000.0
2024-05-22T00:00:00+05:30,74221.063,74165.523,74307.789,73860.328,6200.0
2024-05-23T00:00:00+05:30,75418.039,74253.531,75499.906,74158.352,11900.0
2024-05-24T00:00:00+05:30,75410.391,75335.453,75636.5,75244.219,10300.0
2024-05-27T00:00:00+05:30,75390.5,75655.461,76009.68,75175.273,10200.0
2024-05-28T00:00:00+05:30,75170.453,75585.398,75585.398,75083.219,6900.0
2024-05-29T00:00:00+05:30,74502.898,74826.938,74986.219,74454.547,8200.0
2024-05-30T00:00:00+05:30,73885.602,74365.883,74493.547,73668.727,11800.0
2024-05-31T00:00:00+05:30,73961.313,74208.531,74478.891,73765.148,19200.0
2024-06-03T00:00:00+05:30,76468.781,76583.289,76738.891,75678.43,0.0
2024-06-04T00:00:00+05:30,72079.047,76285.781,76300.461,70234.43,0.0
2024-06-05T00:00:00+05:30,74382.242,73027.883,74534.82,71879.438,17200.0
2024-06-06T00:00:00+05:30,75074.508,75078.703,75297.727,74474.938,13300.0
2024-06-07T00:00:00+05:30,76693.359,75031.789,76795.313,74941.883,29000.0
2024-06-10T00:00:00+05:30,76490.078,76935.406,77079.039,76379.727,17300.0
2024-06-11T00:00:00+05:30,76456.594,76680.898,76860.531,76296.438,6700.0
2024-06-12T00:00:00+05:30,76606.57,76679.109,77050.531,76533.781,9700.0
2024-06-13T00:00:00+05:30,76810.898,77102.047,77145.461,76719.703,7500.0
2024-06-14T00:00:00+05:30,76992.773,76912.383,77081.297,76549.047,12400.0
2024-06-18T00:00:00+05:30,77301.141,77235.313,77366.773,77071.438,7400.0
2024-06-19T00:00:00+05:30,77337.594,77543.219,77851.633,76954.867,11100.0
2024-06-20T00:00:00+05:30,77478.93,77554.828,77643.094,77100.359,8700.0
2024-06-21T00:00:00+05:30,77209.898,77729.477,77808.453,76802.0,23200.0
2024-06-24T00:00:00+05:30,77341.078,76885.648,77423.023,76745.938,13900.0
2024-06-25T00:00:00+05:30,78053.523,77529.188,78164.711,77459.602,8800.0
2024-06-26T00:00:00+05:30,78674.25,78094.023,78759.398,77945.938,8600.0
2024-06-27T00:00:00+05:30,79243.18,78758.672,79396.031,78467.344,9600.0
2024-06-28T00:00:00+05:30,79032.727,79457.578,79671.578,78905.891,17200.0
2024-07-01T00:00:00+05:30,79476.188,79043.352,79561.0,78971.789,16150.0
2024-07-02T00:00:00+05:30,79441.453,79840.367,79855.867,79231.109,15100.0
2024-07-03T00:00:00+05:30,79986.797,80013.773,80074.297,79754.953,13000.0
2024-07-04T00:00:00+05:30,80049.672,80321.789,80392.641,79986.406,8800.0
2024-07-05T00:00:00+05:30,79996.602,79778.977,80149.867,79478.961,16200.0
2024-07-08T00:00:00+05:30,79960.383,79915.0,80067.461,79731.828,14100.0
2024-07-09T00:00:00+05:30,80351.641,80107.211,80397.172,79998.563,6200.0
2024-07-10T00:00:00+05:30,79924.773,80481.359,80481.359,79435.758,9300.0
2024-07-11T00:00:00+05:30,79897.344,80170.094,80170.094,79464.383,8200.0
2024-07-12T00:00:00+05:30,80519.344,80093.617,80893.508,79843.391,18400.0
2024-07-15T00:00:00+05:30,80664.859,80686.539,80862.539,80556.969,16200.0
2024-07-16T00:00:00+05:30,80716.547,80731.492,80898.297,80598.063,8700.0
2024-07-18T00:00:00+05:30,81343.461,80514.25,81522.547,80390.367,9300.0
2024-07-19T00:00:00+05:30,80604.648,81585.063,81587.758,80499.102,16100.0
2024-07-22T00:00:00+05:30,80502.078,80408.898,80800.922,80100.648,11400.0
2024-07-23T00:00:00+05:30,80429.039,80724.297,80766.406,79224.32,13100.0
2024-07-24T00:00:00+05:30,80148.883,80343.383,80519.578,79750.508,9900.0
2024-07-25T00:00:00+05:30,80039.797,79542.109,80143.102,79477.828,9700.0
2024-07-26T00:00:00+05:30,81332.719,80158.5,81427.18,80013.602,18400.0
2024-07-29T00:00:00+05:30,81355.844,81679.648,81908.43,81135.906,19400.0
2024-07-30T00:00:00+05:30,81455.398,81349.281,81815.273,81230.438,10800.0
2024-07-31T00:00:00+05:30,81741.344,81655.898,81828.039,81434.32,6900.0
2024-08-01T00:00:00+05:30,81867.547,81949.68,82129.492,81700.211,14500.0
2024-08-02T00:00:00+05:30,80981.953,81158.992,81345.602,80868.906,19500.0
2024-08-05T00:00:00+05:30,78759.398,78588.188,79780.609,78295.859,25100.0
2024-08-06T00:00:00+05:30,78593.07,78981.969,79852.078,78496.57,8900.0
2024-08-07T00:00:00+05:30,79468.008,79565.398,79639.203,79106.203,8600.0
2024-08-08T00:00:00+05:30,78886.219,79420.492,79626.922,78798.938,8900.0
2024-08-09T00:00:00+05:30,79705.906,79984.242,79984.242,79549.094,8800.0
2024-08-12T00:00:00+05:30,79648.922,79330.117,80106.18,79226.133,10500.0
2024-08-13T00:00:00+05:30,78956.031,79552.508,79692.547,78889.383,10700.0
2024-08-14T00:00:00+05:30,79105.883,79065.219,79228.938,78895.719,10700.0
2024-08-15T00:00:00+05:30,80436.84375,79754.85156,80518.21094,79306.6875,13100.0
2024-08-16T00:00:00+05:30,80436.844,79754.852,80518.211,79306.688,13100.0
2024-08-19T00:00:00+05:30,80424.68,80680.25,80724.398,80332.648,10300.0
2024-08-20T00:00:00+05:30,80802.859,80722.539,80942.961,80517.953,6600.0
2024-08-21T00:00:00+05:30,80905.297,80667.25,80952.828,80626.383,5800.0
2024-08-22T00:00:00+05:30,81053.188,81207.242,81236.453,80954.023,10400.0
2024-08-23T00:00:00+05:30,81086.211,81165.648,81231.492,80883.258,10400.0
2024-08-26T00:00:00+05:30,81698.109,81388.258,81824.273,81278.438,16200.0
2024-08-27T00:00:00+05:30,81711.758,81815.227,81919.109,81600.508,5700.0
2024-08-28T00:00:00+05:30,81785.563,81779.844,82039.258,81578.32,8400.0
2024-08-29T00:00:00+05:30,82134.609,81822.563,82285.828,81682.781,10300.0
2024-08-30T00:00:00+05:30,82365.773,82637.031,82637.031,82256.023,10300.0
2024-09-02T00:00:00+05:30,82559.844,82725.281,82725.281,82440.93,9500.0
2024-09-03T00:00:00+05:30,82555.438,82652.688,82675.063,82400.758,9100.0
2024-09-04T00:00:00+05:30,82352.641,81845.5,82408.539,81833.688,9100.0
2024-09-05T00:00:00+05:30,82201.156,82469.789,82617.492,82130.438,14500.0
2024-09-06T00:00:00+05:30,81183.93,82171.078,82254.789,80981.93,14500.0
2024-09-09T00:00:00+05:30,81559.539,80973.75,81653.359,80895.047,7800.0
2024-09-10T00:00:00+05:30,81921.289,81768.719,82196.547,81445.297,7800.0
2024-09-11T00:00:00+05:30,81523.156,81928.117,82134.953,81423.141,8300.0
2024-09-12T00:00:00+05:30,82962.71,81930.18,83116.19,81534.29,12700.0
2024-09-13T00:00:00+05:30,82890.94,83091.55,83092.93,82653.22,12700.0
2024-09-16T00:00:00+05:30,82988.78,82985.33,83184.34,82832.82,6900.0
2024-09-17T00:00:00+05:30,83079.66,83084.63,83152.41,82866.68,9800.0
2024-09-18T00:00:00+05:30,82948.23,83037.13,83326.38,82700.63,5100.0
2024-09-19T00:00:00+05:30,83184.8,83359.17,83773.61,83071.66,6600.0
2024-09-20T00:00:00+05:30,84544.31,83603.04,84694.46,83187.64,28700.0
2024-09-23T00:00:00+05:30,84928.61,84651.15,84980.53,84607.38,11100.0
2024-09-24T00:00:00+05:30,84914.04,84860.73,85163.23,84716.07,8700.0
2024-09-25T00:00:00+05:30,85169.87,84836.45,85247.42,84743.04,13500.0
2024-09-26T00:00:00+05:30,85836.12,85167.56,85930.43,85106.74,9100.0
2024-09-27T00:00:00+05:30,85571.85,85893.84,85978.25,85474.58,9400.0
2024-09-30T00:00:00+05:30,84299.78,85208.76,85359.65,84257.14,11000.0
2024-10-01T00:00:00+05:30,84266.29,84257.17,84648.4,84098.94,6000.0
2024-10-03T00:00:00+05:30,82497.1,83002.09,83752.81,82434.02,19700.0
2024-10-04T00:00:00+05:30,81688.45,82244.25,83368.32,81532.68,19200.0
2024-10-07T00:00:00+05:30,81050.0,81926.99,82137.77,80726.06,17700.0
2024-10-08T00:00:00+05:30,81634.81,80826.56,81763.28,80813.07,7200.0
2024-10-09T00:00:00+05:30,81467.1,81954.58,82319.21,81342.89,7500.0
2024-10-10T00:00:00+05:30,81611.41,81832.66,82002.84,81538.94,7600.0
2024-10-11T00:00:00+05:30,81381.36,81478.49,81671.38,81304.15,8700.0
2024-10-14T00:00:00+05:30,81973.05,81576.93,82072.17,81541.2,7700.0
2024-10-15T00:00:00+05:30,81820.12,82101.86,82300.44,81635.57,5500.0
2024-10-16T00:00:00+05:30,81501.36,81646.6,81932.15,81358.26,5600.0
2024-10-17T00:00:00+05:30,81006.61,81758.07,81781.4,80905.64,6800.0
2024-10-18T00:00:00+05:30,81224.75,80749.26,81391.15,80409.25,9300.0
2024-10-21T00:00:00+05:30,81151.27,81770.02,81770.02,80811.23,7600.0
2024-10-22T00:00:00+05:30,80220.72,81155.08,81504.24,80149.53,5600.0
2024-10-23T00:00:00+05:30,80081.98,79921.13,80646.31,79891.68,6200.0
2024-10-24T00:00:00+05:30,80065.16,80098.3,80259.82,79813.02,4800.0
2024-10-25T00:00:00+05:30,79402.29,80187.34,80253.19,79137.98,13900.0
2024-10-28T00:00:00+05:30,80005.04,79653.67,80539.81,79418.82,10800.0
2024-10-29T00:00:00+05:30,80369.03,80037.2,80450.48,79421.35,9600.0
2024-10-30T00:00:00+05:30,79942.18,80237.85,80435.61,79821.99,5900.0
2024-10-31T00:00:00+05:30,79389.06,80044.95,80044.95,79287.93,9300.0
2024-11-01T00:00:00+05:30,79724.12,80023.75,80023.75,79655.55,2300.0
2024-11-04T00:00:00+05:30,78782.24,79713.14,79713.14,78232.6,9500.0
2024-11-05T00:00:00+05:30,79476.63,78542.16,79523.13,78296.7,8600.0
2024-11-06T00:00:00+05:30,80378.13,79771.82,80569.73,79459.12,20200.0
2024-11-07T00:00:00+05:30,79541.79,80563.42,80563.42,79419.34,8200.0
2024-11-08T00:00:00+05:30,79486.32,79611.9,79807.26,79117.37,10300.0
2024-11-11T00:00:00+05:30,79496.15,79298.46,80102.14,79001.34,16900.0
2024-11-12T00:00:00+05:30,78675.18,79644.95,79820.98,78547.84,6400.0
2024-11-13T00:00:00+05:30,77690.95,78495.53,78690.02,77533.3,7400.0
2024-11-14T00:00:00+05:30,77580.31,77636.94,78055.52,77424.81,10100.0
2024-11-18T00:00:00+05:30,77339.01,77863.54,77886.97,76965.06,8200.0
2024-11-19T00:00:00+05:30,77578.38,77548.0,78451.65,77411.31,7200.0
2024-11-20T00:00:00+05:30,77081.47,77711.11,77711.11,76802.73,0.0
2024-11-21T00:00:00+05:30,77155.79,77711.11,77711.11,76802.73,8800.0
2024-11-22T00:00:00+05:30,79117.11,77349.74,79218.19,77226.69,17100.0
2024-11-25T00:00:00+05:30,80109.85,80193.47,80473.08,79765.99,14000.0
2024-11-26T00:00:00+05:30,80004.06,80415.47,80482.36,79798.67,10400.0
2024-11-27T00:00:00+05:30,80234.08,80121.03,80511.15,79844.49,5700.0
2024-11-28T00:00:00+05:30,79043.74,80281.64,80447.4,78918.92,7900.0
2024-11-29T00:00:00+05:30,79802.79,79032.99,79923.9,79026.18,8900.0
2024-12-02T00:00:00+05:30,80248.08,79743.87,80337.82,79308.95,7300.0
2024-12-03T00:00:00+05:30,80845.75,80529.2,80949.1,80244.78,9400.0
2024-12-04T00:00:00+05:30,80956.33,81036.22,81245.39,80630.53,7200.0
2024-12-05T00:00:00+05:30,81765.86,81182.74,82317.74,80467.37,7500.0
2024-12-06T00:00:00+05:30,81709.12,81887.54,81925.91,81506.19,8800.0
2024-12-09T00:00:00+05:30,81508.46,81602.58,81783.28,81411.55,6400.0
2024-12-10T00:00:00+05:30,81510.05,81575.96,81726.34,81182.69,5600.0
2024-12-11T00:00:00+05:30,81526.14,81568.39,81742.37,81383.42,6300.0
2024-12-12T00:00:00+05:30,81289.96,81476.76,81680.97,81211.64,7800.0
2024-12-13T00:00:00+05:30,82133.12,81212.45,82213.92,80082.82,11300.0
2024-12-16T00:00:00+05:30,81748.57,82000.31,82116.44,81551.28,5200.0
2024-12-17T00:00:00+05:30,80684.45,81511.81,81613.64,80612.2,4900.0
2024-12-18T00:00:00+05:30,80182.2,80666.26,80868.02,80050.07,4700.0
2024-12-19T00:00:00+05:30,79218.05,79029.03,79516.17,79020.08,6500.0
2024-12-20T00:00:00+05:30,78041.59,79335.48,79587.15,77874.59,9000.0
2024-12-23T00:00:00+05:30,78540.17,78488.64,78918.12,78189.19,10300.0
2024-12-24T00:00:00+05:30,78472.87,78707.37,78877.36,78397.79,6200.0
2024-12-25T00:00:00+05:30,78679.63,78557.28,78898.37,78556.29,0.0
2024-12-26T00:00:00+05:30,78472.48,78557.28,78898.37,78173.38,5600.0
2024-12-27T00:00:00+05:30,78699.07,78607.62,79043.15,78598.55,7700.0
2024-12-30T00:00:00+05:30,78248.13,78637.58,79092.7,78077.13,8900.0
2024-12-31T00:00:00+05:30,78139.01,77982.57,78305.34,77560.79,6100.0
2025-01-01T00:00:00+05:30,78507.41,78265.07,78756.49,77898.3,5000.0
2025-01-02T00:00:00+05:30,79943.71,78657.52,80032.87,78542.37,8600.0
2025-01-03T00:00:00+05:30,79223.11,80072.99,80072.99,79109.73,10900.0
2025-01-06T00:00:00+05:30,77964.99,79281.65,79532.67,77781.62,11800.0
2025-01-07T00:00:00+05:30,78199.11,78019.8,78452.74,77925.09,9400.0
2025-01-08T00:00:00+05:30,78148.49,78319.45,78319.45,77486.79,10100.0
2025-01-09T00:00:00+05:30,77620.21,78206.21,78206.21,77542.92,6800.0
2025-01-10T00:00:00+05:30,77378.91,77682.59,77919.7,77099.55,8500.0
2025-01-13T00:00:00+05:30,76330.01,76629.9,77128.35,76249.72,13600.0
2025-01-14T00:00:00+05:30,76499.63,76335.75,76835.61,76335.75,16800.0
2025-01-15T00:00:00+05:30,76724.08,76900.14,76991.05,76479.7,12800.0
2025-01-16T00:00:00+05:30,77042.82,77319.5,77319.5,76895.51,8600.0
2025-01-17T00:00:00+05:30,76619.33,77069.19,77069.19,76263.29,9700.0
2025-01-20T00:00:00+05:30,77073.44,76978.53,77318.94,76584.84,11300.0
2025-01-21T00:00:00+05:30,75838.36,77261.72,77337.36,75641.87,32900.0
2025-01-22T00:00:00+05:30,76404.99,76114.42,76463.13,75816.5,16000.0
2025-01-23T00:00:00+05:30,76520.38,76414.52,76743.54,76202.12,11200.0
2025-01-24T00:00:00+05:30,76190.46,76455.35,76985.95,76091.75,7800.0
2025-01-27T00:00:00+05:30,75366.17,75700.43,75925.72,75267.59,9500.0
2025-01-28T00:00:00+05:30,75901.41,75659.0,76512.96,75622.88,13000.0
2025-01-29T00:00:00+05:30,76532.96,76138.24,76599.73,75975.8,10200.0
2025-01-30T00:00:00+05:30,76759.81,76598.84,76962.88,76401.13,18500.0
2025-01-31T00:00:00+05:30,77500.57,76888.89,77605.96,76833.87,12600.0
2025-02-01T00:00:00+05:30,77505.96,77637.01,77899.05,77006.47,0.0
2025-02-03T00:00:00+05:30,77186.74,77063.94,77260.37,76756.09,11400.0
2025-02-04T00:00:00+05:30,78583.81,77687.6,78658.59,77402.37,11800.0
2025-02-05T00:00:00+05:30,78271.28,78704.6,78735.41,78216.25,8000.0
2025-02-06T00:00:00+05:30,78058.16,78513.36,78551.66,77843.99,8000.0
2025-02-07T00:00:00+05:30,77860.19,78119.6,78356.98,77475.74,10900.0
2025-02-10T00:00:00+05:30,77311.8,77789.3,77849.58,77106.89,7000.0
2025-02-11T00:00:00+05:30,76293.6,77384.98,77387.28,76030.59,9800.0
2025-02-12T00:00:00+05:30,76171.08,76188.24,76459.72,75388.39,10400.0
2025-02-13T00:00:00+05:30,76138.97,76201.1,76764.53,76013.43,6900.0
2025-02-14T00:00:00+05:30,75939.21,76388.99,76483.06,75439.64,9300.0
2025-02-17T00:00:00+05:30,75996.86,75641.41,76041.96,75294.76,8100.0
2025-02-18T00:00:00+05:30,75967.39,76073.71,76091.69,75531.01,8600.0
2025-02-19T00:00:00+05:30,75939.18,75787.27,76338.58,75581.38,5100.0
2025-02-20T00:00:00+05:30,75735.96,75672.84,75794.15,75463.01,6900.0
2025-02-21T00:00:00+05:30,75311.06,75612.61,75748.72,75112.41,12700.0
2025-02-24T00:00:00+05:30,74454.41,74893.45,74907.04,74387.44,6400.0
2025-02-25T00:00:00+05:30,74602.12,74440.3,74785.08,74400.37,10700.0
2025-02-26T00:00:00+05:30,74605.7,74706.6,74827.99,74558.18,0.0
2025-02-27T00:00:00+05:30,74612.43,74706.6,74834.09,74520.78,6700.0
2025-02-28T00:00:00+05:30,73198.1,74201.77,74282.43,73141.27,9100.0
2025-03-03T00:00:00+05:30,73085.94,73427.65,73649.72,72784.54,10100.0
2025-03-04T00:00:00+05:30,72989.93,72817.34,73033.18,72633.54,6200.0
2025-03-05T00:00:00+05:30,73730.23,73005.37,73933.8,72894.05,9300.0
2025-03-06T00:00:00+05:30,74340.09,74308.3,74390.8,73415.68,10100.0
2025-03-07T00:00:00+05:30,74332.58,74347.14,74586.43,74038.03,6900.0
2025-03-10T00:00:00+05:30,74115.17,74474.98,74741.25,74022.24,6600.0
2025-03-11T00:00:00+05:30,74102.32,73743.88,74195.17,73663.6,11700.0
2025-03-12T00:00:00+05:30,74029.76,74270.81,74392.15,73598.16,13800.0
2025-03-13T00:00:00+05:30,73828.91,74392.54,74401.11,73770.59,9900.0
2025-03-17T00:00:00+05:30,74169.95,73830.03,74376.35,73796.06,7400.0
2025-03-18T00:00:00+05:30,75301.26,74608.66,75385.76,74480.15,14500.0
2025-03-19T00:00:00+05:30,75449.05,75473.17,75568.38,75201.48,12200.0
2025-03-20T00:00:00+05:30,76348.06,75917.11,76456.25,75684.58,9100.0
2025-03-21T00:00:00+05:30,76905.51,76155.0,77041.94,76095.26,8500.0
2025-03-24T00:00:00+05:30,77984.38,77456.27,78107.23,77179.35,10100.0
2025-03-25T00:00:00+05:30,78017.19,78296.28,78741.69,77745.63,12700.0
2025-03-26T00:00:00+05:30,77288.5,78021.45,78167.87,77194.22,10500.0
2025-03-27T00:00:00+05:30,77606.43,77087.39,77747.46,77082.51,12700.0
2025-03-28T00:00:00+05:30,77414.92,77690.69,77766.7,77185.62,16700.0
2025-04-01T00:00:00+05:30,76024.51,76882.58,77487.05,75912.18,10600.0
2025-04-02T00:00:00+05:30,76617.44,76146.28,76680.35,76064.94,10800.0
2025-04-03T00:00:00+05:30,76295.36,75811.86,76493.74,75807.55,6900.0
2025-04-04T00:00:00+05:30,75364.69,76160.09,76258.12,75240.55,11700.0
2025-04-07T00:00:00+05:30,73137.9,71449.94,73403.99,71425.01,29400.0
2025-04-08T00:00:00+05:30,74227.08,74013.73,74859.39,73424.92,17100.0
2025-04-09T00:00:00+05:30,73847.15,74103.83,74103.83,73673.06,9100.0
2025-04-11T00:00:00+05:30,75157.26,74835.49,75467.33,74762.84,14200.0
2025-04-15T00:00:00+05:30,76734.89,76852.06,76907.63,76435.07,12900.0
2025-04-16T00:00:00+05:30,77044.29,76996.78,77110.23,76543.77,9500.0
2025-04-17T00:00:00+05:30,78553.2,76968.02,78616.77,76665.77,11100.0
2025-04-21T00:00:00+05:30,79408.5,78903.09,79635.05,78776.06,12600.0
2025-04-22T00:00:00+05:30,79595.59,79728.39,79824.3,79253.44,14800.0
2025-04-23T00:00:00+05:30,80116.49,80142.09,80254.55,79506.9,12000.0
2025-04-24T00:00:00+05:30,79801.43,80058.43,80173.92,79724.55,8200.0
2025-04-25T00:00:00+05:30,79212.53,79830.15,80130.66,78605.81,13200.0
2025-04-28T00:00:00+05:30,80218.37,79343.63,80321.88,79341.35,8500.0
2025-04-29T00:00:00+05:30,80288.38,80396.92,80661.31,80122.02,16200.0
2025-04-30T00:00:00+05:30,80242.24,80370.8,80525.61,79879.15,12200.0
2025-05-02T00:00:00+05:30,80501.99,80300.19,81177.93,80168.59,12700.0
2025-05-05T00:00:00+05:30,80796.84,80661.62,81049.03,80657.71,8800.0
2025-05-06T00:00:00+05:30,80641.07,80907.24,80981.58,80481.03,12500.0
2025-05-07T00:00:00+05:30,80746.78,79948.8,80844.63,79937.48,8800.0
2025-05-08T00:00:00+05:30,80334.81,80912.34,80927.99,79987.61,10600.0
2025-05-09T00:00:00+05:30,79454.47,78968.34,80032.93,78968.34,8800.0
2025-05-12T00:00:00+05:30,82429.9,80803.8,82495.97,80651.07,10700.0
2025-05-13T00:00:00+05:30,81148.22,82249.6,82572.81,81043.69,16200.0
2025-05-14T00:00:00+05:30,81330.56,81278.49,81691.87,80910.03,15200.0
2025-05-15T00:00:00+05:30,82530.74,81354.43,82718.14,80762.16,12600.0
2025-05-16T00:00:00+05:30,82330.59,82392.63,82514.81,82146.95,15300.0
2025-05-19T00:00:00+05:30,82059.42,82354.92,82424.1,81964.57,8100.0
2025-05-20T00:00:00+05:30,81186.44,82116.17,82250.42,81153.7,10500.0
2025-05-21T00:00:00+05:30,81596.63,81327.61,82021.64,81237.06,5800.0
2025-05-22T00:00:00+05:30,80951.99,81323.05,81323.24,80489.92,10700.0
2025-05-23T00:00:00+05:30,81721.08,80897.0,81905.17,80897.0,12000.0
2025-05-26T00:00:00+05:30,82176.45,81928.95,82492.24,81867.23,10200.0
2025-05-27T00:00:00+05:30,81551.63,82038.2,82410.52,81121.7,20700.0
2025-05-28T00:00:00+05:30,81312.32,81457.61,81613.36,81244.02,24100.0
2025-05-29T00:00:00+05:30,81633.02,81591.03,81816.89,81106.98,6800.0
2025-05-30T00:00:00+05:30,81451.01,81465.69,81698.21,81286.45,12600.0
2025-06-02T00:00:00+05:30,81373.75,81214.42,81474.26,80654.26,9900.0
2025-06-03T00:00:00+05:30,80737.51,81492.5,81774.23,80575.09,32000.0
2025-06-04T00:00:00+05:30,80998.25,80777.65,81087.29,80705.18,7500.0
2025-06-05T00:00:00+05:30,81442.04,81196.08,81911.13,80983.73,9800.0
2025-06-06T00:00:00+05:30,82188.99,81434.24,82299.89,81140.11,12400.0
2025-06-09T00:00:00+05:30,82445.21,82574.55,82669.0,82369.24,11500.0
2025-06-10T00:00:00+05:30,82391.72,82643.73,82680.79,82240.4,15100.0
2025-06-11T00:00:00+05:30,82515.14,82473.02,82783.51,82308.91,11300.0
2025-06-12T00:00:00+05:30,81691.98,82571.67,82661.04,81523.16,6000.0
2025-06-13T00:00:00+05:30,81118.6,80427.81,81238.68,80354.59,6600.0
2025-06-16T00:00:00+05:30,81796.15,81034.45,81865.82,81012.31,11400.0
2025-06-17T00:00:00+05:30,81583.3,81869.47,81890.15,81427.01,21500.0
2025-06-18T00:00:00+05:30,81444.66,81314.62,81858.97,81237.01,11300.0
2025-06-19T00:00:00+05:30,81361.87,81403.94,81583.94,81191.04,12500.0
2025-06-20T00:00:00+05:30,82408.17,81354.85,82494.49,81323.2,6700.0
2025-06-23T00:00:00+05:30,81896.79,81704.07,82169.67,81476.76,8000.0
2025-06-24T00:00:00+05:30,82055.11,82534.61,83018.16,81900.12,119300.0
2025-06-25T00:00:00+05:30,82755.51,82448.8,82815.91,82339.57,7500.0
2025-06-26T00:00:00+05:30,83755.87,82882.92,83812.09,82816.26,10500.0
2025-06-27T00:00:00+05:30,84058.9,83774.45,84089.35,83645.41,8600.0
2025-06-30T00:00:00+05:30,83606.46,84027.33,84099.53,83482.13,6200.0
2025-07-01T00:00:00+05:30,83697.29,83685.66,83874.29,83572.51,19100.0
2025-07-02T00:00:00+05:30,83409.69,83790.72,83935.01,83150.77,10600.0
2025-07-03T00:00:00+05:30,83239.47,83540.74,83850.09,83186.74,9600.0
2025-07-04T00:00:00+05:30,83432.89,83306.81,83477.86,83015.83,8800.0
2025-07-07T00:00:00+05:30,83442.5,83398.08,83516.82,83262.23,6200.0
2025-07-08T00:00:00+05:30,83712.51,83387.03,83812.31,83320.95,15300.0
2025-07-09T00:00:00+05:30,83536.08,83625.89,83781.36,83382.28,7800.0
2025-07-10T00:00:00+05:30,83190.28,83658.2,83742.28,83134.97,7500.0
2025-07-11T00:00:00+05:30,82500.47,82820.76,83040.74,82442.25,10700.0
2025-07-14T00:00:00+05:30,82253.46,82537.87,82537.87,82010.38,18100.0
2025-07-15T00:00:00+05:30,82570.91,82233.16,82743.62,82221.74,9900.0
2025-07-16T00:00:00+05:30,82634.48,82534.66,82784.75,82342.94,7600.0
2025-07-17T00:00:00+05:30,82259.24,82753.53,82757.09,82219.27,8800.0
2025-07-18T00:00:00+05:30,81757.73,82193.62,82334.75,81608.13,8300.0
2025-07-21T00:00:00+05:30,82200.34,81918.53,82274.03,81518.66,15300.0
2025-07-22T00:00:00+05:30,82186.81,82527.43,82538.17,82110.63,23900.0
2025-07-23T00:00:00+05:30,82726.64,82451.87,82786.43,82279.73,10100.0
2025-07-24T00:00:00+05:30,82184.17,82779.95,82784.24,82047.22,14000.0
2025-07-25T00:00:00+05:30,81463.09,82065.76,82069.51,81397.69,10000.0
2025-07-28T00:00:00+05:30,80891.02,81299.97,81557.41,80776.44,5100.0
2025-07-29T00:00:00+05:30,81337.95,80620.25,81429.88,80575.45,12300.0
2025-07-30T00:00:00+05:30,81481.86,81594.52,81618.96,81187.06,7200.0
2025-07-31T00:00:00+05:30,81185.58,80695.5,81803.27,80695.15,9700.0
2025-08-01T00:00:00+05:30,80599.91,81074.41,81317.51,80495.57,14700.0
2025-08-04T00:00:00+05:30,81018.72,80765.83,81093.19,80500.51,9900.0
2025-08-05T00:00:00+05:30,80710.25,80946.43,81010.49,80554.4,10900.0
2025-08-06T00:00:00+05:30,80543.99,80694.98,80834.43,80448.82,5300.0
2025-08-07T00:00:00+05:30,80623.26,80262.98,80737.55,79811.29,37500.0
2025-08-08T00:00:00+05:30,79857.79,80478.01,80550.4,79775.84,23200.0
2025-08-11T00:00:00+05:30,80604.08,79885.36,80636.05,79772.46,8600.0
2025-08-12T00:00:00+05:30,80235.59,80508.51,80997.67,80164.36,10300.0
2025-08-13T00:00:00+05:30,80539.91,80492.17,80683.74,80319.0,12300.0
2025-08-14T00:00:00+05:30,80597.66,80625.28,80751.18,80489.86,7200.0
2025-08-18T00:00:00+05:30,81273.75,81315.79,81765.77,81202.42,19300.0
2025-08-19T00:00:00+05:30,81644.39,81319.11,81755.88,81315.44,10900.0
2025-08-20T00:00:00+05:30,81857.84,81671.47,81985.62,81494.5,9400.0
2025-08-21T00:00:00+05:30,82000.71,82220.46,82231.17,81921.22,10100.0
2025-08-22T00:00:00+05:30,81306.85,81951.48,81993.61,81291.77,6700.0
2025-08-25T00:00:00+05:30,81635.91,81501.06,81799.06,81364.86,9700.0
2025-08-26T00:00:00+05:30,80786.54,81377.39,81450.28,80685.98,20500.0
2025-08-28T00:00:00+05:30,80080.57,80754.66,80775.71,80013.02,7800.0
2025-08-29T00:00:00+05:30,79809.65,80010.83,80310.74,79741.76,12500.0
2025-09-01T00:00:00+05:30,80364.49,79828.99,80406.84,79818.38,6000.0
2025-09-02T00:00:00+05:30,80157.88,80520.09,80761.14,80008.5,8200.0
2025-09-03T00:00:00+05:30,80567.71,80295.99,80671.28,80004.6,17100.0
2025-09-04T00:00:00+05:30,80718.01,81456.67,81456.67,80608.94,17000.0
2025-09-05T00:00:00+05:30,80710.76,81012.42,81036.56,80321.19,8200.0
2025-09-08T00:00:00+05:30,80787.3,80904.4,81171.38,80733.07,8700.0
2025-09-09T00:00:00+05:30,81101.32,81129.69,81181.37,80927.97,6300.0
2025-09-10T00:00:00+05:30,81425.15,81504.36,81643.88,81235.42,11800.0
2025-09-11T00:00:00+05:30,81548.73,81217.3,81642.22,81216.91,13500.0
2025-09-12T00:00:00+05:30,81904.7,81758.95,81992.85,81641.38,11100.0
2025-09-15T00:00:00+05:30,81785.74,81925.51,81998.51,81744.7,10500.0
2025-09-16T00:00:00+05:30,82380.69,81852.11,82443.48,81779.94,8200.0
2025-09-17T00:00:00+05:30,82693.71,82506.4,82741.95,82490.47,14600.0
2025-09-18T00:00:00+05:30,83013.96,83108.92,83141.21,82704.92,14600.0
2025-09-19T00:00:00+05:30,82626.23,82946.04,82978.63,82485.92,9700.0
2025-09-22T00:00:00+05:30,82159.97,82151.07,82583.16,81997.29,10300.0
2025-09-23T00:00:00+05:30,82102.1,82147.37,82370.38,81776.53,9300.0
2025-09-24T00:00:00+05:30,81715.63,81917.65,82045.47,81607.84,15100.0
2025-09-25T00:00:00+05:30,81159.68,81574.31,81840.73,81092.89,14800.0
2025-09-26T00:00:00+05:30,80426.46,80956.01,81033.09,80332.41,10700.0
2025-09-29T00:00:00+05:30,80364.94,80588.77,80851.38,80248.84,8600.0
2025-09-30T00:00:00+05:30,80267.62,80541.77,80677.82,80201.15,7100.0
2025-10-01T00:00:00+05:30,80983.31,80173.24,81068.43,80159.9,22300.0
2025-10-03T00:00:00+05:30,81207.17,80684.14,81251.99,80649.57,13600.0
2025-10-06T00:00:00+05:30,81790.12,81274.79,81846.42,81155.88,8800.0
2025-10-07T00:00:00+05:30,81926.75,81883.95,82309.56,81787.48,13900.0
2025-10-08T00:00:00+05:30,81773.66,81899.51,82257.74,81646.08,15200.0
2025-10-09T00:00:00+05:30,82172.1,81900.0,82247.73,81667.68,23200.0
2025-10-10T00:00:00+05:30,82500.82,82075.45,82654.11,82072.93,13700.0
2025-10-13T00:00:00+05:30,82327.05,82049.16,82438.5,82043.14,9000.0
2025-10-14T00:00:00+05:30,82029.98,82404.54,82573.37,81781.62,12600.0
2025-10-15T00:00:00+05:30,82605.43,82197.25,82727.02,82084.37,10600.0
2025-10-16T00:00:00+05:30,83467.66,82794.79,83615.48,82791.35,27400.0
2025-10-17T00:00:00+05:30,83952.19,83331.78,84172.24,83206.08,14300.0
2025-10-20T00:00:00+05:30,84363.37,84269.3,84656.56,84196.79,10900.0
2025-10-21T00:00:00+05:30,84426.34,84484.67,84665.44,84286.4,3400.0
2025-10-23T00:00:00+05:30,84556.4,85154.15,85290.06,84445.25,25700.0
2025-10-24T00:00:00+05:30,84211.88,84667.23,84707.44,83957.15,13600.0
2025-10-27T00:00:00+05:30,84778.84,84297.39,84932.08,84294.2,12000.0
2025-10-28T00:00:00+05:30,84628.16,84625.71,84986.94,84219.39,12900.0
2025-10-29T00:00:00+05:30,84997.13,84663.68,85105.83,84638.68,13600.0
2025-10-30T00:00:00+05:30,84404.46,84750.9,84906.95,84312.65,14200.0
2025-10-31T00:00:00+05:30,83938.71,84379.79,84712.79,83905.66,13300.0
2025-11-03T00:00:00+05:30,83978.49,83835.1,84127.0,83609.54,1300.0
2025-11-04T00:00:00+05:30,83459.15,84000.64,84068.01,83412.77,9500.0
2025-11-06T00:00:00+05:30,83311.01,83516.69,83846.35,83237.65,17900.0
2025-11-07T00:00:00+05:30,83216.28,83150.15,83390.11,82670.95,15900.0
2025-11-10T00:00:00+05:30,83535.35,83198.2,83754.49,83197.67,11900.0
2025-11-11T00:00:00+05:30,83871.32,83671.52,83936.47,83124.03,16500.0
2025-11-12T00:00:00+05:30,84466.51,84238.86,84652.01,84166.75,9100.0
2025-11-13T00:00:00+05:30,84478.67,84525.89,84919.43,84253.05,25600.0
2025-11-14T00:00:00+05:30,84562.78,84060.14,84697.87,84029.32,8800.0
2025-11-17T00:00:00+05:30,84950.95,84700.5,84988.09,84581.08,10500.0
2025-11-18T00:00:00+05:30,84673.02,85042.37,85042.41,84558.36,10700.0
2025-11-19T00:00:00+05:30,85186.47,84643.78,85236.77,84525.98,8863490.0
2025-11-21T00:00:00+05:30,85231.92,85347.4,85609.4,85187.84,14173788.0
2025-11-24T00:00:00+05:30,84900.71,85320.04,85473.47,84710.11,9638234.0
2025-11-25T00:00:00+05:30,84587.01,85008.93,85110.24,84536.73,6169995.0
2025-11-26T00:00:00+05:30,85609.51,84503.44,85644.19,84478.13,13841473.0
2025-11-27T00:00:00+05:30,85720.38,85745.05,86055.86,85473.85,15814937.0
2025-11-28T00:00:00+05:30,85706.67,85791.55,85969.89,85577.82,6390533.0
2025-12-01T00:00:00+05:30,85641.9,86065.92,86159.02,85489.65,8452172.0
2025-12-02T00:00:00+05:30,85138.27,85325.51,85553.51,85053.0,5836558.0
2025-12-03T00:00:00+05:30,85106.81,85150.64,85269.68,84763.64,17382539.0
2025-12-04T00:00:00+05:30,85265.32,84987.56,85487.21,84949.98,17899275.0
2025-12-05T00:00:00+05:30,85712.37,85125.48,85796.72,85078.12,7922776.0
2025-12-08T00:00:00+05:30,85102.69,85624.84,85722.97,84875.59,10650377.0
2025-12-09T00:00:00+05:30,84666.28,84742.87,84947.89,84382.96,8499670.0
2025-12-10T00:00:00+05:30,84391.27,84607.49,85020.34,84313.62,8772084.0
2025-12-11T00:00:00+05:30,84818.13,84456.75,84906.93,84150.19,15840774.0
2025-12-12T00:00:00+05:30,85267.66,85051.03,85320.82,84956.74,8178606.0
2025-12-15T00:00:00+05:30,85213.36,84891.75,85278.63,84840.32,10627031.0
2025-12-16T00:00:00+05:30,84679.86,85025.61,85059.96,84620.61,9581810.0
2025-12-17T00:00:00+05:30,84559.65,84856.26,84889.45,84415.98,11240730.0
2025-12-18T00:00:00+05:30,84481.81,84518.33,84780.19,84238.43,14962298.0
2025-12-19T00:00:00+05:30,84929.36,84756.79,85067.5,84734.96,9096535.0
2025-12-22T00:00:00+05:30,85567.48,85145.9,85601.33,85145.86,7158443.0
2025-12-23T00:00:00+05:30,85524.84,85690.1,85704.93,85342.99,7286636.0
2025-12-24T00:00:00+05:30,85408.7,85533.11,85738.18,85342.19,9832539.0
2025-12-26T00:00:00+05:30,85041.45,85225.28,85378.51,84937.82,5729732.0
2025-12-29T00:00:00+05:30,84695.54,85004.75,85250.0,84637.86,53935178.0
2025-12-30T00:00:00+05:30,84675.08,84600.99,84806.99,84470.94,6946901.0
2025-12-31T00:00:00+05:30,85220.6,84793.58,85437.17,84705.57,11618467.0
2026-01-01T00:00:00+05:30,85188.6,85255.55,85451.7,85101.52,20601055.0
2026-01-02T00:00:00+05:30,85762.01,85259.36,85812.27,85068.88,17857151.0
2026-01-05T00:00:00+05:30,85439.62,85640.05,85883.5,85315.33,12592948.0
2026-01-06T00:00:00+05:30,85063.34,85331.14,85397.78,84900.1,23250251.0
2026-01-07T00:00:00+05:30,84961.14,84620.4,85075.99,84617.49,19233822.0
2026-01-08T00:00:00+05:30,84180.96,84778.02,84965.27,84110.1,26316755.0
2026-01-09T00:00:00+05:30,83576.24,84022.09,84406.22,83402.28,12483273.0
